// icon_j1.h
#pragma once
#include <stdint.h>

#define ICON_W 240
#define ICON_H 240
// 'icon_j1', 240x240px
const uint16_t icon_j1[ICON_W * ICON_H] PROGMEM = {
	0x18c3, 0x18c2, 0x18c2, 0x18c2, 0x18c2, 0x10a2, 0x10a2, 0x10a2, 0x10a2, 0x10a2, 0x10a2, 0x10a2, 0x10a2, 0x10a2, 0x10a2, 0x10a2, 
	0x10a2, 0x10a2, 0x10a2, 0x10a2, 0x10a2, 0x10a2, 0x10a2, 0x10a2, 0x10a2, 0x10a2, 0x10a2, 0x10a2, 0x10a2, 0x10a2, 0x10a2, 0x10a2, 
	0x10a2, 0x10a2, 0x10a2, 0x10a2, 0x10a2, 0x10a2, 0x10a2, 0x10a2, 0x10a2, 0x10a2, 0x10a2, 0x10a2, 0x10a2, 0x10a2, 0x10a2, 0x10a2, 
	0x10a2, 0x10a2, 0x10a2, 0x10a2, 0x10a2, 0x10a2, 0x10a2, 0x10a2, 0x10a2, 0x10a2, 0x10a2, 0x10a2, 0x10a2, 0x10a2, 0x10a2, 0x10a2, 
	0x10a2, 0x10a2, 0x10a2, 0x10a2, 0x10a2, 0x10a2, 0x10a2, 0x10a2, 0x10a2, 0x10a2, 0x10a2, 0x10a2, 0x10a2, 0x10a2, 0x10a2, 0x10a2, 
	0x10a2, 0x10a2, 0x10a2, 0x10a2, 0x10a2, 0x10a2, 0x10a2, 0x10a2, 0x10a2, 0x10a2, 0x10a2, 0x10a2, 0x10a2, 0x10a2, 0x10a2, 0x10a2, 
	0x10a2, 0x10a2, 0x10a2, 0x10a2, 0x10a2, 0x10a2, 0x10a2, 0x10a2, 0x10a2, 0x10a2, 0x10a2, 0x10a2, 0x10a2, 0x10a2, 0x10a2, 0x10a2, 
	0x10a2, 0x10a2, 0x10a2, 0x10a2, 0x10a2, 0x10a2, 0x10a2, 0x10a2, 0x10a2, 0x10a2, 0x10a2, 0x10a2, 0x10a2, 0x10a2, 0x10a2, 0x10a2, 
	0x10a2, 0x10a2, 0x10a2, 0x10a2, 0x10a2, 0x10a2, 0x10a2, 0x10a2, 0x10a2, 0x10a2, 0x10a2, 0x10a2, 0x10a2, 0x10a2, 0x10a2, 0x10a2, 
	0x10a2, 0x10a2, 0x10a2, 0x10a2, 0x10a2, 0x10a2, 0x10a2, 0x10a2, 0x10a2, 0x10a2, 0x10a2, 0x10a2, 0x10a2, 0x10a2, 0x10a2, 0x10a2, 
	0x10a2, 0x10a2, 0x10a2, 0x10a2, 0x10a2, 0x10a2, 0x10a2, 0x10a2, 0x10a2, 0x10a2, 0x10a2, 0x10a2, 0x10a2, 0x10a2, 0x10a2, 0x10a2, 
	0x10a2, 0x10a2, 0x10a2, 0x10a2, 0x10a2, 0x10a2, 0x10a2, 0x10a2, 0x10a2, 0x10a2, 0x10a2, 0x10a2, 0x10a2, 0x10a2, 0x10a2, 0x10a2, 
	0x10a2, 0x10a2, 0x10a2, 0x10a2, 0x10a2, 0x10a2, 0x10a2, 0x10a2, 0x10a2, 0x10a2, 0x10a2, 0x10a2, 0x10a2, 0x10a2, 0x10a2, 0x10a2, 
	0x10a2, 0x10a2, 0x10a2, 0x10a2, 0x10a2, 0x10a2, 0x10a2, 0x10a2, 0x10a2, 0x10a2, 0x10a2, 0x10a2, 0x10a2, 0x10a2, 0x10a2, 0x10a2, 
	0x10a2, 0x10a2, 0x10a2, 0x10a2, 0x10a2, 0x10a2, 0x10a2, 0x10a2, 0x10a2, 0x10a2, 0x10a2, 0x10a2, 0x10a2, 0x10c2, 0x10a2, 0x10a2, 
	0x18c3, 0x18c2, 0x18c2, 0x18a2, 0x10a2, 0x10a2, 0x10a2, 0x10a2, 0x10a2, 0x10a2, 0x10a2, 0x10a2, 0x10a2, 0x10a2, 0x10a2, 0x10a2, 
	0x10a2, 0x10a2, 0x10a2, 0x10a2, 0x10a2, 0x10a2, 0x10a2, 0x10a2, 0x10a2, 0x10a2, 0x10a2, 0x10a2, 0x10a2, 0x10a2, 0x10a2, 0x10a2, 
	0x10a2, 0x10a2, 0x10a2, 0x10a2, 0x10a2, 0x10a2, 0x10a2, 0x10a2, 0x10a2, 0x10a2, 0x10a2, 0x10a2, 0x10a2, 0x10a2, 0x10a2, 0x10a2, 
	0x10a2, 0x10a2, 0x10a2, 0x10a2, 0x10a2, 0x10a2, 0x10a2, 0x10a2, 0x10a2, 0x10a2, 0x10a2, 0x10a2, 0x10a2, 0x10a2, 0x10a2, 0x10a2, 
	0x10a2, 0x10a2, 0x10a2, 0x10a2, 0x10a2, 0x10a2, 0x10a2, 0x10a2, 0x10a2, 0x10a2, 0x10a2, 0x10a2, 0x10a2, 0x10a2, 0x10a2, 0x10a2, 
	0x10a2, 0x10a2, 0x10a2, 0x10a2, 0x10a2, 0x10a2, 0x10a2, 0x10a2, 0x10a2, 0x10a2, 0x10a2, 0x10a2, 0x10a2, 0x10a2, 0x10a2, 0x10a2, 
	0x10a2, 0x10a2, 0x10a2, 0x10a2, 0x10a2, 0x10a2, 0x10a2, 0x10a2, 0x10a2, 0x10a2, 0x10a2, 0x10a2, 0x10a2, 0x10a2, 0x10a2, 0x10a2, 
	0x10a2, 0x10a2, 0x10a2, 0x10a2, 0x10a2, 0x10a2, 0x10a2, 0x10a2, 0x10a2, 0x10a2, 0x10a2, 0x10a2, 0x10a2, 0x10a2, 0x10a2, 0x10a2, 
	0x10a2, 0x10a2, 0x10a2, 0x10a2, 0x10a2, 0x10a2, 0x10a2, 0x10a2, 0x10a2, 0x10a2, 0x10a2, 0x10a2, 0x10a2, 0x10a2, 0x10a2, 0x10a2, 
	0x10a2, 0x10a2, 0x10a2, 0x10a2, 0x10a2, 0x10a2, 0x10a2, 0x10a2, 0x10a2, 0x10a2, 0x10a2, 0x10a2, 0x10a2, 0x10a2, 0x10a2, 0x10a2, 
	0x10a2, 0x10a2, 0x10a2, 0x10a2, 0x10a2, 0x10a2, 0x10a2, 0x10a2, 0x10a2, 0x10a2, 0x10a2, 0x10a2, 0x10a2, 0x10a2, 0x10a2, 0x10a2, 
	0x10a2, 0x10a2, 0x10a2, 0x10a2, 0x10a2, 0x10a2, 0x10a2, 0x10a2, 0x10a2, 0x10a2, 0x10a2, 0x10a2, 0x10a2, 0x10a2, 0x10a2, 0x10a2, 
	0x10a2, 0x10a2, 0x10a2, 0x10a2, 0x10a2, 0x10a2, 0x10a2, 0x10a2, 0x10a2, 0x10a2, 0x10a2, 0x10a2, 0x10a2, 0x10a2, 0x10a2, 0x10a2, 
	0x10a2, 0x10a2, 0x10a2, 0x10a2, 0x10a2, 0x10a2, 0x10a2, 0x10a2, 0x10a2, 0x10a2, 0x10a2, 0x10a2, 0x10a2, 0x10a2, 0x10a2, 0x10a2, 
	0x10a2, 0x10a2, 0x10a2, 0x10a2, 0x10a2, 0x10a2, 0x10a2, 0x10a2, 0x10a2, 0x10a2, 0x10a2, 0x10a2, 0x10a2, 0x10a2, 0x10a2, 0x10a2, 
	0x18c2, 0x18c2, 0x18a2, 0x10a2, 0x10a2, 0x10a2, 0x10a2, 0x10a2, 0x10a2, 0x10a2, 0x10a2, 0x10a2, 0x10a2, 0x10a2, 0x10a2, 0x10a2, 
	0x10a2, 0x10a2, 0x10a2, 0x10a2, 0x10a2, 0x10a2, 0x10a2, 0x10a2, 0x10a2, 0x10a2, 0x10a2, 0x10a2, 0x10a2, 0x10a2, 0x10a2, 0x10a2, 
	0x10a2, 0x10a2, 0x10a2, 0x10a2, 0x10a2, 0x10a2, 0x10a2, 0x10a2, 0x10a2, 0x10a2, 0x10a2, 0x10a2, 0x10a2, 0x10a2, 0x10a2, 0x10a2, 
	0x10a2, 0x10a2, 0x10a2, 0x10a2, 0x10a2, 0x10a2, 0x10a2, 0x10a2, 0x10a2, 0x10a2, 0x10a2, 0x10a2, 0x10a2, 0x10a2, 0x10a2, 0x10a2, 
	0x10a2, 0x10a2, 0x10a2, 0x10a2, 0x10a2, 0x10a2, 0x10a2, 0x10a2, 0x10a2, 0x10a2, 0x10a2, 0x10a2, 0x10a2, 0x10a2, 0x10a2, 0x10a2, 
	0x10a2, 0x10a2, 0x10a2, 0x10a2, 0x10a2, 0x10a2, 0x10a2, 0x10a2, 0x10a2, 0x10a2, 0x10a2, 0x10a2, 0x10a2, 0x10a2, 0x10a2, 0x10a2, 
	0x10a2, 0x10a2, 0x10a2, 0x10a2, 0x10a2, 0x10a2, 0x10a2, 0x10a2, 0x10a2, 0x10a2, 0x10a2, 0x10a2, 0x10a2, 0x10a2, 0x10a2, 0x10a2, 
	0x10a2, 0x10a2, 0x10a2, 0x10a2, 0x10a2, 0x10a2, 0x10a2, 0x10a2, 0x10a2, 0x10a2, 0x10a2, 0x10a2, 0x10a2, 0x10a2, 0x10a2, 0x10a2, 
	0x10a2, 0x10a2, 0x10a2, 0x10a2, 0x10a2, 0x10a2, 0x10a2, 0x10a2, 0x10a2, 0x10a2, 0x10a2, 0x10a2, 0x10a2, 0x10a2, 0x10a2, 0x10a2, 
	0x10a2, 0x10a2, 0x10a2, 0x10a2, 0x10a2, 0x10a2, 0x10a2, 0x10a2, 0x10a2, 0x10a2, 0x10a2, 0x10a2, 0x10a2, 0x10a2, 0x10a2, 0x10a2, 
	0x10a2, 0x10a2, 0x10a2, 0x10a2, 0x10a2, 0x10a2, 0x10a2, 0x10a2, 0x10a2, 0x10a2, 0x10a2, 0x10a2, 0x10a2, 0x10a2, 0x10a2, 0x10a2, 
	0x10a2, 0x10a2, 0x10a2, 0x10a2, 0x10a2, 0x10a2, 0x10a2, 0x10a2, 0x10a2, 0x10a2, 0x10a2, 0x10a2, 0x10a2, 0x10a2, 0x10a2, 0x10a2, 
	0x10a2, 0x10a2, 0x10a2, 0x10a2, 0x10a2, 0x10a2, 0x10a2, 0x10a2, 0x10a2, 0x10a2, 0x10a2, 0x10a2, 0x10a2, 0x10a2, 0x10a2, 0x10a2, 
	0x10a2, 0x10a2, 0x10a2, 0x10a2, 0x10a2, 0x10a2, 0x10a2, 0x10a2, 0x10a2, 0x10a2, 0x10a2, 0x10a2, 0x10a2, 0x10a2, 0x10a2, 0x10a2, 
	0x10a2, 0x10a2, 0x10a2, 0x10a2, 0x10a2, 0x10a2, 0x10a2, 0x10a2, 0x10a2, 0x10a2, 0x10a2, 0x10a2, 0x10a2, 0x10a2, 0x10a2, 0x10a2, 
	0x10c2, 0x10a2, 0x10a2, 0x10a2, 0x10a2, 0x10a2, 0x10a2, 0x10a2, 0x10a2, 0x10a2, 0x10a2, 0x10a2, 0x10a2, 0x10a2, 0x10a2, 0x10a2, 
	0x10a2, 0x10a2, 0x10a2, 0x10a2, 0x10a2, 0x10a2, 0x10a2, 0x10a2, 0x10a2, 0x10a2, 0x10a2, 0x10a2, 0x10a2, 0x10a2, 0x10a2, 0x10a2, 
	0x10a2, 0x10a2, 0x10a2, 0x10a2, 0x10a2, 0x10a2, 0x10a2, 0x10a2, 0x10a2, 0x10a2, 0x10a2, 0x10a2, 0x10a2, 0x10a2, 0x10a2, 0x10a2, 
	0x10a2, 0x10a2, 0x10a2, 0x10a2, 0x10a2, 0x10a2, 0x10a2, 0x10a2, 0x10a2, 0x10a2, 0x10a2, 0x10a2, 0x10a2, 0x10a2, 0x10a2, 0x10a2, 
	0x10a2, 0x10a2, 0x10a2, 0x10a2, 0x10a2, 0x10a2, 0x10a2, 0x10a2, 0x10a2, 0x10a2, 0x10a2, 0x10a2, 0x10a2, 0x10a2, 0x10a2, 0x10a2, 
	0x10a2, 0x10a2, 0x10a2, 0x10a2, 0x10a2, 0x10a2, 0x10a2, 0x10a2, 0x10a2, 0x10a2, 0x10a2, 0x10a2, 0x10a2, 0x10a2, 0x10a2, 0x10a2, 
	0x10a2, 0x10a2, 0x10a2, 0x10a2, 0x10a2, 0x10a2, 0x10a2, 0x10a2, 0x10a2, 0x10a2, 0x10a2, 0x10a2, 0x10a2, 0x10a2, 0x10a2, 0x10a2, 
	0x10a2, 0x10a2, 0x10a2, 0x10a2, 0x10a2, 0x10a2, 0x10a2, 0x10a2, 0x10a2, 0x10a2, 0x10a2, 0x10a2, 0x10a2, 0x10a2, 0x10a2, 0x10a2, 
	0x10a2, 0x10a2, 0x10a2, 0x10a2, 0x10a2, 0x10a2, 0x10a2, 0x10a2, 0x10a2, 0x10a2, 0x10a2, 0x10a2, 0x10a2, 0x10a2, 0x10a2, 0x10a2, 
	0x10a2, 0x10a2, 0x10a2, 0x10a2, 0x10a2, 0x10a2, 0x10a2, 0x10a2, 0x10a2, 0x10a2, 0x10a2, 0x10a2, 0x10a2, 0x10a2, 0x10a2, 0x10a2, 
	0x10a2, 0x10a2, 0x10a2, 0x10a2, 0x10a2, 0x10a2, 0x10a2, 0x10a2, 0x10a2, 0x10a2, 0x10a2, 0x10a2, 0x10a2, 0x10a2, 0x10a2, 0x10a2, 
	0x10a2, 0x10a2, 0x10a2, 0x10a2, 0x10a2, 0x10a2, 0x10a2, 0x10a2, 0x10a2, 0x10a2, 0x10a2, 0x10a2, 0x10a2, 0x10a2, 0x10a2, 0x10a2, 
	0x10a2, 0x10a2, 0x10a2, 0x10a2, 0x10a2, 0x10a2, 0x10a2, 0x10a2, 0x10a2, 0x10a2, 0x10a2, 0x10a2, 0x10a2, 0x10a2, 0x10a2, 0x10a2, 
	0x10a2, 0x10a2, 0x10a2, 0x10a2, 0x10a2, 0x10a2, 0x10a2, 0x10a2, 0x10a2, 0x10a2, 0x10a2, 0x10a2, 0x10a2, 0x10a2, 0x10a2, 0x10a2, 
	0x10a2, 0x10a2, 0x10a2, 0x10a2, 0x10a2, 0x10a2, 0x10a2, 0x10a2, 0x10a2, 0x10a2, 0x10a2, 0x10a2, 0x10a2, 0x10a2, 0x10a2, 0x10a2, 
	0x10a2, 0x10a2, 0x10a2, 0x10a2, 0x10a2, 0x10a2, 0x10a2, 0x10a2, 0x10a2, 0x10a2, 0x10a2, 0x10a2, 0x10a2, 0x10a2, 0x10a2, 0x10a2, 
	0x10a2, 0x10a2, 0x10a2, 0x10a2, 0x10a2, 0x10a2, 0x10a2, 0x10a2, 0x10a2, 0x10a2, 0x10a2, 0x10a2, 0x10a2, 0x10a2, 0x10a2, 0x10a2, 
	0x10a2, 0x10a2, 0x10a2, 0x10a2, 0x10a2, 0x10a2, 0x10a2, 0x10a2, 0x10a2, 0x10a2, 0x10a2, 0x10a2, 0x10a2, 0x10a2, 0x10a2, 0x10a2, 
	0x10a2, 0x10a2, 0x10a2, 0x10a2, 0x10a2, 0x10a2, 0x10a2, 0x10a2, 0x10a2, 0x10a2, 0x10a2, 0x10a2, 0x10a2, 0x10a2, 0x10a2, 0x10a2, 
	0x10a2, 0x10a2, 0x10a2, 0x10a2, 0x10a2, 0x10a2, 0x10a2, 0x10a2, 0x10a2, 0x10a2, 0x10a2, 0x10a2, 0x10a2, 0x10a2, 0x10a2, 0x10a2, 
	0x10a2, 0x10a2, 0x10a2, 0x10a2, 0x10a2, 0x10a2, 0x10a2, 0x10a2, 0x10a2, 0x10a2, 0x10a2, 0x10a2, 0x10a2, 0x10a2, 0x10a2, 0x10a2, 
	0x10a2, 0x10a2, 0x10a2, 0x10a2, 0x10a2, 0x10a2, 0x10a2, 0x10a2, 0x10a2, 0x10a2, 0x10a2, 0x10a2, 0x10a2, 0x10a2, 0x10a2, 0x10a2, 
	0x10a2, 0x10a2, 0x10a2, 0x10a2, 0x10a2, 0x10a2, 0x10a2, 0x10a2, 0x10a2, 0x10a2, 0x10a2, 0x10a2, 0x10a2, 0x10a2, 0x10a2, 0x10a2, 
	0x10a2, 0x10a2, 0x10a2, 0x10a2, 0x10a2, 0x10a2, 0x10a2, 0x10a2, 0x10a2, 0x10a2, 0x10a2, 0x10a2, 0x10a2, 0x10a2, 0x10a2, 0x10a2, 
	0x10a2, 0x10a2, 0x10a2, 0x10a2, 0x10a2, 0x10a2, 0x10a2, 0x10a2, 0x10a2, 0x10a2, 0x10a2, 0x10a2, 0x10a2, 0x10a2, 0x10a2, 0x10a2, 
	0x10a2, 0x10a2, 0x10a2, 0x10a2, 0x10a2, 0x10a2, 0x10a2, 0x10a2, 0x10a2, 0x10a2, 0x10a2, 0x10a2, 0x10a2, 0x10a2, 0x10a2, 0x10a2, 
	0x10a2, 0x10a2, 0x10a2, 0x10a2, 0x10a2, 0x10a2, 0x10a2, 0x10a2, 0x10a2, 0x10a2, 0x10a2, 0x10a2, 0x10a2, 0x10a2, 0x10a2, 0x10a2, 
	0x10a2, 0x10a2, 0x10a2, 0x10a2, 0x10a2, 0x10a2, 0x10a2, 0x10a2, 0x10a2, 0x10a2, 0x10a2, 0x10a2, 0x10a2, 0x10a2, 0x10a2, 0x10a2, 
	0x10a2, 0x10a2, 0x10a2, 0x10a2, 0x10a2, 0x10a2, 0x10a2, 0x10a2, 0x10a2, 0x10a2, 0x10a2, 0x10a2, 0x10a2, 0x10a2, 0x10a2, 0x10a2, 
	0x10a2, 0x10a2, 0x10a2, 0x10a2, 0x10a2, 0x10a2, 0x10a2, 0x10a2, 0x10a2, 0x10a2, 0x10a2, 0x10a2, 0x10a2, 0x10a2, 0x10a2, 0x10a2, 
	0x10a2, 0x10a2, 0x10a2, 0x10a2, 0x10a2, 0x10a2, 0x10a2, 0x10a2, 0x10a2, 0x10a2, 0x10a2, 0x10a2, 0x10a2, 0x10a2, 0x10a2, 0x10a2, 
	0x10a2, 0x10a2, 0x10a2, 0x10a2, 0x10a2, 0x10a2, 0x10a2, 0x10a2, 0x10a2, 0x10a2, 0x10a2, 0x10a2, 0x10a2, 0x10a2, 0x10a2, 0x10a2, 
	0x10a2, 0x10a2, 0x10a2, 0x10a2, 0x10a2, 0x10a2, 0x10a2, 0x10a2, 0x10a2, 0x10a2, 0x10a2, 0x10a2, 0x10a2, 0x10a2, 0x10a2, 0x10a2, 
	0x10a2, 0x10a2, 0x10a2, 0x10a2, 0x10a2, 0x10a2, 0x10a2, 0x10a2, 0x10a2, 0x10a2, 0x10a2, 0x10a2, 0x10a2, 0x10a2, 0x10a2, 0x10a2, 
	0x10a2, 0x10a2, 0x10a2, 0x10a2, 0x10a2, 0x10a2, 0x10a2, 0x10a2, 0x10a2, 0x10a2, 0x10a2, 0x10a2, 0x10a2, 0x10a2, 0x10a2, 0x10a2, 
	0x10a2, 0x10a2, 0x10a2, 0x10a2, 0x10a2, 0x10a2, 0x10a2, 0x10a2, 0x10a2, 0x10a2, 0x10a2, 0x10a2, 0x10a2, 0x10a2, 0x10a2, 0x10a2, 
	0x10a2, 0x10a2, 0x10a2, 0x10a2, 0x10a2, 0x10a2, 0x10a2, 0x10a2, 0x10a2, 0x10a2, 0x10a2, 0x10a2, 0x10a2, 0x10a2, 0x10a2, 0x10a2, 
	0x10a2, 0x10a2, 0x10a2, 0x10a2, 0x10a2, 0x10a2, 0x10a2, 0x10a2, 0x10a2, 0x10a2, 0x10a2, 0x10a2, 0x10a2, 0x10a2, 0x10a2, 0x10a2, 
	0x10a2, 0x10a2, 0x10a2, 0x10a2, 0x10a2, 0x10a2, 0x10a2, 0x10a2, 0x10a2, 0x10a2, 0x10a2, 0x10a2, 0x10a2, 0x10a2, 0x10a2, 0x10a2, 
	0x10a2, 0x10a2, 0x10a2, 0x10a2, 0x10a2, 0x10a2, 0x10a2, 0x10a2, 0x10a2, 0x10a2, 0x10a2, 0x10a2, 0x10a2, 0x10a2, 0x10a2, 0x10a2, 
	0x10a2, 0x10a2, 0x10a2, 0x10a2, 0x10a2, 0x10a2, 0x10a2, 0x10a2, 0x10a2, 0x10a2, 0x10a2, 0x10a2, 0x10a2, 0x10a2, 0x10a2, 0x10a2, 
	0x10a2, 0x10a2, 0x10a2, 0x10a2, 0x10a2, 0x10a2, 0x10a2, 0x10a2, 0x10a2, 0x10a2, 0x10a2, 0x10a2, 0x10a2, 0x10a2, 0x10a2, 0x10a2, 
	0x10a2, 0x10a2, 0x10a2, 0x10a2, 0x10a2, 0x10a2, 0x10a2, 0x10a2, 0x10a2, 0x10a2, 0x10a2, 0x10a2, 0x10a2, 0x10a2, 0x10a2, 0x10a2, 
	0x10a2, 0x10a2, 0x10a2, 0x10a2, 0x10a2, 0x10a2, 0x10a2, 0x10a2, 0x10a2, 0x10a2, 0x10a2, 0x10a2, 0x10a2, 0x10a2, 0x10a2, 0x10a2, 
	0x10a2, 0x10a2, 0x10a2, 0x10a2, 0x10a2, 0x10a2, 0x10a2, 0x10a2, 0x10a2, 0x10a2, 0x10a2, 0x10a2, 0x10a2, 0x10a2, 0x10a2, 0x10a2, 
	0x10a2, 0x10a2, 0x10a2, 0x10a2, 0x10a2, 0x10a2, 0x10a2, 0x10a2, 0x10a2, 0x10a2, 0x10a2, 0x10a2, 0x10a2, 0x10a2, 0x10a2, 0x10a2, 
	0x10a2, 0x10a2, 0x10a2, 0x10a2, 0x10a2, 0x10a2, 0x10a2, 0x10a2, 0x10a2, 0x10a2, 0x10a2, 0x10a2, 0x10a2, 0x10a2, 0x10a2, 0x10a2, 
	0x10a2, 0x10a2, 0x10a2, 0x10a2, 0x10a2, 0x10a2, 0x10a2, 0x10a2, 0x10a2, 0x10a2, 0x10a2, 0x10a2, 0x10a2, 0x10a2, 0x10a2, 0x10a2, 
	0x10a2, 0x10a2, 0x10a2, 0x10a2, 0x10a2, 0x10a2, 0x10a2, 0x10a2, 0x10a2, 0x10a2, 0x10a2, 0x10a2, 0x10a2, 0x10a2, 0x10a2, 0x10a2, 
	0x10a2, 0x10a2, 0x10a2, 0x10a2, 0x10a2, 0x10a2, 0x10a2, 0x10a2, 0x10a2, 0x10a2, 0x10a2, 0x10a2, 0x10a2, 0x10a2, 0x10a2, 0x10a2, 
	0x10a2, 0x10a2, 0x10a2, 0x10a2, 0x10a2, 0x10a2, 0x10a2, 0x10a2, 0x10a2, 0x10a2, 0x10a2, 0x10a2, 0x10a2, 0x10a2, 0x10a2, 0x10a2, 
	0x10a2, 0x10a2, 0x10a2, 0x10a2, 0x10a2, 0x10a2, 0x10a2, 0x10a2, 0x10a2, 0x10a2, 0x10a2, 0x10a2, 0x10a2, 0x10a2, 0x10a2, 0x10a2, 
	0x10a2, 0x10a2, 0x10a2, 0x10a2, 0x10a2, 0x10a2, 0x10a2, 0x10a2, 0x10a2, 0x10a2, 0x10a2, 0x10a2, 0x10a2, 0x10a2, 0x10a2, 0x10a2, 
	0x10a2, 0x10a2, 0x10a2, 0x10a2, 0x10a2, 0x10a2, 0x10a2, 0x10a2, 0x10a2, 0x10a2, 0x10a2, 0x10a2, 0x10a2, 0x10a2, 0x10a2, 0x10a2, 
	0x10a2, 0x10a2, 0x10a2, 0x10a2, 0x10a2, 0x10a2, 0x10a2, 0x10a2, 0x10a2, 0x10a2, 0x10a2, 0x10a2, 0x10a2, 0x10a2, 0x10a2, 0x10a2, 
	0x10a2, 0x10a2, 0x10a2, 0x10a2, 0x10a2, 0x10a2, 0x10a2, 0x10a2, 0x10a2, 0x10a2, 0x10a2, 0x10a2, 0x10a2, 0x10a2, 0x10a2, 0x10a2, 
	0x10a2, 0x10a2, 0x10a2, 0x10a2, 0x10a2, 0x10a2, 0x10a2, 0x10a2, 0x10a2, 0x10a2, 0x10a2, 0x10a2, 0x10a2, 0x10a2, 0x10a2, 0x10a2, 
	0x10a2, 0x10a2, 0x10a2, 0x10a2, 0x10a2, 0x10a2, 0x10a2, 0x10a2, 0x10a2, 0x10a2, 0x10a2, 0x10a2, 0x10a2, 0x10a2, 0x10a2, 0x10a2, 
	0x10a2, 0x10a2, 0x10a2, 0x10a2, 0x10a2, 0x10a2, 0x10a2, 0x10a2, 0x10a2, 0x10a2, 0x10a2, 0x10a2, 0x10a2, 0x10a2, 0x10a2, 0x10a2, 
	0x10a2, 0x10a2, 0x10a2, 0x10a2, 0x10a2, 0x10a2, 0x10a2, 0x10a2, 0x10a2, 0x10a2, 0x10a2, 0x10a2, 0x10a2, 0x10a2, 0x10a2, 0x10a2, 
	0x10a2, 0x10a2, 0x10a2, 0x10a2, 0x10a2, 0x10a2, 0x10a2, 0x10a2, 0x10a2, 0x10a2, 0x10a2, 0x10a2, 0x10a2, 0x10a2, 0x10a2, 0x10a2, 
	0x10a2, 0x10a2, 0x10a2, 0x10a2, 0x10a2, 0x10a2, 0x10a2, 0x10a2, 0x10a2, 0x10a2, 0x10a2, 0x10a2, 0x10a2, 0x10a2, 0x10a2, 0x10a2, 
	0x10a2, 0x10a2, 0x10a2, 0x10a2, 0x10a2, 0x10a2, 0x10a2, 0x10a2, 0x10a2, 0x10a2, 0x10a2, 0x10a2, 0x10a2, 0x10a2, 0x10a2, 0x10a2, 
	0x10a2, 0x10a2, 0x10a2, 0x10a2, 0x10a2, 0x10a2, 0x10a2, 0x10a2, 0x10a2, 0x10a2, 0x10a2, 0x10a2, 0x10a2, 0x10a2, 0x10a2, 0x10a2, 
	0x10a2, 0x10a2, 0x10a2, 0x10a2, 0x10a2, 0x10a2, 0x10a2, 0x10a2, 0x10a2, 0x10a2, 0x10a2, 0x10a2, 0x10a2, 0x10a2, 0x10a2, 0x10a2, 
	0x10a2, 0x10a2, 0x10a2, 0x10a2, 0x10a2, 0x10a2, 0x10a2, 0x10a2, 0x10a2, 0x10a2, 0x10a2, 0x10a2, 0x10a2, 0x10a2, 0x10a2, 0x10a2, 
	0x10a2, 0x10a2, 0x10a2, 0x10a2, 0x10a2, 0x10a2, 0x10a2, 0x10a2, 0x10a2, 0x10a2, 0x10a2, 0x10a2, 0x10a2, 0x10a2, 0x10a2, 0x10a2, 
	0x10a2, 0x10a2, 0x10a2, 0x10a2, 0x10a2, 0x10a2, 0x10a2, 0x10a2, 0x10a2, 0x10a2, 0x10a2, 0x10a2, 0x10a2, 0x10a2, 0x10a2, 0x10a2, 
	0x10a2, 0x10a2, 0x10a2, 0x10a2, 0x10a2, 0x10a2, 0x10a2, 0x10a2, 0x10a2, 0x10a2, 0x10a2, 0x10a2, 0x10a2, 0x10a2, 0x10a2, 0x10a2, 
	0x10a2, 0x10a2, 0x10a2, 0x10a2, 0x10a2, 0x10a2, 0x10a2, 0x10a2, 0x10a2, 0x10a2, 0x10a2, 0x10a2, 0x10a2, 0x10a2, 0x10a2, 0x10a2, 
	0x10a2, 0x10a2, 0x10a2, 0x10a2, 0x10a2, 0x10a2, 0x10a2, 0x10a2, 0x10a2, 0x10a2, 0x10a2, 0x10a2, 0x10a2, 0x10a2, 0x10a2, 0x10a2, 
	0x10a2, 0x10a2, 0x10a2, 0x10a2, 0x10a2, 0x10a2, 0x10a2, 0x10a2, 0x10a2, 0x10a2, 0x10a2, 0x10a2, 0x10a2, 0x10a2, 0x10a2, 0x10a2, 
	0x10a2, 0x10a2, 0x10a2, 0x10a2, 0x10a2, 0x10a2, 0x10a2, 0x10a2, 0x10a2, 0x10a2, 0x10a2, 0x10a2, 0x10a2, 0x10a2, 0x10a2, 0x10a2, 
	0x10a2, 0x10a2, 0x10a2, 0x10a2, 0x10a2, 0x10a2, 0x10a2, 0x10a2, 0x10a2, 0x10a2, 0x10a2, 0x10a2, 0x10a2, 0x10a2, 0x10a2, 0x10a2, 
	0x10a2, 0x10a2, 0x10a2, 0x10a2, 0x10a2, 0x10a2, 0x10a2, 0x10a2, 0x10a2, 0x10a2, 0x10a2, 0x10a2, 0x10a2, 0x10a2, 0x10a2, 0x10a2, 
	0x10a2, 0x10a2, 0x10a2, 0x10a2, 0x10a2, 0x10a2, 0x10a2, 0x10a2, 0x10a2, 0x10a2, 0x10a2, 0x10a2, 0x10a2, 0x10a2, 0x10a2, 0x10a2, 
	0x10a2, 0x10a2, 0x10a2, 0x10a2, 0x10a2, 0x10a2, 0x10a2, 0x10a2, 0x10a2, 0x10a2, 0x10a2, 0x10a2, 0x10a2, 0x10a2, 0x10a2, 0x10a2, 
	0x10a2, 0x10a2, 0x10a2, 0x10a2, 0x10a2, 0x10a2, 0x10a2, 0x10a2, 0x10a2, 0x10a2, 0x10a2, 0x10a2, 0x10a2, 0x10a2, 0x10a2, 0x10a2, 
	0x10a2, 0x10a2, 0x10a2, 0x10a2, 0x10a2, 0x10a2, 0x10a2, 0x10a2, 0x10a2, 0x10a2, 0x10a2, 0x10a2, 0x10a2, 0x10a2, 0x10a2, 0x10a2, 
	0x10a2, 0x10a2, 0x10a2, 0x10a2, 0x10a2, 0x10a2, 0x10a2, 0x10a2, 0x10a2, 0x10a2, 0x10a2, 0x10a2, 0x10a2, 0x10a2, 0x10a2, 0x10a2, 
	0x10a2, 0x10a2, 0x10a2, 0x10a2, 0x10a2, 0x10a2, 0x10a2, 0x10a2, 0x10a2, 0x10a2, 0x10a2, 0x10a2, 0x10a2, 0x10a2, 0x10a2, 0x10a2, 
	0x10a2, 0x10a2, 0x10a2, 0x10a2, 0x10a2, 0x10a2, 0x10a2, 0x10a2, 0x10a2, 0x10a2, 0x10a2, 0x10a2, 0x10a2, 0x10a2, 0x10a2, 0x10a2, 
	0x10a2, 0x10a2, 0x10a2, 0x10a2, 0x10a2, 0x10a2, 0x10a2, 0x10a2, 0x10a2, 0x10a2, 0x10a2, 0x10a2, 0x10a2, 0x10a2, 0x10a2, 0x10a2, 
	0x10a2, 0x10a2, 0x10a2, 0x10a2, 0x10a2, 0x10a2, 0x10a2, 0x10a2, 0x10a2, 0x10a2, 0x10a2, 0x10a2, 0x10a2, 0x10a2, 0x10a2, 0x10a2, 
	0x10a2, 0x10a2, 0x10a2, 0x10a2, 0x10a2, 0x10a2, 0x10a2, 0x10a2, 0x10a2, 0x10a2, 0x10a2, 0x10a2, 0x10a2, 0x10a2, 0x10a2, 0x10a2, 
	0x10a2, 0x10a2, 0x10a2, 0x10a2, 0x10a2, 0x10a2, 0x10a2, 0x10a2, 0x10a2, 0x10a2, 0x10a2, 0x10a2, 0x10a2, 0x10a2, 0x10a2, 0x10a2, 
	0x10a2, 0x10a2, 0x10a2, 0x10a2, 0x10a2, 0x10a2, 0x10a2, 0x10a2, 0x10a2, 0x10a2, 0x10a2, 0x10a2, 0x10a2, 0x10a2, 0x10a2, 0x10a2, 
	0x10a2, 0x10a2, 0x10a2, 0x10a2, 0x10a2, 0x10a2, 0x10a2, 0x10a2, 0x10a2, 0x10a2, 0x10a2, 0x10a2, 0x10a2, 0x10a2, 0x10a2, 0x10a2, 
	0x10a2, 0x10a2, 0x10a2, 0x10a2, 0x10a2, 0x10a2, 0x10a2, 0x10a2, 0x10a2, 0x10a2, 0x10a2, 0x10a2, 0x10a2, 0x10a2, 0x10a2, 0x10a2, 
	0x10a2, 0x10a2, 0x10a2, 0x10a2, 0x10a2, 0x10a2, 0x10a2, 0x10a2, 0x10a2, 0x10a2, 0x10a2, 0x10a2, 0x10a2, 0x10a2, 0x10a2, 0x10a2, 
	0x10a2, 0x10a2, 0x10a2, 0x10a2, 0x10a2, 0x10a2, 0x10a2, 0x10a2, 0x10a2, 0x10a2, 0x10a2, 0x10a2, 0x10a2, 0x10a2, 0x10a2, 0x10a2, 
	0x10a2, 0x10a2, 0x10a2, 0x10a2, 0x10a2, 0x10a2, 0x10a2, 0x10a2, 0x10a2, 0x10a2, 0x10a2, 0x10a2, 0x10a2, 0x10a2, 0x10a2, 0x10a2, 
	0x10a2, 0x10a2, 0x10a2, 0x10a2, 0x10a2, 0x10a2, 0x10a2, 0x10a2, 0x10a2, 0x10a2, 0x10a2, 0x10a2, 0x10a2, 0x10a2, 0x10a2, 0x10a2, 
	0x10a2, 0x10a2, 0x10a2, 0x10a2, 0x10a2, 0x10a2, 0x10a2, 0x10a2, 0x10a2, 0x10a2, 0x10a2, 0x10a2, 0x10a2, 0x10a2, 0x10a2, 0x10a2, 
	0x10a2, 0x10a2, 0x10a2, 0x10a2, 0x10a2, 0x10a2, 0x10a2, 0x10a2, 0x10a2, 0x10a2, 0x10a2, 0x10a2, 0x10a2, 0x10a2, 0x10a2, 0x10a2, 
	0x10a2, 0x10a2, 0x10a2, 0x10a2, 0x10a2, 0x10a2, 0x10a2, 0x10a2, 0x10a2, 0x10a2, 0x10a2, 0x10a2, 0x10a2, 0x10a2, 0x10a2, 0x10a2, 
	0x10a2, 0x10a2, 0x10a2, 0x10a2, 0x10a2, 0x10a2, 0x10a2, 0x10a2, 0x10a2, 0x10a2, 0x10a2, 0x10a2, 0x10a2, 0x10a2, 0x10a2, 0x10a2, 
	0x10a2, 0x10a2, 0x10a2, 0x10a2, 0x10a2, 0x10a2, 0x10a2, 0x10a2, 0x10a2, 0x10a2, 0x10a2, 0x10a2, 0x10a2, 0x10a2, 0x10a2, 0x10a2, 
	0x10a2, 0x10a2, 0x10a2, 0x10a2, 0x10a2, 0x10a2, 0x10a2, 0x10a2, 0x10a2, 0x10a2, 0x10a2, 0x10a2, 0x10a2, 0x10a2, 0x10a2, 0x10a2, 
	0x10a2, 0x10a2, 0x10a2, 0x10a2, 0x10a2, 0x10a2, 0x10a2, 0x10a2, 0x10a2, 0x10a2, 0x10a2, 0x10a2, 0x10a2, 0x10a2, 0x10a2, 0x10a2, 
	0x10a2, 0x10a2, 0x10a2, 0x10a2, 0x10a2, 0x10a2, 0x10a2, 0x10a2, 0x10a2, 0x10a2, 0x10a2, 0x10a2, 0x10a2, 0x10a2, 0x10a2, 0x10a2, 
	0x10a2, 0x10a2, 0x10a2, 0x10a2, 0x10a2, 0x10a2, 0x10a2, 0x10a2, 0x10a2, 0x10a2, 0x10a2, 0x10a2, 0x10a2, 0x10a2, 0x10a2, 0x10a2, 
	0x10a2, 0x10a2, 0x10a2, 0x10a2, 0x10a2, 0x10a2, 0x10a2, 0x10a2, 0x10a2, 0x10a2, 0x10a2, 0x10a2, 0x10a2, 0x10a2, 0x10a2, 0x10a2, 
	0x10a2, 0x10a2, 0x10a2, 0x10a2, 0x10a2, 0x10a2, 0x10a2, 0x10a2, 0x10a2, 0x10a2, 0x10a2, 0x10a2, 0x10a2, 0x10a2, 0x10a2, 0x10a2, 
	0x10a2, 0x10a2, 0x10a2, 0x10a2, 0x10a2, 0x10a2, 0x10a2, 0x10a2, 0x10a2, 0x10a2, 0x10a2, 0x10a2, 0x10a2, 0x10a2, 0x10a2, 0x10a2, 
	0x10a2, 0x10a2, 0x10a2, 0x10a2, 0x10a2, 0x10a2, 0x10a2, 0x10a2, 0x10a2, 0x10a2, 0x10a2, 0x10a2, 0x10a2, 0x10a2, 0x10a2, 0x10a2, 
	0x10a2, 0x10a2, 0x10a2, 0x10a2, 0x10a2, 0x10a2, 0x10a2, 0x10a2, 0x10a2, 0x10a2, 0x10a2, 0x10a2, 0x10a2, 0x10a2, 0x10a2, 0x10a2, 
	0x10a2, 0x10a2, 0x10a2, 0x10a2, 0x10a2, 0x10a2, 0x10a2, 0x10a2, 0x10a2, 0x10a2, 0x10a2, 0x10a2, 0x10a2, 0x10a2, 0x10a2, 0x10a2, 
	0x10a2, 0x10a2, 0x10a2, 0x10a2, 0x10a2, 0x10a2, 0x10a2, 0x10a2, 0x10a2, 0x10a2, 0x10a2, 0x10a2, 0x10a2, 0x10a2, 0x10a2, 0x10a2, 
	0x10a2, 0x10a2, 0x10a2, 0x10a2, 0x10a2, 0x10a2, 0x10a2, 0x10a2, 0x10a2, 0x10a2, 0x10a2, 0x10a2, 0x10a2, 0x10a2, 0x10a2, 0x10a2, 
	0x10a2, 0x10a2, 0x10a2, 0x10a2, 0x10a2, 0x10a2, 0x10a2, 0x10a2, 0x10a2, 0x10a2, 0x10a2, 0x10a2, 0x10a2, 0x10a2, 0x10a2, 0x10a2, 
	0x10a2, 0x10a2, 0x10a2, 0x10a2, 0x10a2, 0x10a2, 0x10a2, 0x10a2, 0x10a2, 0x10a2, 0x10a2, 0x10a2, 0x10a2, 0x10a2, 0x10a2, 0x10a2, 
	0x10a2, 0x10a2, 0x10a2, 0x10a2, 0x10a2, 0x10a2, 0x10a2, 0x10a2, 0x10a2, 0x10a2, 0x10a2, 0x10a2, 0x10a2, 0x10a2, 0x10a2, 0x10a2, 
	0x10a2, 0x10a2, 0x10a2, 0x10a2, 0x10a2, 0x10a2, 0x10a2, 0x10a2, 0x10a2, 0x10a2, 0x10a2, 0x10a2, 0x10a2, 0x10a2, 0x10a2, 0x10a2, 
	0x10a2, 0x10a2, 0x10a2, 0x10a2, 0x10a2, 0x10a2, 0x10a2, 0x10a2, 0x10a2, 0x10a2, 0x10a2, 0x10a2, 0x10a2, 0x10a2, 0x10a2, 0x10a2, 
	0x10a2, 0x10a2, 0x10a2, 0x10a2, 0x10a2, 0x10a2, 0x10a2, 0x10a2, 0x10a2, 0x10a2, 0x10a2, 0x10a2, 0x10a2, 0x10a2, 0x10a2, 0x10a2, 
	0x10a2, 0x10a2, 0x10a2, 0x10a2, 0x10a2, 0x10a2, 0x10a2, 0x10a2, 0x10a2, 0x10a2, 0x10a2, 0x10a2, 0x10a2, 0x10a2, 0x10a2, 0x10a2, 
	0x10a2, 0x10a2, 0x10a2, 0x10a2, 0x10a2, 0x10a2, 0x10a2, 0x10a2, 0x10a2, 0x10a2, 0x10a2, 0x10a2, 0x10a2, 0x10a2, 0x10a2, 0x10a2, 
	0x10a2, 0x10a2, 0x10a2, 0x10a2, 0x10a2, 0x10a2, 0x10a2, 0x10a2, 0x10a2, 0x10a2, 0x10a2, 0x10a2, 0x10a2, 0x10a2, 0x10a2, 0x10a2, 
	0x10a2, 0x10a2, 0x10a2, 0x10a2, 0x10a2, 0x10a2, 0x10a2, 0x10a2, 0x10a2, 0x10a2, 0x10a2, 0x10a2, 0x10a2, 0x10a2, 0x10a2, 0x10a2, 
	0x10a2, 0x10a2, 0x10a2, 0x10a2, 0x10a2, 0x10a2, 0x10a2, 0x10a2, 0x10a2, 0x10a2, 0x10a2, 0x10a2, 0x10a2, 0x10a2, 0x10a2, 0x10a2, 
	0x10a2, 0x10a2, 0x10a2, 0x10a2, 0x10a2, 0x10a2, 0x10a2, 0x10a2, 0x10a2, 0x10a2, 0x10a2, 0x10a2, 0x10a2, 0x10a2, 0x10a2, 0x10a2, 
	0x10a2, 0x10a2, 0x10a2, 0x10a2, 0x10a2, 0x10a2, 0x10a2, 0x10a2, 0x10a2, 0x10a2, 0x10a2, 0x10a2, 0x10a2, 0x10a2, 0x10a2, 0x10a2, 
	0x10a2, 0x10a2, 0x10a2, 0x10a2, 0x10a2, 0x10a2, 0x10a2, 0x10a2, 0x10a2, 0x10a2, 0x10a2, 0x10a2, 0x10a2, 0x10a2, 0x10a2, 0x10a2, 
	0x10a2, 0x10a2, 0x10a2, 0x10a2, 0x10a2, 0x10a2, 0x10a2, 0x10a2, 0x10a2, 0x10a2, 0x10a2, 0x10a2, 0x10a2, 0x10a2, 0x10a2, 0x10a2, 
	0x10a2, 0x10a2, 0x10a2, 0x10a2, 0x10a2, 0x10a2, 0x10a2, 0x10a2, 0x10a2, 0x10a2, 0x10a2, 0x10a2, 0x10a2, 0x10a2, 0x10a2, 0x10a2, 
	0x10a2, 0x10a2, 0x10a2, 0x10a2, 0x10a2, 0x10a2, 0x10a2, 0x10a2, 0x10a2, 0x10a2, 0x10a2, 0x10a2, 0x10a2, 0x10a2, 0x10a2, 0x10a2, 
	0x10a2, 0x10a2, 0x10a2, 0x10a2, 0x10a2, 0x10a2, 0x10a2, 0x10a2, 0x10a2, 0x10a2, 0x10a2, 0x10a2, 0x10a2, 0x10a2, 0x10a2, 0x10a2, 
	0x10a2, 0x10a2, 0x10a2, 0x10a2, 0x10a2, 0x10a2, 0x10a2, 0x10a2, 0x10a2, 0x10a2, 0x10a2, 0x10a2, 0x10a2, 0x10a2, 0x10a2, 0x10a2, 
	0x10a2, 0x10a2, 0x10a2, 0x10a2, 0x10a2, 0x10a2, 0x10a2, 0x10a2, 0x10a2, 0x10a2, 0x10a2, 0x10a2, 0x10a2, 0x10a2, 0x10a2, 0x10a2, 
	0x10a2, 0x10a2, 0x10a2, 0x10a2, 0x10a2, 0x10a2, 0x10a2, 0x10a2, 0x10a2, 0x10a2, 0x10a2, 0x10a2, 0x10a2, 0x10a2, 0x10a2, 0x10a2, 
	0x10a2, 0x10a2, 0x10a2, 0x10a2, 0x10a2, 0x10a2, 0x10a2, 0x10a2, 0x10a2, 0x10a2, 0x10a2, 0x10a2, 0x10a2, 0x10a2, 0x10a2, 0x10a2, 
	0x10a2, 0x10a2, 0x10a2, 0x10a2, 0x10a2, 0x10a2, 0x10a2, 0x10a2, 0x10a2, 0x10a2, 0x10a2, 0x10a2, 0x10a2, 0x10a2, 0x10a2, 0x10a2, 
	0x10a2, 0x10a2, 0x10a2, 0x10a2, 0x10a2, 0x10a2, 0x10a2, 0x10a2, 0x10a2, 0x10a2, 0x10a2, 0x10a2, 0x10a2, 0x10a2, 0x10a2, 0x10a2, 
	0x10a2, 0x10a2, 0x10a2, 0x10a2, 0x10a2, 0x10a2, 0x10a2, 0x10a2, 0x10a2, 0x10a2, 0x10a2, 0x10a2, 0x10a2, 0x10a2, 0x10a2, 0x10a2, 
	0x10a2, 0x10a2, 0x10a2, 0x10a2, 0x10a2, 0x10a2, 0x10a2, 0x10a2, 0x10a2, 0x10a2, 0x10a2, 0x10a2, 0x10a2, 0x10a2, 0x10a2, 0x10a2, 
	0x10a2, 0x10a2, 0x10a2, 0x10a2, 0x10a2, 0x10a2, 0x10a2, 0x10a2, 0x10a2, 0x10a2, 0x10a2, 0x10a2, 0x10a2, 0x10a2, 0x10a2, 0x10a2, 
	0x10a2, 0x10a2, 0x10a2, 0x10a2, 0x10a2, 0x10a2, 0x10a2, 0x10a2, 0x10a2, 0x10a2, 0x10a2, 0x10a2, 0x10a2, 0x10a2, 0x10a2, 0x10a2, 
	0x10a2, 0x10a2, 0x10a2, 0x10a2, 0x10a2, 0x10a2, 0x10a2, 0x10a2, 0x10a2, 0x10a2, 0x10a2, 0x10a2, 0x10a2, 0x10a2, 0x10a2, 0x10a2, 
	0x10a2, 0x10a2, 0x10a2, 0x10a2, 0x10a2, 0x10a2, 0x10a2, 0x10a2, 0x10a2, 0x10a2, 0x10a2, 0x10a2, 0x10a2, 0x10a2, 0x10a2, 0x10a2, 
	0x10a2, 0x10a2, 0x10a2, 0x10a2, 0x10a2, 0x10a2, 0x10a2, 0x10a2, 0x10a2, 0x10a2, 0x10a2, 0x10a2, 0x10a2, 0x10a2, 0x10a2, 0x10a2, 
	0x10a2, 0x10a2, 0x10a2, 0x10a2, 0x10a2, 0x10a2, 0x10a2, 0x10a2, 0x10a2, 0x10a2, 0x10a2, 0x10a2, 0x10a2, 0x10a2, 0x10a2, 0x10a2, 
	0x10a2, 0x10a2, 0x10a2, 0x10a2, 0x10a2, 0x10a2, 0x10a2, 0x10a2, 0x10a2, 0x10a2, 0x10a2, 0x10a2, 0x10a2, 0x10a2, 0x10a2, 0x10a2, 
	0x10a2, 0x10a2, 0x10a2, 0x10a2, 0x10a2, 0x10a2, 0x10a2, 0x10a2, 0x10a2, 0x10a2, 0x10a2, 0x10a2, 0x10a2, 0x10a2, 0x10a2, 0x10a2, 
	0x10a2, 0x10a2, 0x10a2, 0x10a2, 0x10a2, 0x10a2, 0x10a2, 0x10a2, 0x10a2, 0x10a2, 0x10a2, 0x10a2, 0x10a2, 0x10a2, 0x10a2, 0x10a2, 
	0x10a2, 0x10a2, 0x10a2, 0x10a2, 0x10a2, 0x10a2, 0x10a2, 0x10a2, 0x10a2, 0x10a2, 0x10a2, 0x10a2, 0x10a2, 0x10a2, 0x10a2, 0x10a2, 
	0x10a2, 0x10a2, 0x10a2, 0x10a2, 0x10a2, 0x10a2, 0x10a2, 0x10a2, 0x10a2, 0x10a2, 0x10a2, 0x10a2, 0x10a2, 0x10a2, 0x10a2, 0x10a2, 
	0x10a2, 0x10a2, 0x10a2, 0x10a2, 0x10a2, 0x10a2, 0x10a2, 0x10a2, 0x10a2, 0x10a2, 0x10a2, 0x10a2, 0x10a2, 0x10a2, 0x10a2, 0x10a2, 
	0x10a2, 0x10a2, 0x10a2, 0x10a2, 0x10a2, 0x10a2, 0x10a2, 0x10a2, 0x10a2, 0x10a2, 0x10a2, 0x10a2, 0x10a2, 0x10a2, 0x10a2, 0x10a2, 
	0x10a2, 0x10a2, 0x10a2, 0x10a2, 0x10a2, 0x10a2, 0x10a2, 0x10a2, 0x10a2, 0x10a2, 0x10a2, 0x10a2, 0x10a2, 0x10a2, 0x10a2, 0x10a2, 
	0x10a2, 0x10a2, 0x10a2, 0x10a2, 0x10a2, 0x10a2, 0x10a2, 0x10a2, 0x10a2, 0x10a2, 0x10a2, 0x10a2, 0x10a2, 0x10a2, 0x10a2, 0x10a2, 
	0x10a2, 0x10a2, 0x10a2, 0x10a2, 0x10a2, 0x10a2, 0x10a2, 0x10a2, 0x10a2, 0x10a2, 0x10a2, 0x10a2, 0x10a2, 0x10a2, 0x10a2, 0x10a2, 
	0x10a2, 0x10a2, 0x10a2, 0x10a2, 0x10a2, 0x10a2, 0x10a2, 0x10a2, 0x10a2, 0x10a2, 0x10a2, 0x10a2, 0x10a2, 0x10a2, 0x10a2, 0x10a2, 
	0x10a2, 0x10a2, 0x10a2, 0x10a2, 0x10a2, 0x10a2, 0x10a2, 0x10a2, 0x10a2, 0x10a2, 0x10a2, 0x10a2, 0x10a2, 0x10a2, 0x10a2, 0x10a2, 
	0x10a2, 0x10a2, 0x10a2, 0x10a2, 0x10a2, 0x10a2, 0x10a2, 0x10a2, 0x10a2, 0x10a2, 0x10a2, 0x10a2, 0x10a2, 0x10a2, 0x10a2, 0x10a2, 
	0x10a2, 0x10a2, 0x10a2, 0x10a2, 0x10a2, 0x10a2, 0x10a2, 0x10a2, 0x10a2, 0x10a2, 0x10a2, 0x10a2, 0x10a2, 0x10a2, 0x10a2, 0x10a2, 
	0x10a2, 0x10a2, 0x10a2, 0x10a2, 0x10a2, 0x10a2, 0x10a2, 0x10a2, 0x10a2, 0x10a2, 0x10a2, 0x10a2, 0x10a2, 0x10a2, 0x10a2, 0x10a2, 
	0x10a2, 0x10a2, 0x10a2, 0x10a2, 0x10a2, 0x10a2, 0x10a2, 0x10a2, 0x10a2, 0x10a2, 0x10a2, 0x10a2, 0x10a2, 0x10a2, 0x10a2, 0x10a2, 
	0x10a2, 0x10a2, 0x10a2, 0x10a2, 0x10a2, 0x10a2, 0x10a2, 0x10a2, 0x10a2, 0x10a2, 0x10a2, 0x10a2, 0x10a2, 0x10a2, 0x10a2, 0x10a2, 
	0x10a2, 0x10a2, 0x10a2, 0x10a2, 0x10a2, 0x10a2, 0x10a2, 0x10a2, 0x10a2, 0x10a2, 0x10a2, 0x10a2, 0x10a2, 0x10a2, 0x10a2, 0x10a2, 
	0x10a2, 0x10a2, 0x10a2, 0x10a2, 0x10a2, 0x10a2, 0x10a2, 0x10a2, 0x10a2, 0x10a2, 0x10a2, 0x10a2, 0x10a2, 0x10a2, 0x10a2, 0x10a2, 
	0x10a2, 0x10a2, 0x10a2, 0x10a2, 0x10a2, 0x10a2, 0x10a2, 0x10a2, 0x10a2, 0x10a2, 0x10a2, 0x10a2, 0x10a2, 0x10a2, 0x10a2, 0x10a2, 
	0x10a2, 0x10a2, 0x10a2, 0x10a2, 0x10a2, 0x10a2, 0x10a2, 0x10a2, 0x10a2, 0x10a2, 0x10a2, 0x10a2, 0x10a2, 0x10a2, 0x10a2, 0x10a2, 
	0x10a2, 0x10a2, 0x10a2, 0x10a2, 0x10a2, 0x10a2, 0x10a2, 0x10a2, 0x10a2, 0x10a2, 0x10a2, 0x10a2, 0x10a2, 0x10a2, 0x10a2, 0x10a2, 
	0x10a2, 0x10a2, 0x10a2, 0x10a2, 0x10a2, 0x10a2, 0x10a2, 0x10a2, 0x10a2, 0x10a2, 0x10a2, 0x10a2, 0x10a2, 0x10a2, 0x10a2, 0x10a2, 
	0x10a2, 0x10a2, 0x10a2, 0x10a2, 0x10a2, 0x10a2, 0x10a2, 0x10a2, 0x10a2, 0x10a2, 0x10a2, 0x10a2, 0x10a2, 0x10a2, 0x10a2, 0x10a2, 
	0x10a2, 0x10a2, 0x10a2, 0x10a2, 0x10a2, 0x10a2, 0x10a2, 0x10a2, 0x10a2, 0x10a2, 0x10a2, 0x10a2, 0x10a2, 0x10a2, 0x10a2, 0x10a2, 
	0x10a2, 0x10a2, 0x10a2, 0x10a2, 0x10a2, 0x10a2, 0x10a2, 0x10a2, 0x10a2, 0x10a2, 0x10a2, 0x10a2, 0x10a2, 0x10a2, 0x10a2, 0x10a2, 
	0x10a2, 0x10a2, 0x10a2, 0x10a2, 0x10a2, 0x10a2, 0x10a2, 0x10a2, 0x10a2, 0x10a2, 0x10a2, 0x10a2, 0x10a2, 0x10a2, 0x10a2, 0x10a2, 
	0x10a2, 0x10a2, 0x10a2, 0x10a2, 0x10a2, 0x10a2, 0x10a2, 0x10a2, 0x10a2, 0x10a2, 0x10a2, 0x10a2, 0x10a2, 0x10a2, 0x10a2, 0x10a2, 
	0x10a2, 0x10a2, 0x10a2, 0x10a2, 0x10a2, 0x10a2, 0x10a2, 0x10a2, 0x10a2, 0x10a2, 0x10a2, 0x10a2, 0x10a2, 0x10a2, 0x10a2, 0x10a2, 
	0x10a2, 0x10a2, 0x10a2, 0x10a2, 0x10a2, 0x10a2, 0x10a2, 0x10a2, 0x10a2, 0x10a2, 0x10a2, 0x10a2, 0x10a2, 0x10a2, 0x10a2, 0x10a2, 
	0x10a2, 0x10a2, 0x10a2, 0x10a2, 0x10a2, 0x10a2, 0x10a2, 0x10a2, 0x10a2, 0x10a2, 0x10a2, 0x10a2, 0x10a2, 0x10a2, 0x10a2, 0x10a2, 
	0x10a2, 0x10a2, 0x10a2, 0x10a2, 0x10a2, 0x10a2, 0x10a2, 0x10a2, 0x10a2, 0x10a2, 0x10a2, 0x10a2, 0x10a2, 0x10a2, 0x10a2, 0x10a2, 
	0x10a2, 0x10a2, 0x10a2, 0x10a2, 0x10a2, 0x10a2, 0x10a2, 0x10a2, 0x10a2, 0x10a2, 0x10a2, 0x10a2, 0x10a2, 0x10a2, 0x10a2, 0x10a2, 
	0x10a2, 0x10a2, 0x10a2, 0x10a2, 0x10a2, 0x10a2, 0x10a2, 0x10a2, 0x10a2, 0x10a2, 0x10a2, 0x10a2, 0x10a2, 0x10a2, 0x10a2, 0x10a2, 
	0x10a2, 0x10a2, 0x10a2, 0x10a2, 0x10a2, 0x10a2, 0x10a2, 0x10a2, 0x10a2, 0x10a2, 0x10a2, 0x10a2, 0x10a2, 0x10a2, 0x10a2, 0x10a2, 
	0x10a2, 0x10a2, 0x10a2, 0x10a2, 0x10a2, 0x10a2, 0x10a2, 0x10a2, 0x10a2, 0x10a2, 0x10a2, 0x10a2, 0x10a2, 0x10a2, 0x10a2, 0x10a2, 
	0x10a2, 0x10a2, 0x10a2, 0x10a2, 0x10a2, 0x10a2, 0x10a2, 0x10a2, 0x10a2, 0x10a2, 0x10a2, 0x10a2, 0x10a2, 0x10a2, 0x10a2, 0x10a2, 
	0x10a2, 0x10a2, 0x10a2, 0x10a2, 0x10a2, 0x10a2, 0x10a2, 0x10a2, 0x10a2, 0x10a2, 0x10a2, 0x10a2, 0x10a2, 0x10a2, 0x10a2, 0x10a2, 
	0x10a2, 0x10a2, 0x10a2, 0x10a2, 0x10a2, 0x10a2, 0x10a2, 0x10a2, 0x10a2, 0x10a2, 0x10a2, 0x10a2, 0x10a2, 0x10a2, 0x10a2, 0x10a2, 
	0x10a2, 0x10a2, 0x10a2, 0x10a2, 0x10a2, 0x10a2, 0x10a2, 0x10a2, 0x10a2, 0x10a2, 0x10a2, 0x10a2, 0x10a2, 0x10a2, 0x10a2, 0x10a2, 
	0x10a2, 0x10a2, 0x10a2, 0x10a2, 0x10a2, 0x10a2, 0x10a2, 0x10a2, 0x10a2, 0x10a2, 0x10a2, 0x10a2, 0x10a2, 0x10a2, 0x10a2, 0x10a2, 
	0x10a2, 0x10a2, 0x10a2, 0x10a2, 0x10a2, 0x10a2, 0x10a2, 0x10a2, 0x10a2, 0x10a2, 0x10a2, 0x10a2, 0x10a2, 0x10a2, 0x10a2, 0x10a2, 
	0x10a2, 0x10a2, 0x10a2, 0x10a2, 0x10a2, 0x10a2, 0x10a2, 0x10a2, 0x10a2, 0x10a2, 0x10a2, 0x10a2, 0x10a2, 0x10a2, 0x10a2, 0x10a2, 
	0x10a2, 0x10a2, 0x10a2, 0x10a2, 0x10a2, 0x10a2, 0x10a2, 0x10a2, 0x10a2, 0x10a2, 0x10a2, 0x10a2, 0x10a2, 0x10a2, 0x10a2, 0x10a2, 
	0x10a2, 0x10a2, 0x10a2, 0x10a2, 0x10a2, 0x10a2, 0x10a2, 0x10a2, 0x10a2, 0x10a2, 0x10a2, 0x10a2, 0x10a2, 0x10a2, 0x10a2, 0x10a2, 
	0x10a2, 0x10a2, 0x10a2, 0x10a2, 0x10a2, 0x10a2, 0x10a2, 0x10a2, 0x10a2, 0x10a2, 0x10a2, 0x10a2, 0x10a2, 0x10a2, 0x10a2, 0x10a2, 
	0x10a2, 0x10a2, 0x10a2, 0x10a2, 0x10a2, 0x10a2, 0x10a2, 0x10a2, 0x10a2, 0x10a2, 0x10a2, 0x10a2, 0x10a2, 0x10a2, 0x10a2, 0x10a2, 
	0x10a2, 0x10a2, 0x10a2, 0x10a2, 0x10a2, 0x10a2, 0x10a2, 0x10a2, 0x10a2, 0x10a2, 0x10a2, 0x10a2, 0x10a2, 0x10a2, 0x10a2, 0x10a2, 
	0x10a2, 0x10a2, 0x10a2, 0x10a2, 0x10a2, 0x10a2, 0x10a2, 0x10a2, 0x10a2, 0x10a2, 0x10a2, 0x10a2, 0x10a2, 0x10a2, 0x10a2, 0x10a2, 
	0x10a2, 0x10a2, 0x10a2, 0x10a2, 0x10a2, 0x10a2, 0x10a2, 0x10a2, 0x10a2, 0x10a2, 0x10a2, 0x10a2, 0x10a2, 0x10a2, 0x10a2, 0x10a2, 
	0x10a2, 0x10a2, 0x10a2, 0x10a2, 0x10a2, 0x10a2, 0x10a2, 0x10a2, 0x10a2, 0x10a2, 0x10a2, 0x10a2, 0x10a2, 0x10a2, 0x10a2, 0x10a2, 
	0x10a2, 0x10a2, 0x10a2, 0x10a2, 0x10a2, 0x10a2, 0x10a2, 0x10a2, 0x10a2, 0x10a2, 0x10a2, 0x10a2, 0x10a2, 0x10a2, 0x10a2, 0x10a2, 
	0x10a2, 0x10a2, 0x10a2, 0x10a2, 0x10a2, 0x10a2, 0x10a2, 0x10a2, 0x10a2, 0x10a2, 0x10a2, 0x10a2, 0x10a2, 0x10a2, 0x10a2, 0x10a2, 
	0x10a2, 0x10a2, 0x10a2, 0x10a2, 0x10a2, 0x10a2, 0x10a2, 0x10a2, 0x10a2, 0x10a2, 0x10a2, 0x10a2, 0x10a2, 0x10a2, 0x10a2, 0x10a2, 
	0x10a2, 0x10a2, 0x10a2, 0x10a2, 0x10a2, 0x10a2, 0x10a2, 0x10a2, 0x10a2, 0x10a2, 0x10a2, 0x10a2, 0x10a2, 0x10a2, 0x10a2, 0x10a2, 
	0x10a2, 0x10a2, 0x10a2, 0x10a2, 0x10a2, 0x10a2, 0x10a2, 0x10a2, 0x10a2, 0x10a2, 0x10a2, 0x10a2, 0x10a2, 0x10a2, 0x10a2, 0x10a2, 
	0x10a2, 0x10a2, 0x10a2, 0x10a2, 0x10a2, 0x10a2, 0x10a2, 0x10a2, 0x10a2, 0x10a2, 0x10a2, 0x10a2, 0x10a2, 0x10a2, 0x10a2, 0x10a2, 
	0x10a2, 0x10a2, 0x10a2, 0x10a2, 0x10a2, 0x10a2, 0x10a2, 0x10a2, 0x10a2, 0x10a2, 0x10a2, 0x10a2, 0x10a2, 0x10a2, 0x10a2, 0x10a2, 
	0x10a2, 0x10a2, 0x10a2, 0x10a2, 0x10a2, 0x10a2, 0x10a2, 0x10a2, 0x10a2, 0x10a2, 0x10a2, 0x10a2, 0x10a2, 0x10a2, 0x10a2, 0x10a2, 
	0x10a2, 0x10a2, 0x10a2, 0x10a2, 0x10a2, 0x10a2, 0x10a2, 0x10a2, 0x10a2, 0x10a2, 0x10a2, 0x10a2, 0x10a2, 0x10a2, 0x10a2, 0x10a2, 
	0x10a2, 0x10a2, 0x10a2, 0x10a2, 0x10a2, 0x10a2, 0x10a2, 0x10a2, 0x10a2, 0x10a2, 0x10a2, 0x10a2, 0x10a2, 0x10a2, 0x10a2, 0x10a2, 
	0x10a2, 0x10a2, 0x10a2, 0x10a2, 0x10a2, 0x10a2, 0x10a2, 0x10a2, 0x10a2, 0x10a2, 0x10a2, 0x10a2, 0x10a2, 0x10a2, 0x10a2, 0x10a2, 
	0x10a2, 0x10a2, 0x10a2, 0x10a2, 0x10a2, 0x10a2, 0x10a2, 0x10a2, 0x10a2, 0x10a2, 0x10a2, 0x10a2, 0x10a2, 0x10a2, 0x10a2, 0x10a2, 
	0x10a2, 0x10a2, 0x10a2, 0x10a2, 0x10a2, 0x10a2, 0x10a2, 0x10a2, 0x10a2, 0x10a2, 0x10a2, 0x10a2, 0x10a2, 0x10a2, 0x10a2, 0x10a2, 
	0x10a2, 0x10a2, 0x10a2, 0x10a2, 0x10a2, 0x10a2, 0x10a2, 0x10a2, 0x10a2, 0x10a2, 0x10a2, 0x10a2, 0x10a2, 0x10a2, 0x10a2, 0x10a2, 
	0x10a2, 0x10a2, 0x10a2, 0x10a2, 0x10a2, 0x10a2, 0x10a2, 0x10a2, 0x10a2, 0x10a2, 0x10a2, 0x10a2, 0x10a2, 0x10a2, 0x10a2, 0x10a2, 
	0x10a2, 0x10a2, 0x10a2, 0x10a2, 0x10a2, 0x10a2, 0x10a2, 0x10a2, 0x10a2, 0x10a2, 0x10a2, 0x10a2, 0x10a2, 0x10a2, 0x10a2, 0x10a2, 
	0x10a2, 0x10a2, 0x10a2, 0x10a2, 0x10a2, 0x10a2, 0x10a2, 0x10a2, 0x10a2, 0x10a2, 0x10a2, 0x10a2, 0x10a2, 0x10a2, 0x10a2, 0x10a2, 
	0x10a2, 0x10a2, 0x10a2, 0x10a2, 0x10a2, 0x10a2, 0x10a2, 0x10a2, 0x10a2, 0x10a2, 0x10a2, 0x10a2, 0x10a2, 0x10a2, 0x10a2, 0x10a2, 
	0x10a2, 0x10a2, 0x10a2, 0x10a2, 0x10a2, 0x10a2, 0x10a2, 0x10a2, 0x10a2, 0x10a2, 0x10a2, 0x10a2, 0x10a2, 0x10a2, 0x10a2, 0x10a2, 
	0x10a2, 0x10a2, 0x10a2, 0x10a2, 0x10a2, 0x10a2, 0x10a2, 0x10a2, 0x10a2, 0x10a2, 0x10a2, 0x10a2, 0x10a2, 0x10a2, 0x10a2, 0x10a2, 
	0x10a2, 0x10a2, 0x10a2, 0x10a2, 0x10a2, 0x10a2, 0x10a2, 0x10a2, 0x10a2, 0x10a2, 0x10a2, 0x10a2, 0x10a2, 0x10a2, 0x10a2, 0x10a2, 
	0x10a2, 0x10a2, 0x10a2, 0x10a2, 0x10a2, 0x10a2, 0x10a2, 0x10a2, 0x10a2, 0x10a2, 0x10a2, 0x10a2, 0x10a2, 0x10a2, 0x10a2, 0x10a2, 
	0x10a2, 0x10a2, 0x10a2, 0x10a2, 0x10a2, 0x10a2, 0x10a2, 0x10a2, 0x10a2, 0x10a2, 0x10a2, 0x10a2, 0x10a2, 0x10a2, 0x10a2, 0x10a2, 
	0x10a2, 0x10a2, 0x10a2, 0x10a2, 0x10a2, 0x10a2, 0x10a2, 0x10a2, 0x10a2, 0x10a2, 0x10a2, 0x10a2, 0x10a2, 0x10a2, 0x10a2, 0x10a2, 
	0x10a2, 0x10a2, 0x10a2, 0x10a2, 0x10a2, 0x10a2, 0x10a2, 0x10a2, 0x10a2, 0x10a2, 0x10a2, 0x10a2, 0x10a2, 0x10a2, 0x10a2, 0x10a2, 
	0x10a2, 0x10a2, 0x10a2, 0x10a2, 0x10a2, 0x10a2, 0x10a2, 0x10a2, 0x10a2, 0x10a2, 0x10a2, 0x10a2, 0x10a2, 0x10a2, 0x10a2, 0x10a2, 
	0x10a2, 0x10a2, 0x10a2, 0x10a2, 0x10a2, 0x10a2, 0x10a2, 0x10a2, 0x10a2, 0x10a2, 0x10a2, 0x10a2, 0x10a2, 0x10a2, 0x10a2, 0x10a2, 
	0x10a2, 0x10a2, 0x10a2, 0x10a2, 0x10a2, 0x10a2, 0x10a2, 0x10a2, 0x10a2, 0x10a2, 0x10a2, 0x10a2, 0x10a2, 0x10a2, 0x10a2, 0x10a2, 
	0x10a2, 0x10a2, 0x10a2, 0x10a2, 0x10a2, 0x10a2, 0x10a2, 0x10a2, 0x10a2, 0x10a2, 0x10a2, 0x10a2, 0x10a2, 0x10a2, 0x10a2, 0x10a2, 
	0x10a2, 0x10a2, 0x10a2, 0x10a2, 0x10a2, 0x10a2, 0x10a2, 0x10a2, 0x10a2, 0x10a2, 0x10a2, 0x10a2, 0x10a2, 0x10a2, 0x10a2, 0x10a2, 
	0x10a2, 0x10a2, 0x10a2, 0x10a2, 0x10a2, 0x10a2, 0x10a2, 0x10a2, 0x10a2, 0x10a2, 0x10a2, 0x10a2, 0x10a2, 0x10a2, 0x10a2, 0x10a2, 
	0x10a2, 0x10a2, 0x10a2, 0x10a2, 0x10a2, 0x10a2, 0x10a2, 0x10a2, 0x10a2, 0x10a2, 0x10a2, 0x10a2, 0x10a2, 0x10a2, 0x10a2, 0x10a2, 
	0x10a2, 0x10a2, 0x10a2, 0x10a2, 0x10a2, 0x10a2, 0x10a2, 0x10a2, 0x10a2, 0x10a2, 0x10a2, 0x10a2, 0x10a2, 0x10a2, 0x10a2, 0x10a2, 
	0x10a2, 0x10a2, 0x10a2, 0x10a2, 0x10a2, 0x10a2, 0x10a2, 0x10a2, 0x10a2, 0x10a2, 0x10a2, 0x10a2, 0x10a2, 0x10a2, 0x10a2, 0x10a2, 
	0x10a2, 0x10a2, 0x10a2, 0x10a2, 0x10a2, 0x10a2, 0x10a2, 0x10a2, 0x10a2, 0x10a2, 0x10a2, 0x10a2, 0x10a2, 0x10a2, 0x10a2, 0x10a2, 
	0x10a2, 0x10a2, 0x10a2, 0x10a2, 0x10a2, 0x10a2, 0x10a2, 0x10a2, 0x10a2, 0x10a2, 0x10a2, 0x10a2, 0x10a2, 0x10a2, 0x10a2, 0x10a2, 
	0x10a2, 0x10a2, 0x10a2, 0x10a2, 0x10a2, 0x10a2, 0x10a2, 0x10a2, 0x10a2, 0x10a2, 0x10a2, 0x10a2, 0x10a2, 0x10a2, 0x10a2, 0x10a2, 
	0x10a2, 0x10a2, 0x10a2, 0x10a2, 0x10a2, 0x10a2, 0x10a2, 0x10a2, 0x10a2, 0x10a2, 0x10a2, 0x10a2, 0x10a2, 0x10a2, 0x10a2, 0x10a2, 
	0x10a2, 0x10a2, 0x10a2, 0x10a2, 0x10a2, 0x10a2, 0x10a2, 0x10a2, 0x10a2, 0x10a2, 0x10a2, 0x10a2, 0x10a2, 0x10a2, 0x10a2, 0x10a2, 
	0x10a2, 0x10a2, 0x10a2, 0x10a2, 0x10a2, 0x10a2, 0x10a2, 0x10a2, 0x10a2, 0x10a2, 0x10a2, 0x10a2, 0x10a2, 0x10a2, 0x10a2, 0x10a2, 
	0x10a2, 0x10a2, 0x10a2, 0x10a2, 0x10a2, 0x10a2, 0x10a2, 0x10a2, 0x10a2, 0x10a2, 0x10a2, 0x10a2, 0x10a2, 0x10a2, 0x10a2, 0x10a2, 
	0x10a2, 0x10a2, 0x10a2, 0x10a2, 0x10a2, 0x10a2, 0x10a2, 0x10a2, 0x10a2, 0x10a2, 0x10a2, 0x10a2, 0x10a2, 0x10a2, 0x10a2, 0x10a2, 
	0x10a2, 0x10a2, 0x10a2, 0x10a2, 0x10a2, 0x10a2, 0x10a2, 0x10a2, 0x10a2, 0x10a2, 0x10a2, 0x10a2, 0x10a2, 0x10a2, 0x10a2, 0x10a2, 
	0x10a2, 0x10a2, 0x10a2, 0x10a2, 0x10a2, 0x10a2, 0x10a2, 0x10a2, 0x10a2, 0x10a2, 0x10a2, 0x10a2, 0x10a2, 0x10a2, 0x10a2, 0x10a2, 
	0x10a2, 0x10a2, 0x10a2, 0x10a2, 0x10a2, 0x10a2, 0x10a2, 0x10a2, 0x10a2, 0x10a2, 0x10a2, 0x10a2, 0x10a2, 0x10a2, 0x10a2, 0x10a2, 
	0x10a2, 0x10a2, 0x10a2, 0x10a2, 0x10a2, 0x10a2, 0x10a2, 0x10a2, 0x10a2, 0x10a2, 0x10a2, 0x10a2, 0x10a2, 0x10a2, 0x10a2, 0x10a2, 
	0x10a2, 0x10a2, 0x10a2, 0x10a2, 0x10a2, 0x10a2, 0x10a2, 0x10a2, 0x10a2, 0x10a2, 0x10a2, 0x10a2, 0x10a2, 0x10a2, 0x10a2, 0x10a2, 
	0x10a2, 0x10a2, 0x10a2, 0x10a2, 0x10a2, 0x10a2, 0x10a2, 0x10a2, 0x10a2, 0x10a2, 0x10a2, 0x10a2, 0x10a2, 0x10a2, 0x10a2, 0x10a2, 
	0x10a2, 0x10a2, 0x10a2, 0x10a2, 0x10a2, 0x10a2, 0x10a2, 0x10a2, 0x10a2, 0x10a2, 0x10a2, 0x10a2, 0x10a2, 0x10a2, 0x10a2, 0x10a2, 
	0x10a2, 0x10a2, 0x10a2, 0x10a2, 0x10a2, 0x10a2, 0x10a2, 0x10a2, 0x10a2, 0x10a2, 0x10a2, 0x10a2, 0x10a2, 0x10a2, 0x10a2, 0x10a2, 
	0x10a2, 0x10a2, 0x10a2, 0x10a2, 0x10a2, 0x10a2, 0x10a2, 0x10a2, 0x10a2, 0x10a2, 0x10a2, 0x10a2, 0x10a2, 0x10a2, 0x10a2, 0x10a2, 
	0x10a2, 0x10a2, 0x10a2, 0x10a2, 0x10a2, 0x10a2, 0x10a2, 0x10a2, 0x10a2, 0x10a2, 0x10a2, 0x10a2, 0x10a2, 0x10a2, 0x10a2, 0x10a2, 
	0x10a2, 0x10a2, 0x10a2, 0x10a2, 0x10a2, 0x10a2, 0x10a2, 0x10a2, 0x10a2, 0x10a2, 0x10a2, 0x10a2, 0x10a2, 0x10a2, 0x10a2, 0x10a2, 
	0x10a2, 0x10a2, 0x10a2, 0x10a2, 0x10a2, 0x10a2, 0x10a2, 0x10a2, 0x10a2, 0x10a2, 0x10a2, 0x10a2, 0x10a2, 0x10a2, 0x10a2, 0x10a2, 
	0x10a2, 0x10a2, 0x10a2, 0x10a2, 0x10a2, 0x10a2, 0x10a2, 0x10a2, 0x10a2, 0x10a2, 0x10a2, 0x10a2, 0x10a2, 0x10a2, 0x10a2, 0x10a2, 
	0x10a2, 0x10a2, 0x10a2, 0x10a2, 0x10a2, 0x10a2, 0x10a2, 0x10a2, 0x10a2, 0x10a2, 0x10a2, 0x10a2, 0x10a2, 0x10a2, 0x10a2, 0x10a2, 
	0x10a2, 0x10a2, 0x10a2, 0x10a2, 0x10a2, 0x10a2, 0x10a2, 0x10a2, 0x10a2, 0x10a2, 0x10a2, 0x10a2, 0x10a2, 0x10a2, 0x10a2, 0x10a2, 
	0x10a2, 0x10a2, 0x10a2, 0x10a2, 0x10a2, 0x10a2, 0x10a2, 0x10a2, 0x10a2, 0x10a2, 0x10a2, 0x10a2, 0x10a2, 0x10a2, 0x10a2, 0x10a2, 
	0x10a2, 0x10a2, 0x10a2, 0x10a2, 0x10a2, 0x10a2, 0x10a2, 0x10a2, 0x10a2, 0x10a2, 0x10a2, 0x10a2, 0x10a2, 0x10a2, 0x10a2, 0x10a2, 
	0x10a2, 0x10a2, 0x10a2, 0x10a2, 0x10a2, 0x10a2, 0x10a2, 0x10a2, 0x10a2, 0x10a2, 0x10a2, 0x10a2, 0x10a2, 0x10a2, 0x10a2, 0x10a2, 
	0x10a2, 0x10a2, 0x10a2, 0x10a2, 0x10a2, 0x10a2, 0x10a2, 0x10a2, 0x10a2, 0x10a2, 0x10a2, 0x10a2, 0x10a2, 0x10a2, 0x10a2, 0x10a2, 
	0x10a2, 0x10a2, 0x10a2, 0x10a2, 0x10a2, 0x10a2, 0x10a2, 0x10a2, 0x10a2, 0x10a2, 0x10a2, 0x10a2, 0x10a2, 0x10a2, 0x10a2, 0x10a2, 
	0x10a2, 0x10a2, 0x10a2, 0x10a2, 0x10a2, 0x10a2, 0x10a2, 0x10a2, 0x10a2, 0x10a2, 0x10a2, 0x10a2, 0x10a2, 0x10a2, 0x10a2, 0x10a2, 
	0x10a2, 0x10a2, 0x10a2, 0x10a2, 0x10a2, 0x10a2, 0x10a2, 0x10a2, 0x10a2, 0x10a2, 0x10a2, 0x10a2, 0x10a2, 0x10a2, 0x10a2, 0x10a2, 
	0x10a2, 0x10a2, 0x10a2, 0x10a2, 0x10a2, 0x10a2, 0x10a2, 0x10a2, 0x10a2, 0x10a2, 0x10a2, 0x10a2, 0x10a2, 0x10a2, 0x10a2, 0x10a2, 
	0x10a2, 0x10a2, 0x10a2, 0x10a2, 0x10a2, 0x10a2, 0x10a2, 0x10a2, 0x10a2, 0x10a2, 0x10a2, 0x10a2, 0x10a2, 0x10a2, 0x10a2, 0x10a2, 
	0x10a2, 0x10a2, 0x10a2, 0x10a2, 0x10a2, 0x10a2, 0x10a2, 0x10a2, 0x10a2, 0x10a2, 0x10a2, 0x10a2, 0x10a2, 0x10a2, 0x10a2, 0x10a2, 
	0x10a2, 0x10a2, 0x10a2, 0x10a2, 0x10a2, 0x10a2, 0x10a2, 0x10a2, 0x10a2, 0x10a2, 0x10a2, 0x10a2, 0x10a2, 0x10a2, 0x10a2, 0x10a2, 
	0x10a2, 0x10a2, 0x10a2, 0x10a2, 0x10a2, 0x10a2, 0x10a2, 0x10a2, 0x10a2, 0x10a2, 0x10a2, 0x10a2, 0x10a2, 0x10a2, 0x10a2, 0x10a2, 
	0x10a2, 0x10a2, 0x10a2, 0x10a2, 0x10a2, 0x10a2, 0x10a2, 0x10a2, 0x10a2, 0x10a2, 0x10a2, 0x10a2, 0x10a2, 0x10a2, 0x10a2, 0x10a2, 
	0x10a2, 0x10a2, 0x10a2, 0x10a2, 0x10a2, 0x10a2, 0x10a2, 0x10a2, 0x10a2, 0x10a2, 0x10a2, 0x10a2, 0x10a2, 0x10a2, 0x10a2, 0x10a2, 
	0x10a2, 0x10a2, 0x10a2, 0x10a2, 0x10a2, 0x10a2, 0x10a2, 0x10a2, 0x10a2, 0x10a2, 0x10a2, 0x10a2, 0x10a2, 0x10a2, 0x10a2, 0x10a2, 
	0x10a2, 0x10a2, 0x10a2, 0x10a2, 0x10a2, 0x10a2, 0x10a2, 0x10a2, 0x10a2, 0x10a2, 0x10a2, 0x10a2, 0x10a2, 0x10a2, 0x10a2, 0x10a2, 
	0x10a2, 0x10a2, 0x10a2, 0x10a2, 0x10a2, 0x10a2, 0x10a2, 0x10a2, 0x10a2, 0x10a2, 0x10a2, 0x10a2, 0x10a2, 0x10a2, 0x10a2, 0x10a2, 
	0x10a2, 0x10a2, 0x10a2, 0x10a2, 0x10a2, 0x10a2, 0x10a2, 0x10a2, 0x10a2, 0x10a2, 0x10a2, 0x10a2, 0x10a2, 0x10a2, 0x10a2, 0x10a2, 
	0x10a2, 0x10a2, 0x10a2, 0x10a2, 0x10a2, 0x10a2, 0x10a2, 0x10a2, 0x10a2, 0x10a2, 0x10a2, 0x10a2, 0x10a2, 0x10a2, 0x10a2, 0x10a2, 
	0x10a2, 0x10a2, 0x10a2, 0x10a2, 0x10a2, 0x10a2, 0x10a2, 0x10a2, 0x10a2, 0x10a2, 0x10a2, 0x10a2, 0x10a2, 0x10a2, 0x10a2, 0x10a2, 
	0x10a2, 0x10a2, 0x10a2, 0x10a2, 0x10a2, 0x10a2, 0x10a2, 0x10a2, 0x10a2, 0x10a2, 0x10a2, 0x10a2, 0x10a2, 0x10a2, 0x10a2, 0x10a2, 
	0x10a2, 0x10a2, 0x10a2, 0x10a2, 0x10a2, 0x10a2, 0x10a2, 0x10a2, 0x10a2, 0x10a2, 0x10a2, 0x10a2, 0x10a2, 0x10a2, 0x10a2, 0x10a2, 
	0x10a2, 0x10a2, 0x10a2, 0x10a2, 0x10a2, 0x10a2, 0x10a2, 0x10a2, 0x10a2, 0x10a2, 0x10a2, 0x10a2, 0x10a2, 0x10a2, 0x10a2, 0x10a2, 
	0x10a2, 0x10a2, 0x10a2, 0x10a2, 0x10a2, 0x10a2, 0x10a2, 0x10a2, 0x10a2, 0x10a2, 0x10a2, 0x10a2, 0x10a2, 0x10a2, 0x10a2, 0x10a2, 
	0x10a2, 0x10a2, 0x10a2, 0x10a2, 0x10a2, 0x10a2, 0x10a2, 0x10a2, 0x10a2, 0x10a2, 0x10a2, 0x10a2, 0x10a2, 0x10a2, 0x10a2, 0x10a2, 
	0x10a2, 0x10a2, 0x10a2, 0x10a2, 0x10a2, 0x10a2, 0x10a2, 0x10a2, 0x10a2, 0x10a2, 0x10a2, 0x10a2, 0x10a2, 0x10a2, 0x10a2, 0x10a2, 
	0x10a2, 0x10a2, 0x10a2, 0x10a2, 0x10a2, 0x10a2, 0x10a2, 0x10a2, 0x10a2, 0x10a2, 0x10a2, 0x10a2, 0x10a2, 0x10a2, 0x10a2, 0x10a2, 
	0x10a2, 0x10a2, 0x10a2, 0x10a2, 0x10a2, 0x10a2, 0x10a2, 0x10a2, 0x10a2, 0x10a2, 0x10a2, 0x10a2, 0x10a2, 0x10a2, 0x10a2, 0x10a2, 
	0x10a2, 0x10a2, 0x10a2, 0x10a2, 0x10a2, 0x10a2, 0x10a2, 0x10a2, 0x10a2, 0x10a2, 0x10a2, 0x10a2, 0x10a2, 0x10a2, 0x10a2, 0x10a2, 
	0x10a2, 0x10a2, 0x10a2, 0x10a2, 0x10a2, 0x10a2, 0x10a2, 0x10a2, 0x10a2, 0x10a2, 0x10a2, 0x10a2, 0x10a2, 0x10a2, 0x10a2, 0x10a2, 
	0x10a2, 0x10a2, 0x10a2, 0x10a2, 0x10a2, 0x10a2, 0x10a2, 0x10a2, 0x10a2, 0x10a2, 0x10a2, 0x10a2, 0x10a2, 0x10a2, 0x10a2, 0x10a2, 
	0x10a2, 0x10a2, 0x10a2, 0x10a2, 0x10a2, 0x10a2, 0x10a2, 0x10a2, 0x10a2, 0x10a2, 0x10a2, 0x10a2, 0x10a2, 0x10a2, 0x10a2, 0x10a2, 
	0x10a2, 0x10a2, 0x10a2, 0x10a2, 0x10a2, 0x10a2, 0x10a2, 0x10a2, 0x10a2, 0x10a2, 0x10a2, 0x10a2, 0x10a2, 0x10a2, 0x10a2, 0x10a2, 
	0x10a2, 0x10a2, 0x10a2, 0x10a2, 0x10a2, 0x10a2, 0x10a2, 0x10a2, 0x10a2, 0x10a2, 0x10a2, 0x10a2, 0x10a2, 0x10a2, 0x10a2, 0x10a2, 
	0x10a2, 0x10a2, 0x10a2, 0x10a2, 0x10a2, 0x10a2, 0x10a2, 0x10a2, 0x10a2, 0x10a2, 0x10a2, 0x10a2, 0x10a2, 0x10a2, 0x10a2, 0x10a2, 
	0x10a2, 0x10a2, 0x10a2, 0x10a2, 0x10a2, 0x10a2, 0x10a2, 0x10a2, 0x10a2, 0x10a2, 0x10a2, 0x10a2, 0x10a2, 0x10a2, 0x10a2, 0x10a2, 
	0x10a2, 0x10a2, 0x10a2, 0x10a2, 0x10a2, 0x10a2, 0x10a2, 0x10a2, 0x10a2, 0x10a2, 0x10a2, 0x10a2, 0x10a2, 0x10a2, 0x10a2, 0x10a2, 
	0x10a2, 0x10a2, 0x10a2, 0x10a2, 0x10a2, 0x10a2, 0x10a2, 0x10a2, 0x10a2, 0x10a2, 0x10a2, 0x10a2, 0x10a2, 0x10a2, 0x10a2, 0x10a2, 
	0x10a2, 0x10a2, 0x10a2, 0x10a2, 0x10a2, 0x10a2, 0x10a2, 0x10a2, 0x10a2, 0x10a2, 0x10a2, 0x10a2, 0x10a2, 0x10a2, 0x10a2, 0x10a2, 
	0x10a2, 0x10a2, 0x10a2, 0x10a2, 0x10a2, 0x10a2, 0x10a2, 0x10a2, 0x10a2, 0x10a2, 0x10a2, 0x10a2, 0x10a2, 0x10a2, 0x10a2, 0x10a2, 
	0x10a2, 0x10a2, 0x10a2, 0x10a2, 0x10a2, 0x10a2, 0x10a2, 0x10a2, 0x10a2, 0x10a2, 0x10a2, 0x10a2, 0x10a2, 0x10a2, 0x10a2, 0x10a2, 
	0x10a2, 0x10a2, 0x10a2, 0x10a2, 0x10a2, 0x10a2, 0x10a2, 0x10a2, 0x10a2, 0x10a2, 0x10a2, 0x10a2, 0x10a2, 0x10a2, 0x10a2, 0x10a2, 
	0x10a2, 0x10a2, 0x10a2, 0x10a2, 0x10a2, 0x10a2, 0x10a2, 0x10a2, 0x10a2, 0x10a2, 0x10a2, 0x10a2, 0x10a2, 0x10a2, 0x10a2, 0x10a2, 
	0x10a2, 0x10a2, 0x10a2, 0x10a2, 0x10a2, 0x10a2, 0x10a2, 0x10a2, 0x10a2, 0x10a2, 0x10a2, 0x10a2, 0x10a2, 0x10a2, 0x10a2, 0x10a2, 
	0x10a2, 0x10a2, 0x10a2, 0x10a2, 0x10a2, 0x10a2, 0x10a2, 0x10a2, 0x10a2, 0x10a2, 0x10a2, 0x10a2, 0x10a2, 0x10a2, 0x10a2, 0x10a2, 
	0x10a2, 0x10a2, 0x10a2, 0x10a2, 0x10a2, 0x10a2, 0x10a2, 0x10a2, 0x10a2, 0x10a2, 0x10a2, 0x10a2, 0x10a2, 0x10a2, 0x10a2, 0x10a2, 
	0x10a2, 0x10a2, 0x10a2, 0x10a2, 0x10a2, 0x10a2, 0x10a2, 0x10a2, 0x10a2, 0x10a2, 0x10a2, 0x10a2, 0x10a2, 0x10a2, 0x10a2, 0x10a2, 
	0x10a2, 0x10a2, 0x10a2, 0x10a2, 0x10a2, 0x10a2, 0x10a2, 0x10a2, 0x10a2, 0x10a2, 0x10a2, 0x10a2, 0x10a2, 0x10a2, 0x10a2, 0x10a2, 
	0x10a2, 0x10a2, 0x10a2, 0x10a2, 0x10a2, 0x10a2, 0x10a2, 0x10a2, 0x10a2, 0x10a2, 0x10a2, 0x10a2, 0x10a2, 0x10a2, 0x10a2, 0x10a2, 
	0x10a2, 0x10a2, 0x10a2, 0x10a2, 0x10a2, 0x10a2, 0x10a2, 0x10a2, 0x10a2, 0x10a2, 0x10a2, 0x10a2, 0x10a2, 0x10a2, 0x10a2, 0x10a2, 
	0x10a2, 0x10a2, 0x10a2, 0x10a2, 0x10a2, 0x10a2, 0x10a2, 0x10a2, 0x10a2, 0x10a2, 0x10a2, 0x10a2, 0x10a2, 0x10a2, 0x10a2, 0x10a2, 
	0x10a2, 0x10a2, 0x10a2, 0x10a2, 0x10a2, 0x10a2, 0x10a2, 0x10a2, 0x10a2, 0x10a2, 0x10a2, 0x10a2, 0x10a2, 0x10a2, 0x10a2, 0x10a2, 
	0x10a2, 0x10a2, 0x10a2, 0x10a2, 0x10a2, 0x10a2, 0x10a2, 0x10a2, 0x10a2, 0x10a2, 0x10a2, 0x10a2, 0x10a2, 0x10a2, 0x10a2, 0x10a2, 
	0x10a2, 0x10a2, 0x10a2, 0x10a2, 0x10a2, 0x10a2, 0x10a2, 0x10a2, 0x10a2, 0x10a2, 0x10a2, 0x10a2, 0x10a2, 0x10a2, 0x10a2, 0x10a2, 
	0x10a2, 0x10a2, 0x10a2, 0x10a2, 0x10a2, 0x10a2, 0x10a2, 0x10a2, 0x10a2, 0x10a2, 0x10a2, 0x10a2, 0x10a2, 0x10a2, 0x10a2, 0x10a2, 
	0x10a2, 0x10a2, 0x10a2, 0x10a2, 0x10a2, 0x10a2, 0x10a2, 0x10a2, 0x10a2, 0x10a2, 0x10a2, 0x10a2, 0x10a2, 0x10a2, 0x10a2, 0x10a2, 
	0x10a2, 0x10a2, 0x10a2, 0x10a2, 0x10a2, 0x10a2, 0x10a2, 0x10a2, 0x10a2, 0x10a2, 0x10a2, 0x10a2, 0x10a2, 0x10a2, 0x10a2, 0x10a2, 
	0x10a2, 0x10a2, 0x10a2, 0x10a2, 0x10a2, 0x10a2, 0x10a2, 0x10a2, 0x10a2, 0x10a2, 0x10a2, 0x10a2, 0x10a2, 0x10a2, 0x10a2, 0x10a2, 
	0x10a2, 0x10a2, 0x10a2, 0x10a2, 0x10a2, 0x10a2, 0x10a2, 0x10a2, 0x10a2, 0x10a2, 0x10a2, 0x10a2, 0x10a2, 0x10a2, 0x10a2, 0x10a2, 
	0x10a2, 0x10a2, 0x10a2, 0x10a2, 0x10a2, 0x10a2, 0x10a2, 0x10a2, 0x10a2, 0x10a2, 0x10a2, 0x10a2, 0x10a2, 0x10a2, 0x10a2, 0x10a2, 
	0x10a2, 0x10a2, 0x10a2, 0x10a2, 0x10a2, 0x10a2, 0x10a2, 0x10a2, 0x10a2, 0x10a2, 0x10a2, 0x10a2, 0x10a2, 0x10a2, 0x10a2, 0x10a2, 
	0x10a2, 0x10a2, 0x10a2, 0x10a2, 0x10a2, 0x10a2, 0x10a2, 0x10a2, 0x10a2, 0x10a2, 0x10a2, 0x10a2, 0x10a2, 0x10a2, 0x10a2, 0x10a2, 
	0x10a2, 0x10a2, 0x10a2, 0x10a2, 0x10a2, 0x10a2, 0x10a2, 0x10a2, 0x10a2, 0x10a2, 0x10a2, 0x10a2, 0x10a2, 0x10a2, 0x10a2, 0x10a2, 
	0x10a2, 0x10a2, 0x10a2, 0x10a2, 0x10a2, 0x10a2, 0x10a2, 0x10a2, 0x10a2, 0x10a2, 0x10a2, 0x10a2, 0x10a2, 0x10a2, 0x10a2, 0x10a2, 
	0x10a2, 0x10a2, 0x10a2, 0x10a2, 0x10a2, 0x10a2, 0x10a2, 0x10a2, 0x10a2, 0x10a2, 0x10a2, 0x10a2, 0x10a2, 0x10a2, 0x10a2, 0x10a2, 
	0x10a2, 0x10a2, 0x10a2, 0x10a2, 0x10a2, 0x10a2, 0x10a2, 0x10a2, 0x10a2, 0x10a2, 0x10a2, 0x10a2, 0x10a2, 0x10a2, 0x10a2, 0x10a2, 
	0x10a2, 0x10a2, 0x10a2, 0x10a2, 0x10a2, 0x10a2, 0x10a2, 0x10a2, 0x10a2, 0x10a2, 0x10a2, 0x10a2, 0x10a2, 0x10a2, 0x10a2, 0x10a2, 
	0x10a2, 0x10a2, 0x10a2, 0x10a2, 0x10a2, 0x10a2, 0x10a2, 0x10a2, 0x10a2, 0x10a2, 0x10a2, 0x10a2, 0x10a2, 0x10a2, 0x10a2, 0x10a2, 
	0x10a2, 0x10a2, 0x10a2, 0x10a2, 0x10a2, 0x10a2, 0x10a2, 0x10a2, 0x10a2, 0x10a2, 0x10a2, 0x10a2, 0x10a2, 0x10a2, 0x10a2, 0x10a2, 
	0x10a2, 0x10a2, 0x10a2, 0x10a2, 0x10a2, 0x10a2, 0x10a2, 0x10a2, 0x10a2, 0x10a2, 0x10a2, 0x10a2, 0x10a2, 0x10a2, 0x10a2, 0x10a2, 
	0x10a2, 0x10a2, 0x10a2, 0x10a2, 0x10a2, 0x10a2, 0x10a2, 0x10a2, 0x10a2, 0x10a2, 0x10a2, 0x10a2, 0x10a2, 0x10a2, 0x10a2, 0x10a2, 
	0x10a2, 0x10a2, 0x10a2, 0x10a2, 0x10a2, 0x10a2, 0x10a2, 0x10a2, 0x10a2, 0x10a2, 0x10a2, 0x10a2, 0x10a2, 0x10a2, 0x10a2, 0x10a2, 
	0x10a2, 0x10a2, 0x10a2, 0x10a2, 0x10a2, 0x10a2, 0x10a2, 0x10a2, 0x10a2, 0x10a2, 0x10a2, 0x10a2, 0x10a2, 0x10a2, 0x10a2, 0x10a2, 
	0x10a2, 0x10a2, 0x10a2, 0x10a2, 0x10a2, 0x10a2, 0x10a2, 0x10a2, 0x10a2, 0x10a2, 0x10a2, 0x10a2, 0x10a2, 0x10a2, 0x10a2, 0x10a2, 
	0x10a2, 0x10a2, 0x10a2, 0x10a2, 0x10a2, 0x10a2, 0x10a2, 0x10a2, 0x10a2, 0x10a2, 0x10a2, 0x10a2, 0x10a2, 0x10a2, 0x10a2, 0x10a2, 
	0x10a2, 0x10a2, 0x10a2, 0x10a2, 0x10a2, 0x10a2, 0x10a2, 0x10a2, 0x10a2, 0x10a2, 0x10a2, 0x10a2, 0x10a2, 0x10a2, 0x10a2, 0x10a2, 
	0x10a2, 0x10a2, 0x10a2, 0x10a2, 0x10a2, 0x10a2, 0x10a2, 0x10a2, 0x10a2, 0x10a2, 0x10a2, 0x10a2, 0x10a2, 0x10a2, 0x10a2, 0x10a2, 
	0x10a2, 0x10a2, 0x10a2, 0x10a2, 0x10a2, 0x10a2, 0x10a2, 0x10a2, 0x10a2, 0x10a2, 0x10a2, 0x10a2, 0x10a2, 0x10a2, 0x10a2, 0x10a2, 
	0x10a2, 0x10a2, 0x10a2, 0x10a2, 0x10a2, 0x10a2, 0x10a2, 0x10a2, 0x10a2, 0x10a2, 0x10a2, 0x10a2, 0x10a2, 0x10a2, 0x10a2, 0x10a2, 
	0x10a2, 0x10a2, 0x10a2, 0x10a2, 0x10a2, 0x10a2, 0x10a2, 0x10a2, 0x10a2, 0x10a2, 0x10a2, 0x10a2, 0x10a2, 0x10a2, 0x10a2, 0x10a2, 
	0x10a2, 0x10a2, 0x10a2, 0x10a2, 0x10a2, 0x10a2, 0x10a2, 0x10a2, 0x10a2, 0x10a2, 0x10a2, 0x10a2, 0x10a2, 0x10a2, 0x10a2, 0x10a2, 
	0x10a2, 0x10a2, 0x10a2, 0x10a2, 0x10a2, 0x10a2, 0x10a2, 0x10a2, 0x10a2, 0x10a2, 0x10a2, 0x10a2, 0x10a2, 0x10a2, 0x10a2, 0x10a2, 
	0x10a2, 0x10a2, 0x10a2, 0x10a2, 0x10a2, 0x10a2, 0x10a2, 0x10a2, 0x10a2, 0x10a2, 0x10a2, 0x10a2, 0x10a2, 0x10a2, 0x10a2, 0x10a2, 
	0x10a2, 0x10a2, 0x10a2, 0x10a2, 0x10a2, 0x10a2, 0x10a2, 0x10a2, 0x10a2, 0x10a2, 0x10a2, 0x10a2, 0x10a2, 0x10a2, 0x10a2, 0x10a2, 
	0x10a2, 0x10a2, 0x10a2, 0x10a2, 0x10a2, 0x10a2, 0x10a2, 0x10a2, 0x10a2, 0x10a2, 0x10a2, 0x10a2, 0x10a2, 0x10a2, 0x10a2, 0x10a2, 
	0x10a2, 0x10a2, 0x10a2, 0x10a2, 0x10a2, 0x10a2, 0x10a2, 0x10a2, 0x10a2, 0x10a2, 0x10a2, 0x10a2, 0x10a2, 0x10a2, 0x10a2, 0x10a2, 
	0x10a2, 0x10a2, 0x10a2, 0x10a2, 0x10a2, 0x10a2, 0x10a2, 0x10a2, 0x10a2, 0x10a2, 0x10a2, 0x10a2, 0x10a2, 0x10a2, 0x10a2, 0x10a2, 
	0x10a2, 0x10a2, 0x10a2, 0x10a2, 0x10a2, 0x10a2, 0x10a2, 0x10a2, 0x10a2, 0x10a2, 0x10a2, 0x10a2, 0x10a2, 0x10a2, 0x10a2, 0x10a2, 
	0x10a2, 0x10a2, 0x10a2, 0x10a2, 0x10a2, 0x10a2, 0x10a2, 0x10a2, 0x10a2, 0x10a2, 0x10a2, 0x10a2, 0x10a2, 0x10a2, 0x10a2, 0x10a2, 
	0x10a2, 0x10a2, 0x10a2, 0x10a2, 0x10a2, 0x10a2, 0x10a2, 0x10a2, 0x10a2, 0x10a2, 0x10a2, 0x10a2, 0x10a2, 0x10a2, 0x10a2, 0x10a2, 
	0x10a2, 0x10a2, 0x10a2, 0x10a2, 0x10a2, 0x10a2, 0x10a2, 0x10a2, 0x10a2, 0x10a2, 0x10a2, 0x10a2, 0x10a2, 0x10a2, 0x10a2, 0x10a2, 
	0x10a2, 0x10a2, 0x10a2, 0x10a2, 0x10a2, 0x10a2, 0x10a2, 0x10a2, 0x10a2, 0x10a2, 0x10a2, 0x10a2, 0x10a2, 0x10a2, 0x10a2, 0x10a2, 
	0x10a2, 0x10a2, 0x10a2, 0x10a2, 0x10a2, 0x10a2, 0x10a2, 0x10a2, 0x10a2, 0x10a2, 0x10a2, 0x10a2, 0x10a2, 0x10a2, 0x10a2, 0x10a2, 
	0x10a2, 0x10a2, 0x10a2, 0x10a2, 0x10a2, 0x10a2, 0x10a2, 0x10a2, 0x10a2, 0x10a2, 0x10a2, 0x10a2, 0x10a2, 0x10a2, 0x10a2, 0x10a2, 
	0x10a2, 0x10a2, 0x10a2, 0x10a2, 0x10a2, 0x10a2, 0x10a2, 0x10a2, 0x10a2, 0x10a2, 0x10a2, 0x10a2, 0x10a2, 0x10a2, 0x10a2, 0x10a2, 
	0x10a2, 0x10a2, 0x10a2, 0x10a2, 0x10a2, 0x10a2, 0x10a2, 0x10a2, 0x10a2, 0x10a2, 0x10a2, 0x10a2, 0x10a2, 0x10a2, 0x10a2, 0x10a2, 
	0x10a2, 0x10a2, 0x10a2, 0x10a2, 0x10a2, 0x10a2, 0x10a2, 0x10a2, 0x10a2, 0x10a2, 0x10a2, 0x10a2, 0x10a2, 0x10a2, 0x10a2, 0x10a2, 
	0x10a2, 0x10a2, 0x10a2, 0x10a2, 0x10a2, 0x10a2, 0x10a2, 0x10a2, 0x10a2, 0x10a2, 0x10a2, 0x10a2, 0x10a2, 0x10a2, 0x10a2, 0x10a2, 
	0x10a2, 0x10a2, 0x10a2, 0x10a2, 0x10a2, 0x10a2, 0x10a2, 0x10a2, 0x10a2, 0x10a2, 0x10a2, 0x10a2, 0x10a2, 0x10a2, 0x10a2, 0x10a2, 
	0x10a2, 0x10a2, 0x10a2, 0x10a2, 0x10a2, 0x10a2, 0x10a2, 0x10a2, 0x10a2, 0x10a2, 0x10a2, 0x10a2, 0x10a2, 0x10a2, 0x10a2, 0x10a2, 
	0x10a2, 0x10a2, 0x10a2, 0x10a2, 0x10a2, 0x10a2, 0x10a2, 0x10a2, 0x10a2, 0x10a2, 0x10a2, 0x10a2, 0x10a2, 0x10a2, 0x10a2, 0x10a2, 
	0x10a2, 0x10a2, 0x10a2, 0x10a2, 0x10a2, 0x10a2, 0x10a2, 0x10a2, 0x10a2, 0x10a2, 0x10a2, 0x10a2, 0x10a2, 0x10a2, 0x10a2, 0x10a2, 
	0x10a2, 0x10a2, 0x10a2, 0x10a2, 0x10a2, 0x10a2, 0x10a2, 0x10a2, 0x10a2, 0x10a2, 0x10a2, 0x10a2, 0x10a2, 0x10a2, 0x10a2, 0x10a2, 
	0x10a2, 0x10a2, 0x10a2, 0x10a2, 0x10a2, 0x10a2, 0x10a2, 0x10a2, 0x10a2, 0x10a2, 0x10a2, 0x10a2, 0x10a2, 0x10a2, 0x10a2, 0x10a2, 
	0x10a2, 0x10a2, 0x10a2, 0x10a2, 0x10a2, 0x10a2, 0x10a2, 0x10a2, 0x10a2, 0x10a2, 0x10a2, 0x10a2, 0x10a2, 0x10a2, 0x10a2, 0x10a2, 
	0x10a2, 0x10a2, 0x10a2, 0x10a2, 0x10a2, 0x10a2, 0x10a2, 0x10a2, 0x10a2, 0x10a2, 0x10a2, 0x10a2, 0x10a2, 0x10a2, 0x10a2, 0x10a2, 
	0x10a2, 0x10a2, 0x10a2, 0x10a2, 0x10a2, 0x10a2, 0x10a2, 0x10a2, 0x10a2, 0x10a2, 0x10a2, 0x10a2, 0x10a2, 0x10a2, 0x10a2, 0x10a2, 
	0x10a2, 0x10a2, 0x10a2, 0x10a2, 0x10a2, 0x10a2, 0x10a2, 0x10a2, 0x10a2, 0x10a2, 0x10a2, 0x10a2, 0x10a2, 0x10a2, 0x10a2, 0x10a2, 
	0x10a2, 0x10a2, 0x10a2, 0x10a2, 0x10a2, 0x10a2, 0x10a2, 0x10a2, 0x10a2, 0x10a2, 0x10a2, 0x10a2, 0x10a2, 0x10a2, 0x10a2, 0x10a2, 
	0x10a2, 0x10a2, 0x10a2, 0x10a2, 0x10a2, 0x10a2, 0x10a2, 0x10a2, 0x10a2, 0x10a2, 0x10a2, 0x10a2, 0x10a2, 0x10a2, 0x10a2, 0x10a2, 
	0x10a2, 0x10a2, 0x10a2, 0x10a2, 0x10a2, 0x10a2, 0x10a2, 0x10a2, 0x10a2, 0x10a2, 0x10a2, 0x10a2, 0x10a2, 0x10a2, 0x10a2, 0x10a2, 
	0x10a2, 0x10a2, 0x10a2, 0x10a2, 0x10a2, 0x10a2, 0x10a2, 0x10a2, 0x10a2, 0x10a2, 0x10a2, 0x10a2, 0x10a2, 0x10a2, 0x10a2, 0x10a2, 
	0x10a2, 0x10a2, 0x10a2, 0x10a2, 0x10a2, 0x10a2, 0x10a2, 0x10a2, 0x10a2, 0x10a2, 0x10a2, 0x10a2, 0x10a2, 0x10a2, 0x10a2, 0x10a2, 
	0x10a2, 0x10a2, 0x10a2, 0x10a2, 0x10a2, 0x10a2, 0x10a2, 0x10a2, 0x10a2, 0x10a2, 0x10a2, 0x10a2, 0x10a2, 0x10a2, 0x10a2, 0x10a2, 
	0x10a2, 0x10a2, 0x10a2, 0x10a2, 0x10a2, 0x10a2, 0x10a2, 0x10a2, 0x10a2, 0x10a2, 0x10a2, 0x10a2, 0x10a2, 0x10a2, 0x10a2, 0x10a2, 
	0x10a2, 0x10a2, 0x10a2, 0x10a2, 0x10a2, 0x10a2, 0x10a2, 0x10a2, 0x10a2, 0x10a2, 0x10a2, 0x10a2, 0x10a2, 0x10a2, 0x10a2, 0x10a2, 
	0x10a2, 0x10a2, 0x10a2, 0x10a2, 0x10a2, 0x10a2, 0x10a2, 0x10a2, 0x10a2, 0x10a2, 0x10a2, 0x10a2, 0x10a2, 0x10a2, 0x10a2, 0x10a2, 
	0x10a2, 0x10a2, 0x10a2, 0x10a2, 0x10a2, 0x10a2, 0x10a2, 0x10a2, 0x10a2, 0x10a2, 0x10a2, 0x10a2, 0x10a2, 0x10a2, 0x10a2, 0x10a2, 
	0x10a2, 0x10a2, 0x10a2, 0x10a2, 0x10a2, 0x10a2, 0x10a2, 0x10a2, 0x10a2, 0x10a2, 0x10a2, 0x10a2, 0x10a2, 0x10a2, 0x10a2, 0x10a2, 
	0x10a2, 0x10a2, 0x10a2, 0x10a2, 0x10a2, 0x10a2, 0x10a2, 0x10a2, 0x10a2, 0x10a2, 0x10a2, 0x10a2, 0x10a2, 0x10a2, 0x10a2, 0x10a2, 
	0x10a2, 0x10a2, 0x10a2, 0x10a2, 0x10a2, 0x10a2, 0x10a2, 0x10a2, 0x10a2, 0x10a2, 0x10a2, 0x10a2, 0x10a2, 0x10a2, 0x10a2, 0x10a2, 
	0x10a2, 0x10a2, 0x10a2, 0x10a2, 0x10a2, 0x10a2, 0x10a2, 0x10a2, 0x10a2, 0x10a2, 0x10a2, 0x10a2, 0x10a2, 0x10a2, 0x10a2, 0x10a2, 
	0x10a2, 0x10a2, 0x10a2, 0x10a2, 0x10a2, 0x10a2, 0x10a2, 0x10a2, 0x10a2, 0x10a2, 0x10a2, 0x10a2, 0x10a2, 0x10a2, 0x10a2, 0x10a2, 
	0x10a2, 0x10a2, 0x10a2, 0x10a2, 0x10a2, 0x10a2, 0x10a2, 0x10a2, 0x10a2, 0x10a2, 0x10a2, 0x10a2, 0x10a2, 0x10a2, 0x10a2, 0x10a2, 
	0x10a2, 0x10a2, 0x10a2, 0x10a2, 0x10a2, 0x10a2, 0x10a2, 0x10a2, 0x10a2, 0x10a2, 0x10a2, 0x10a2, 0x10a2, 0x10a2, 0x10a2, 0x10a2, 
	0x10a2, 0x10a2, 0x10a2, 0x10a2, 0x10a2, 0x10a2, 0x10a2, 0x10a2, 0x10a2, 0x10a2, 0x10a2, 0x10a2, 0x10a2, 0x10a2, 0x10a2, 0x10a2, 
	0x10a2, 0x10a2, 0x10a2, 0x10a2, 0x10a2, 0x10a2, 0x10a2, 0x10a2, 0x10a2, 0x10a2, 0x10a2, 0x10a2, 0x10a2, 0x10a2, 0x10a2, 0x10a2, 
	0x10a2, 0x10a2, 0x10a2, 0x10a2, 0x10a2, 0x10a2, 0x10a2, 0x10a2, 0x10a2, 0x10a2, 0x10a2, 0x10a2, 0x10a2, 0x10a2, 0x10a2, 0x10a2, 
	0x10a2, 0x10a2, 0x10a2, 0x10a2, 0x10a2, 0x10a2, 0x10a2, 0x10a2, 0x10a2, 0x10a2, 0x10a2, 0x10a2, 0x10a2, 0x10a2, 0x10a2, 0x10a2, 
	0x10a2, 0x10a2, 0x10a2, 0x10a2, 0x10a2, 0x10a2, 0x10a2, 0x10a2, 0x10a2, 0x10a2, 0x10a2, 0x10a2, 0x10a2, 0x10a2, 0x10a2, 0x10a2, 
	0x10a2, 0x10a2, 0x10a2, 0x10a2, 0x10a2, 0x10a2, 0x10a2, 0x10a2, 0x10a2, 0x10a2, 0x10a2, 0x10a2, 0x10a2, 0x10a2, 0x10a2, 0x10a2, 
	0x10a2, 0x10a2, 0x10a2, 0x10a2, 0x10a2, 0x10a2, 0x10a2, 0x10a2, 0x10a2, 0x10a2, 0x10a2, 0x10a2, 0x10a2, 0x10a2, 0x10a2, 0x10a2, 
	0x10a2, 0x10a2, 0x10a2, 0x10a2, 0x10a2, 0x10a2, 0x10a2, 0x10a2, 0x10a2, 0x10a2, 0x10a2, 0x10a2, 0x10a2, 0x10a2, 0x10a2, 0x10a2, 
	0x10a2, 0x10a2, 0x10a2, 0x10a2, 0x10a2, 0x10a2, 0x10a2, 0x10a2, 0x10a2, 0x10a2, 0x10a2, 0x10a2, 0x10a2, 0x10a2, 0x10a2, 0x10a2, 
	0x10a2, 0x10a2, 0x10a2, 0x10a2, 0x10a2, 0x10a2, 0x10a2, 0x10a2, 0x10a2, 0x10a2, 0x10a2, 0x10a2, 0x10a2, 0x10a2, 0x10a2, 0x10a2, 
	0x10a2, 0x10a2, 0x10a2, 0x10a2, 0x10a2, 0x10a2, 0x10a2, 0x10a2, 0x10a2, 0x10a2, 0x10a2, 0x10a2, 0x10a2, 0x10a2, 0x10a2, 0x10a2, 
	0x10a2, 0x10a2, 0x10a2, 0x10a2, 0x10a2, 0x10a2, 0x10a2, 0x10a2, 0x10a2, 0x10a2, 0x10a2, 0x10a2, 0x10a2, 0x10a2, 0x10a2, 0x10a2, 
	0x10a2, 0x10a2, 0x10a2, 0x10a2, 0x10a2, 0x10a2, 0x10a2, 0x10a2, 0x10a2, 0x10a2, 0x10a2, 0x10a2, 0x10a2, 0x10a2, 0x10a2, 0x10a2, 
	0x10a2, 0x10a2, 0x10a2, 0x10a2, 0x10a2, 0x10a2, 0x10a2, 0x10a2, 0x10a2, 0x10a2, 0x10a2, 0x10a2, 0x10a2, 0x10a2, 0x10a2, 0x10a2, 
	0x10a2, 0x10a2, 0x10a2, 0x10a2, 0x10a2, 0x10a2, 0x10a2, 0x10a2, 0x10a2, 0x10a2, 0x10a2, 0x10a2, 0x10a2, 0x10a2, 0x10a2, 0x10a2, 
	0x10a2, 0x10a2, 0x10a2, 0x10a2, 0x10a2, 0x10a2, 0x10a2, 0x10a2, 0x10a2, 0x10a2, 0x10a2, 0x10a2, 0x10a2, 0x10a2, 0x10a2, 0x10a2, 
	0x10a2, 0x10a2, 0x10a2, 0x10a2, 0x10a2, 0x10a2, 0x10a2, 0x10a2, 0x10a2, 0x10a2, 0x10a2, 0x10a2, 0x10a2, 0x10a2, 0x10a2, 0x10a2, 
	0x10a2, 0x10a2, 0x10a2, 0x10a2, 0x10a2, 0x10a2, 0x10a2, 0x10a2, 0x10a2, 0x10a2, 0x10a2, 0x10a2, 0x10a2, 0x10a2, 0x10a2, 0x10a2, 
	0x10a2, 0x10a2, 0x10a2, 0x10a2, 0x10a2, 0x10a2, 0x10a2, 0x10a2, 0x10a2, 0x10a2, 0x10a2, 0x10a2, 0x10a2, 0x10a2, 0x10a2, 0x10a2, 
	0x10a2, 0x10a2, 0x10a2, 0x10a2, 0x10a2, 0x10a2, 0x10a2, 0x10a2, 0x10a2, 0x10a2, 0x10a2, 0x10a2, 0x10a2, 0x10a2, 0x10a2, 0x10a2, 
	0x10a2, 0x10a2, 0x10a2, 0x10a2, 0x10a2, 0x10a2, 0x10a2, 0x10a2, 0x10a2, 0x10a2, 0x10a2, 0x10a2, 0x10a2, 0x10a2, 0x10a2, 0x10a2, 
	0x10a2, 0x10a2, 0x10a2, 0x10a2, 0x10a2, 0x10a2, 0x10a2, 0x10a2, 0x10a2, 0x10a2, 0x10a2, 0x10a2, 0x10a2, 0x10a2, 0x10a2, 0x10a2, 
	0x10a2, 0x10a2, 0x10a2, 0x10a2, 0x10a2, 0x10a2, 0x10a2, 0x10a2, 0x10a2, 0x10a2, 0x10a2, 0x10a2, 0x10a2, 0x10a2, 0x10a2, 0x10a2, 
	0x10a2, 0x10a2, 0x10a2, 0x10a2, 0x10a2, 0x10a2, 0x10a2, 0x10a2, 0x10a2, 0x10a2, 0x10a2, 0x10a2, 0x10a2, 0x10a2, 0x10a2, 0x10a2, 
	0x10a2, 0x10a2, 0x10a2, 0x10a2, 0x10a2, 0x10a2, 0x10a2, 0x10a2, 0x10a2, 0x10a2, 0x10a2, 0x10a2, 0x10a2, 0x10a2, 0x10a2, 0x10a2, 
	0x10a2, 0x10a2, 0x10a2, 0x10a2, 0x10a2, 0x10a2, 0x10a2, 0x10a2, 0x10a2, 0x10a2, 0x10a2, 0x10a2, 0x10a2, 0x10a2, 0x10a2, 0x10a2, 
	0x10a2, 0x10a2, 0x10a2, 0x10a2, 0x10a2, 0x10a2, 0x10a2, 0x10a2, 0x10a2, 0x10a2, 0x10a2, 0x10a2, 0x10a2, 0x10a2, 0x10a2, 0x10a2, 
	0x10a2, 0x10a2, 0x10a2, 0x10a2, 0x10a2, 0x10a2, 0x10a2, 0x10a2, 0x10a2, 0x10a2, 0x10a2, 0x10a2, 0x10a2, 0x10a2, 0x10a2, 0x10a2, 
	0x10a2, 0x10a2, 0x10a2, 0x10a2, 0x10a2, 0x10a2, 0x10a2, 0x10a2, 0x10a2, 0x10a2, 0x10a2, 0x10a2, 0x10a2, 0x10a2, 0x10a2, 0x10a2, 
	0x10a2, 0x10a2, 0x10a2, 0x10a2, 0x10a2, 0x10a2, 0x10a2, 0x10a2, 0x10a2, 0x10a2, 0x10a2, 0x10a2, 0x10a2, 0x10a2, 0x10a2, 0x10a2, 
	0x10a2, 0x10a2, 0x10a2, 0x10a2, 0x10a2, 0x10a2, 0x10a2, 0x10a2, 0x10a2, 0x10a2, 0x10a2, 0x10a2, 0x10a2, 0x10a2, 0x10a2, 0x10a2, 
	0x10a2, 0x10a2, 0x10a2, 0x10a2, 0x10a2, 0x10a2, 0x10a2, 0x10a2, 0x10a2, 0x10a2, 0x10a2, 0x10a2, 0x10a2, 0x10a2, 0x10a2, 0x10a2, 
	0x10a2, 0x10a2, 0x10a2, 0x10a2, 0x10a2, 0x10a2, 0x10a2, 0x10a2, 0x10a2, 0x10a2, 0x10a2, 0x10a2, 0x10a2, 0x10a2, 0x10a2, 0x10a2, 
	0x10a2, 0x10a2, 0x10a2, 0x10a2, 0x10a2, 0x10a2, 0x10a2, 0x10a2, 0x10a2, 0x10a2, 0x10a2, 0x10a2, 0x10a2, 0x10a2, 0x10a2, 0x10a2, 
	0x10a2, 0x10a2, 0x10a2, 0x10a2, 0x10a2, 0x10a2, 0x10a2, 0x10a2, 0x10a2, 0x10a2, 0x10a2, 0x10a2, 0x10a2, 0x10a2, 0x10a2, 0x10a2, 
	0x10a2, 0x10a2, 0x10a2, 0x10a2, 0x10a2, 0x10a2, 0x10a2, 0x10a2, 0x10a2, 0x10a2, 0x10a2, 0x10a2, 0x10a2, 0x10a2, 0x10a2, 0x10a2, 
	0x10a2, 0x10a2, 0x10a2, 0x10a2, 0x10a2, 0x10a2, 0x10a2, 0x10a2, 0x10a2, 0x10a2, 0x10a2, 0x10a2, 0x10a2, 0x10a2, 0x10a2, 0x10a2, 
	0x10a2, 0x10a2, 0x10a2, 0x10a2, 0x10a2, 0x10a2, 0x10a2, 0x10a2, 0x10a2, 0x10a2, 0x10a2, 0x10a2, 0x10a2, 0x10a2, 0x10a2, 0x10a2, 
	0x10a2, 0x10a2, 0x10a2, 0x10a2, 0x10a2, 0x10a2, 0x10a2, 0x10a2, 0x10a2, 0x10a2, 0x10a2, 0x10a2, 0x10a2, 0x10a2, 0x10a2, 0x10a2, 
	0x10a2, 0x10a2, 0x10a2, 0x10a2, 0x10a2, 0x10a2, 0x10a2, 0x10a2, 0x10a2, 0x10a2, 0x10a2, 0x10a2, 0x10a2, 0x10a2, 0x10a2, 0x10a2, 
	0x10a2, 0x10a2, 0x10a2, 0x10a2, 0x10a2, 0x10a2, 0x10a2, 0x10a2, 0x10a2, 0x10a2, 0x10a2, 0x10a2, 0x10a2, 0x10a2, 0x10a2, 0x10a2, 
	0x10a2, 0x10a2, 0x10a2, 0x10a2, 0x10a2, 0x10a2, 0x10a2, 0x10a2, 0x10a2, 0x10a2, 0x10a2, 0x10a2, 0x10a2, 0x10a2, 0x10a2, 0x10a2, 
	0x10a2, 0x10a2, 0x10a2, 0x10a2, 0x10a2, 0x10a2, 0x10a2, 0x10a2, 0x10a2, 0x10a2, 0x10a2, 0x10a2, 0x10a2, 0x10a2, 0x10a2, 0x10a2, 
	0x10a2, 0x10a2, 0x10a2, 0x10a2, 0x10a2, 0x10a2, 0x10a2, 0x10a2, 0x10a2, 0x10a2, 0x10a2, 0x10a2, 0x10a2, 0x10a2, 0x10a2, 0x10a2, 
	0x10a2, 0x10a2, 0x10a2, 0x10a2, 0x10a2, 0x10a2, 0x10a2, 0x10a2, 0x10a2, 0x10a2, 0x10a2, 0x10a2, 0x10a2, 0x10a2, 0x10a2, 0x10a2, 
	0x10a2, 0x10a2, 0x10a2, 0x10a2, 0x10a2, 0x10a2, 0x10a2, 0x10a2, 0x10a2, 0x10a2, 0x10a2, 0x10a2, 0x10a2, 0x10a2, 0x10a2, 0x10a2, 
	0x10a2, 0x10a2, 0x10a2, 0x10a2, 0x10a2, 0x10a2, 0x10a2, 0x10a2, 0x10a2, 0x10a2, 0x10a2, 0x10a2, 0x10a2, 0x10a2, 0x10a2, 0x10a2, 
	0x10a2, 0x10a2, 0x10a2, 0x10a2, 0x10a2, 0x10a2, 0x10a2, 0x10a2, 0x10a2, 0x10a2, 0x10a2, 0x10a2, 0x10a2, 0x10a2, 0x10a2, 0x10a2, 
	0x10a2, 0x10a2, 0x10a2, 0x10a2, 0x10a2, 0x10a2, 0x10a2, 0x10a2, 0x10a2, 0x10a2, 0x10a2, 0x10a2, 0x10a2, 0x10a2, 0x10a2, 0x10a2, 
	0x10a2, 0x10a2, 0x10a2, 0x10a2, 0x10a2, 0x10a2, 0x10a2, 0x10a2, 0x10a2, 0x10a2, 0x10a2, 0x10a2, 0x10a2, 0x10a2, 0x10a2, 0x10a2, 
	0x10a2, 0x10a2, 0x10a2, 0x10a2, 0x10a2, 0x10a2, 0x10a2, 0x10a2, 0x10a2, 0x10a2, 0x10a2, 0x10a2, 0x10a2, 0x10a2, 0x10a2, 0x10a2, 
	0x10a2, 0x10a2, 0x10a2, 0x10a2, 0x10a2, 0x10a2, 0x10a2, 0x10a2, 0x10a2, 0x10a2, 0x10a2, 0x10a2, 0x10a2, 0x10a2, 0x10a2, 0x10a2, 
	0x10a2, 0x10a2, 0x10a2, 0x10a2, 0x10a2, 0x10a2, 0x10a2, 0x10a2, 0x10a2, 0x10a2, 0x10a2, 0x10a2, 0x10a2, 0x10a2, 0x10a2, 0x10a2, 
	0x10a2, 0x10a2, 0x10a2, 0x10a2, 0x10a2, 0x10a2, 0x10a2, 0x10a2, 0x10a2, 0x10a2, 0x10a2, 0x10a2, 0x10a2, 0x10a2, 0x10a2, 0x10a2, 
	0x10a2, 0x10a2, 0x10a2, 0x10a2, 0x10a2, 0x10a2, 0x10a2, 0x10a2, 0x10a2, 0x10a2, 0x10a2, 0x10a2, 0x10a2, 0x10a2, 0x10a2, 0x10a2, 
	0x10a2, 0x10a2, 0x10a2, 0x10a2, 0x10a2, 0x10a2, 0x10a2, 0x10a2, 0x10a2, 0x10a2, 0x10a2, 0x10a2, 0x10a2, 0x10a2, 0x10a2, 0x10a2, 
	0x10a2, 0x10a2, 0x10a2, 0x10a2, 0x10a2, 0x10a2, 0x10a2, 0x10a2, 0x10a2, 0x10a2, 0x10a2, 0x10a2, 0x10a2, 0x10a2, 0x10a2, 0x10a2, 
	0x10a2, 0x10a2, 0x10a2, 0x10a2, 0x10a2, 0x10a2, 0x10a2, 0x10a2, 0x10a2, 0x10a2, 0x10a2, 0x10a2, 0x10a2, 0x10a2, 0x10a2, 0x10a2, 
	0x10a2, 0x10a2, 0x10a2, 0x10a2, 0x10a2, 0x10a2, 0x10a2, 0x10a2, 0x10a2, 0x10a2, 0x10a2, 0x10a2, 0x10a2, 0x10a2, 0x10a2, 0x10a2, 
	0x10a2, 0x10a2, 0x10a2, 0x10a2, 0x10a2, 0x10a2, 0x10a2, 0x10a2, 0x10a2, 0x10a2, 0x10a2, 0x10a2, 0x10a2, 0x10a2, 0x10a2, 0x10a2, 
	0x10a2, 0x10a2, 0x10a2, 0x10a2, 0x10a2, 0x10a2, 0x10a2, 0x10a2, 0x10a2, 0x10a2, 0x10a2, 0x10a2, 0x10a2, 0x10a2, 0x10a2, 0x10a2, 
	0x10a2, 0x10a2, 0x10a2, 0x10a2, 0x10a2, 0x10a2, 0x10a2, 0x10a2, 0x10a2, 0x10a2, 0x10a2, 0x10a2, 0x10a2, 0x10a2, 0x10a2, 0x10a2, 
	0x10a2, 0x10a2, 0x10a2, 0x10a2, 0x10a2, 0x10a2, 0x10a2, 0x10a2, 0x10a2, 0x10a2, 0x10a2, 0x10a2, 0x10a2, 0x10a2, 0x10a2, 0x10a2, 
	0x10a2, 0x10a2, 0x10a2, 0x10a2, 0x10a2, 0x10a2, 0x10a2, 0x10a2, 0x10a2, 0x10a2, 0x10a2, 0x10a2, 0x10a2, 0x10a2, 0x10a2, 0x10a2, 
	0x10a2, 0x10a2, 0x10a2, 0x10a2, 0x10a2, 0x10a2, 0x10a2, 0x10a2, 0x10a2, 0x10a2, 0x10a2, 0x10a2, 0x10a2, 0x10a2, 0x10a2, 0x10a2, 
	0x10a2, 0x10a2, 0x10a2, 0x10a2, 0x10a2, 0x10a2, 0x10a2, 0x10a2, 0x10a2, 0x10a2, 0x10a2, 0x10a2, 0x10a2, 0x10a2, 0x10a2, 0x10a2, 
	0x10a2, 0x10a2, 0x10a2, 0x10a2, 0x10a2, 0x10a2, 0x10a2, 0x10a2, 0x10a2, 0x10a2, 0x10a2, 0x10a2, 0x10a2, 0x10a2, 0x10a2, 0x10a2, 
	0x10a2, 0x10a2, 0x10a2, 0x10a2, 0x10a2, 0x1082, 0x1082, 0x1082, 0x10a2, 0x10a2, 0x10a2, 0x10a2, 0x10a2, 0x10a2, 0x10a2, 0x10a2, 
	0x10a2, 0x10a2, 0x10a2, 0x10a2, 0x10a2, 0x10a2, 0x10a2, 0x10a2, 0x10a2, 0x10a2, 0x10a2, 0x10a2, 0x10a2, 0x10a2, 0x10a2, 0x10a2, 
	0x10a2, 0x10a2, 0x10a2, 0x10a2, 0x10a2, 0x10a2, 0x10a2, 0x10a2, 0x10a2, 0x10a2, 0x10a2, 0x10a2, 0x10a2, 0x10a2, 0x10a2, 0x10a2, 
	0x10a2, 0x10a2, 0x10a2, 0x10a2, 0x10a2, 0x10a2, 0x10a2, 0x10a2, 0x10a2, 0x10a2, 0x10a2, 0x10a2, 0x10a2, 0x10a2, 0x10a2, 0x10a2, 
	0x10a2, 0x10a2, 0x10a2, 0x10a2, 0x10a2, 0x10a2, 0x10a2, 0x10a2, 0x10a2, 0x10a2, 0x10a2, 0x10a2, 0x10a2, 0x10a2, 0x10a2, 0x10a2, 
	0x10a2, 0x10a2, 0x10a2, 0x10a2, 0x10a2, 0x10a2, 0x10a2, 0x10a2, 0x10a2, 0x10a2, 0x10a2, 0x10a2, 0x10a2, 0x10a2, 0x10a2, 0x10a2, 
	0x10a2, 0x10a2, 0x10a2, 0x10a2, 0x10a2, 0x10a2, 0x10a2, 0x10a2, 0x10a2, 0x10a2, 0x10a2, 0x10a2, 0x10a2, 0x10a2, 0x10a2, 0x10a2, 
	0x10a2, 0x10a2, 0x10a2, 0x10a2, 0x10a2, 0x10a2, 0x10a2, 0x10a2, 0x10a2, 0x10a2, 0x10a2, 0x10a2, 0x10a2, 0x10a2, 0x10a2, 0x10a2, 
	0x10a2, 0x10a2, 0x10a2, 0x10a2, 0x10a2, 0x10a2, 0x10a2, 0x10a2, 0x10a2, 0x10a2, 0x10a2, 0x10a2, 0x10a2, 0x10a2, 0x10a2, 0x10a2, 
	0x10a2, 0x10a2, 0x10a2, 0x10a2, 0x10a2, 0x10a2, 0x10a2, 0x10a2, 0x10a2, 0x10a2, 0x10a2, 0x10a2, 0x10a2, 0x10a2, 0x10a2, 0x10a2, 
	0x10a2, 0x10a2, 0x10a2, 0x10a2, 0x10a2, 0x10a2, 0x10a2, 0x10a2, 0x10a2, 0x10a2, 0x10a2, 0x10a2, 0x10a2, 0x10a2, 0x10a2, 0x10a2, 
	0x10a2, 0x10a2, 0x10a2, 0x10a2, 0x10a2, 0x10a2, 0x10a2, 0x10a2, 0x10a2, 0x10a2, 0x10a2, 0x10a2, 0x10a2, 0x10a2, 0x10a2, 0x10a2, 
	0x10a2, 0x10a2, 0x10a2, 0x10a2, 0x10a2, 0x10a2, 0x10a2, 0x10a2, 0x10a2, 0x10a2, 0x10a2, 0x10a2, 0x10a2, 0x10a2, 0x10a2, 0x10a2, 
	0x10a2, 0x10a2, 0x10a2, 0x10a2, 0x10a2, 0x10a2, 0x10a2, 0x10a2, 0x10a2, 0x10a2, 0x10a2, 0x10a2, 0x10a2, 0x10a2, 0x10a2, 0x10a2, 
	0x10a2, 0x10a2, 0x10a2, 0x10a2, 0x10a2, 0x10a2, 0x10a2, 0x10a2, 0x10a2, 0x10a2, 0x10a2, 0x10a2, 0x10a2, 0x10a2, 0x10a2, 0x10a2, 
	0x10a2, 0x10a2, 0x10a2, 0x1082, 0x10c2, 0x2104, 0x2945, 0x2945, 0x2104, 0x10a2, 0x1082, 0x10a2, 0x18c2, 0x10a2, 0x10a2, 0x10a2, 
	0x10a2, 0x10a2, 0x10a2, 0x10a2, 0x10a2, 0x10a2, 0x10a2, 0x10a2, 0x10a2, 0x10a2, 0x10a2, 0x10a2, 0x10a2, 0x10a2, 0x10a2, 0x10a2, 
	0x10a2, 0x10a2, 0x10a2, 0x10a2, 0x10a2, 0x10a2, 0x10a2, 0x10a2, 0x10a2, 0x10a2, 0x10a2, 0x10a2, 0x10a2, 0x10a2, 0x10a2, 0x10a2, 
	0x10a2, 0x10a2, 0x10a2, 0x10a2, 0x10a2, 0x10a2, 0x10a2, 0x10a2, 0x10a2, 0x10a2, 0x10a2, 0x10a2, 0x10a2, 0x10a2, 0x10a2, 0x10a2, 
	0x10a2, 0x10a2, 0x10a2, 0x10a2, 0x10a2, 0x10a2, 0x10a2, 0x10a2, 0x10a2, 0x10a2, 0x10a2, 0x10a2, 0x10a2, 0x10a2, 0x10a2, 0x10a2, 
	0x10a2, 0x10a2, 0x10a2, 0x10a2, 0x10a2, 0x10a2, 0x10a2, 0x10a2, 0x10a2, 0x10a2, 0x10a2, 0x10a2, 0x10a2, 0x10a2, 0x10a2, 0x10a2, 
	0x10a2, 0x10a2, 0x10a2, 0x10a2, 0x10a2, 0x10a2, 0x10a2, 0x10a2, 0x10a2, 0x10a2, 0x10a2, 0x10a2, 0x10a2, 0x10a2, 0x10a2, 0x10a2, 
	0x10a2, 0x10a2, 0x10a2, 0x10a2, 0x10a2, 0x10a2, 0x10a2, 0x10a2, 0x10a2, 0x10a2, 0x10a2, 0x10a2, 0x10a2, 0x10a2, 0x10a2, 0x10a2, 
	0x10a2, 0x10a2, 0x10a2, 0x10a2, 0x10a2, 0x10a2, 0x10a2, 0x10a2, 0x10a2, 0x10a2, 0x10a2, 0x10a2, 0x10a2, 0x10a2, 0x10a2, 0x10a2, 
	0x10a2, 0x10a2, 0x10a2, 0x10a2, 0x10a2, 0x10a2, 0x10a2, 0x10a2, 0x10a2, 0x10a2, 0x10a2, 0x10a2, 0x10a2, 0x10a2, 0x10a2, 0x10a2, 
	0x10a2, 0x10a2, 0x10a2, 0x10a2, 0x10a2, 0x10a2, 0x10a2, 0x10a2, 0x10a2, 0x10a2, 0x10a2, 0x10a2, 0x10a2, 0x10a2, 0x10a2, 0x10a2, 
	0x10a2, 0x10a2, 0x10a2, 0x10a2, 0x10a2, 0x10a2, 0x10a2, 0x10a2, 0x10a2, 0x10a2, 0x10a2, 0x10a2, 0x10a2, 0x10a2, 0x10a2, 0x10a2, 
	0x10a2, 0x10a2, 0x10a2, 0x10a2, 0x10a2, 0x10a2, 0x10a2, 0x10a2, 0x10a2, 0x10a2, 0x10a2, 0x10a2, 0x10a2, 0x10a2, 0x10a2, 0x10a2, 
	0x10a2, 0x10a2, 0x10a2, 0x10a2, 0x10a2, 0x10a2, 0x10a2, 0x10a2, 0x10a2, 0x10a2, 0x10a2, 0x10a2, 0x10a2, 0x10a2, 0x10a2, 0x10a2, 
	0x10a2, 0x10a2, 0x10a2, 0x10a2, 0x10a2, 0x10a2, 0x10a2, 0x10a2, 0x10a2, 0x10a2, 0x10a2, 0x10a2, 0x10a2, 0x10a2, 0x10a2, 0x10a2, 
	0x10a2, 0x1081, 0x18c3, 0x39e7, 0x5acb, 0x630c, 0x632c, 0x632c, 0x630c, 0x528a, 0x2965, 0x10a2, 0x1082, 0x18c2, 0x18a2, 0x10a2, 
	0x10a2, 0x10a2, 0x10a2, 0x10a2, 0x10a2, 0x10a2, 0x10a2, 0x10a2, 0x10a2, 0x10a2, 0x10a2, 0x10a2, 0x10a2, 0x10a2, 0x10a2, 0x10a2, 
	0x10a2, 0x10a2, 0x10a2, 0x10a2, 0x10a2, 0x10a2, 0x10a2, 0x10a2, 0x10a2, 0x10a2, 0x10a2, 0x10a2, 0x10a2, 0x10a2, 0x10a2, 0x10a2, 
	0x10a2, 0x10a2, 0x10a2, 0x10a2, 0x10a2, 0x10a2, 0x10a2, 0x10a2, 0x10a2, 0x10a2, 0x10a2, 0x10a2, 0x10a2, 0x10a2, 0x10a2, 0x10a2, 
	0x10a2, 0x10a2, 0x10a2, 0x10a2, 0x10a2, 0x10a2, 0x10a2, 0x10a2, 0x10a2, 0x10a2, 0x10a2, 0x10a2, 0x10a2, 0x10a2, 0x10a2, 0x10a2, 
	0x10a2, 0x10a2, 0x10a2, 0x10a2, 0x10a2, 0x10a2, 0x10a2, 0x10a2, 0x10a2, 0x10a2, 0x10a2, 0x10a2, 0x10a2, 0x10a2, 0x10a2, 0x10a2, 
	0x10a2, 0x10a2, 0x10a2, 0x10a2, 0x10a2, 0x10a2, 0x10a2, 0x10a2, 0x10a2, 0x10a2, 0x10a2, 0x10a2, 0x10a2, 0x10a2, 0x10a2, 0x10a2, 
	0x10a2, 0x10a2, 0x10a2, 0x10a2, 0x10a2, 0x10a2, 0x10a2, 0x10a2, 0x10a2, 0x10a2, 0x10a2, 0x10a2, 0x10a2, 0x10a2, 0x10a2, 0x10a2, 
	0x10a2, 0x10a2, 0x10a2, 0x10a2, 0x10a2, 0x10a2, 0x10a2, 0x10a2, 0x10a2, 0x10a2, 0x10a2, 0x10a2, 0x10a2, 0x10a2, 0x10a2, 0x10a2, 
	0x10a2, 0x10a2, 0x10a2, 0x10a2, 0x10a2, 0x10a2, 0x10a2, 0x10a2, 0x10a2, 0x10a2, 0x10a2, 0x10a2, 0x10a2, 0x10a2, 0x10a2, 0x10a2, 
	0x10a2, 0x10a2, 0x10a2, 0x10a2, 0x10a2, 0x10a2, 0x10a2, 0x10a2, 0x10a2, 0x10a2, 0x10a2, 0x10a2, 0x10a2, 0x10a2, 0x10a2, 0x10a2, 
	0x10a2, 0x10a2, 0x10a2, 0x10a2, 0x10a2, 0x10a2, 0x10a2, 0x10a2, 0x10a2, 0x10a2, 0x10a2, 0x10a2, 0x10a2, 0x10a2, 0x10a2, 0x10a2, 
	0x10a2, 0x10a2, 0x10a2, 0x10a2, 0x10a2, 0x10a2, 0x10a2, 0x10a2, 0x10a2, 0x10a2, 0x10a2, 0x10a2, 0x10a2, 0x10a2, 0x10a2, 0x10a2, 
	0x10a2, 0x10a2, 0x10a2, 0x10a2, 0x10a2, 0x10a2, 0x10a2, 0x10a2, 0x10a2, 0x10a2, 0x10a2, 0x10a2, 0x10a2, 0x10a2, 0x10a2, 0x10a2, 
	0x10a2, 0x10a2, 0x10a2, 0x10a2, 0x10a2, 0x10a2, 0x10a2, 0x10a2, 0x10a2, 0x10a2, 0x10a2, 0x10a2, 0x10a2, 0x10a2, 0x10a2, 0x1082, 
	0x10a2, 0x3186, 0x5aeb, 0x6b4d, 0x632c, 0x630c, 0x630c, 0x630c, 0x630c, 0x632c, 0x632c, 0x528a, 0x2965, 0x10a2, 0x1082, 0x10a2, 
	0x10a2, 0x10a2, 0x10a2, 0x10a2, 0x10a2, 0x10a2, 0x10a2, 0x10a2, 0x10a2, 0x10a2, 0x10a2, 0x10a2, 0x10a2, 0x10a2, 0x10a2, 0x10a2, 
	0x10a2, 0x10a2, 0x10a2, 0x10a2, 0x10a2, 0x10a2, 0x10a2, 0x10a2, 0x10a2, 0x10a2, 0x10a2, 0x10a2, 0x10a2, 0x10a2, 0x10a2, 0x10a2, 
	0x10a2, 0x10a2, 0x10a2, 0x10a2, 0x10a2, 0x10a2, 0x10a2, 0x10a2, 0x10a2, 0x10a2, 0x10a2, 0x10a2, 0x10a2, 0x10a2, 0x10a2, 0x10a2, 
	0x10a2, 0x10a2, 0x10a2, 0x10a2, 0x10a2, 0x10a2, 0x10a2, 0x10a2, 0x10a2, 0x10a2, 0x10a2, 0x10a2, 0x10a2, 0x10a2, 0x10a2, 0x10a2, 
	0x10a2, 0x10a2, 0x10a2, 0x10a2, 0x10a2, 0x10a2, 0x10a2, 0x10a2, 0x10a2, 0x10a2, 0x10a2, 0x10a2, 0x10a2, 0x10a2, 0x10a2, 0x10a2, 
	0x10a2, 0x10a2, 0x10a2, 0x10a2, 0x10a2, 0x10a2, 0x10a2, 0x10a2, 0x10a2, 0x10a2, 0x10a2, 0x10a2, 0x10a2, 0x10a2, 0x10a2, 0x10a2, 
	0x10a2, 0x10a2, 0x10a2, 0x10a2, 0x10a2, 0x10a2, 0x10a2, 0x10a2, 0x10a2, 0x10a2, 0x10a2, 0x10a2, 0x10a2, 0x10a2, 0x10a2, 0x10a2, 
	0x10a2, 0x10a2, 0x10a2, 0x10a2, 0x10a2, 0x10a2, 0x10a2, 0x10a2, 0x10a2, 0x10a2, 0x10a2, 0x10a2, 0x10a2, 0x10a2, 0x10a2, 0x10a2, 
	0x10a2, 0x10a2, 0x10a2, 0x10a2, 0x10a2, 0x10a2, 0x10a2, 0x10a2, 0x10a2, 0x10a2, 0x10a2, 0x10a2, 0x10a2, 0x10a2, 0x10a2, 0x10a2, 
	0x10a2, 0x10a2, 0x10a2, 0x10a2, 0x10a2, 0x10a2, 0x10a2, 0x10a2, 0x10a2, 0x10a2, 0x10a2, 0x10a2, 0x10a2, 0x10a2, 0x10a2, 0x10a2, 
	0x10a2, 0x10a2, 0x10a2, 0x10a2, 0x10a2, 0x10a2, 0x10a2, 0x10a2, 0x10a2, 0x10a2, 0x10a2, 0x10a2, 0x10a2, 0x10a2, 0x10a2, 0x10a2, 
	0x10a2, 0x10a2, 0x10a2, 0x10a2, 0x10a2, 0x10a2, 0x10a2, 0x10a2, 0x10a2, 0x10a2, 0x10a2, 0x10a2, 0x10a2, 0x10a2, 0x10a2, 0x10a2, 
	0x10a2, 0x10a2, 0x10a2, 0x10a2, 0x10a2, 0x10a2, 0x10a2, 0x10a2, 0x10a2, 0x10a2, 0x10a2, 0x10a2, 0x10a2, 0x10a2, 0x10a2, 0x10a2, 
	0x10a2, 0x10a2, 0x10a2, 0x10a2, 0x10a2, 0x10a2, 0x10a2, 0x10a2, 0x10a2, 0x10a2, 0x10a2, 0x10a2, 0x10a2, 0x10a2, 0x1082, 0x2945, 
	0x52aa, 0x6b4d, 0x632c, 0x630c, 0x630c, 0x630c, 0x630c, 0x630c, 0x630c, 0x630c, 0x630c, 0x632c, 0x632c, 0x4a69, 0x2945, 0x1082, 
	0x1082, 0x10a2, 0x10a2, 0x10a2, 0x10a2, 0x10a2, 0x10a2, 0x10a2, 0x10a2, 0x10a2, 0x10a2, 0x10a2, 0x10a2, 0x10a2, 0x10a2, 0x10a2, 
	0x10a2, 0x10a2, 0x10a2, 0x10a2, 0x10a2, 0x10a2, 0x10a2, 0x10a2, 0x10a2, 0x10a2, 0x10a2, 0x10a2, 0x10a2, 0x10a2, 0x10a2, 0x10a2, 
	0x10a2, 0x10a2, 0x10a2, 0x10a2, 0x10a2, 0x10a2, 0x10a2, 0x10a2, 0x10a2, 0x10a2, 0x10a2, 0x10a2, 0x10a2, 0x10a2, 0x10a2, 0x10a2, 
	0x10a2, 0x10a2, 0x10a2, 0x10a2, 0x10a2, 0x10a2, 0x10a2, 0x10a2, 0x10a2, 0x10a2, 0x10a2, 0x10a2, 0x10a2, 0x10a2, 0x10a2, 0x10a2, 
	0x10a2, 0x10a2, 0x10a2, 0x10a2, 0x10a2, 0x10a2, 0x10a2, 0x10a2, 0x10a2, 0x10a2, 0x10a2, 0x10a2, 0x10a2, 0x10a2, 0x10a2, 0x10a2, 
	0x10a2, 0x10a2, 0x10a2, 0x10a2, 0x10a2, 0x10a2, 0x10a2, 0x10a2, 0x10a2, 0x10a2, 0x10a2, 0x10a2, 0x10a2, 0x10a2, 0x10a2, 0x10a2, 
	0x10a2, 0x10a2, 0x10a2, 0x10a2, 0x10a2, 0x10a2, 0x10a2, 0x10a2, 0x10a2, 0x10a2, 0x10a2, 0x10a2, 0x10a2, 0x10a2, 0x10a2, 0x10a2, 
	0x10a2, 0x10a2, 0x10a2, 0x10a2, 0x10a2, 0x10a2, 0x10a2, 0x10a2, 0x10a2, 0x10a2, 0x10a2, 0x10a2, 0x10a2, 0x10a2, 0x10a2, 0x10a2, 
	0x10a2, 0x10a2, 0x10a2, 0x10a2, 0x10a2, 0x10a2, 0x10a2, 0x10a2, 0x10a2, 0x10a2, 0x10a2, 0x10a2, 0x10a2, 0x10a2, 0x10a2, 0x10a2, 
	0x10a2, 0x10a2, 0x10a2, 0x10a2, 0x10a2, 0x10a2, 0x10a2, 0x10a2, 0x10a2, 0x10a2, 0x10a2, 0x10a2, 0x10a2, 0x10a2, 0x10a2, 0x10a2, 
	0x10a2, 0x10a2, 0x10a2, 0x10a2, 0x10a2, 0x10a2, 0x10a2, 0x10a2, 0x10a2, 0x10a2, 0x10a2, 0x10a2, 0x10a2, 0x10a2, 0x10a2, 0x10a2, 
	0x10a2, 0x10a2, 0x10a2, 0x10a2, 0x10a2, 0x10a2, 0x10a2, 0x10a2, 0x10a2, 0x10a2, 0x10a2, 0x10a2, 0x10a2, 0x10a2, 0x10a2, 0x10a2, 
	0x10a2, 0x10a2, 0x10a2, 0x10a2, 0x10a2, 0x10a2, 0x10a2, 0x10a2, 0x10a2, 0x10a2, 0x10a2, 0x10a2, 0x10a2, 0x10a2, 0x10a2, 0x10a2, 
	0x10a2, 0x10a2, 0x10a2, 0x10a2, 0x10a2, 0x10a2, 0x10a2, 0x10a2, 0x10a2, 0x10a2, 0x10a2, 0x10a2, 0x1081, 0x18c3, 0x4228, 0x6b2c, 
	0x6b4d, 0x630c, 0x630c, 0x632c, 0x630c, 0x630c, 0x630c, 0x630c, 0x630c, 0x630c, 0x630c, 0x630c, 0x630c, 0x632c, 0x632c, 0x4a69, 
	0x2124, 0x1082, 0x1082, 0x18a2, 0x10a2, 0x10a2, 0x10a2, 0x10a2, 0x10a2, 0x10a2, 0x10a2, 0x10a2, 0x10a2, 0x10a2, 0x10a2, 0x10a2, 
	0x10a2, 0x10a2, 0x10a2, 0x10a2, 0x10a2, 0x10a2, 0x10a2, 0x10a2, 0x10a2, 0x10a2, 0x10a2, 0x10a2, 0x10a2, 0x10a2, 0x10a2, 0x10a2, 
	0x10a2, 0x10a2, 0x10a2, 0x10a2, 0x10a2, 0x10a2, 0x10a2, 0x10a2, 0x10a2, 0x10a2, 0x10a2, 0x10a2, 0x10a2, 0x10a2, 0x10a2, 0x10a2, 
	0x10a2, 0x10a2, 0x10a2, 0x10a2, 0x10a2, 0x10a2, 0x10a2, 0x10a2, 0x10a2, 0x10a2, 0x10a2, 0x10a2, 0x10a2, 0x10a2, 0x10a2, 0x10a2, 
	0x10a2, 0x10a2, 0x10a2, 0x10a2, 0x10a2, 0x10a2, 0x10a2, 0x10a2, 0x10a2, 0x10a2, 0x10a2, 0x10a2, 0x10a2, 0x10a2, 0x10a2, 0x10a2, 
	0x10a2, 0x10a2, 0x10a2, 0x10a2, 0x10a2, 0x10a2, 0x10a2, 0x10a2, 0x10a2, 0x10a2, 0x10a2, 0x10a2, 0x10a2, 0x10a2, 0x10a2, 0x10a2, 
	0x10a2, 0x10a2, 0x10a2, 0x10a2, 0x10a2, 0x10a2, 0x10a2, 0x10a2, 0x10a2, 0x10a2, 0x10a2, 0x10a2, 0x10a2, 0x10a2, 0x10a2, 0x10a2, 
	0x10a2, 0x10a2, 0x10a2, 0x10a2, 0x10a2, 0x10a2, 0x10a2, 0x10a2, 0x10a2, 0x10a2, 0x10a2, 0x10a2, 0x10a2, 0x10a2, 0x10a2, 0x10a2, 
	0x10a2, 0x10a2, 0x10a2, 0x10a2, 0x10a2, 0x10a2, 0x10a2, 0x10a2, 0x10a2, 0x10a2, 0x10a2, 0x10a2, 0x10a2, 0x10a2, 0x10a2, 0x10a2, 
	0x10a2, 0x10a2, 0x10a2, 0x10a2, 0x10a2, 0x10a2, 0x10a2, 0x10a2, 0x10a2, 0x10a2, 0x10a2, 0x10a2, 0x10a2, 0x10a2, 0x10a2, 0x10a2, 
	0x10a2, 0x10a2, 0x10a2, 0x10a2, 0x10a2, 0x10a2, 0x10a2, 0x10a2, 0x10a2, 0x10a2, 0x10a2, 0x10a2, 0x10a2, 0x10a2, 0x10a2, 0x10a2, 
	0x10a2, 0x10a2, 0x10a2, 0x10a2, 0x10a2, 0x10a2, 0x10a2, 0x10a2, 0x10a2, 0x10a2, 0x10a2, 0x10a2, 0x10a2, 0x10a2, 0x10a2, 0x10a2, 
	0x10a2, 0x10a2, 0x10a2, 0x10a2, 0x10a2, 0x10a2, 0x10a2, 0x10a2, 0x10a2, 0x10a2, 0x10a2, 0x10a2, 0x10a2, 0x10a2, 0x10a2, 0x10a2, 
	0x10a2, 0x10a2, 0x10a2, 0x10a2, 0x10a2, 0x10a2, 0x10a2, 0x10a2, 0x10a2, 0x10a2, 0x10a2, 0x1082, 0x3186, 0x5aeb, 0x6b4d, 0x632c, 
	0x630c, 0x632c, 0x630c, 0x630c, 0x630c, 0x630c, 0x630c, 0x630c, 0x630c, 0x630c, 0x630c, 0x630c, 0x630c, 0x630c, 0x630c, 0x632c, 
	0x632c, 0x4a49, 0x2124, 0x1082, 0x10a2, 0x18a2, 0x10a2, 0x10a2, 0x10a2, 0x10a2, 0x10a2, 0x10a2, 0x10a2, 0x10a2, 0x10a2, 0x10a2, 
	0x10a2, 0x10a2, 0x10a2, 0x10a2, 0x10a2, 0x10a2, 0x10a2, 0x10a2, 0x10a2, 0x10a2, 0x10a2, 0x10a2, 0x10a2, 0x10a2, 0x10a2, 0x10a2, 
	0x10a2, 0x10a2, 0x10a2, 0x10a2, 0x10a2, 0x10a2, 0x10a2, 0x10a2, 0x10a2, 0x10a2, 0x10a2, 0x10a2, 0x10a2, 0x10a2, 0x10a2, 0x10a2, 
	0x10a2, 0x10a2, 0x10a2, 0x10a2, 0x10a2, 0x10a2, 0x10a2, 0x10a2, 0x10a2, 0x10a2, 0x10a2, 0x10a2, 0x10a2, 0x10a2, 0x10a2, 0x10a2, 
	0x10a2, 0x10a2, 0x10a2, 0x10a2, 0x10a2, 0x10a2, 0x10a2, 0x10a2, 0x10a2, 0x10a2, 0x10a2, 0x10a2, 0x10a2, 0x10a2, 0x10a2, 0x10a2, 
	0x10a2, 0x10a2, 0x10a2, 0x10a2, 0x10a2, 0x10a2, 0x10a2, 0x10a2, 0x10a2, 0x10a2, 0x10a2, 0x10a2, 0x10a2, 0x10a2, 0x10a2, 0x10a2, 
	0x10a2, 0x10a2, 0x10a2, 0x10a2, 0x10a2, 0x10a2, 0x10a2, 0x10a2, 0x10a2, 0x10a2, 0x10a2, 0x10a2, 0x10a2, 0x10a2, 0x10a2, 0x10a2, 
	0x10a2, 0x10a2, 0x10a2, 0x10a2, 0x10a2, 0x10a2, 0x10a2, 0x10a2, 0x10a2, 0x10a2, 0x10a2, 0x10a2, 0x10a2, 0x10a2, 0x10a2, 0x10a2, 
	0x10a2, 0x10a2, 0x10a2, 0x10a2, 0x10a2, 0x10a2, 0x10a2, 0x10a2, 0x10a2, 0x10a2, 0x10a2, 0x10a2, 0x10a2, 0x10a2, 0x10a2, 0x10a2, 
	0x10a2, 0x10a2, 0x10a2, 0x10a2, 0x10a2, 0x10a2, 0x10a2, 0x10a2, 0x10a2, 0x10a2, 0x10a2, 0x10a2, 0x10a2, 0x10a2, 0x10a2, 0x10a2, 
	0x10a2, 0x10a2, 0x10a2, 0x10a2, 0x10a2, 0x10a2, 0x10a2, 0x10a2, 0x10a2, 0x10a2, 0x10a2, 0x10a2, 0x10a2, 0x10a2, 0x10a2, 0x10a2, 
	0x10a2, 0x10a2, 0x10a2, 0x10a2, 0x10a2, 0x10a2, 0x10a2, 0x10a2, 0x10a2, 0x10a2, 0x10a2, 0x10a2, 0x10a2, 0x10a2, 0x10a2, 0x10a2, 
	0x10a2, 0x10a2, 0x10a2, 0x10a2, 0x10a2, 0x10a2, 0x10a2, 0x10a2, 0x10a2, 0x10a2, 0x10a2, 0x10a2, 0x10a2, 0x10a2, 0x10a2, 0x10a2, 
	0x10a2, 0x10a2, 0x10a2, 0x10a2, 0x10a2, 0x10a2, 0x10a2, 0x10a2, 0x10a2, 0x1082, 0x18e3, 0x4a69, 0x6b4d, 0x632c, 0x630c, 0x632c, 
	0x632c, 0x632c, 0x632c, 0x630c, 0x630c, 0x630c, 0x630c, 0x630c, 0x630c, 0x630c, 0x630c, 0x630c, 0x630c, 0x630c, 0x630c, 0x630c, 
	0x630c, 0x6b4d, 0x632c, 0x4a49, 0x2124, 0x1082, 0x10a2, 0x10a2, 0x10a2, 0x10a2, 0x10a2, 0x10a2, 0x10a2, 0x10a2, 0x10a2, 0x10a2, 
	0x10a2, 0x10a2, 0x10a2, 0x10a2, 0x10a2, 0x10a2, 0x10a2, 0x10a2, 0x10a2, 0x10a2, 0x10a2, 0x10a2, 0x10a2, 0x10a2, 0x10a2, 0x10a2, 
	0x10a2, 0x10a2, 0x10a2, 0x10a2, 0x10a2, 0x10a2, 0x10a2, 0x10a2, 0x10a2, 0x10a2, 0x10a2, 0x10a2, 0x10a2, 0x10a2, 0x10a2, 0x10a2, 
	0x10a2, 0x10a2, 0x10a2, 0x10a2, 0x10a2, 0x10a2, 0x10a2, 0x10a2, 0x10a2, 0x10a2, 0x10a2, 0x10a2, 0x10a2, 0x10a2, 0x10a2, 0x10a2, 
	0x10a2, 0x10a2, 0x10a2, 0x10a2, 0x10a2, 0x10a2, 0x10a2, 0x10a2, 0x10a2, 0x10a2, 0x10a2, 0x10a2, 0x10a2, 0x10a2, 0x10a2, 0x10a2, 
	0x10a2, 0x10a2, 0x10a2, 0x10a2, 0x10a2, 0x10a2, 0x10a2, 0x10a2, 0x10a2, 0x10a2, 0x10a2, 0x10a2, 0x10a2, 0x10a2, 0x10a2, 0x10a2, 
	0x10a2, 0x10a2, 0x10a2, 0x10a2, 0x10a2, 0x10a2, 0x10a2, 0x10a2, 0x10a2, 0x10a2, 0x10a2, 0x10a2, 0x10a2, 0x10a2, 0x10a2, 0x10a2, 
	0x10a2, 0x10a2, 0x10a2, 0x10a2, 0x10a2, 0x10a2, 0x10a2, 0x10a2, 0x10a2, 0x10a2, 0x10a2, 0x10a2, 0x10a2, 0x10a2, 0x10a2, 0x10a2, 
	0x10a2, 0x10a2, 0x10a2, 0x10a2, 0x10a2, 0x10a2, 0x10a2, 0x10a2, 0x10a2, 0x10a2, 0x10a2, 0x10a2, 0x10a2, 0x10a2, 0x10a2, 0x10a2, 
	0x10a2, 0x10a2, 0x10a2, 0x10a2, 0x10a2, 0x10a2, 0x10a2, 0x10a2, 0x10a2, 0x10a2, 0x10a2, 0x10a2, 0x10a2, 0x10a2, 0x10a2, 0x10a2, 
	0x10a2, 0x10a2, 0x10a2, 0x10a2, 0x10a2, 0x10a2, 0x10a2, 0x10a2, 0x10a2, 0x10a2, 0x10a2, 0x10a2, 0x10a2, 0x10a2, 0x10a2, 0x10a2, 
	0x10a2, 0x10a2, 0x10a2, 0x10a2, 0x10a2, 0x10a2, 0x10a2, 0x10a2, 0x10a2, 0x10a2, 0x10a2, 0x10a2, 0x10a2, 0x10a2, 0x10a2, 0x10a2, 
	0x10a2, 0x10a2, 0x10a2, 0x10a2, 0x10a2, 0x10a2, 0x10a2, 0x10a2, 0x10a2, 0x10a2, 0x10a2, 0x10a2, 0x10a2, 0x10a2, 0x10a2, 0x10a2, 
	0x10a2, 0x10a2, 0x10a2, 0x10a2, 0x10a2, 0x10a2, 0x10a2, 0x10a2, 0x1082, 0x3186, 0x630c, 0x6b4d, 0x630c, 0x632c, 0x632c, 0x632c, 
	0x632c, 0x630c, 0x630c, 0x630c, 0x630c, 0x630c, 0x630c, 0x630c, 0x630c, 0x630c, 0x630c, 0x630c, 0x630c, 0x630c, 0x630c, 0x630c, 
	0x632c, 0x630c, 0x632c, 0x6b4d, 0x632c, 0x4228, 0x18e3, 0x1081, 0x10a2, 0x10a2, 0x10a2, 0x10a2, 0x10a2, 0x10a2, 0x10a2, 0x10a2, 
	0x10a2, 0x10a2, 0x10a2, 0x10a2, 0x10a2, 0x10a2, 0x10a2, 0x10a2, 0x10a2, 0x10a2, 0x10a2, 0x10a2, 0x10a2, 0x10a2, 0x10a2, 0x10a2, 
	0x10a2, 0x10a2, 0x10a2, 0x10a2, 0x10a2, 0x10a2, 0x10a2, 0x10a2, 0x10a2, 0x10a2, 0x10a2, 0x10a2, 0x10a2, 0x10a2, 0x10a2, 0x10a2, 
	0x10a2, 0x10a2, 0x10a2, 0x10a2, 0x10a2, 0x10a2, 0x10a2, 0x10a2, 0x10a2, 0x10a2, 0x10a2, 0x10a2, 0x10a2, 0x10a2, 0x10a2, 0x10a2, 
	0x10a2, 0x10a2, 0x10a2, 0x10a2, 0x10a2, 0x10a2, 0x10a2, 0x10a2, 0x10a2, 0x10a2, 0x10a2, 0x10a2, 0x10a2, 0x10a2, 0x10a2, 0x10a2, 
	0x10a2, 0x10a2, 0x10a2, 0x10a2, 0x10a2, 0x10a2, 0x10a2, 0x10a2, 0x10a2, 0x10a2, 0x10a2, 0x10a2, 0x10a2, 0x10a2, 0x10a2, 0x10a2, 
	0x10a2, 0x10a2, 0x10a2, 0x10a2, 0x10a2, 0x10a2, 0x10a2, 0x10a2, 0x10a2, 0x10a2, 0x10a2, 0x10a2, 0x10a2, 0x10a2, 0x10a2, 0x10a2, 
	0x10a2, 0x10a2, 0x10a2, 0x10a2, 0x10a2, 0x10a2, 0x10a2, 0x10a2, 0x10a2, 0x10a2, 0x10a2, 0x10a2, 0x10a2, 0x10a2, 0x10a2, 0x10a2, 
	0x10a2, 0x10a2, 0x10a2, 0x10a2, 0x10a2, 0x10a2, 0x10a2, 0x10a2, 0x10a2, 0x10a2, 0x10a2, 0x10a2, 0x10a2, 0x10a2, 0x10a2, 0x10a2, 
	0x10a2, 0x10a2, 0x10a2, 0x10a2, 0x10a2, 0x10a2, 0x10a2, 0x10a2, 0x10a2, 0x10a2, 0x10a2, 0x10a2, 0x10a2, 0x10a2, 0x10a2, 0x10a2, 
	0x10a2, 0x10a2, 0x10a2, 0x10a2, 0x10a2, 0x10a2, 0x10a2, 0x10a2, 0x10a2, 0x10a2, 0x10a2, 0x10a2, 0x10a2, 0x10a2, 0x10a2, 0x10a2, 
	0x10a2, 0x10a2, 0x10a2, 0x10a2, 0x10a2, 0x10a2, 0x10a2, 0x10a2, 0x10a2, 0x10a2, 0x10a2, 0x10a2, 0x10a2, 0x10a2, 0x10a2, 0x10a2, 
	0x10a2, 0x10a2, 0x10a2, 0x10a2, 0x10a2, 0x10a2, 0x10a2, 0x10a2, 0x10a2, 0x10a2, 0x10a2, 0x10a2, 0x10a2, 0x10a2, 0x10a2, 0x10a2, 
	0x10a2, 0x10a2, 0x10a2, 0x10a2, 0x10a2, 0x18c3, 0x1082, 0x18c2, 0x4a28, 0x6b4d, 0x632c, 0x630c, 0x630c, 0x632c, 0x6b4d, 0x6b4d, 
	0x6b4d, 0x6b4d, 0x6b4d, 0x6b4d, 0x632c, 0x630c, 0x630c, 0x630c, 0x630c, 0x630c, 0x630c, 0x630c, 0x630c, 0x630c, 0x630c, 0x632c, 
	0x632c, 0x632c, 0x632c, 0x632c, 0x632c, 0x6b4d, 0x630c, 0x4208, 0x18e3, 0x1082, 0x10a2, 0x18a2, 0x10a2, 0x10a2, 0x10a2, 0x10a2, 
	0x10a2, 0x10a2, 0x10a2, 0x10a2, 0x10a2, 0x10a2, 0x10a2, 0x10a2, 0x10a2, 0x10a2, 0x10a2, 0x10a2, 0x10a2, 0x10a2, 0x10a2, 0x10a2, 
	0x10a2, 0x10a2, 0x10a2, 0x10a2, 0x10a2, 0x10a2, 0x10a2, 0x10a2, 0x10a2, 0x10a2, 0x10a2, 0x10a2, 0x10a2, 0x10a2, 0x10a2, 0x10a2, 
	0x10a2, 0x10a2, 0x10a2, 0x10a2, 0x10a2, 0x10a2, 0x10a2, 0x10a2, 0x10a2, 0x10a2, 0x10a2, 0x10a2, 0x10a2, 0x10a2, 0x10a2, 0x10a2, 
	0x10a2, 0x10a2, 0x10a2, 0x10a2, 0x10a2, 0x10a2, 0x10a2, 0x10a2, 0x10a2, 0x10a2, 0x10a2, 0x10a2, 0x10a2, 0x10a2, 0x10a2, 0x10a2, 
	0x10a2, 0x10a2, 0x10a2, 0x10a2, 0x10a2, 0x10a2, 0x10a2, 0x10a2, 0x10a2, 0x10a2, 0x10a2, 0x10a2, 0x10a2, 0x10a2, 0x10a2, 0x10a2, 
	0x10a2, 0x10a2, 0x10a2, 0x10a2, 0x10a2, 0x10a2, 0x10a2, 0x10a2, 0x10a2, 0x10a2, 0x10a2, 0x10a2, 0x10a2, 0x10a2, 0x10a2, 0x10a2, 
	0x10a2, 0x10a2, 0x10a2, 0x10a2, 0x10a2, 0x10a2, 0x10a2, 0x10a2, 0x10a2, 0x10a2, 0x10a2, 0x10a2, 0x10a2, 0x10a2, 0x10a2, 0x10a2, 
	0x10a2, 0x10a2, 0x10a2, 0x10a2, 0x10a2, 0x10a2, 0x10a2, 0x10a2, 0x10a2, 0x10a2, 0x10a2, 0x10a2, 0x10a2, 0x10a2, 0x10a2, 0x10a2, 
	0x10a2, 0x10a2, 0x10a2, 0x10a2, 0x10a2, 0x10a2, 0x10a2, 0x10a2, 0x10a2, 0x10a2, 0x10a2, 0x10a2, 0x10a2, 0x10a2, 0x10a2, 0x10a2, 
	0x10a2, 0x10a2, 0x10a2, 0x10a2, 0x10a2, 0x10a2, 0x10a2, 0x10a2, 0x10a2, 0x10a2, 0x10a2, 0x10a2, 0x10a2, 0x10a2, 0x10a2, 0x10a2, 
	0x10a2, 0x10a2, 0x10a2, 0x10a2, 0x10a2, 0x10a2, 0x10a2, 0x10a2, 0x10a2, 0x10a2, 0x10a2, 0x10a2, 0x10a2, 0x10a2, 0x10a2, 0x10a2, 
	0x10a2, 0x10a2, 0x10a2, 0x10a2, 0x10a2, 0x10a2, 0x10a2, 0x10a2, 0x10a2, 0x10a2, 0x10a2, 0x10a2, 0x10a2, 0x10a2, 0x10a2, 0x10a2, 
	0x10a2, 0x10a2, 0x10a2, 0x10a2, 0x10a2, 0x1082, 0x2945, 0x5acb, 0x6b4c, 0x630c, 0x632c, 0x6b4d, 0x632c, 0x5aeb, 0x52aa, 0x4a49, 
	0x4208, 0x4208, 0x4228, 0x4a69, 0x5acb, 0x630c, 0x6b2d, 0x632c, 0x630c, 0x630c, 0x630c, 0x630c, 0x630c, 0x630c, 0x630c, 0x632c, 
	0x632c, 0x632c, 0x632c, 0x632c, 0x632c, 0x630c, 0x632c, 0x6b4d, 0x630c, 0x39e7, 0x18c3, 0x1082, 0x10a2, 0x10a2, 0x10a2, 0x10a2, 
	0x10a2, 0x10a2, 0x10a2, 0x10a2, 0x10a2, 0x10a2, 0x10a2, 0x10a2, 0x10a2, 0x10a2, 0x10a2, 0x10a2, 0x10a2, 0x10a2, 0x10a2, 0x10a2, 
	0x10a2, 0x10a2, 0x10a2, 0x10a2, 0x10a2, 0x10a2, 0x10a2, 0x10a2, 0x10a2, 0x10a2, 0x10a2, 0x10a2, 0x10a2, 0x10a2, 0x10a2, 0x10a2, 
	0x10a2, 0x10a2, 0x10a2, 0x10a2, 0x10a2, 0x10a2, 0x10a2, 0x10a2, 0x10a2, 0x10a2, 0x10a2, 0x10a2, 0x10a2, 0x10a2, 0x10a2, 0x10a2, 
	0x10a2, 0x10a2, 0x10a2, 0x10a2, 0x10a2, 0x10a2, 0x10a2, 0x10a2, 0x10a2, 0x10a2, 0x10a2, 0x10a2, 0x10a2, 0x10a2, 0x10a2, 0x10a2, 
	0x10a2, 0x10a2, 0x10a2, 0x10a2, 0x10a2, 0x10a2, 0x10a2, 0x10a2, 0x10a2, 0x10a2, 0x10a2, 0x10a2, 0x10a2, 0x10a2, 0x10a2, 0x10a2, 
	0x10a2, 0x10a2, 0x10a2, 0x10a2, 0x10a2, 0x10a2, 0x10a2, 0x10a2, 0x10a2, 0x10a2, 0x10a2, 0x10a2, 0x10a2, 0x10a2, 0x10a2, 0x10a2, 
	0x10a2, 0x10a2, 0x10a2, 0x10a2, 0x10a2, 0x10a2, 0x10a2, 0x10a2, 0x10a2, 0x10a2, 0x10a2, 0x10a2, 0x10a2, 0x10a2, 0x10a2, 0x10a2, 
	0x10a2, 0x10a2, 0x10a2, 0x10a2, 0x10a2, 0x10a2, 0x10a2, 0x10a2, 0x10a2, 0x10a2, 0x10a2, 0x10a2, 0x10a2, 0x10a2, 0x10a2, 0x10a2, 
	0x10a2, 0x10a2, 0x10a2, 0x10a2, 0x10a2, 0x10a2, 0x10a2, 0x10a2, 0x10a2, 0x10a2, 0x10a2, 0x10a2, 0x10a2, 0x10a2, 0x10a2, 0x10a2, 
	0x10a2, 0x10a2, 0x10a2, 0x10a2, 0x10a2, 0x10a2, 0x10a2, 0x10a2, 0x10a2, 0x10a2, 0x10a2, 0x10a2, 0x10a2, 0x10a2, 0x10a2, 0x10a2, 
	0x10a2, 0x10a2, 0x10a2, 0x10a2, 0x10a2, 0x10a2, 0x10a2, 0x10a2, 0x10a2, 0x10a2, 0x10a2, 0x10a2, 0x10a2, 0x10a2, 0x10a2, 0x10a2, 
	0x10a2, 0x10a2, 0x10a2, 0x10a2, 0x10a2, 0x10a2, 0x10a2, 0x10a2, 0x10a2, 0x10a2, 0x10a2, 0x10a2, 0x10a2, 0x10a2, 0x10a2, 0x10a2, 
	0x10a2, 0x10a2, 0x10a2, 0x10a2, 0x10a2, 0x39e7, 0x6b2c, 0x632c, 0x632c, 0x6b4d, 0x5aeb, 0x4208, 0x2945, 0x18e3, 0x10a2, 0x1082, 
	0x1082, 0x1082, 0x1082, 0x10a2, 0x18c3, 0x2104, 0x31a6, 0x528a, 0x632c, 0x632c, 0x630c, 0x630c, 0x632c, 0x632c, 0x632c, 0x632c, 
	0x632c, 0x632c, 0x632c, 0x632c, 0x632c, 0x632c, 0x632c, 0x630c, 0x632c, 0x6b4d, 0x630c, 0x39e7, 0x18c3, 0x1082, 0x10a2, 0x10a2, 
	0x10a2, 0x10a2, 0x10a2, 0x10a2, 0x10a2, 0x10a2, 0x10a2, 0x10a2, 0x10a2, 0x10a2, 0x10a2, 0x10a2, 0x10a2, 0x10a2, 0x10a2, 0x10a2, 
	0x10a2, 0x10a2, 0x10a2, 0x10a2, 0x10a2, 0x10a2, 0x10a2, 0x10a2, 0x10a2, 0x10a2, 0x10a2, 0x10a2, 0x10a2, 0x10a2, 0x10a2, 0x10a2, 
	0x10a2, 0x10a2, 0x10a2, 0x10a2, 0x10a2, 0x10a2, 0x10a2, 0x10a2, 0x10a2, 0x10a2, 0x10a2, 0x10a2, 0x10a2, 0x10a2, 0x10a2, 0x10a2, 
	0x10a2, 0x10a2, 0x10a2, 0x10a2, 0x10a2, 0x10a2, 0x10a2, 0x10a2, 0x10a2, 0x10a2, 0x10a2, 0x10a2, 0x10a2, 0x10a2, 0x10a2, 0x10a2, 
	0x10a2, 0x10a2, 0x10a2, 0x10a2, 0x10a2, 0x10a2, 0x10a2, 0x10a2, 0x10a2, 0x10a2, 0x10a2, 0x10a2, 0x10a2, 0x10a2, 0x10a2, 0x10a2, 
	0x10a2, 0x10a2, 0x10a2, 0x10a2, 0x10a2, 0x10a2, 0x10a2, 0x10a2, 0x10a2, 0x10a2, 0x10a2, 0x10a2, 0x10a2, 0x10a2, 0x10a2, 0x10a2, 
	0x10a2, 0x10a2, 0x10a2, 0x10a2, 0x10a2, 0x10a2, 0x10a2, 0x10a2, 0x10a2, 0x10a2, 0x10a2, 0x10a2, 0x10a2, 0x10a2, 0x10a2, 0x10a2, 
	0x10a2, 0x10a2, 0x10a2, 0x10a2, 0x10a2, 0x10a2, 0x10a2, 0x10a2, 0x10a2, 0x10a2, 0x10a2, 0x10a2, 0x10a2, 0x10a2, 0x10a2, 0x10a2, 
	0x10a2, 0x10a2, 0x10a2, 0x10a2, 0x10a2, 0x10a2, 0x10a2, 0x10a2, 0x10a2, 0x10a2, 0x10a2, 0x10a2, 0x10a2, 0x10a2, 0x10a2, 0x10a2, 
	0x10a2, 0x10a2, 0x10a2, 0x10a2, 0x10a2, 0x10a2, 0x10a2, 0x10a2, 0x10a2, 0x10a2, 0x10a2, 0x10a2, 0x10a2, 0x10a2, 0x10a2, 0x10a2, 
	0x10a2, 0x10a2, 0x10a2, 0x10a2, 0x10a2, 0x10a2, 0x10a2, 0x10a2, 0x10a2, 0x10a2, 0x10a2, 0x10a2, 0x10a2, 0x10a2, 0x10a2, 0x10a2, 
	0x10a2, 0x10a2, 0x10a2, 0x10a2, 0x10a2, 0x10a2, 0x10a2, 0x10a2, 0x10a2, 0x10a2, 0x10a2, 0x10a2, 0x10a2, 0x10a2, 0x10a2, 0x10a2, 
	0x10a2, 0x10a2, 0x10a2, 0x18e3, 0x52aa, 0x6b6d, 0x632c, 0x6b4d, 0x5aeb, 0x31a6, 0x18c3, 0x1082, 0x1082, 0x10a2, 0x18c3, 0x10c3, 
	0x18c3, 0x18c3, 0x18c3, 0x18c3, 0x18c3, 0x10a2, 0x1082, 0x10a2, 0x2945, 0x4a69, 0x634d, 0x6b4d, 0x630c, 0x630c, 0x632c, 0x632c, 
	0x632c, 0x632c, 0x632c, 0x632c, 0x632c, 0x632c, 0x632c, 0x632c, 0x632c, 0x632c, 0x6b4d, 0x6b6d, 0x630c, 0x39c7, 0x18c3, 0x1082, 
	0x10a2, 0x10a2, 0x10a2, 0x10a2, 0x10a2, 0x10a2, 0x10a2, 0x10a2, 0x10a2, 0x10a2, 0x10a2, 0x10a2, 0x10a2, 0x10a2, 0x10a2, 0x10a2, 
	0x10a2, 0x10a2, 0x10a2, 0x10a2, 0x10a2, 0x10a2, 0x10a2, 0x10a2, 0x10a2, 0x10a2, 0x10a2, 0x10a2, 0x10a2, 0x10a2, 0x10a2, 0x10a2, 
	0x10a2, 0x10a2, 0x10a2, 0x10a2, 0x10a2, 0x10a2, 0x10a2, 0x10a2, 0x10a2, 0x10a2, 0x10a2, 0x10a2, 0x10a2, 0x10a2, 0x10a2, 0x10a2, 
	0x10a2, 0x10a2, 0x10a2, 0x10a2, 0x10a2, 0x10a2, 0x10a2, 0x10a2, 0x10a2, 0x10a2, 0x10a2, 0x10a2, 0x10a2, 0x10a2, 0x10a2, 0x10a2, 
	0x10a2, 0x10a2, 0x10a2, 0x10a2, 0x10a2, 0x10a2, 0x10a2, 0x10a2, 0x10a2, 0x10a2, 0x10a2, 0x10a2, 0x10a2, 0x10a2, 0x10a2, 0x10a2, 
	0x10a2, 0x10a2, 0x10a2, 0x10a2, 0x10a2, 0x10a2, 0x10a2, 0x10a2, 0x10a2, 0x10a2, 0x10a2, 0x10a2, 0x10a2, 0x10a2, 0x10a2, 0x10a2, 
	0x10a2, 0x10a2, 0x10a2, 0x10a2, 0x10a2, 0x10a2, 0x10a2, 0x10a2, 0x10a2, 0x10a2, 0x10a2, 0x10a2, 0x10a2, 0x10a2, 0x10a2, 0x10a2, 
	0x10a2, 0x10a2, 0x10a2, 0x10a2, 0x10a2, 0x10a2, 0x10a2, 0x10a2, 0x10a2, 0x10a2, 0x10a2, 0x10a2, 0x10a2, 0x10a2, 0x10a2, 0x10a2, 
	0x10a2, 0x10a2, 0x10a2, 0x10a2, 0x10a2, 0x10a2, 0x10a2, 0x10a2, 0x10a2, 0x10a2, 0x10a2, 0x10a2, 0x10a2, 0x10a2, 0x10a2, 0x10a2, 
	0x10a2, 0x10a2, 0x10a2, 0x10a2, 0x10a2, 0x10a2, 0x10a2, 0x10a2, 0x10a2, 0x10a2, 0x10a2, 0x10a2, 0x10a2, 0x10a2, 0x10a2, 0x10a2, 
	0x10a2, 0x10a2, 0x10a2, 0x10a2, 0x10a2, 0x10a2, 0x10a2, 0x10a2, 0x10a2, 0x10a2, 0x10a2, 0x10a2, 0x10a2, 0x10a2, 0x10a2, 0x10a2, 
	0x10a2, 0x10a2, 0x10a2, 0x10a2, 0x10a2, 0x10a2, 0x10a2, 0x10a2, 0x10a2, 0x10a2, 0x10a2, 0x10a2, 0x10a2, 0x10a2, 0x10a2, 0x10a2, 
	0x10a2, 0x10a2, 0x10a2, 0x528a, 0x6b4d, 0x632c, 0x6b4d, 0x4228, 0x18c3, 0x1082, 0x10a2, 0x10a2, 0x1082, 0x0861, 0x1082, 0x10a2, 
	0x18c3, 0x18c3, 0x10a2, 0x1082, 0x0861, 0x1082, 0x10a2, 0x18c3, 0x1082, 0x1082, 0x2965, 0x528a, 0x6b4d, 0x632c, 0x630c, 0x630c, 
	0x632c, 0x632c, 0x632c, 0x632c, 0x632c, 0x632c, 0x632c, 0x632c, 0x632c, 0x632c, 0x632c, 0x632c, 0x6b4d, 0x6b6d, 0x5aeb, 0x31a6, 
	0x10a2, 0x1082, 0x10a2, 0x10a2, 0x10a2, 0x10a2, 0x10a2, 0x10a2, 0x10a2, 0x10a2, 0x10a2, 0x10a2, 0x10a2, 0x10a2, 0x10a2, 0x10a2, 
	0x10a2, 0x10a2, 0x10a2, 0x10a2, 0x10a2, 0x10a2, 0x10a2, 0x10a2, 0x10a2, 0x10a2, 0x10a2, 0x10a2, 0x10a2, 0x10a2, 0x10a2, 0x10a2, 
	0x10a2, 0x10a2, 0x10a2, 0x10a2, 0x10a2, 0x10a2, 0x10a2, 0x10a2, 0x10a2, 0x10a2, 0x10a2, 0x10a2, 0x10a2, 0x10a2, 0x10a2, 0x10a2, 
	0x10a2, 0x10a2, 0x10a2, 0x10a2, 0x10a2, 0x10a2, 0x10a2, 0x10a2, 0x10a2, 0x10a2, 0x10a2, 0x10a2, 0x10a2, 0x10a2, 0x10a2, 0x10a2, 
	0x10a2, 0x10a2, 0x10a2, 0x10a2, 0x10a2, 0x10a2, 0x10a2, 0x10a2, 0x10a2, 0x10a2, 0x10a2, 0x10a2, 0x10a2, 0x10a2, 0x10a2, 0x10a2, 
	0x10a2, 0x10a2, 0x10a2, 0x10a2, 0x10a2, 0x10a2, 0x10a2, 0x10a2, 0x10a2, 0x10a2, 0x10a2, 0x10a2, 0x10a2, 0x10a2, 0x10a2, 0x10a2, 
	0x10a2, 0x10a2, 0x10a2, 0x10a2, 0x10a2, 0x10a2, 0x10a2, 0x10a2, 0x10a2, 0x10a2, 0x10a2, 0x10a2, 0x10a2, 0x10a2, 0x10a2, 0x10a2, 
	0x10a2, 0x10a2, 0x10a2, 0x10a2, 0x10a2, 0x10a2, 0x10a2, 0x10a2, 0x10a2, 0x10a2, 0x10a2, 0x10a2, 0x10a2, 0x10a2, 0x10a2, 0x10a2, 
	0x10a2, 0x10a2, 0x10a2, 0x10a2, 0x10a2, 0x10a2, 0x10a2, 0x10a2, 0x10a2, 0x10a2, 0x10a2, 0x10a2, 0x10a2, 0x10a2, 0x10a2, 0x10a2, 
	0x10a2, 0x10a2, 0x10a2, 0x10a2, 0x10a2, 0x10a2, 0x10a2, 0x10a2, 0x10a2, 0x10a2, 0x10a2, 0x10a2, 0x10a2, 0x10a2, 0x10a2, 0x10a2, 
	0x10a2, 0x10a2, 0x10a2, 0x10a2, 0x10a2, 0x10a2, 0x10a2, 0x10a2, 0x10a2, 0x10a2, 0x10a2, 0x10a2, 0x10a2, 0x10a2, 0x10a2, 0x10a2, 
	0x10a2, 0x10a2, 0x10a2, 0x10a2, 0x10a2, 0x10a2, 0x10a2, 0x10a2, 0x10a2, 0x10a2, 0x10a2, 0x10a2, 0x10a2, 0x10a2, 0x10a2, 0x10a2, 
	0x10a2, 0x1082, 0x3186, 0x6b4d, 0x632c, 0x632c, 0x3186, 0x1082, 0x18c2, 0x10a2, 0x0861, 0x10a2, 0x3186, 0x528a, 0x632c, 0x73ae, 
	0x7bcf, 0x7bcf, 0x73ae, 0x632c, 0x4a69, 0x3186, 0x10a2, 0x0861, 0x10a2, 0x18c3, 0x1082, 0x10a2, 0x3185, 0x52aa, 0x6b4d, 0x632c, 
	0x630c, 0x630c, 0x632c, 0x632c, 0x632c, 0x632c, 0x632c, 0x632c, 0x632c, 0x632c, 0x632c, 0x632c, 0x632c, 0x632c, 0x6b4d, 0x6b4d, 
	0x5acb, 0x3186, 0x10a2, 0x1082, 0x10a2, 0x10a2, 0x10a2, 0x10a2, 0x10a2, 0x10a2, 0x10a2, 0x10a2, 0x10a2, 0x10a2, 0x10a2, 0x10a2, 
	0x10a2, 0x10a2, 0x10a2, 0x10a2, 0x10a2, 0x10a2, 0x10a2, 0x10a2, 0x10a2, 0x10a2, 0x10a2, 0x10a2, 0x10a2, 0x10a2, 0x10a2, 0x10a2, 
	0x10a2, 0x10a2, 0x10a2, 0x10a2, 0x10a2, 0x10a2, 0x10a2, 0x10a2, 0x10a2, 0x10a2, 0x10a2, 0x10a2, 0x10a2, 0x10a2, 0x10a2, 0x10a2, 
	0x10a2, 0x10a2, 0x10a2, 0x10a2, 0x10a2, 0x10a2, 0x10a2, 0x10a2, 0x10a2, 0x10a2, 0x10a2, 0x10a2, 0x10a2, 0x10a2, 0x10a2, 0x10a2, 
	0x10a2, 0x10a2, 0x10a2, 0x10a2, 0x10a2, 0x10a2, 0x10a2, 0x10a2, 0x10a2, 0x10a2, 0x10a2, 0x10a2, 0x10a2, 0x10a2, 0x10a2, 0x10a2, 
	0x10a2, 0x10a2, 0x10a2, 0x10a2, 0x10a2, 0x10a2, 0x10a2, 0x10a2, 0x10a2, 0x10a2, 0x10a2, 0x10a2, 0x10a2, 0x10a2, 0x10a2, 0x10a2, 
	0x10a2, 0x10a2, 0x10a2, 0x10a2, 0x10a2, 0x10a2, 0x10a2, 0x10a2, 0x10a2, 0x10a2, 0x10a2, 0x10a2, 0x10a2, 0x10a2, 0x10a2, 0x10a2, 
	0x10a2, 0x10a2, 0x10a2, 0x10a2, 0x10a2, 0x10a2, 0x10a2, 0x10a2, 0x10a2, 0x10a2, 0x10a2, 0x10a2, 0x10a2, 0x10a2, 0x10a2, 0x10a2, 
	0x10a2, 0x10a2, 0x10a2, 0x10a2, 0x10a2, 0x10a2, 0x10a2, 0x10a2, 0x10a2, 0x10a2, 0x10a2, 0x10a2, 0x10a2, 0x10a2, 0x10a2, 0x10a2, 
	0x10a2, 0x10a2, 0x10a2, 0x10a2, 0x10a2, 0x10a2, 0x10a2, 0x10a2, 0x10a2, 0x10a2, 0x10a2, 0x10a2, 0x10a2, 0x10a2, 0x10a2, 0x10a2, 
	0x10a2, 0x10a2, 0x10a2, 0x10a2, 0x10a2, 0x10a2, 0x10a2, 0x10a2, 0x10a2, 0x10a2, 0x10a2, 0x10a2, 0x10a2, 0x10a2, 0x10a2, 0x10a2, 
	0x10a2, 0x10a2, 0x10a2, 0x10a2, 0x10a2, 0x10a2, 0x10a2, 0x10a2, 0x10a2, 0x10a2, 0x10a2, 0x10a2, 0x10a2, 0x10a2, 0x10a2, 0x10a2, 
	0x10a2, 0x1082, 0x4228, 0x6b4d, 0x630c, 0x2124, 0x1082, 0x18c3, 0x0861, 0x18e3, 0x528a, 0x7bcf, 0x8c71, 0x9492, 0x9492, 0x8c71, 
	0x8c71, 0x8c71, 0x8c71, 0x9492, 0x9492, 0x8c71, 0x7bcf, 0x4a49, 0x18c3, 0x0861, 0x10a2, 0x18a2, 0x1082, 0x10a2, 0x3186, 0x5acb, 
	0x6b4d, 0x632c, 0x630c, 0x632c, 0x632c, 0x632c, 0x632c, 0x632c, 0x632c, 0x632c, 0x632c, 0x632c, 0x632c, 0x632c, 0x632c, 0x632c, 
	0x6b4d, 0x6b6d, 0x5acb, 0x3186, 0x10a2, 0x1082, 0x10a2, 0x10a2, 0x10a2, 0x10a2, 0x10a2, 0x10a2, 0x10a2, 0x10a2, 0x10a2, 0x10a2, 
	0x10a2, 0x10a2, 0x10a2, 0x10a2, 0x10a2, 0x10a2, 0x10a2, 0x10a2, 0x10a2, 0x10a2, 0x10a2, 0x10a2, 0x10a2, 0x10a2, 0x10a2, 0x10a2, 
	0x10a2, 0x10a2, 0x10a2, 0x10a2, 0x10a2, 0x10a2, 0x10a2, 0x10a2, 0x10a2, 0x10a2, 0x10a2, 0x10a2, 0x10a2, 0x10a2, 0x10a2, 0x10a2, 
	0x10a2, 0x10a2, 0x10a2, 0x10a2, 0x10a2, 0x10a2, 0x10a2, 0x10a2, 0x10a2, 0x10a2, 0x10a2, 0x10a2, 0x10a2, 0x10a2, 0x10a2, 0x10a2, 
	0x10a2, 0x10a2, 0x10a2, 0x10a2, 0x10a2, 0x10a2, 0x10a2, 0x10a2, 0x10a2, 0x10a2, 0x10a2, 0x10a2, 0x10a2, 0x10a2, 0x10a2, 0x10a2, 
	0x10a2, 0x10a2, 0x10a2, 0x10a2, 0x10a2, 0x10a2, 0x10a2, 0x10a2, 0x10a2, 0x10a2, 0x10a2, 0x10a2, 0x10a2, 0x10a2, 0x10a2, 0x10a2, 
	0x10a2, 0x10a2, 0x10a2, 0x10a2, 0x10a2, 0x10a2, 0x10a2, 0x10a2, 0x10a2, 0x10a2, 0x10a2, 0x10a2, 0x10a2, 0x10a2, 0x10a2, 0x10a2, 
	0x10a2, 0x10a2, 0x10a2, 0x10a2, 0x10a2, 0x10a2, 0x10a2, 0x10a2, 0x10a2, 0x10a2, 0x10a2, 0x10a2, 0x10a2, 0x10a2, 0x10a2, 0x10a2, 
	0x10a2, 0x10a2, 0x10a2, 0x10a2, 0x10a2, 0x10a2, 0x10a2, 0x10a2, 0x10a2, 0x10a2, 0x10a2, 0x10a2, 0x10a2, 0x10a2, 0x10a2, 0x10a2, 
	0x10a2, 0x10a2, 0x10a2, 0x10a2, 0x10a2, 0x10a2, 0x10a2, 0x10a2, 0x10a2, 0x10a2, 0x10a2, 0x10a2, 0x10a2, 0x10a2, 0x10a2, 0x10a2, 
	0x10a2, 0x10a2, 0x10a2, 0x10a2, 0x10a2, 0x10a2, 0x10a2, 0x10a2, 0x10a2, 0x10a2, 0x10a2, 0x10a2, 0x10a2, 0x10a2, 0x10a2, 0x10a2, 
	0x10a2, 0x10a2, 0x10a2, 0x10a2, 0x10a2, 0x10a2, 0x10a2, 0x10a2, 0x10a2, 0x10a2, 0x10a2, 0x10a2, 0x10a2, 0x10a2, 0x10a2, 0x10a2, 
	0x10a2, 0x1082, 0x4a69, 0x6b4d, 0x2124, 0x1082, 0x10a2, 0x1081, 0x4228, 0x8410, 0x9492, 0x8c71, 0x8c51, 0x8c30, 0x8c51, 0x8c51, 
	0x8c51, 0x8c51, 0x8c51, 0x8c30, 0x8c30, 0x8c51, 0x8c71, 0x9492, 0x7bef, 0x4228, 0x10a2, 0x0861, 0x10a2, 0x10a2, 0x1082, 0x10a2, 
	0x31a6, 0x5acb, 0x6b4d, 0x632c, 0x630c, 0x632c, 0x632c, 0x632c, 0x632c, 0x632c, 0x632c, 0x632c, 0x632c, 0x632c, 0x632c, 0x632c, 
	0x632c, 0x632c, 0x6b4d, 0x6b6d, 0x52aa, 0x2965, 0x1082, 0x1082, 0x10a2, 0x10a2, 0x10a2, 0x10a2, 0x10a2, 0x10a2, 0x10a2, 0x10a2, 
	0x10a2, 0x10a2, 0x10a2, 0x10a2, 0x10a2, 0x10a2, 0x10a2, 0x10a2, 0x10a2, 0x10a2, 0x10a2, 0x10a2, 0x10a2, 0x10a2, 0x10a2, 0x10a2, 
	0x10a2, 0x10a2, 0x10a2, 0x10a2, 0x10a2, 0x10a2, 0x10a2, 0x10a2, 0x10a2, 0x10a2, 0x10a2, 0x10a2, 0x10a2, 0x10a2, 0x10a2, 0x10a2, 
	0x10a2, 0x10a2, 0x10a2, 0x10a2, 0x10a2, 0x10a2, 0x10a2, 0x10a2, 0x10a2, 0x10a2, 0x10a2, 0x10a2, 0x10a2, 0x10a2, 0x10a2, 0x10a2, 
	0x10a2, 0x10a2, 0x10a2, 0x10a2, 0x10a2, 0x10a2, 0x10a2, 0x10a2, 0x10a2, 0x10a2, 0x10a2, 0x10a2, 0x10a2, 0x10a2, 0x10a2, 0x10a2, 
	0x10a2, 0x10a2, 0x10a2, 0x10a2, 0x10a2, 0x10a2, 0x10a2, 0x10a2, 0x10a2, 0x10a2, 0x10a2, 0x10a2, 0x10a2, 0x10a2, 0x10a2, 0x10a2, 
	0x10a2, 0x10a2, 0x10a2, 0x10a2, 0x10a2, 0x10a2, 0x10a2, 0x10a2, 0x10a2, 0x10a2, 0x10a2, 0x10a2, 0x10a2, 0x10a2, 0x10a2, 0x10a2, 
	0x10a2, 0x10a2, 0x10a2, 0x10a2, 0x10a2, 0x10a2, 0x10a2, 0x10a2, 0x10a2, 0x10a2, 0x10a2, 0x10a2, 0x10a2, 0x10a2, 0x10a2, 0x10a2, 
	0x10a2, 0x10a2, 0x10a2, 0x10a2, 0x10a2, 0x10a2, 0x10a2, 0x10a2, 0x10a2, 0x10a2, 0x10a2, 0x10a2, 0x10a2, 0x10a2, 0x10a2, 0x10a2, 
	0x10a2, 0x10a2, 0x10a2, 0x10a2, 0x10a2, 0x10a2, 0x10a2, 0x10a2, 0x10a2, 0x10a2, 0x10a2, 0x10a2, 0x10a2, 0x10a2, 0x10a2, 0x10a2, 
	0x10a2, 0x10a2, 0x10a2, 0x10a2, 0x10a2, 0x10a2, 0x10a2, 0x10a2, 0x10a2, 0x10a2, 0x10a2, 0x10a2, 0x10a2, 0x10a2, 0x10a2, 0x10a2, 
	0x10a2, 0x10a2, 0x10a2, 0x10a2, 0x10a2, 0x10a2, 0x10a2, 0x10a2, 0x10a2, 0x10a2, 0x10a2, 0x10a2, 0x10a2, 0x10a2, 0x10a2, 0x10a2, 
	0x10a2, 0x1082, 0x4208, 0x39e7, 0x1082, 0x10a2, 0x10a2, 0x630c, 0x9492, 0x8c71, 0x8c50, 0x8c51, 0x8c51, 0x8c51, 0x8c51, 0x8c51, 
	0x8c51, 0x8c51, 0x8c51, 0x8c51, 0x8c51, 0x8c51, 0x8c51, 0x8c51, 0x8c71, 0x9492, 0x7bcf, 0x4208, 0x10a2, 0x0861, 0x18c2, 0x10a2, 
	0x1082, 0x10c2, 0x39c7, 0x5aeb, 0x6b4d, 0x632c, 0x630c, 0x632c, 0x632c, 0x632c, 0x632c, 0x632c, 0x632c, 0x632c, 0x632c, 0x632c, 
	0x632c, 0x632c, 0x632c, 0x632c, 0x6b4d, 0x6b6d, 0x528a, 0x2945, 0x1082, 0x1082, 0x10a2, 0x10a2, 0x10a2, 0x10a2, 0x10a2, 0x10a2, 
	0x10a2, 0x10a2, 0x10a2, 0x10a2, 0x10a2, 0x10a2, 0x10a2, 0x10a2, 0x10a2, 0x10a2, 0x10a2, 0x10a2, 0x10a2, 0x10a2, 0x10a2, 0x10a2, 
	0x10a2, 0x10a2, 0x10a2, 0x10a2, 0x10a2, 0x10a2, 0x10a2, 0x10a2, 0x10a2, 0x10a2, 0x10a2, 0x10a2, 0x10a2, 0x10a2, 0x10a2, 0x10a2, 
	0x10a2, 0x10a2, 0x10a2, 0x10a2, 0x10a2, 0x10a2, 0x10a2, 0x10a2, 0x10a2, 0x10a2, 0x10a2, 0x10a2, 0x10a2, 0x10a2, 0x10a2, 0x10a2, 
	0x10a2, 0x10a2, 0x10a2, 0x10a2, 0x10a2, 0x10a2, 0x10a2, 0x10a2, 0x10a2, 0x10a2, 0x10a2, 0x10a2, 0x10a2, 0x10a2, 0x10a2, 0x10a2, 
	0x10a2, 0x10a2, 0x10a2, 0x10a2, 0x10a2, 0x10a2, 0x10a2, 0x10a2, 0x10a2, 0x10a2, 0x10a2, 0x10a2, 0x10a2, 0x10a2, 0x10a2, 0x10a2, 
	0x10a2, 0x10a2, 0x10a2, 0x10a2, 0x10a2, 0x10a2, 0x10a2, 0x10a2, 0x10a2, 0x10a2, 0x10a2, 0x10a2, 0x10a2, 0x10a2, 0x10a2, 0x10a2, 
	0x10a2, 0x10a2, 0x10a2, 0x10a2, 0x10a2, 0x10a2, 0x10a2, 0x10a2, 0x10a2, 0x10a2, 0x10a2, 0x10a2, 0x10a2, 0x10a2, 0x10a2, 0x10a2, 
	0x10a2, 0x10a2, 0x10a2, 0x10a2, 0x10a2, 0x10a2, 0x10a2, 0x10a2, 0x10a2, 0x10a2, 0x10a2, 0x10a2, 0x10a2, 0x10a2, 0x10a2, 0x10a2, 
	0x10a2, 0x10a2, 0x10a2, 0x10a2, 0x10a2, 0x10a2, 0x10a2, 0x10a2, 0x10a2, 0x10a2, 0x10a2, 0x10a2, 0x10a2, 0x10a2, 0x10a2, 0x10a2, 
	0x10a2, 0x10a2, 0x10a2, 0x10a2, 0x10a2, 0x10a2, 0x10a2, 0x10a2, 0x10a2, 0x10a2, 0x10a2, 0x10a2, 0x10a2, 0x10a2, 0x10a2, 0x10a2, 
	0x10a2, 0x10a2, 0x10a2, 0x10a2, 0x10a2, 0x10a2, 0x10a2, 0x10a2, 0x10a2, 0x10a2, 0x10a2, 0x10a2, 0x10a2, 0x10a2, 0x10a2, 0x10a2, 
	0x10a2, 0x10a2, 0x18e3, 0x18c2, 0x10a2, 0x10a2, 0x6b6d, 0x9492, 0x8c30, 0x8c51, 0x8c51, 0x8c51, 0x8c51, 0x8c51, 0x8c51, 0x8c51, 
	0x8c51, 0x8c51, 0x8c51, 0x8c51, 0x8c51, 0x8c51, 0x8c51, 0x8c51, 0x8c51, 0x8c51, 0x8c71, 0x9492, 0x73ae, 0x39c7, 0x1082, 0x0861, 
	0x10a2, 0x10a2, 0x1082, 0x18c3, 0x39e7, 0x5aeb, 0x6b4d, 0x632c, 0x632c, 0x632c, 0x632c, 0x632c, 0x632c, 0x632c, 0x632c, 0x632c, 
	0x632c, 0x632c, 0x632c, 0x632c, 0x632c, 0x632c, 0x6b4d, 0x6b4d, 0x4a69, 0x2124, 0x1082, 0x1082, 0x10a2, 0x10a2, 0x10a2, 0x10a2, 
	0x10a2, 0x10a2, 0x10a2, 0x10a2, 0x10a2, 0x10a2, 0x10a2, 0x10a2, 0x10a2, 0x10a2, 0x10a2, 0x10a2, 0x10a2, 0x10a2, 0x10a2, 0x10a2, 
	0x10a2, 0x10a2, 0x10a2, 0x10a2, 0x10a2, 0x10a2, 0x10a2, 0x10a2, 0x10a2, 0x10a2, 0x10a2, 0x10a2, 0x10a2, 0x10a2, 0x10a2, 0x10a2, 
	0x10a2, 0x10a2, 0x10a2, 0x10a2, 0x10a2, 0x10a2, 0x10a2, 0x10a2, 0x10a2, 0x10a2, 0x10a2, 0x10a2, 0x10a2, 0x10a2, 0x10a2, 0x10a2, 
	0x10a2, 0x10a2, 0x10a2, 0x10a2, 0x10a2, 0x10a2, 0x10a2, 0x10a2, 0x10a2, 0x10a2, 0x10a2, 0x10a2, 0x10a2, 0x10a2, 0x10a2, 0x10a2, 
	0x10a2, 0x10a2, 0x10a2, 0x10a2, 0x10a2, 0x10a2, 0x10a2, 0x10a2, 0x10a2, 0x10a2, 0x10a2, 0x10a2, 0x10a2, 0x10a2, 0x10a2, 0x10a2, 
	0x10a2, 0x10a2, 0x10a2, 0x10a2, 0x10a2, 0x10a2, 0x10a2, 0x10a2, 0x10a2, 0x10a2, 0x10a2, 0x10a2, 0x10a2, 0x10a2, 0x10a2, 0x10a2, 
	0x10a2, 0x10a2, 0x10a2, 0x10a2, 0x10a2, 0x10a2, 0x10a2, 0x10a2, 0x10a2, 0x10a2, 0x10a2, 0x10a2, 0x10a2, 0x10a2, 0x10a2, 0x10a2, 
	0x10a2, 0x10a2, 0x10a2, 0x10a2, 0x10a2, 0x10a2, 0x10a2, 0x10a2, 0x10a2, 0x10a2, 0x10a2, 0x10a2, 0x10a2, 0x10a2, 0x10a2, 0x10a2, 
	0x10a2, 0x10a2, 0x10a2, 0x10a2, 0x10a2, 0x10a2, 0x10a2, 0x10a2, 0x10a2, 0x10a2, 0x10a2, 0x10a2, 0x10a2, 0x10a2, 0x10a2, 0x10a2, 
	0x10a2, 0x10a2, 0x10a2, 0x10a2, 0x10a2, 0x10a2, 0x10a2, 0x10a2, 0x10a2, 0x10a2, 0x10a2, 0x10a2, 0x10a2, 0x10a2, 0x10a2, 0x10a2, 
	0x10a2, 0x10a2, 0x10a2, 0x10a2, 0x10a2, 0x10a2, 0x10a2, 0x10a2, 0x10a2, 0x10a2, 0x10a2, 0x10a2, 0x10a2, 0x10a2, 0x10a2, 0x10a2, 
	0x10a2, 0x10a2, 0x10a2, 0x10a2, 0x18c3, 0x738e, 0x9492, 0x8c30, 0x8c51, 0x8c51, 0x8c51, 0x8c51, 0x8c51, 0x8c51, 0x8c51, 0x8c51, 
	0x8c51, 0x8c51, 0x8c51, 0x8c51, 0x8c51, 0x8c51, 0x8c51, 0x8c51, 0x8c51, 0x8c51, 0x8c51, 0x8c30, 0x8c71, 0x8c71, 0x6b6d, 0x31a6, 
	0x1082, 0x1082, 0x18c3, 0x10a2, 0x1082, 0x18e3, 0x4208, 0x630c, 0x6b4d, 0x632c, 0x632c, 0x632c, 0x632c, 0x632c, 0x632c, 0x632c, 
	0x632c, 0x632c, 0x632c, 0x632c, 0x632c, 0x632c, 0x632c, 0x632c, 0x6b4d, 0x6b4d, 0x4a49, 0x2124, 0x1082, 0x10a2, 0x10a2, 0x10a2, 
	0x10a2, 0x10a2, 0x10a2, 0x10a2, 0x10a2, 0x10a2, 0x10a2, 0x10a2, 0x10a2, 0x10a2, 0x10a2, 0x10a2, 0x10a2, 0x10a2, 0x10a2, 0x10a2, 
	0x10a2, 0x10a2, 0x10a2, 0x10a2, 0x10a2, 0x10a2, 0x10a2, 0x10a2, 0x10a2, 0x10a2, 0x10a2, 0x10a2, 0x10a2, 0x10a2, 0x10a2, 0x10a2, 
	0x10a2, 0x10a2, 0x10a2, 0x10a2, 0x10a2, 0x10a2, 0x10a2, 0x10a2, 0x10a2, 0x10a2, 0x10a2, 0x10a2, 0x10a2, 0x10a2, 0x10a2, 0x10a2, 
	0x10a2, 0x10a2, 0x10a2, 0x10a2, 0x10a2, 0x10a2, 0x10a2, 0x10a2, 0x10a2, 0x10a2, 0x10a2, 0x10a2, 0x10a2, 0x10a2, 0x10a2, 0x10a2, 
	0x10a2, 0x10a2, 0x10a2, 0x10a2, 0x10a2, 0x10a2, 0x10a2, 0x10a2, 0x10a2, 0x10a2, 0x10a2, 0x10a2, 0x10a2, 0x10a2, 0x10a2, 0x10a2, 
	0x10a2, 0x10a2, 0x10a2, 0x10a2, 0x10a2, 0x10a2, 0x10a2, 0x10a2, 0x10a2, 0x10a2, 0x10a2, 0x10a2, 0x10a2, 0x10a2, 0x10a2, 0x10a2, 
	0x10a2, 0x10a2, 0x10a2, 0x10a2, 0x10a2, 0x10a2, 0x10a2, 0x10a2, 0x10a2, 0x10a2, 0x10a2, 0x10a2, 0x10a2, 0x10a2, 0x10a2, 0x10a2, 
	0x10a2, 0x10a2, 0x10a2, 0x10a2, 0x10a2, 0x10a2, 0x10a2, 0x10a2, 0x10a2, 0x10a2, 0x10a2, 0x10a2, 0x10a2, 0x10a2, 0x10a2, 0x10a2, 
	0x10a2, 0x10a2, 0x10a2, 0x10a2, 0x10a2, 0x10a2, 0x10a2, 0x10a2, 0x10a2, 0x10a2, 0x10a2, 0x10a2, 0x10a2, 0x10a2, 0x10a2, 0x10a2, 
	0x10a2, 0x10a2, 0x10a2, 0x10a2, 0x10a2, 0x10a2, 0x10a2, 0x10a2, 0x10a2, 0x10a2, 0x10a2, 0x10a2, 0x10a2, 0x10a2, 0x10a2, 0x10a2, 
	0x10a2, 0x10a2, 0x10a2, 0x10a2, 0x10a2, 0x10a2, 0x10a2, 0x10a2, 0x10a2, 0x10a2, 0x10a2, 0x10a2, 0x10a2, 0x10a2, 0x10a2, 0x10a2, 
	0x10a2, 0x18a2, 0x10a2, 0x10c2, 0x738e, 0x9492, 0x8c51, 0x8c51, 0x8c51, 0x8c51, 0x8c51, 0x8c51, 0x8c51, 0x8c51, 0x8c51, 0x8c51, 
	0x8c51, 0x8c51, 0x8c51, 0x8c51, 0x8c51, 0x8c51, 0x8c51, 0x8c51, 0x8c51, 0x8c51, 0x8c51, 0x8c51, 0x8c51, 0x8430, 0x8c71, 0x8c71, 
	0x6b4d, 0x2965, 0x0861, 0x1082, 0x18c3, 0x10a2, 0x1082, 0x2104, 0x4228, 0x632c, 0x6b4d, 0x632c, 0x630c, 0x632c, 0x632c, 0x632c, 
	0x632c, 0x632c, 0x632c, 0x632c, 0x632c, 0x632c, 0x632c, 0x632c, 0x632c, 0x632c, 0x6b4d, 0x632c, 0x4a49, 0x2104, 0x1082, 0x10a2, 
	0x10a2, 0x10a2, 0x10a2, 0x10a2, 0x10a2, 0x10a2, 0x10a2, 0x10a2, 0x10a2, 0x10a2, 0x10a2, 0x10a2, 0x10a2, 0x10a2, 0x10a2, 0x10a2, 
	0x10a2, 0x10a2, 0x10a2, 0x10a2, 0x10a2, 0x10a2, 0x10a2, 0x10a2, 0x10a2, 0x10a2, 0x10a2, 0x10a2, 0x10a2, 0x10a2, 0x10a2, 0x10a2, 
	0x10a2, 0x10a2, 0x10a2, 0x10a2, 0x10a2, 0x10a2, 0x10a2, 0x10a2, 0x10a2, 0x10a2, 0x10a2, 0x10a2, 0x10a2, 0x10a2, 0x10a2, 0x10a2, 
	0x10a2, 0x10a2, 0x10a2, 0x10a2, 0x10a2, 0x10a2, 0x10a2, 0x10a2, 0x10a2, 0x10a2, 0x10a2, 0x10a2, 0x10a2, 0x10a2, 0x10a2, 0x10a2, 
	0x10a2, 0x10a2, 0x10a2, 0x10a2, 0x10a2, 0x10a2, 0x10a2, 0x10a2, 0x10a2, 0x10a2, 0x10a2, 0x10a2, 0x10a2, 0x10a2, 0x10a2, 0x10a2, 
	0x10a2, 0x10a2, 0x10a2, 0x10a2, 0x10a2, 0x10a2, 0x10a2, 0x10a2, 0x10a2, 0x10a2, 0x10a2, 0x10a2, 0x10a2, 0x10a2, 0x10a2, 0x10a2, 
	0x10a2, 0x10a2, 0x10a2, 0x10a2, 0x10a2, 0x10a2, 0x10a2, 0x10a2, 0x10a2, 0x10a2, 0x10a2, 0x10a2, 0x10a2, 0x10a2, 0x10a2, 0x10a2, 
	0x10a2, 0x10a2, 0x10a2, 0x10a2, 0x10a2, 0x10a2, 0x10a2, 0x10a2, 0x10a2, 0x10a2, 0x10a2, 0x10a2, 0x10a2, 0x10a2, 0x10a2, 0x10a2, 
	0x10a2, 0x10a2, 0x10a2, 0x10a2, 0x10a2, 0x10a2, 0x10a2, 0x10a2, 0x10a2, 0x10a2, 0x10a2, 0x10a2, 0x10a2, 0x10a2, 0x10a2, 0x10a2, 
	0x10a2, 0x10a2, 0x10a2, 0x10a2, 0x10a2, 0x10a2, 0x10a2, 0x10a2, 0x10a2, 0x10a2, 0x10a2, 0x10a2, 0x10a2, 0x10a2, 0x10a2, 0x10a2, 
	0x10a2, 0x10a2, 0x10a2, 0x10a2, 0x10a2, 0x10a2, 0x10a2, 0x10a2, 0x10a2, 0x10a2, 0x10a2, 0x10a2, 0x10a2, 0x10a2, 0x10a2, 0x10a2, 
	0x10a2, 0x10a2, 0x10a2, 0x6b6d, 0x9492, 0x8c51, 0x8c51, 0x8c51, 0x8c51, 0x8c51, 0x8c51, 0x8c51, 0x8c51, 0x8c51, 0x8c51, 0x8c51, 
	0x8c51, 0x8c51, 0x8c51, 0x8c51, 0x8c51, 0x8c51, 0x8c51, 0x8c51, 0x8c51, 0x8c51, 0x8c51, 0x8c51, 0x8c51, 0x8c51, 0x8c51, 0x8430, 
	0x8c71, 0x8c51, 0x632c, 0x2965, 0x0861, 0x1082, 0x18c3, 0x10a2, 0x1082, 0x2104, 0x4a49, 0x632c, 0x6b4d, 0x632c, 0x630c, 0x632c, 
	0x632c, 0x632c, 0x632c, 0x632c, 0x632c, 0x632c, 0x632c, 0x632c, 0x632c, 0x632c, 0x632c, 0x632c, 0x6b6d, 0x632c, 0x4228, 0x18e3, 
	0x1082, 0x10a2, 0x10a2, 0x10a2, 0x10a2, 0x10a2, 0x10a2, 0x10a2, 0x10a2, 0x10a2, 0x10a2, 0x10a2, 0x10a2, 0x10a2, 0x10a2, 0x10a2, 
	0x10a2, 0x10a2, 0x10a2, 0x10a2, 0x10a2, 0x10a2, 0x10a2, 0x10a2, 0x10a2, 0x10a2, 0x10a2, 0x10a2, 0x10a2, 0x10a2, 0x10a2, 0x10a2, 
	0x10a2, 0x10a2, 0x10a2, 0x10a2, 0x10a2, 0x10a2, 0x10a2, 0x10a2, 0x10a2, 0x10a2, 0x10a2, 0x10a2, 0x10a2, 0x10a2, 0x10a2, 0x10a2, 
	0x10a2, 0x10a2, 0x10a2, 0x10a2, 0x10a2, 0x10a2, 0x10a2, 0x10a2, 0x10a2, 0x10a2, 0x10a2, 0x10a2, 0x10a2, 0x10a2, 0x10a2, 0x10a2, 
	0x10a2, 0x10a2, 0x10a2, 0x10a2, 0x10a2, 0x10a2, 0x10a2, 0x10a2, 0x10a2, 0x10a2, 0x10a2, 0x10a2, 0x10a2, 0x10a2, 0x10a2, 0x10a2, 
	0x10a2, 0x10a2, 0x10a2, 0x10a2, 0x10a2, 0x10a2, 0x10a2, 0x10a2, 0x10a2, 0x10a2, 0x10a2, 0x10a2, 0x10a2, 0x10a2, 0x10a2, 0x10a2, 
	0x10a2, 0x10a2, 0x10a2, 0x10a2, 0x10a2, 0x10a2, 0x10a2, 0x10a2, 0x10a2, 0x10a2, 0x10a2, 0x10a2, 0x10a2, 0x10a2, 0x10a2, 0x10a2, 
	0x10a2, 0x10a2, 0x10a2, 0x10a2, 0x10a2, 0x10a2, 0x10a2, 0x10a2, 0x10a2, 0x10a2, 0x10a2, 0x10a2, 0x10a2, 0x10a2, 0x10a2, 0x10a2, 
	0x10a2, 0x10a2, 0x10a2, 0x10a2, 0x10a2, 0x10a2, 0x10a2, 0x10a2, 0x10a2, 0x10a2, 0x10a2, 0x10a2, 0x10a2, 0x10a2, 0x10a2, 0x10a2, 
	0x10a2, 0x10a2, 0x10a2, 0x10a2, 0x10a2, 0x10a2, 0x10a2, 0x10a2, 0x10a2, 0x10a2, 0x10a2, 0x10a2, 0x10a2, 0x10a2, 0x10a2, 0x10a2, 
	0x10a2, 0x10a2, 0x10a2, 0x10a2, 0x10a2, 0x10a2, 0x10a2, 0x10a2, 0x10a2, 0x10a2, 0x10a2, 0x10a2, 0x10a2, 0x10a2, 0x10a2, 0x10a2, 
	0x10a2, 0x10a2, 0x6b6d, 0x9492, 0x8c51, 0x8c51, 0x8c51, 0x8c51, 0x8c51, 0x8c51, 0x8c51, 0x8430, 0x8430, 0x8430, 0x8c51, 0x8c51, 
	0x8c51, 0x8c51, 0x8c51, 0x8c51, 0x8c51, 0x8c51, 0x8c51, 0x8c51, 0x8c51, 0x8c51, 0x8c51, 0x8c51, 0x8c51, 0x8c51, 0x8c51, 0x8c51, 
	0x8430, 0x8c51, 0x9492, 0x8c51, 0x630c, 0x2124, 0x0861, 0x1082, 0x18c3, 0x10a2, 0x1082, 0x2124, 0x4a69, 0x632c, 0x6b4d, 0x632c, 
	0x632c, 0x632c, 0x632c, 0x632c, 0x632c, 0x632c, 0x632c, 0x632c, 0x632c, 0x632c, 0x632c, 0x632c, 0x632c, 0x632c, 0x6b4d, 0x630c, 
	0x4208, 0x18e3, 0x1082, 0x10a2, 0x10a2, 0x10a2, 0x10a2, 0x10a2, 0x10a2, 0x10a2, 0x10a2, 0x10a2, 0x10a2, 0x10a2, 0x10a2, 0x10a2, 
	0x10a2, 0x10a2, 0x10a2, 0x10a2, 0x10a2, 0x10a2, 0x10a2, 0x10a2, 0x10a2, 0x10a2, 0x10a2, 0x10a2, 0x10a2, 0x10a2, 0x10a2, 0x10a2, 
	0x10a2, 0x10a2, 0x10a2, 0x10a2, 0x10a2, 0x10a2, 0x10a2, 0x10a2, 0x10a2, 0x10a2, 0x10a2, 0x10a2, 0x10a2, 0x10a2, 0x10a2, 0x10a2, 
	0x10a2, 0x10a2, 0x10a2, 0x10a2, 0x10a2, 0x10a2, 0x10a2, 0x10a2, 0x10a2, 0x10a2, 0x10a2, 0x10a2, 0x10a2, 0x10a2, 0x10a2, 0x10a2, 
	0x10a2, 0x10a2, 0x10a2, 0x10a2, 0x10a2, 0x10a2, 0x10a2, 0x10a2, 0x10a2, 0x10a2, 0x10a2, 0x10a2, 0x10a2, 0x10a2, 0x10a2, 0x10a2, 
	0x10a2, 0x10a2, 0x10a2, 0x10a2, 0x10a2, 0x10a2, 0x10a2, 0x10a2, 0x10a2, 0x10a2, 0x10a2, 0x10a2, 0x10a2, 0x10a2, 0x10a2, 0x10a2, 
	0x10a2, 0x10a2, 0x10a2, 0x10a2, 0x10a2, 0x10a2, 0x10a2, 0x10a2, 0x10a2, 0x10a2, 0x10a2, 0x10a2, 0x10a2, 0x10a2, 0x10a2, 0x10a2, 
	0x10a2, 0x10a2, 0x10a2, 0x10a2, 0x10a2, 0x10a2, 0x10a2, 0x10a2, 0x10a2, 0x10a2, 0x10a2, 0x10a2, 0x10a2, 0x10a2, 0x10a2, 0x10a2, 
	0x10a2, 0x10a2, 0x10a2, 0x10a2, 0x10a2, 0x10a2, 0x10a2, 0x10a2, 0x10a2, 0x10a2, 0x10a2, 0x10a2, 0x10a2, 0x10a2, 0x10a2, 0x10a2, 
	0x10a2, 0x10a2, 0x10a2, 0x10a2, 0x10a2, 0x10a2, 0x10a2, 0x10a2, 0x10a2, 0x10a2, 0x10a2, 0x10a2, 0x10a2, 0x10a2, 0x10a2, 0x10a2, 
	0x10a2, 0x10a2, 0x10a2, 0x10a2, 0x10a2, 0x10a2, 0x10a2, 0x10a2, 0x10a2, 0x10a2, 0x10a2, 0x10a2, 0x10a2, 0x10a2, 0x10a2, 0x10a2, 
	0x18a2, 0x736d, 0x9492, 0x8c51, 0x8c51, 0x8c51, 0x8c51, 0x8c51, 0x8c51, 0x8c71, 0x9492, 0x9492, 0x9492, 0x9492, 0x8c71, 0x8c51, 
	0x8431, 0x8c51, 0x8c51, 0x8c51, 0x8c51, 0x8c51, 0x8c51, 0x8c51, 0x8c51, 0x8c51, 0x8c51, 0x8c51, 0x8c51, 0x8c51, 0x8c51, 0x8c51, 
	0x8c51, 0x8c51, 0x8c51, 0x8c51, 0x9492, 0x8430, 0x5aca, 0x2124, 0x0861, 0x10a2, 0x18c3, 0x1082, 0x1082, 0x2945, 0x528a, 0x6b4d, 
	0x6b4d, 0x630c, 0x630c, 0x632c, 0x632c, 0x632c, 0x632c, 0x632c, 0x632c, 0x632c, 0x632c, 0x632c, 0x632c, 0x632c, 0x630c, 0x632c, 
	0x6b4d, 0x632c, 0x3186, 0x1082, 0x10a2, 0x10a2, 0x10a2, 0x10a2, 0x10a2, 0x10a2, 0x10a2, 0x10a2, 0x10a2, 0x10a2, 0x10a2, 0x10a2, 
	0x10a2, 0x10a2, 0x10a2, 0x10a2, 0x10a2, 0x10a2, 0x10a2, 0x10a2, 0x10a2, 0x10a2, 0x10a2, 0x10a2, 0x10a2, 0x10a2, 0x10a2, 0x10a2, 
	0x10a2, 0x10a2, 0x10a2, 0x10a2, 0x10a2, 0x10a2, 0x10a2, 0x10a2, 0x10a2, 0x10a2, 0x10a2, 0x10a2, 0x10a2, 0x10a2, 0x10a2, 0x10a2, 
	0x10a2, 0x10a2, 0x10a2, 0x10a2, 0x10a2, 0x10a2, 0x10a2, 0x10a2, 0x10a2, 0x10a2, 0x10a2, 0x10a2, 0x10a2, 0x10a2, 0x10a2, 0x10a2, 
	0x10a2, 0x10a2, 0x10a2, 0x10a2, 0x10a2, 0x10a2, 0x10a2, 0x10a2, 0x10a2, 0x10a2, 0x10a2, 0x10a2, 0x10a2, 0x10a2, 0x10a2, 0x10a2, 
	0x10a2, 0x10a2, 0x10a2, 0x10a2, 0x10a2, 0x10a2, 0x10a2, 0x10a2, 0x10a2, 0x10a2, 0x10a2, 0x10a2, 0x10a2, 0x10a2, 0x10a2, 0x10a2, 
	0x10a2, 0x10a2, 0x10a2, 0x10a2, 0x10a2, 0x10a2, 0x10a2, 0x10a2, 0x10a2, 0x10a2, 0x10a2, 0x10a2, 0x10a2, 0x10a2, 0x10a2, 0x10a2, 
	0x10a2, 0x10a2, 0x10a2, 0x10a2, 0x10a2, 0x10a2, 0x10a2, 0x10a2, 0x10a2, 0x10a2, 0x10a2, 0x10a2, 0x10a2, 0x10a2, 0x10a2, 0x10a2, 
	0x10a2, 0x10a2, 0x10a2, 0x10a2, 0x10a2, 0x10a2, 0x10a2, 0x10a2, 0x10a2, 0x10a2, 0x10a2, 0x10a2, 0x10a2, 0x10a2, 0x10a2, 0x10a2, 
	0x10a2, 0x10a2, 0x10a2, 0x10a2, 0x10a2, 0x10a2, 0x10a2, 0x10a2, 0x10a2, 0x10a2, 0x10a2, 0x10a2, 0x10a2, 0x10a2, 0x10a2, 0x10a2, 
	0x10a2, 0x10a2, 0x10a2, 0x10a2, 0x10a2, 0x10a2, 0x10a2, 0x10a2, 0x10a2, 0x10a2, 0x10a2, 0x10a2, 0x10a2, 0x10a2, 0x10a2, 0x10a2, 
	0x6b6d, 0x94b2, 0x8c51, 0x8c51, 0x8c51, 0x8c51, 0x8c51, 0x8c71, 0x9492, 0x8410, 0x6b6d, 0x5aeb, 0x5acb, 0x630c, 0x738e, 0x8430, 
	0x9492, 0x8c71, 0x8430, 0x8c50, 0x8c51, 0x8c51, 0x8c51, 0x8c51, 0x8c51, 0x8c51, 0x8c51, 0x8c51, 0x8c51, 0x8c51, 0x8c51, 0x8c51, 
	0x8c51, 0x8c51, 0x8c51, 0x8c51, 0x8c51, 0x8c51, 0x9492, 0x8430, 0x52aa, 0x2104, 0x0861, 0x10a2, 0x18c3, 0x1082, 0x1082, 0x2965, 
	0x528a, 0x6b4d, 0x632d, 0x630c, 0x630c, 0x632c, 0x632c, 0x632c, 0x632c, 0x632c, 0x632c, 0x632c, 0x632c, 0x632c, 0x632c, 0x632c, 
	0x630c, 0x6b6d, 0x4a49, 0x1082, 0x10a2, 0x10a2, 0x10a2, 0x10a2, 0x10a2, 0x10a2, 0x10a2, 0x10a2, 0x10a2, 0x10a2, 0x10a2, 0x10a2, 
	0x10a2, 0x10a2, 0x10a2, 0x10a2, 0x10a2, 0x10a2, 0x10a2, 0x10a2, 0x10a2, 0x10a2, 0x10a2, 0x10a2, 0x10a2, 0x10a2, 0x10a2, 0x10a2, 
	0x10a2, 0x10a2, 0x10a2, 0x10a2, 0x10a2, 0x10a2, 0x10a2, 0x10a2, 0x10a2, 0x10a2, 0x10a2, 0x10a2, 0x10a2, 0x10a2, 0x10a2, 0x10a2, 
	0x10a2, 0x10a2, 0x10a2, 0x10a2, 0x10a2, 0x10a2, 0x10a2, 0x10a2, 0x10a2, 0x10a2, 0x10a2, 0x10a2, 0x10a2, 0x10a2, 0x10a2, 0x10a2, 
	0x10a2, 0x10a2, 0x10a2, 0x10a2, 0x10a2, 0x10a2, 0x10a2, 0x10a2, 0x10a2, 0x10a2, 0x10a2, 0x10a2, 0x10a2, 0x10a2, 0x10a2, 0x10a2, 
	0x10a2, 0x10a2, 0x10a2, 0x10a2, 0x10a2, 0x10a2, 0x10a2, 0x10a2, 0x10a2, 0x10a2, 0x10a2, 0x10a2, 0x10a2, 0x10a2, 0x10a2, 0x10a2, 
	0x10a2, 0x10a2, 0x10a2, 0x10a2, 0x10a2, 0x10a2, 0x10a2, 0x10a2, 0x10a2, 0x10a2, 0x10a2, 0x10a2, 0x10a2, 0x10a2, 0x10a2, 0x10a2, 
	0x10a2, 0x10a2, 0x10a2, 0x10a2, 0x10a2, 0x10a2, 0x10a2, 0x10a2, 0x10a2, 0x10a2, 0x10a2, 0x10a2, 0x10a2, 0x10a2, 0x10a2, 0x10a2, 
	0x10a2, 0x10a2, 0x10a2, 0x10a2, 0x10a2, 0x10a2, 0x10a2, 0x10a2, 0x10a2, 0x10a2, 0x10a2, 0x10a2, 0x10a2, 0x10a2, 0x10a2, 0x10a2, 
	0x10a2, 0x10a2, 0x10a2, 0x10a2, 0x10a2, 0x10a2, 0x10a2, 0x10a2, 0x10a2, 0x10a2, 0x10a2, 0x10a2, 0x10a2, 0x10a2, 0x10a2, 0x10a2, 
	0x10a2, 0x10a2, 0x10a2, 0x10a2, 0x10a2, 0x10a2, 0x10a2, 0x10a2, 0x10a2, 0x10a2, 0x10a2, 0x10a2, 0x18a2, 0x10a2, 0x10a2, 0x6b6d, 
	0x9492, 0x8c51, 0x8c51, 0x8c51, 0x8c51, 0x8c51, 0x8c71, 0x8430, 0x39e7, 0x18c3, 0x1082, 0x0861, 0x0861, 0x0882, 0x10a2, 0x2104, 
	0x4228, 0x73ae, 0x8c71, 0x8c51, 0x8c30, 0x8c51, 0x8c51, 0x8c51, 0x8c51, 0x8c51, 0x8c51, 0x8c51, 0x8c51, 0x8c51, 0x8c51, 0x8c51, 
	0x8c51, 0x8c51, 0x8c51, 0x8c51, 0x8c51, 0x8c51, 0x8c51, 0x8c51, 0x9492, 0x8430, 0x528a, 0x18e3, 0x0861, 0x10a2, 0x18c3, 0x1082, 
	0x10a2, 0x3186, 0x52aa, 0x6b4d, 0x632c, 0x630c, 0x630c, 0x632c, 0x632c, 0x632c, 0x632c, 0x632c, 0x632c, 0x632c, 0x632c, 0x632c, 
	0x632c, 0x6b6d, 0x4228, 0x1082, 0x10c3, 0x10a2, 0x10a2, 0x10a2, 0x10a2, 0x10a2, 0x10a2, 0x10a2, 0x10a2, 0x10a2, 0x10a2, 0x10a2, 
	0x10a2, 0x10a2, 0x10a2, 0x10a2, 0x10a2, 0x10a2, 0x10a2, 0x10a2, 0x10a2, 0x10a2, 0x10a2, 0x10a2, 0x10a2, 0x10a2, 0x10a2, 0x10a2, 
	0x10a2, 0x10a2, 0x10a2, 0x10a2, 0x10a2, 0x10a2, 0x10a2, 0x10a2, 0x10a2, 0x10a2, 0x10a2, 0x10a2, 0x10a2, 0x10a2, 0x10a2, 0x10a2, 
	0x10a2, 0x10a2, 0x10a2, 0x10a2, 0x10a2, 0x10a2, 0x10a2, 0x10a2, 0x10a2, 0x10a2, 0x10a2, 0x10a2, 0x10a2, 0x10a2, 0x10a2, 0x10a2, 
	0x10a2, 0x10a2, 0x10a2, 0x10a2, 0x10a2, 0x10a2, 0x10a2, 0x10a2, 0x10a2, 0x10a2, 0x10a2, 0x10a2, 0x10a2, 0x10a2, 0x10a2, 0x10a2, 
	0x10a2, 0x10a2, 0x10a2, 0x10a2, 0x10a2, 0x10a2, 0x10a2, 0x10a2, 0x10a2, 0x10a2, 0x10a2, 0x10a2, 0x10a2, 0x10a2, 0x10a2, 0x10a2, 
	0x10a2, 0x10a2, 0x10a2, 0x10a2, 0x10a2, 0x10a2, 0x10a2, 0x10a2, 0x10a2, 0x10a2, 0x10a2, 0x10a2, 0x10a2, 0x10a2, 0x10a2, 0x10a2, 
	0x10a2, 0x10a2, 0x10a2, 0x10a2, 0x10a2, 0x10a2, 0x10a2, 0x10a2, 0x10a2, 0x10a2, 0x10a2, 0x10a2, 0x10a2, 0x10a2, 0x10a2, 0x10a2, 
	0x10a2, 0x10a2, 0x10a2, 0x10a2, 0x10a2, 0x10a2, 0x10a2, 0x10a2, 0x10a2, 0x10a2, 0x10a2, 0x10a2, 0x10a2, 0x10a2, 0x10a2, 0x10a2, 
	0x10a2, 0x10a2, 0x10a2, 0x10a2, 0x10a2, 0x10a2, 0x10a2, 0x10a2, 0x10a2, 0x10a2, 0x10a2, 0x10a2, 0x10a2, 0x10a2, 0x10a2, 0x10a2, 
	0x10a2, 0x10a2, 0x10a2, 0x10a2, 0x10a2, 0x10a2, 0x10a2, 0x10a2, 0x10a2, 0x10a2, 0x10a2, 0x10a2, 0x10a2, 0x18a2, 0x6b6d, 0x9492, 
	0x8c51, 0x8c51, 0x8c51, 0x8c51, 0x8c51, 0x8c71, 0x8430, 0x2965, 0x0861, 0x10a2, 0x10a2, 0x1082, 0x1082, 0x1082, 0x1082, 0x1082, 
	0x0861, 0x10a2, 0x4a49, 0x8430, 0x8c51, 0x8c50, 0x8c51, 0x8c51, 0x8c51, 0x8c51, 0x8c51, 0x8c51, 0x8c51, 0x8c51, 0x8c51, 0x8c51, 
	0x8c51, 0x8c51, 0x8c51, 0x8c51, 0x8c51, 0x8c51, 0x8c51, 0x8c51, 0x8c51, 0x8c71, 0x94b2, 0x8430, 0x4a69, 0x18c3, 0x0861, 0x10a2, 
	0x18c2, 0x1082, 0x10a2, 0x3186, 0x52aa, 0x6b4d, 0x632c, 0x630c, 0x632c, 0x632c, 0x632c, 0x632c, 0x632c, 0x632c, 0x632c, 0x632c, 
	0x632c, 0x6b6d, 0x4208, 0x1082, 0x10a2, 0x1082, 0x10a2, 0x10a2, 0x10a2, 0x10a2, 0x10a2, 0x10a2, 0x10a2, 0x10a2, 0x10a2, 0x10a2, 
	0x10a2, 0x10a2, 0x10a2, 0x10a2, 0x10a2, 0x10a2, 0x10a2, 0x10a2, 0x10a2, 0x10a2, 0x10a2, 0x10a2, 0x10a2, 0x10a2, 0x10a2, 0x10a2, 
	0x10a2, 0x10a2, 0x10a2, 0x10a2, 0x10a2, 0x10a2, 0x10a2, 0x10a2, 0x10a2, 0x10a2, 0x10a2, 0x10a2, 0x10a2, 0x10a2, 0x10a2, 0x10a2, 
	0x10a2, 0x10a2, 0x10a2, 0x10a2, 0x10a2, 0x10a2, 0x10a2, 0x10a2, 0x10a2, 0x10a2, 0x10a2, 0x10a2, 0x10a2, 0x10a2, 0x10a2, 0x10a2, 
	0x10a2, 0x10a2, 0x10a2, 0x10a2, 0x10a2, 0x10a2, 0x10a2, 0x10a2, 0x10a2, 0x10a2, 0x10a2, 0x10a2, 0x10a2, 0x10a2, 0x10a2, 0x10a2, 
	0x10a2, 0x10a2, 0x10a2, 0x10a2, 0x10a2, 0x10a2, 0x10a2, 0x10a2, 0x10a2, 0x10a2, 0x10a2, 0x10a2, 0x10a2, 0x10a2, 0x10a2, 0x10a2, 
	0x10a2, 0x10a2, 0x10a2, 0x10a2, 0x10a2, 0x10a2, 0x10a2, 0x10a2, 0x10a2, 0x10a2, 0x10a2, 0x10a2, 0x10a2, 0x10a2, 0x10a2, 0x10a2, 
	0x10a2, 0x10a2, 0x10a2, 0x10a2, 0x10a2, 0x10a2, 0x10a2, 0x10a2, 0x10a2, 0x10a2, 0x10a2, 0x10a2, 0x10a2, 0x10a2, 0x10a2, 0x10a2, 
	0x10a2, 0x10a2, 0x10a2, 0x10a2, 0x10a2, 0x10a2, 0x10a2, 0x10a2, 0x10a2, 0x10a2, 0x10a2, 0x10a2, 0x10a2, 0x10a2, 0x10a2, 0x10a2, 
	0x10a2, 0x10a2, 0x10a2, 0x10a2, 0x10a2, 0x10a2, 0x10a2, 0x10a2, 0x10a2, 0x10a2, 0x10a2, 0x10a2, 0x10a2, 0x10a2, 0x10a2, 0x10a2, 
	0x10a2, 0x10a2, 0x10a2, 0x10a2, 0x10a2, 0x10a2, 0x10a2, 0x10a2, 0x10a2, 0x10a2, 0x10a2, 0x10a2, 0x10a2, 0x736d, 0x9492, 0x8c51, 
	0x8c51, 0x8c51, 0x8c51, 0x8c51, 0x8c71, 0x8430, 0x2965, 0x1081, 0x18c3, 0x1082, 0x10a2, 0x2945, 0x31a6, 0x3186, 0x2124, 0x18a2, 
	0x1082, 0x10a2, 0x0861, 0x2965, 0x8410, 0x8c71, 0x8c51, 0x8c51, 0x8c51, 0x8c51, 0x8c51, 0x8c51, 0x8c51, 0x8c51, 0x8c51, 0x8c51, 
	0x8c51, 0x8c51, 0x8c51, 0x8c51, 0x8c51, 0x8c51, 0x8c51, 0x8c51, 0x8c51, 0x8c51, 0x8c51, 0x8c71, 0x94b2, 0x7bcf, 0x4208, 0x10a2, 
	0x0861, 0x10a2, 0x18c3, 0x1082, 0x10a2, 0x31a6, 0x5aeb, 0x6b4d, 0x632c, 0x632c, 0x632c, 0x632c, 0x632c, 0x632c, 0x632c, 0x632c, 
	0x632c, 0x6b4d, 0x2965, 0x1081, 0x18e3, 0x2124, 0x1081, 0x10a2, 0x18c3, 0x10a2, 0x10a2, 0x10a2, 0x10a2, 0x10a2, 0x10a2, 0x10a2, 
	0x10a2, 0x10a2, 0x10a2, 0x10a2, 0x10a2, 0x10a2, 0x10a2, 0x10a2, 0x10a2, 0x10a2, 0x10a2, 0x10a2, 0x10a2, 0x10a2, 0x10a2, 0x10a2, 
	0x10a2, 0x10a2, 0x10a2, 0x10a2, 0x10a2, 0x10a2, 0x10a2, 0x10a2, 0x10a2, 0x10a2, 0x10a2, 0x10a2, 0x10a2, 0x10a2, 0x10a2, 0x10a2, 
	0x10a2, 0x10a2, 0x10a2, 0x10a2, 0x10a2, 0x10a2, 0x10a2, 0x10a2, 0x10a2, 0x10a2, 0x10a2, 0x10a2, 0x10a2, 0x10a2, 0x10a2, 0x10a2, 
	0x10a2, 0x10a2, 0x10a2, 0x10a2, 0x10a2, 0x10a2, 0x10a2, 0x10a2, 0x10a2, 0x10a2, 0x10a2, 0x10a2, 0x10a2, 0x10a2, 0x10a2, 0x10a2, 
	0x10a2, 0x10a2, 0x10a2, 0x10a2, 0x10a2, 0x10a2, 0x10a2, 0x10a2, 0x10a2, 0x10a2, 0x10a2, 0x10a2, 0x10a2, 0x10a2, 0x10a2, 0x10a2, 
	0x10a2, 0x10a2, 0x10a2, 0x10a2, 0x10a2, 0x10a2, 0x10a2, 0x10a2, 0x10a2, 0x10a2, 0x10a2, 0x10a2, 0x10a2, 0x10a2, 0x10a2, 0x10a2, 
	0x10a2, 0x10a2, 0x10a2, 0x10a2, 0x10a2, 0x10a2, 0x10a2, 0x10a2, 0x10a2, 0x10a2, 0x10a2, 0x10a2, 0x10a2, 0x10a2, 0x10a2, 0x10a2, 
	0x10a2, 0x10a2, 0x10a2, 0x10a2, 0x10a2, 0x10a2, 0x10a2, 0x10a2, 0x10a2, 0x10a2, 0x10a2, 0x10a2, 0x10a2, 0x10a2, 0x10a2, 0x10a2, 
	0x10a2, 0x10a2, 0x10a2, 0x10a2, 0x10a2, 0x10a2, 0x10a2, 0x10a2, 0x10a2, 0x10a2, 0x10a2, 0x10a2, 0x10a2, 0x10a2, 0x10a2, 0x10a2, 
	0x10a2, 0x10a2, 0x10a2, 0x10a2, 0x10a2, 0x10a2, 0x10a2, 0x10a2, 0x10a2, 0x10a2, 0x10a2, 0x10a2, 0x6b4d, 0x9492, 0x8c51, 0x8c51, 
	0x8c51, 0x8c51, 0x8c51, 0x8c71, 0x8450, 0x2965, 0x1082, 0x18c3, 0x1082, 0x2945, 0x5acb, 0x6b2c, 0x6b4d, 0x6b2c, 0x632c, 0x5acb, 
	0x31a6, 0x10a2, 0x10a2, 0x1082, 0x2944, 0x8410, 0x8c71, 0x8c51, 0x8c51, 0x8c51, 0x8c51, 0x8c51, 0x8c51, 0x8c51, 0x8c51, 0x8c51, 
	0x8c51, 0x8c51, 0x8c51, 0x8c51, 0x8c51, 0x8c51, 0x8c51, 0x8c51, 0x8c51, 0x8c51, 0x8c51, 0x8c51, 0x8c51, 0x8c71, 0x9492, 0x7bcf, 
	0x39e7, 0x10a2, 0x1082, 0x18c3, 0x18c2, 0x1082, 0x18c3, 0x39c7, 0x5aeb, 0x6b4d, 0x632c, 0x632c, 0x632c, 0x632c, 0x632c, 0x630c, 
	0x632c, 0x5acb, 0x10a2, 0x1082, 0x2104, 0x632c, 0x4228, 0x18e3, 0x1082, 0x10a2, 0x18c3, 0x10a2, 0x10a2, 0x10a2, 0x10a2, 0x10a2, 
	0x10a2, 0x10a2, 0x10a2, 0x10a2, 0x10a2, 0x10a2, 0x10a2, 0x10a2, 0x10a2, 0x10a2, 0x10a2, 0x10a2, 0x10a2, 0x10a2, 0x10a2, 0x10a2, 
	0x10a2, 0x10a2, 0x10a2, 0x10a2, 0x10a2, 0x10a2, 0x10a2, 0x10a2, 0x10a2, 0x10a2, 0x10a2, 0x10a2, 0x10a2, 0x10a2, 0x10a2, 0x10a2, 
	0x10a2, 0x10a2, 0x10a2, 0x10a2, 0x10a2, 0x10a2, 0x10a2, 0x10a2, 0x10a2, 0x10a2, 0x10a2, 0x10a2, 0x10a2, 0x10a2, 0x10a2, 0x10a2, 
	0x10a2, 0x10a2, 0x10a2, 0x10a2, 0x10a2, 0x10a2, 0x10a2, 0x10a2, 0x10a2, 0x10a2, 0x10a2, 0x10a2, 0x10a2, 0x10a2, 0x10a2, 0x10a2, 
	0x10a2, 0x10a2, 0x10a2, 0x10a2, 0x10a2, 0x10a2, 0x10a2, 0x10a2, 0x10a2, 0x10a2, 0x10a2, 0x10a2, 0x10a2, 0x10a2, 0x10a2, 0x10a2, 
	0x10a2, 0x10a2, 0x10a2, 0x10a2, 0x10a2, 0x10a2, 0x10a2, 0x10a2, 0x10a2, 0x10a2, 0x10a2, 0x10a2, 0x10a2, 0x10a2, 0x10a2, 0x10a2, 
	0x10a2, 0x10a2, 0x10a2, 0x10a2, 0x10a2, 0x10a2, 0x10a2, 0x10a2, 0x10a2, 0x10a2, 0x10a2, 0x10a2, 0x10a2, 0x10a2, 0x10a2, 0x10a2, 
	0x10a2, 0x10a2, 0x10a2, 0x10a2, 0x10a2, 0x10a2, 0x10a2, 0x10a2, 0x10a2, 0x10a2, 0x10a2, 0x10a2, 0x10a2, 0x10a2, 0x10a2, 0x10a2, 
	0x10a2, 0x10a2, 0x10a2, 0x10a2, 0x10a2, 0x10a2, 0x10a2, 0x10a2, 0x10a2, 0x10a2, 0x10a2, 0x10a2, 0x10a2, 0x10a2, 0x10a2, 0x10a2, 
	0x10a2, 0x10a2, 0x10a2, 0x10a2, 0x10a2, 0x10a2, 0x10a2, 0x10a2, 0x10a2, 0x10a2, 0x10a2, 0x6b4d, 0x9491, 0x8c30, 0x8c51, 0x8c51, 
	0x8c51, 0x8c51, 0x8c71, 0x8430, 0x2965, 0x1081, 0x18c3, 0x1082, 0x2965, 0x6b2c, 0x6b4d, 0x630c, 0x630c, 0x630c, 0x630c, 0x632c, 
	0x6b4d, 0x5289, 0x18c3, 0x10a2, 0x1061, 0x3186, 0x8c71, 0x8c51, 0x8c51, 0x8c51, 0x8c51, 0x8c51, 0x8c51, 0x8c51, 0x8c51, 0x8c51, 
	0x8c51, 0x8c51, 0x8c51, 0x8c51, 0x8c51, 0x8c51, 0x8c51, 0x8c51, 0x8c51, 0x8c51, 0x8c51, 0x8c51, 0x8c51, 0x8c51, 0x8c51, 0x8c71, 
	0x9492, 0x73ae, 0x39c7, 0x10a2, 0x1082, 0x18c3, 0x10a2, 0x1081, 0x18c3, 0x39e7, 0x630c, 0x6b4d, 0x632c, 0x632c, 0x630c, 0x630c, 
	0x6b4d, 0x2965, 0x1082, 0x1082, 0x2104, 0x632c, 0x6b6d, 0x630c, 0x39e7, 0x18e3, 0x1082, 0x10a2, 0x18c2, 0x10a2, 0x10a2, 0x10a2, 
	0x10a2, 0x10a2, 0x10a2, 0x10a2, 0x10a2, 0x10a2, 0x10a2, 0x10a2, 0x10a2, 0x10a2, 0x10a2, 0x10a2, 0x10a2, 0x10a2, 0x10a2, 0x10a2, 
	0x10a2, 0x10a2, 0x10a2, 0x10a2, 0x10a2, 0x10a2, 0x10a2, 0x10a2, 0x10a2, 0x10a2, 0x10a2, 0x10a2, 0x10a2, 0x10a2, 0x10a2, 0x10a2, 
	0x10a2, 0x10a2, 0x10a2, 0x10a2, 0x10a2, 0x10a2, 0x10a2, 0x10a2, 0x10a2, 0x10a2, 0x10a2, 0x10a2, 0x10a2, 0x10a2, 0x10a2, 0x10a2, 
	0x10a2, 0x10a2, 0x10a2, 0x10a2, 0x10a2, 0x10a2, 0x10a2, 0x10a2, 0x10a2, 0x10a2, 0x10a2, 0x10a2, 0x10a2, 0x10a2, 0x10a2, 0x10a2, 
	0x10a2, 0x10a2, 0x10a2, 0x10a2, 0x10a2, 0x10a2, 0x10a2, 0x10a2, 0x10a2, 0x10a2, 0x10a2, 0x10a2, 0x10a2, 0x10a2, 0x10a2, 0x10a2, 
	0x10a2, 0x10a2, 0x10a2, 0x10a2, 0x10a2, 0x10a2, 0x10a2, 0x10a2, 0x10a2, 0x10a2, 0x10a2, 0x10a2, 0x10a2, 0x10a2, 0x10a2, 0x10a2, 
	0x10a2, 0x10a2, 0x10a2, 0x10a2, 0x10a2, 0x10a2, 0x10a2, 0x10a2, 0x10a2, 0x10a2, 0x10a2, 0x10a2, 0x10a2, 0x10a2, 0x10a2, 0x10a2, 
	0x10a2, 0x10a2, 0x10a2, 0x10a2, 0x10a2, 0x10a2, 0x10a2, 0x10a2, 0x10a2, 0x10a2, 0x10a2, 0x10a2, 0x10a2, 0x10a2, 0x10a2, 0x10a2, 
	0x10a2, 0x10a2, 0x10a2, 0x10a2, 0x10a2, 0x10a2, 0x10a2, 0x10a2, 0x10a2, 0x10a2, 0x10a2, 0x10a2, 0x10a2, 0x10a2, 0x10a2, 0x10a2, 
	0x10a2, 0x10a2, 0x10a2, 0x10a2, 0x10a2, 0x10a2, 0x10a2, 0x10a2, 0x1082, 0x18c3, 0x6b6d, 0x9471, 0x8430, 0x8c51, 0x8c51, 0x8c51, 
	0x8c51, 0x8c71, 0x8430, 0x2965, 0x0861, 0x18c3, 0x1082, 0x3186, 0x6b4c, 0x632c, 0x632c, 0x632c, 0x632c, 0x632c, 0x632c, 0x630c, 
	0x630c, 0x6b4d, 0x5aaa, 0x18c3, 0x10a2, 0x0861, 0x528a, 0x9492, 0x8c51, 0x8c51, 0x8c51, 0x8c51, 0x8c51, 0x8c51, 0x8c51, 0x8c51, 
	0x8c51, 0x8c51, 0x8c51, 0x8c51, 0x8c51, 0x8c51, 0x8c51, 0x8c51, 0x8c51, 0x8c51, 0x8c51, 0x8c51, 0x8c51, 0x8c51, 0x8c51, 0x8c51, 
	0x8c51, 0x9492, 0x9492, 0x738e, 0x31a6, 0x1082, 0x1082, 0x18c3, 0x10a2, 0x1081, 0x18c3, 0x4208, 0x632c, 0x632c, 0x632c, 0x6b6d, 
	0x4208, 0x1082, 0x18c3, 0x1082, 0x31a6, 0x6b4d, 0x630c, 0x632c, 0x6b6d, 0x630c, 0x39e7, 0x18c3, 0x1082, 0x10a2, 0x10a2, 0x10a2, 
	0x10a2, 0x10a2, 0x10a2, 0x10a2, 0x10a2, 0x10a2, 0x10a2, 0x10a2, 0x10a2, 0x10a2, 0x10a2, 0x10a2, 0x10a2, 0x10a2, 0x10a2, 0x10a2, 
	0x10a2, 0x10a2, 0x10a2, 0x10a2, 0x10a2, 0x10a2, 0x10a2, 0x10a2, 0x10a2, 0x10a2, 0x10a2, 0x10a2, 0x10a2, 0x10a2, 0x10a2, 0x10a2, 
	0x10a2, 0x10a2, 0x10a2, 0x10a2, 0x10a2, 0x10a2, 0x10a2, 0x10a2, 0x10a2, 0x10a2, 0x10a2, 0x10a2, 0x10a2, 0x10a2, 0x10a2, 0x10a2, 
	0x10a2, 0x10a2, 0x10a2, 0x10a2, 0x10a2, 0x10a2, 0x10a2, 0x10a2, 0x10a2, 0x10a2, 0x10a2, 0x10a2, 0x10a2, 0x10a2, 0x10a2, 0x10a2, 
	0x10a2, 0x10a2, 0x10a2, 0x10a2, 0x10a2, 0x10a2, 0x10a2, 0x10a2, 0x10a2, 0x10a2, 0x10a2, 0x10a2, 0x10a2, 0x10a2, 0x10a2, 0x10a2, 
	0x10a2, 0x10a2, 0x10a2, 0x10a2, 0x10a2, 0x10a2, 0x10a2, 0x10a2, 0x10a2, 0x10a2, 0x10a2, 0x10a2, 0x10a2, 0x10a2, 0x10a2, 0x10a2, 
	0x10a2, 0x10a2, 0x10a2, 0x10a2, 0x10a2, 0x10a2, 0x10a2, 0x10a2, 0x10a2, 0x10a2, 0x10a2, 0x10a2, 0x10a2, 0x10a2, 0x10a2, 0x10a2, 
	0x10a2, 0x10a2, 0x10a2, 0x10a2, 0x10a2, 0x10a2, 0x10a2, 0x10a2, 0x10a2, 0x10a2, 0x10a2, 0x10a2, 0x10a2, 0x10a2, 0x10a2, 0x10a2, 
	0x10a2, 0x10a2, 0x10a2, 0x10a2, 0x10a2, 0x10a2, 0x10a2, 0x10a2, 0x10a2, 0x10a2, 0x10a2, 0x10a2, 0x10a2, 0x10a2, 0x10a2, 0x10a2, 
	0x10a2, 0x10a2, 0x10a2, 0x10a2, 0x10a2, 0x10a2, 0x18a2, 0x1082, 0x10a2, 0x738e, 0x9492, 0x8430, 0x8c51, 0x8c51, 0x8c51, 0x8c51, 
	0x8c71, 0x8c51, 0x2965, 0x0861, 0x18c3, 0x1081, 0x3186, 0x6b4d, 0x632c, 0x632c, 0x632c, 0x632c, 0x632c, 0x632c, 0x632c, 0x632c, 
	0x632c, 0x630c, 0x6b4d, 0x4a69, 0x1082, 0x10a2, 0x18c3, 0x7bef, 0x8c71, 0x8c51, 0x8c51, 0x8c51, 0x8c51, 0x8c51, 0x8c51, 0x8c51, 
	0x8c51, 0x8c51, 0x8c51, 0x8c51, 0x8c51, 0x8c51, 0x8c51, 0x8c51, 0x8c51, 0x8c51, 0x8c51, 0x8c51, 0x8c51, 0x8c51, 0x8c51, 0x8c51, 
	0x8c51, 0x8c51, 0x8c51, 0x9492, 0x8c71, 0x6b4d, 0x2965, 0x0861, 0x1082, 0x18c3, 0x10a2, 0x0861, 0x31a6, 0x6b4d, 0x5acb, 0x4208, 
	0x10a2, 0x10a2, 0x18c2, 0x10a2, 0x528a, 0x632c, 0x632c, 0x632c, 0x632c, 0x632c, 0x6b4d, 0x5aeb, 0x39c7, 0x18c3, 0x1082, 0x10a2, 
	0x10a2, 0x10a2, 0x10a2, 0x10a2, 0x10a2, 0x10a2, 0x10a2, 0x10a2, 0x10a2, 0x10a2, 0x10a2, 0x10a2, 0x10a2, 0x10a2, 0x10a2, 0x10a2, 
	0x10a2, 0x10a2, 0x10a2, 0x10a2, 0x10a2, 0x10a2, 0x10a2, 0x10a2, 0x10a2, 0x10a2, 0x10a2, 0x10a2, 0x10a2, 0x10a2, 0x10a2, 0x10a2, 
	0x10a2, 0x10a2, 0x10a2, 0x10a2, 0x10a2, 0x10a2, 0x10a2, 0x10a2, 0x10a2, 0x10a2, 0x10a2, 0x10a2, 0x10a2, 0x10a2, 0x10a2, 0x10a2, 
	0x10a2, 0x10a2, 0x10a2, 0x10a2, 0x10a2, 0x10a2, 0x10a2, 0x10a2, 0x10a2, 0x10a2, 0x10a2, 0x10a2, 0x10a2, 0x10a2, 0x10a2, 0x10a2, 
	0x10a2, 0x10a2, 0x10a2, 0x10a2, 0x10a2, 0x10a2, 0x10a2, 0x10a2, 0x10a2, 0x10a2, 0x10a2, 0x10a2, 0x10a2, 0x10a2, 0x10a2, 0x10a2, 
	0x10a2, 0x10a2, 0x10a2, 0x10a2, 0x10a2, 0x10a2, 0x10a2, 0x10a2, 0x10a2, 0x10a2, 0x10a2, 0x10a2, 0x10a2, 0x10a2, 0x10a2, 0x10a2, 
	0x10a2, 0x10a2, 0x10a2, 0x10a2, 0x10a2, 0x10a2, 0x10a2, 0x10a2, 0x10a2, 0x10a2, 0x10a2, 0x10a2, 0x10a2, 0x10a2, 0x10a2, 0x10a2, 
	0x10a2, 0x10a2, 0x10a2, 0x10a2, 0x10a2, 0x10a2, 0x10a2, 0x10a2, 0x10a2, 0x10a2, 0x10a2, 0x10a2, 0x10a2, 0x10a2, 0x10a2, 0x10a2, 
	0x10a2, 0x10a2, 0x10a2, 0x10a2, 0x10a2, 0x10a2, 0x10a2, 0x10a2, 0x10a2, 0x10a2, 0x10a2, 0x10a2, 0x10a2, 0x10a2, 0x10a2, 0x10a2, 
	0x10a2, 0x10a2, 0x10a2, 0x10a2, 0x10a2, 0x18c2, 0x1082, 0x10a2, 0x6b6d, 0x9492, 0x8430, 0x8c51, 0x8c51, 0x8c51, 0x8c51, 0x8c51, 
	0x8c51, 0x3186, 0x0861, 0x18c3, 0x1081, 0x3186, 0x6b4c, 0x632c, 0x632c, 0x632c, 0x632c, 0x632c, 0x632c, 0x632c, 0x632c, 0x632c, 
	0x632c, 0x632c, 0x630c, 0x6b4d, 0x2965, 0x1082, 0x0861, 0x528a, 0x9492, 0x8c51, 0x8c51, 0x8c51, 0x8c51, 0x8c51, 0x8c51, 0x8c51, 
	0x8c51, 0x8c51, 0x8c51, 0x8c51, 0x8c51, 0x8c51, 0x8c51, 0x8c51, 0x8c51, 0x8c51, 0x8c51, 0x8c51, 0x8c51, 0x8c51, 0x8c51, 0x8c51, 
	0x8c51, 0x8c71, 0x8c51, 0x8c51, 0x8c51, 0x9492, 0x8c71, 0x630c, 0x2945, 0x1061, 0x10a2, 0x10a2, 0x10a2, 0x2945, 0x10a2, 0x1082, 
	0x10a2, 0x18c3, 0x1082, 0x31a6, 0x632c, 0x630c, 0x632c, 0x632c, 0x632c, 0x632c, 0x630c, 0x632c, 0x6b4d, 0x5acb, 0x31a6, 0x10a2, 
	0x1082, 0x10a2, 0x18c2, 0x10a2, 0x10a2, 0x10a2, 0x10a2, 0x10a2, 0x10a2, 0x10a2, 0x10a2, 0x10a2, 0x10a2, 0x10a2, 0x10a2, 0x10a2, 
	0x10a2, 0x10a2, 0x10a2, 0x10a2, 0x10a2, 0x10a2, 0x10a2, 0x10a2, 0x10a2, 0x10a2, 0x10a2, 0x10a2, 0x10a2, 0x10a2, 0x10a2, 0x10a2, 
	0x10a2, 0x10a2, 0x10a2, 0x10a2, 0x10a2, 0x10a2, 0x10a2, 0x10a2, 0x10a2, 0x10a2, 0x10a2, 0x10a2, 0x10a2, 0x10a2, 0x10a2, 0x10a2, 
	0x10a2, 0x10a2, 0x10a2, 0x10a2, 0x10a2, 0x10a2, 0x10a2, 0x10a2, 0x10a2, 0x10a2, 0x10a2, 0x10a2, 0x10a2, 0x10a2, 0x10a2, 0x10a2, 
	0x10a2, 0x10a2, 0x10a2, 0x10a2, 0x10a2, 0x10a2, 0x10a2, 0x10a2, 0x10a2, 0x10a2, 0x10a2, 0x10a2, 0x10a2, 0x10a2, 0x10a2, 0x10a2, 
	0x10a2, 0x10a2, 0x10a2, 0x10a2, 0x10a2, 0x10a2, 0x10a2, 0x10a2, 0x10a2, 0x10a2, 0x10a2, 0x10a2, 0x10a2, 0x10a2, 0x10a2, 0x10a2, 
	0x10a2, 0x10a2, 0x10a2, 0x10a2, 0x10a2, 0x10a2, 0x10a2, 0x10a2, 0x10a2, 0x10a2, 0x10a2, 0x10a2, 0x10a2, 0x10a2, 0x10a2, 0x10a2, 
	0x10a2, 0x10a2, 0x10a2, 0x10a2, 0x10a2, 0x10a2, 0x10a2, 0x10a2, 0x10a2, 0x10a2, 0x10a2, 0x10a2, 0x10a2, 0x10a2, 0x10a2, 0x10a2, 
	0x10a2, 0x10a2, 0x10a2, 0x10a2, 0x10a2, 0x10a2, 0x10a2, 0x10a2, 0x10a2, 0x10a2, 0x10a2, 0x10a2, 0x10a2, 0x10a2, 0x10a2, 0x10a2, 
	0x10a2, 0x10a2, 0x10a2, 0x10a2, 0x18a2, 0x1082, 0x10a2, 0x6b6d, 0x9492, 0x8c50, 0x8c51, 0x8c51, 0x8c51, 0x8c51, 0x8c71, 0x8c51, 
	0x3186, 0x0861, 0x18c3, 0x1082, 0x31a6, 0x6b4c, 0x632c, 0x632c, 0x632c, 0x632c, 0x632c, 0x632c, 0x632c, 0x632c, 0x632c, 0x632c, 
	0x632c, 0x632c, 0x630c, 0x6b4d, 0x528a, 0x1082, 0x1082, 0x2945, 0x8c71, 0x8c51, 0x8c51, 0x8c51, 0x8c51, 0x8c51, 0x8c51, 0x8c51, 
	0x8c51, 0x8c51, 0x8c51, 0x8c51, 0x8c51, 0x8c51, 0x8c51, 0x8c51, 0x8c51, 0x8c51, 0x8c51, 0x8c51, 0x8c51, 0x8c51, 0x8c51, 0x8c51, 
	0x8c71, 0x8c71, 0x8c71, 0x8c51, 0x8c51, 0x8c51, 0x8c51, 0x8c71, 0x8c71, 0x4a69, 0x1082, 0x10a2, 0x10a2, 0x1082, 0x10a2, 0x18c3, 
	0x10a2, 0x1082, 0x2965, 0x630c, 0x630c, 0x630c, 0x632c, 0x632c, 0x632c, 0x632c, 0x632c, 0x632c, 0x630c, 0x632c, 0x632d, 0x52aa, 
	0x31a6, 0x18c2, 0x1082, 0x10a2, 0x10a2, 0x10a2, 0x10a2, 0x10a2, 0x10a2, 0x10a2, 0x10a2, 0x10a2, 0x10a2, 0x10a2, 0x10a2, 0x10a2, 
	0x10a2, 0x10a2, 0x10a2, 0x10a2, 0x10a2, 0x10a2, 0x10a2, 0x10a2, 0x10a2, 0x10a2, 0x10a2, 0x10a2, 0x10a2, 0x10a2, 0x10a2, 0x10a2, 
	0x10a2, 0x10a2, 0x10a2, 0x10a2, 0x10a2, 0x10a2, 0x10a2, 0x10a2, 0x10a2, 0x10a2, 0x10a2, 0x10a2, 0x10a2, 0x10a2, 0x10a2, 0x10a2, 
	0x10a2, 0x10a2, 0x10a2, 0x10a2, 0x10a2, 0x10a2, 0x10a2, 0x10a2, 0x10a2, 0x10a2, 0x10a2, 0x10a2, 0x10a2, 0x10a2, 0x10a2, 0x10a2, 
	0x10a2, 0x10a2, 0x10a2, 0x10a2, 0x10a2, 0x10a2, 0x10a2, 0x10a2, 0x10a2, 0x10a2, 0x10a2, 0x10a2, 0x10a2, 0x10a2, 0x10a2, 0x10a2, 
	0x10a2, 0x10a2, 0x10a2, 0x10a2, 0x10a2, 0x10a2, 0x10a2, 0x10a2, 0x10a2, 0x10a2, 0x10a2, 0x10a2, 0x10a2, 0x10a2, 0x10a2, 0x10a2, 
	0x10a2, 0x10a2, 0x10a2, 0x10a2, 0x10a2, 0x10a2, 0x10a2, 0x10a2, 0x10a2, 0x10a2, 0x10a2, 0x10a2, 0x10a2, 0x10a2, 0x10a2, 0x10a2, 
	0x10a2, 0x10a2, 0x10a2, 0x10a2, 0x10a2, 0x10a2, 0x10a2, 0x10a2, 0x10a2, 0x10a2, 0x10a2, 0x10a2, 0x10a2, 0x10a2, 0x10a2, 0x10a2, 
	0x10a2, 0x10a2, 0x10a2, 0x10a2, 0x10a2, 0x10a2, 0x10a2, 0x10a2, 0x10a2, 0x10a2, 0x10a2, 0x10a2, 0x10a2, 0x10a2, 0x10a2, 0x10a2, 
	0x10a2, 0x10a2, 0x10a2, 0x10a2, 0x1082, 0x18c2, 0x738d, 0x9492, 0x8c50, 0x8c51, 0x8c51, 0x8c51, 0x8c51, 0x8c71, 0x8c71, 0x31a6, 
	0x0861, 0x18c3, 0x1082, 0x31a6, 0x6b4d, 0x632c, 0x632c, 0x632c, 0x632c, 0x632c, 0x632c, 0x632c, 0x632c, 0x632c, 0x632c, 0x632c, 
	0x632c, 0x632c, 0x632c, 0x632c, 0x630c, 0x2103, 0x1082, 0x18c3, 0x7bcf, 0x8c71, 0x8c51, 0x8c51, 0x8c51, 0x8c51, 0x8c51, 0x8c51, 
	0x8c51, 0x8c51, 0x8c51, 0x8c51, 0x8c51, 0x8c51, 0x8c51, 0x8c51, 0x8c51, 0x8c51, 0x8c51, 0x8c51, 0x8c51, 0x8c51, 0x8c51, 0x8c51, 
	0x8c51, 0x8c51, 0x8c51, 0x8c51, 0x8c51, 0x8c51, 0x8c51, 0x8430, 0x8c51, 0x9492, 0x4a49, 0x1061, 0x18c3, 0x10a2, 0x10a2, 0x1082, 
	0x18e3, 0x41e7, 0x632c, 0x630c, 0x630c, 0x630c, 0x630c, 0x632c, 0x632c, 0x632c, 0x632c, 0x632c, 0x630c, 0x630c, 0x630c, 0x632c, 
	0x6b4d, 0x5acb, 0x31a6, 0x10a2, 0x1082, 0x10a2, 0x10a2, 0x10a2, 0x10a2, 0x10a2, 0x10a2, 0x10a2, 0x1082, 0x1082, 0x1082, 0x10a2, 
	0x10a2, 0x10a2, 0x10a2, 0x10a2, 0x10a2, 0x10a2, 0x10a2, 0x10a2, 0x10a2, 0x10a2, 0x10a2, 0x10a2, 0x10a2, 0x10a2, 0x10a2, 0x10a2, 
	0x10a2, 0x10a2, 0x10a2, 0x10a2, 0x10a2, 0x10a2, 0x10a2, 0x10a2, 0x10a2, 0x10a2, 0x10a2, 0x10a2, 0x10a2, 0x10a2, 0x10a2, 0x10a2, 
	0x10a2, 0x10a2, 0x10a2, 0x10a2, 0x10a2, 0x10a2, 0x10a2, 0x10a2, 0x10a2, 0x10a2, 0x10a2, 0x10a2, 0x10a2, 0x10a2, 0x10a2, 0x10a2, 
	0x10a2, 0x10a2, 0x10a2, 0x10a2, 0x10a2, 0x10a2, 0x10a2, 0x10a2, 0x10a2, 0x10a2, 0x10a2, 0x10a2, 0x10a2, 0x10a2, 0x10a2, 0x10a2, 
	0x10a2, 0x10a2, 0x10a2, 0x10a2, 0x10a2, 0x10a2, 0x10a2, 0x10a2, 0x10a2, 0x10a2, 0x10a2, 0x10a2, 0x10a2, 0x10a2, 0x10a2, 0x10a2, 
	0x10a2, 0x10a2, 0x10a2, 0x10a2, 0x10a2, 0x10a2, 0x10a2, 0x10a2, 0x10a2, 0x10a2, 0x10a2, 0x10a2, 0x10a2, 0x10a2, 0x10a2, 0x10a2, 
	0x10a2, 0x10a2, 0x10a2, 0x10a2, 0x10a2, 0x10a2, 0x10a2, 0x10a2, 0x10a2, 0x10a2, 0x10a2, 0x10a2, 0x10a2, 0x10a2, 0x10a2, 0x10a2, 
	0x10a2, 0x10a2, 0x10a2, 0x10a2, 0x10a2, 0x10a2, 0x10a2, 0x10a2, 0x10a2, 0x10a2, 0x10a2, 0x10a2, 0x10a2, 0x10a2, 0x10a2, 0x10a2, 
	0x10a2, 0x10a2, 0x10a2, 0x10a2, 0x10a2, 0x6b6d, 0x9492, 0x8c51, 0x8c51, 0x8c51, 0x8c51, 0x8c51, 0x8c71, 0x8c71, 0x39c7, 0x0861, 
	0x18c3, 0x1082, 0x31a6, 0x6b4d, 0x632c, 0x632c, 0x632c, 0x632c, 0x632c, 0x632c, 0x632c, 0x632c, 0x632c, 0x632c, 0x632c, 0x632c, 
	0x632c, 0x632c, 0x632c, 0x630c, 0x6b4d, 0x2965, 0x1082, 0x10a2, 0x6b6d, 0x9492, 0x8c51, 0x8c51, 0x8c51, 0x8c51, 0x8c51, 0x8c51, 
	0x8c51, 0x8c51, 0x8c51, 0x8c51, 0x8c51, 0x8c51, 0x8c51, 0x8c51, 0x8c51, 0x8c51, 0x8c51, 0x8c51, 0x8c51, 0x8c51, 0x8c51, 0x8c51, 
	0x8c51, 0x8c51, 0x8c51, 0x8c51, 0x8c51, 0x8c51, 0x8c51, 0x8c51, 0x8c51, 0x8c51, 0x8c51, 0x2124, 0x1082, 0x10a2, 0x18e3, 0x4208, 
	0x5aeb, 0x6b4d, 0x630c, 0x630c, 0x630c, 0x630c, 0x630c, 0x632c, 0x632c, 0x632c, 0x632c, 0x630c, 0x630c, 0x630c, 0x630c, 0x630c, 
	0x630c, 0x632c, 0x6b4d, 0x5acb, 0x2944, 0x1082, 0x10a2, 0x10a2, 0x1082, 0x1081, 0x1082, 0x18e3, 0x2124, 0x2945, 0x2104, 0x18c2, 
	0x1082, 0x10a2, 0x10a2, 0x10a2, 0x10a2, 0x10a2, 0x10a2, 0x10a2, 0x10a2, 0x10a2, 0x10a2, 0x10a2, 0x10a2, 0x10a2, 0x10a2, 0x10a2, 
	0x10a2, 0x10a2, 0x10a2, 0x10a2, 0x10a2, 0x10a2, 0x10a2, 0x10a2, 0x10a2, 0x10a2, 0x10a2, 0x10a2, 0x10a2, 0x10a2, 0x10a2, 0x10a2, 
	0x10a2, 0x10a2, 0x10a2, 0x10a2, 0x10a2, 0x10a2, 0x10a2, 0x10a2, 0x10a2, 0x10a2, 0x10a2, 0x10a2, 0x10a2, 0x10a2, 0x10a2, 0x10a2, 
	0x10a2, 0x10a2, 0x10a2, 0x10a2, 0x10a2, 0x10a2, 0x10a2, 0x10a2, 0x10a2, 0x10a2, 0x10a2, 0x10a2, 0x10a2, 0x10a2, 0x10a2, 0x10a2, 
	0x10a2, 0x10a2, 0x10a2, 0x10a2, 0x10a2, 0x10a2, 0x10a2, 0x10a2, 0x10a2, 0x10a2, 0x10a2, 0x10a2, 0x10a2, 0x10a2, 0x10a2, 0x10a2, 
	0x10a2, 0x10a2, 0x10a2, 0x10a2, 0x10a2, 0x10a2, 0x10a2, 0x10a2, 0x10a2, 0x10a2, 0x10a2, 0x10a2, 0x10a2, 0x10a2, 0x10a2, 0x10a2, 
	0x10a2, 0x10a2, 0x10a2, 0x10a2, 0x10a2, 0x10a2, 0x10a2, 0x10a2, 0x10a2, 0x10a2, 0x10a2, 0x10a2, 0x10a2, 0x10a2, 0x10a2, 0x10a2, 
	0x10a2, 0x10a2, 0x10a2, 0x10a2, 0x10a2, 0x10a2, 0x10a2, 0x10a2, 0x10a2, 0x10a2, 0x10a2, 0x10a2, 0x10a2, 0x10a2, 0x10a2, 0x10a2, 
	0x10a2, 0x10a2, 0x10a2, 0x10a2, 0x6b6d, 0x9492, 0x8c51, 0x8c51, 0x8c51, 0x8c51, 0x8c51, 0x8c51, 0x8c71, 0x39c7, 0x0861, 0x18c3, 
	0x1082, 0x39a6, 0x6b4c, 0x632c, 0x632c, 0x632c, 0x632c, 0x632c, 0x632c, 0x632c, 0x632c, 0x632c, 0x632c, 0x632c, 0x632c, 0x632c, 
	0x632c, 0x632c, 0x632c, 0x630c, 0x6b4d, 0x31a6, 0x10a2, 0x1082, 0x632c, 0x9492, 0x8c51, 0x8c51, 0x8c51, 0x8c51, 0x8c51, 0x8c51, 
	0x8c51, 0x8c51, 0x8c51, 0x8c51, 0x8c51, 0x8c51, 0x8c51, 0x8c51, 0x8c51, 0x8c51, 0x8c51, 0x8c51, 0x8c51, 0x8c51, 0x8c51, 0x8c51, 
	0x8c51, 0x8c51, 0x8c51, 0x8c51, 0x8c51, 0x8c51, 0x8c51, 0x8c51, 0x8c51, 0x8c51, 0x9492, 0x4228, 0x1081, 0x1082, 0x3186, 0x6b6d, 
	0x632c, 0x630c, 0x630c, 0x630c, 0x630c, 0x630c, 0x630c, 0x632c, 0x632c, 0x632c, 0x632c, 0x630c, 0x630c, 0x630c, 0x630c, 0x632c, 
	0x632c, 0x630c, 0x630c, 0x6b4d, 0x632c, 0x2945, 0x1082, 0x10a2, 0x2104, 0x39c7, 0x52aa, 0x632c, 0x6b4d, 0x6b4d, 0x6b4d, 0x5aeb, 
	0x4228, 0x18e3, 0x1082, 0x10a2, 0x10a2, 0x10a2, 0x10a2, 0x10a2, 0x10a2, 0x10a2, 0x10a2, 0x10a2, 0x10a2, 0x10a2, 0x10a2, 0x10a2, 
	0x10a2, 0x10a2, 0x10a2, 0x10a2, 0x10a2, 0x10a2, 0x10a2, 0x10a2, 0x10a2, 0x10a2, 0x10a2, 0x10a2, 0x10a2, 0x10a2, 0x10a2, 0x10a2, 
	0x10a2, 0x10a2, 0x10a2, 0x10a2, 0x10a2, 0x10a2, 0x10a2, 0x10a2, 0x10a2, 0x10a2, 0x10a2, 0x10a2, 0x10a2, 0x10a2, 0x10a2, 0x10a2, 
	0x10a2, 0x10a2, 0x10a2, 0x10a2, 0x10a2, 0x10a2, 0x10a2, 0x10a2, 0x10a2, 0x10a2, 0x10a2, 0x10a2, 0x10a2, 0x10a2, 0x10a2, 0x10a2, 
	0x10a2, 0x10a2, 0x10a2, 0x10a2, 0x10a2, 0x10a2, 0x10a2, 0x10a2, 0x10a2, 0x10a2, 0x10a2, 0x10a2, 0x10a2, 0x10a2, 0x10a2, 0x10a2, 
	0x10a2, 0x10a2, 0x10a2, 0x10a2, 0x10a2, 0x10a2, 0x10a2, 0x10a2, 0x10a2, 0x10a2, 0x10a2, 0x10a2, 0x10a2, 0x10a2, 0x10a2, 0x10a2, 
	0x10a2, 0x10a2, 0x10a2, 0x10a2, 0x10a2, 0x10a2, 0x10a2, 0x10a2, 0x10a2, 0x10a2, 0x10a2, 0x10a2, 0x10a2, 0x10a2, 0x10a2, 0x10a2, 
	0x10a2, 0x10a2, 0x10a2, 0x10a2, 0x10a2, 0x10a2, 0x10a2, 0x10a2, 0x10a2, 0x10a2, 0x10a2, 0x10a2, 0x10a2, 0x10a2, 0x10a2, 0x10a2, 
	0x10a2, 0x10a2, 0x10a2, 0x6b6d, 0x9492, 0x8c51, 0x8c51, 0x8c51, 0x8c51, 0x8c51, 0x8c51, 0x8c51, 0x39c7, 0x0861, 0x18c3, 0x1082, 
	0x39c7, 0x6b4d, 0x632c, 0x632c, 0x632c, 0x632c, 0x632c, 0x632c, 0x632c, 0x632c, 0x632c, 0x632c, 0x632c, 0x632c, 0x632c, 0x632c, 
	0x632c, 0x632c, 0x632c, 0x632c, 0x6b4d, 0x2965, 0x10a2, 0x10a2, 0x6b4d, 0x9492, 0x8c51, 0x8c51, 0x8c51, 0x8c51, 0x8c51, 0x8c51, 
	0x8c51, 0x8c51, 0x8c51, 0x8c51, 0x8c71, 0x8c51, 0x8c51, 0x8c51, 0x8c51, 0x8c51, 0x8c51, 0x8c51, 0x8c51, 0x8c51, 0x8c51, 0x8c51, 
	0x8c51, 0x8c51, 0x8c51, 0x8c51, 0x8c51, 0x8c51, 0x8c51, 0x8c51, 0x8c51, 0x8c51, 0x9492, 0x5aeb, 0x1081, 0x10a2, 0x2103, 0x630c, 
	0x632c, 0x632c, 0x632c, 0x630c, 0x630c, 0x630c, 0x630c, 0x632c, 0x632c, 0x632c, 0x630c, 0x630c, 0x630c, 0x630c, 0x630c, 0x632c, 
	0x632c, 0x632c, 0x632c, 0x630c, 0x6b4d, 0x630c, 0x18c3, 0x10a2, 0x5acb, 0x7bcf, 0x6b6d, 0x6b6d, 0x6b4d, 0x6b4d, 0x6b4d, 0x6b4d, 
	0x738e, 0x632c, 0x3186, 0x1082, 0x10a2, 0x10a2, 0x10a2, 0x10a2, 0x10a2, 0x10a2, 0x10a2, 0x10a2, 0x10a2, 0x10a2, 0x10a2, 0x10a2, 
	0x10a2, 0x10a2, 0x10a2, 0x10a2, 0x10a2, 0x10a2, 0x10a2, 0x10a2, 0x10a2, 0x10a2, 0x10a2, 0x10a2, 0x10a2, 0x10a2, 0x10a2, 0x10a2, 
	0x10a2, 0x10a2, 0x10a2, 0x10a2, 0x10a2, 0x10a2, 0x10a2, 0x10a2, 0x10a2, 0x10a2, 0x10a2, 0x10a2, 0x10a2, 0x10a2, 0x10a2, 0x10a2, 
	0x10a2, 0x10a2, 0x10a2, 0x10a2, 0x10a2, 0x10a2, 0x10a2, 0x10a2, 0x10a2, 0x10a2, 0x10a2, 0x10a2, 0x10a2, 0x10a2, 0x10a2, 0x10a2, 
	0x10a2, 0x10a2, 0x10a2, 0x10a2, 0x10a2, 0x10a2, 0x10a2, 0x10a2, 0x10a2, 0x10a2, 0x10a2, 0x10a2, 0x10a2, 0x10a2, 0x10a2, 0x10a2, 
	0x10a2, 0x10a2, 0x10a2, 0x10a2, 0x10a2, 0x10a2, 0x10a2, 0x10a2, 0x10a2, 0x10a2, 0x10a2, 0x10a2, 0x10a2, 0x10a2, 0x10a2, 0x10a2, 
	0x10a2, 0x10a2, 0x10a2, 0x10a2, 0x10a2, 0x10a2, 0x10a2, 0x10a2, 0x10a2, 0x10a2, 0x10a2, 0x10a2, 0x10a2, 0x10a2, 0x10a2, 0x10a2, 
	0x10a2, 0x10a2, 0x10a2, 0x10a2, 0x10a2, 0x10a2, 0x10a2, 0x10a2, 0x10a2, 0x10a2, 0x10a2, 0x10a2, 0x10a2, 0x10a2, 0x10a2, 0x10a2, 
	0x10a2, 0x18a2, 0x736d, 0x9492, 0x8c51, 0x8c51, 0x8c51, 0x8c51, 0x8c51, 0x8c71, 0x8c51, 0x31a6, 0x0861, 0x18c3, 0x1061, 0x39c7, 
	0x6b4d, 0x632c, 0x632c, 0x632c, 0x632c, 0x632c, 0x632c, 0x632c, 0x632c, 0x632c, 0x632c, 0x632c, 0x632c, 0x632c, 0x632c, 0x632c, 
	0x632c, 0x632c, 0x632c, 0x632c, 0x630c, 0x18e3, 0x10a2, 0x10a2, 0x73ae, 0x9492, 0x8c51, 0x8c71, 0x8c71, 0x8c51, 0x8c51, 0x8c51, 
	0x8c51, 0x8c51, 0x8c71, 0x8c71, 0x8c71, 0x8c71, 0x8c71, 0x8c71, 0x8c71, 0x8c71, 0x8c71, 0x8c71, 0x8c71, 0x8c51, 0x8c51, 0x8c51, 
	0x8c51, 0x8c51, 0x8c51, 0x8c51, 0x8c51, 0x8c51, 0x8c51, 0x8c51, 0x8c71, 0x8c51, 0x8c92, 0x7bcf, 0x10a2, 0x10a2, 0x10a2, 0x52aa, 
	0x6b4d, 0x630c, 0x632c, 0x632c, 0x630c, 0x630c, 0x630c, 0x632c, 0x632c, 0x630c, 0x630c, 0x630c, 0x630c, 0x630c, 0x630c, 0x630c, 
	0x630c, 0x632c, 0x632c, 0x632c, 0x630c, 0x6b6d, 0x39e7, 0x0861, 0x18c3, 0x4a49, 0x6b6d, 0x6b4d, 0x6b4d, 0x6b4d, 0x6b4d, 0x6b4d, 
	0x632c, 0x6b6d, 0x6b6d, 0x39e7, 0x1081, 0x10a2, 0x10a2, 0x10a2, 0x10a2, 0x10a2, 0x10a2, 0x10a2, 0x10a2, 0x10a2, 0x10a2, 0x10a2, 
	0x10a2, 0x10a2, 0x10a2, 0x10a2, 0x10a2, 0x10a2, 0x10a2, 0x10a2, 0x10a2, 0x10a2, 0x10a2, 0x10a2, 0x10a2, 0x10a2, 0x10a2, 0x10a2, 
	0x10a2, 0x10a2, 0x10a2, 0x10a2, 0x10a2, 0x10a2, 0x10a2, 0x10a2, 0x10a2, 0x10a2, 0x10a2, 0x10a2, 0x10a2, 0x10a2, 0x10a2, 0x10a2, 
	0x10a2, 0x10a2, 0x10a2, 0x10a2, 0x10a2, 0x10a2, 0x10a2, 0x10a2, 0x10a2, 0x10a2, 0x10a2, 0x10a2, 0x10a2, 0x10a2, 0x10a2, 0x10a2, 
	0x10a2, 0x10a2, 0x10a2, 0x10a2, 0x10a2, 0x10a2, 0x10a2, 0x10a2, 0x10a2, 0x10a2, 0x10a2, 0x10a2, 0x10a2, 0x10a2, 0x10a2, 0x10a2, 
	0x10a2, 0x10a2, 0x10a2, 0x10a2, 0x10a2, 0x10a2, 0x10a2, 0x10a2, 0x10a2, 0x10a2, 0x10a2, 0x10a2, 0x10a2, 0x10a2, 0x10a2, 0x10a2, 
	0x10a2, 0x10a2, 0x10a2, 0x10a2, 0x10a2, 0x10a2, 0x10a2, 0x10a2, 0x10a2, 0x10a2, 0x10a2, 0x10a2, 0x10a2, 0x10a2, 0x10a2, 0x10a2, 
	0x10a2, 0x10a2, 0x10a2, 0x10a2, 0x10a2, 0x10a2, 0x10a2, 0x10a2, 0x10a2, 0x10a2, 0x10a2, 0x10a2, 0x10a2, 0x10a2, 0x18c2, 0x10a2, 
	0x10a2, 0x6b6d, 0x9492, 0x8c51, 0x8c51, 0x8c51, 0x8c51, 0x8c51, 0x8c71, 0x8c51, 0x31a6, 0x0861, 0x18c3, 0x1081, 0x39c7, 0x6b4d, 
	0x632c, 0x632c, 0x632c, 0x632c, 0x632c, 0x632c, 0x632c, 0x632c, 0x632c, 0x632c, 0x632c, 0x632c, 0x632c, 0x632c, 0x632c, 0x632c, 
	0x632c, 0x632c, 0x630c, 0x6b4d, 0x39c7, 0x1082, 0x10a2, 0x2124, 0x8c71, 0x9492, 0x8c51, 0x8c51, 0x8c51, 0x8c71, 0x8c71, 0x8c71, 
	0x8c71, 0x8c71, 0x8c71, 0x8c71, 0x8c71, 0x8c71, 0x8c71, 0x8c71, 0x8c71, 0x8c71, 0x8c71, 0x8c71, 0x8c71, 0x8c71, 0x8c71, 0x8c71, 
	0x8c71, 0x8c71, 0x8c71, 0x8c71, 0x8c71, 0x8c71, 0x8c71, 0x8c71, 0x8c71, 0x8c71, 0x8c71, 0x8c51, 0x2944, 0x10a2, 0x1082, 0x4228, 
	0x6b4d, 0x632c, 0x632c, 0x632c, 0x632c, 0x630c, 0x630c, 0x630c, 0x630c, 0x630c, 0x630c, 0x630c, 0x630c, 0x632c, 0x630c, 0x630c, 
	0x630c, 0x630c, 0x632c, 0x632c, 0x630c, 0x6b4d, 0x528a, 0x1082, 0x10a2, 0x0861, 0x4228, 0x738e, 0x6b4d, 0x6b4d, 0x6b4d, 0x6b4d, 
	0x6b4d, 0x6b4d, 0x6b4d, 0x6b6d, 0x4208, 0x1082, 0x10a2, 0x10a2, 0x10a2, 0x10a2, 0x10a2, 0x10a2, 0x10a2, 0x10a2, 0x10a2, 0x10a2, 
	0x10a2, 0x10a2, 0x10a2, 0x10a2, 0x10a2, 0x10a2, 0x10a2, 0x10a2, 0x10a2, 0x10a2, 0x10a2, 0x10a2, 0x10a2, 0x10a2, 0x10a2, 0x10a2, 
	0x10a2, 0x10a2, 0x10a2, 0x10a2, 0x10a2, 0x10a2, 0x10a2, 0x10a2, 0x10a2, 0x10a2, 0x10a2, 0x10a2, 0x10a2, 0x10a2, 0x10a2, 0x10a2, 
	0x10a2, 0x10a2, 0x10a2, 0x10a2, 0x10a2, 0x10a2, 0x10a2, 0x10a2, 0x10a2, 0x10a2, 0x10a2, 0x10a2, 0x10a2, 0x10a2, 0x10a2, 0x10a2, 
	0x10a2, 0x10a2, 0x10a2, 0x10a2, 0x10a2, 0x10a2, 0x10a2, 0x10a2, 0x10a2, 0x10a2, 0x10a2, 0x10a2, 0x10a2, 0x10a2, 0x10a2, 0x10a2, 
	0x10a2, 0x10a2, 0x10a2, 0x10a2, 0x10a2, 0x10a2, 0x10a2, 0x10a2, 0x10a2, 0x10a2, 0x10a2, 0x10a2, 0x10a2, 0x10a2, 0x10a2, 0x10a2, 
	0x10a2, 0x10a2, 0x10a2, 0x10a2, 0x10a2, 0x10a2, 0x10a2, 0x10a2, 0x10a2, 0x10a2, 0x10a2, 0x10a2, 0x10a2, 0x10a2, 0x10a2, 0x10a2, 
	0x10a2, 0x10a2, 0x10a2, 0x10a2, 0x10a2, 0x10a2, 0x10a2, 0x10a2, 0x10a2, 0x10a2, 0x10a2, 0x10a2, 0x10a2, 0x18c2, 0x10a2, 0x10a2, 
	0x6b2c, 0x9492, 0x8c30, 0x8c51, 0x8c51, 0x8c51, 0x8c51, 0x9492, 0x8430, 0x3186, 0x1082, 0x18c3, 0x1082, 0x39e7, 0x6b4d, 0x632c, 
	0x632c, 0x632c, 0x632c, 0x632c, 0x632c, 0x632c, 0x632c, 0x632c, 0x632c, 0x632c, 0x632c, 0x632c, 0x632c, 0x632c, 0x632c, 0x632c, 
	0x632c, 0x632c, 0x6b4d, 0x4a49, 0x1082, 0x18c2, 0x10a2, 0x18e3, 0x52aa, 0x7bce, 0x8c71, 0x94b2, 0x9492, 0x8c71, 0x8c51, 0x8c51, 
	0x8c71, 0x8c71, 0x8c71, 0x8c71, 0x8c71, 0x8c71, 0x8c71, 0x8c71, 0x8c71, 0x8c71, 0x8c71, 0x8c71, 0x8c71, 0x8c71, 0x8c71, 0x8c71, 
	0x8c71, 0x8c71, 0x8c71, 0x8c71, 0x8c71, 0x8c71, 0x8c71, 0x8c71, 0x8c71, 0x8c71, 0x8c51, 0x94b2, 0x4208, 0x1082, 0x10a2, 0x31a6, 
	0x6b6d, 0x632c, 0x632c, 0x632c, 0x632c, 0x632c, 0x630c, 0x630c, 0x630c, 0x630c, 0x630c, 0x630c, 0x632c, 0x632c, 0x630c, 0x630c, 
	0x630c, 0x630c, 0x632c, 0x632c, 0x632c, 0x632c, 0x5aeb, 0x18c3, 0x10a2, 0x10a2, 0x10a2, 0x5aeb, 0x6b6d, 0x6b4d, 0x6b4d, 0x6b4d, 
	0x6b4d, 0x6b4d, 0x6b4d, 0x6b4d, 0x6b6d, 0x4a69, 0x10a2, 0x1082, 0x18c2, 0x10a2, 0x10a2, 0x10a2, 0x10a2, 0x10a2, 0x10a2, 0x10a2, 
	0x10a2, 0x10a2, 0x10a2, 0x10a2, 0x10a2, 0x10a2, 0x10a2, 0x10a2, 0x10a2, 0x10a2, 0x10a2, 0x10a2, 0x10a2, 0x10a2, 0x10a2, 0x10a2, 
	0x10a2, 0x10a2, 0x10a2, 0x10a2, 0x10a2, 0x10a2, 0x10a2, 0x10a2, 0x10a2, 0x10a2, 0x10a2, 0x10a2, 0x10a2, 0x10a2, 0x10a2, 0x10a2, 
	0x10a2, 0x10a2, 0x10a2, 0x10a2, 0x10a2, 0x10a2, 0x10a2, 0x10a2, 0x10a2, 0x10a2, 0x10a2, 0x10a2, 0x10a2, 0x10a2, 0x10a2, 0x10a2, 
	0x10a2, 0x10a2, 0x10a2, 0x10a2, 0x10a2, 0x10a2, 0x10a2, 0x10a2, 0x10a2, 0x10a2, 0x10a2, 0x10a2, 0x10a2, 0x10a2, 0x10a2, 0x10a2, 
	0x10a2, 0x10a2, 0x10a2, 0x10a2, 0x10a2, 0x10a2, 0x10a2, 0x10a2, 0x10a2, 0x10a2, 0x10a2, 0x10a2, 0x10a2, 0x10a2, 0x10a2, 0x10a2, 
	0x10a2, 0x10a2, 0x10a2, 0x10a2, 0x10a2, 0x10a2, 0x10a2, 0x10a2, 0x10a2, 0x10a2, 0x10a2, 0x10a2, 0x10a2, 0x10a2, 0x10a2, 0x10a2, 
	0x10a2, 0x10a2, 0x10a2, 0x10a2, 0x10a2, 0x10a2, 0x10a2, 0x10a2, 0x10a2, 0x10a2, 0x10a2, 0x10a2, 0x10a2, 0x10a2, 0x10a2, 0x632c, 
	0x9471, 0x8430, 0x8c51, 0x8c51, 0x8c51, 0x8c51, 0x9492, 0x7bef, 0x2144, 0x1082, 0x18c3, 0x1082, 0x39e7, 0x6b4d, 0x632c, 0x632c, 
	0x632c, 0x632c, 0x632c, 0x632c, 0x632c, 0x632c, 0x632c, 0x632c, 0x632c, 0x632c, 0x632c, 0x632c, 0x632c, 0x632c, 0x632c, 0x632c, 
	0x632c, 0x6b4d, 0x5acb, 0x18c3, 0x10a2, 0x10a2, 0x10a2, 0x10a2, 0x0861, 0x10a2, 0x2965, 0x528a, 0x73ae, 0x8c71, 0x94b2, 0x9492, 
	0x8c71, 0x8c51, 0x8c51, 0x8c71, 0x8c71, 0x8c71, 0x8c71, 0x8c71, 0x8c71, 0x8c71, 0x8c71, 0x8c71, 0x8c71, 0x8c71, 0x8c71, 0x8c71, 
	0x8c71, 0x8c71, 0x8c71, 0x8c71, 0x8c71, 0x8c71, 0x8c71, 0x8c71, 0x8c71, 0x8c71, 0x8c51, 0x94b2, 0x5aeb, 0x1081, 0x10a2, 0x2104, 
	0x632c, 0x632c, 0x632c, 0x632c, 0x632c, 0x632c, 0x632c, 0x630c, 0x630c, 0x630c, 0x630c, 0x632c, 0x632c, 0x632c, 0x632c, 0x632c, 
	0x632c, 0x632c, 0x632c, 0x632c, 0x632c, 0x632c, 0x630c, 0x18e3, 0x10a2, 0x18c2, 0x1061, 0x39c7, 0x6b6d, 0x632c, 0x6b4d, 0x6b4d, 
	0x6b4d, 0x6b4d, 0x6b4d, 0x6b4d, 0x6b4d, 0x738e, 0x5aeb, 0x2924, 0x1081, 0x10a2, 0x10a2, 0x10a2, 0x10a2, 0x10a2, 0x10a2, 0x10a2, 
	0x10a2, 0x10a2, 0x10a2, 0x10a2, 0x10a2, 0x10a2, 0x10a2, 0x10a2, 0x10a2, 0x10a2, 0x10a2, 0x10a2, 0x10a2, 0x10a2, 0x10a2, 0x10a2, 
	0x10a2, 0x10a2, 0x10a2, 0x10a2, 0x10a2, 0x10a2, 0x10a2, 0x10a2, 0x10a2, 0x10a2, 0x10a2, 0x10a2, 0x10a2, 0x10a2, 0x10a2, 0x10a2, 
	0x10a2, 0x10a2, 0x10a2, 0x10a2, 0x10a2, 0x10a2, 0x10a2, 0x10a2, 0x10a2, 0x10a2, 0x10a2, 0x10a2, 0x10a2, 0x10a2, 0x10a2, 0x10a2, 
	0x10a2, 0x10a2, 0x10a2, 0x10a2, 0x10a2, 0x10a2, 0x10a2, 0x10a2, 0x10a2, 0x10a2, 0x10a2, 0x10a2, 0x10a2, 0x10a2, 0x10a2, 0x10a2, 
	0x10a2, 0x10a2, 0x10a2, 0x10a2, 0x10a2, 0x10a2, 0x10a2, 0x10a2, 0x10a2, 0x10a2, 0x10a2, 0x10a2, 0x10a2, 0x10a2, 0x10a2, 0x10a2, 
	0x10a2, 0x10a2, 0x10a2, 0x10a2, 0x10a2, 0x10a2, 0x10a2, 0x10a2, 0x10a2, 0x10a2, 0x10a2, 0x10a2, 0x10a2, 0x10a2, 0x10a2, 0x10a2, 
	0x10a2, 0x10a2, 0x10a2, 0x10a2, 0x10a2, 0x10a2, 0x10a2, 0x10a2, 0x10a2, 0x10a2, 0x10a2, 0x10a2, 0x18a2, 0x0881, 0x52aa, 0x9492, 
	0x8430, 0x8c51, 0x8c51, 0x8c51, 0x8c51, 0x9492, 0x6b6d, 0x18e3, 0x1082, 0x18c3, 0x1082, 0x41e7, 0x6b6d, 0x632c, 0x632c, 0x632c, 
	0x632c, 0x632c, 0x632c, 0x632c, 0x632c, 0x632c, 0x632c, 0x632c, 0x632c, 0x632c, 0x632c, 0x632c, 0x632c, 0x632c, 0x632c, 0x632c, 
	0x632c, 0x632c, 0x2124, 0x1082, 0x10a2, 0x10a2, 0x10a2, 0x10a2, 0x18c3, 0x10a2, 0x1082, 0x0861, 0x10a2, 0x2945, 0x528a, 0x73ae, 
	0x8c51, 0x94b2, 0x9492, 0x8c71, 0x8c51, 0x8c51, 0x8c71, 0x8c71, 0x8c71, 0x8c71, 0x8c71, 0x8c71, 0x8c71, 0x8c71, 0x8c71, 0x8c71, 
	0x8c71, 0x8c71, 0x8c71, 0x8c71, 0x8c71, 0x8c71, 0x8c71, 0x8c71, 0x8c71, 0x8c71, 0x8c71, 0x9492, 0x7bcf, 0x10a2, 0x10a2, 0x10a2, 
	0x5acb, 0x6b4d, 0x632c, 0x632c, 0x632c, 0x632c, 0x632c, 0x630c, 0x630c, 0x630c, 0x632c, 0x632c, 0x632c, 0x632c, 0x632c, 0x632c, 
	0x632c, 0x632c, 0x632c, 0x632c, 0x632c, 0x632d, 0x5aeb, 0x18e3, 0x10a2, 0x10a2, 0x1082, 0x2124, 0x6b4d, 0x632c, 0x632d, 0x6b4d, 
	0x6b4d, 0x6b4d, 0x6b4d, 0x6b4d, 0x6b4d, 0x6b4d, 0x736e, 0x6b6d, 0x39e7, 0x1082, 0x10a2, 0x18c3, 0x10a2, 0x10a2, 0x10a2, 0x10a2, 
	0x10a2, 0x10a2, 0x10a2, 0x10a2, 0x10a2, 0x10a2, 0x10a2, 0x10a2, 0x10a2, 0x10a2, 0x10a2, 0x10a2, 0x10a2, 0x10a2, 0x10a2, 0x10a2, 
	0x10a2, 0x10a2, 0x10a2, 0x10a2, 0x10a2, 0x10a2, 0x10a2, 0x10a2, 0x10a2, 0x10a2, 0x10a2, 0x10a2, 0x10a2, 0x10a2, 0x10a2, 0x10a2, 
	0x10a2, 0x10a2, 0x10a2, 0x10a2, 0x10a2, 0x10a2, 0x10a2, 0x10a2, 0x10a2, 0x10a2, 0x10a2, 0x10a2, 0x10a2, 0x10a2, 0x10a2, 0x10a2, 
	0x10a2, 0x10a2, 0x10a2, 0x10a2, 0x10a2, 0x10a2, 0x10a2, 0x10a2, 0x10a2, 0x10a2, 0x10a2, 0x10a2, 0x10a2, 0x10a2, 0x10a2, 0x10a2, 
	0x10a2, 0x10a2, 0x10a2, 0x10a2, 0x10a2, 0x10a2, 0x10a2, 0x10a2, 0x10a2, 0x10a2, 0x10a2, 0x10a2, 0x10a2, 0x10a2, 0x10a2, 0x10a2, 
	0x10a2, 0x10a2, 0x10a2, 0x10a2, 0x10a2, 0x10a2, 0x10a2, 0x10a2, 0x10a2, 0x10a2, 0x10a2, 0x10a2, 0x10a2, 0x10a2, 0x10a2, 0x10a2, 
	0x1082, 0x1082, 0x10a2, 0x10a2, 0x18c3, 0x18c3, 0x10a2, 0x10a2, 0x10a2, 0x10a2, 0x10a2, 0x10a2, 0x1082, 0x2104, 0x8c51, 0x8c51, 
	0x8430, 0x8430, 0x8430, 0x8c51, 0x9492, 0x630c, 0x10a2, 0x10a2, 0x18c3, 0x1082, 0x39e7, 0x6b4d, 0x632c, 0x632c, 0x632c, 0x632c, 
	0x632c, 0x632c, 0x632c, 0x632c, 0x632c, 0x632c, 0x632c, 0x632c, 0x632c, 0x632c, 0x632c, 0x632c, 0x632c, 0x632c, 0x632c, 0x632c, 
	0x6b6d, 0x39c7, 0x1082, 0x18a3, 0x10a2, 0x10a2, 0x10a2, 0x10a2, 0x10a2, 0x10a2, 0x18c2, 0x18c3, 0x10a2, 0x1082, 0x0861, 0x10a2, 
	0x2945, 0x4a69, 0x6b6e, 0x8c51, 0x94b2, 0x9492, 0x8c71, 0x8c51, 0x8c51, 0x8c71, 0x8c71, 0x8c71, 0x8c71, 0x8c71, 0x8c71, 0x8c71, 
	0x8c71, 0x8c71, 0x8c71, 0x8c71, 0x8c71, 0x8c71, 0x8c71, 0x8c71, 0x8c71, 0x8c71, 0x8c71, 0x8c71, 0x8c71, 0x2945, 0x1082, 0x1082, 
	0x4228, 0x6b4d, 0x632c, 0x632c, 0x632c, 0x632c, 0x632c, 0x630c, 0x632c, 0x632c, 0x632c, 0x632c, 0x632c, 0x632c, 0x632c, 0x632c, 
	0x632c, 0x632c, 0x632c, 0x632c, 0x632c, 0x6b4d, 0x5acb, 0x18c2, 0x10a2, 0x10a2, 0x10a2, 0x2104, 0x632c, 0x6b4d, 0x632c, 0x632c, 
	0x6b4d, 0x6b4d, 0x6b4d, 0x6b4d, 0x6b4d, 0x6b4d, 0x6b4d, 0x6b6d, 0x738e, 0x52aa, 0x2104, 0x1082, 0x10a2, 0x10a2, 0x10a2, 0x10a2, 
	0x10a2, 0x10a2, 0x10a2, 0x10a2, 0x10a2, 0x10a2, 0x10a2, 0x10a2, 0x10a2, 0x10a2, 0x10a2, 0x10a2, 0x10a2, 0x10a2, 0x10a2, 0x10a2, 
	0x10a2, 0x10a2, 0x10a2, 0x10a2, 0x10a2, 0x10a2, 0x10a2, 0x10a2, 0x10a2, 0x10a2, 0x10a2, 0x10a2, 0x10a2, 0x10a2, 0x10a2, 0x10c2, 
	0x10a2, 0x10a2, 0x10a2, 0x10a2, 0x10a2, 0x10a2, 0x10a2, 0x10a2, 0x10a2, 0x10a2, 0x10a2, 0x10a2, 0x10a2, 0x10a2, 0x10a2, 0x10a2, 
	0x10a2, 0x10a2, 0x10a2, 0x10a2, 0x10a2, 0x10a2, 0x10a2, 0x10a2, 0x10a2, 0x10a2, 0x10a2, 0x10a2, 0x10a2, 0x10a2, 0x10a2, 0x10a2, 
	0x10a2, 0x10a2, 0x10a2, 0x10a2, 0x10a2, 0x10a2, 0x10a2, 0x10a2, 0x10a2, 0x10a2, 0x10a2, 0x10a2, 0x10a2, 0x10a2, 0x10a2, 0x10a2, 
	0x10a2, 0x10a2, 0x10a2, 0x10a2, 0x10a2, 0x10a2, 0x10a2, 0x10a2, 0x10a2, 0x10a2, 0x10a2, 0x10a2, 0x10a2, 0x10a2, 0x10a2, 0x10a2, 
	0x2124, 0x2945, 0x18e3, 0x10a2, 0x1082, 0x1082, 0x10a2, 0x10a2, 0x10a2, 0x10a2, 0x10a2, 0x10a2, 0x1082, 0x2104, 0x7bcf, 0x9492, 
	0x8c71, 0x8c51, 0x8c71, 0x8430, 0x4a49, 0x1082, 0x10a2, 0x10c3, 0x1082, 0x4208, 0x6b4d, 0x632c, 0x632c, 0x632c, 0x632c, 0x632c, 
	0x632c, 0x632c, 0x632c, 0x632c, 0x632c, 0x632c, 0x632c, 0x632c, 0x632c, 0x632c, 0x632c, 0x632c, 0x632c, 0x632c, 0x632c, 0x6b6d, 
	0x4a69, 0x1082, 0x10a2, 0x10a2, 0x10a2, 0x10a2, 0x10a2, 0x10a2, 0x10a2, 0x10a2, 0x10a2, 0x10a2, 0x10a2, 0x10a2, 0x18c3, 0x10a2, 
	0x1082, 0x0861, 0x10a2, 0x2945, 0x4a49, 0x6b6d, 0x8c51, 0x94b2, 0x9492, 0x8c71, 0x8c51, 0x8c51, 0x8c71, 0x8c71, 0x8c71, 0x8c71, 
	0x8c71, 0x8c71, 0x8c71, 0x8c71, 0x8c71, 0x8c71, 0x8c71, 0x8c71, 0x8c71, 0x8c71, 0x8c71, 0x8c51, 0x94b2, 0x4208, 0x0861, 0x1082, 
	0x3186, 0x6b6d, 0x632c, 0x632c, 0x632c, 0x632c, 0x632c, 0x632c, 0x632c, 0x632c, 0x632c, 0x632c, 0x632c, 0x632c, 0x632c, 0x632c, 
	0x632c, 0x632c, 0x632c, 0x632c, 0x632c, 0x6b4d, 0x4a49, 0x1082, 0x10c2, 0x10a2, 0x10a2, 0x2104, 0x632c, 0x632c, 0x632c, 0x632c, 
	0x632d, 0x6b4d, 0x6b4d, 0x6b4d, 0x6b4d, 0x6b4d, 0x6b6d, 0x6b6d, 0x6b4d, 0x738e, 0x6b4d, 0x39c7, 0x1082, 0x1082, 0x18c2, 0x10a2, 
	0x10a2, 0x10a2, 0x10a2, 0x10a2, 0x10a2, 0x10a2, 0x10a2, 0x10a2, 0x10a2, 0x10a2, 0x10a2, 0x10a2, 0x10a2, 0x10a2, 0x10a2, 0x10a2, 
	0x10a2, 0x10a2, 0x10a2, 0x10a2, 0x10a2, 0x10a2, 0x10a2, 0x10a2, 0x10a2, 0x10a2, 0x10a2, 0x10a2, 0x10a2, 0x10a2, 0x10a2, 0x10c2, 
	0x10a2, 0x10a2, 0x10a2, 0x10a2, 0x10a2, 0x10a2, 0x10a2, 0x10a2, 0x10a2, 0x10a2, 0x10a2, 0x10a2, 0x10a2, 0x10a2, 0x10a2, 0x10a2, 
	0x10a2, 0x10a2, 0x10a2, 0x10a2, 0x10a2, 0x10a2, 0x10a2, 0x10a2, 0x10a2, 0x10a2, 0x10a2, 0x10a2, 0x10a2, 0x10a2, 0x10a2, 0x10a2, 
	0x10a2, 0x10a2, 0x10a2, 0x10a2, 0x10a2, 0x10a2, 0x10a2, 0x10a2, 0x10a2, 0x10a2, 0x10a2, 0x10a2, 0x10a2, 0x10a2, 0x10a2, 0x10a2, 
	0x10a2, 0x10a2, 0x10a2, 0x10a2, 0x10a2, 0x10a2, 0x10a2, 0x10a2, 0x10a2, 0x10a2, 0x10a2, 0x10a2, 0x18c2, 0x1082, 0x2104, 0x5aca, 
	0x6b4d, 0x6b4d, 0x632c, 0x5acb, 0x4228, 0x3186, 0x2104, 0x10a2, 0x1082, 0x1082, 0x10a2, 0x10a2, 0x18c3, 0x10a2, 0x18c3, 0x39e7, 
	0x632c, 0x7bcf, 0x630c, 0x2945, 0x0861, 0x18c3, 0x18c2, 0x1082, 0x4208, 0x6b4d, 0x632c, 0x632c, 0x632c, 0x632c, 0x632c, 0x632c, 
	0x632c, 0x632c, 0x632c, 0x632c, 0x632c, 0x632c, 0x632c, 0x632c, 0x632c, 0x632c, 0x632c, 0x632c, 0x632c, 0x632c, 0x6b4d, 0x5aeb, 
	0x18c3, 0x10a2, 0x18c3, 0x10a2, 0x10a2, 0x10a2, 0x10a2, 0x10a2, 0x10a2, 0x10a2, 0x10a2, 0x10a2, 0x10a2, 0x10a2, 0x10a2, 0x10a2, 
	0x10a2, 0x18c3, 0x18c2, 0x1082, 0x0861, 0x1082, 0x2104, 0x4228, 0x6b4d, 0x8430, 0x9492, 0x94b2, 0x8c71, 0x8c71, 0x8c51, 0x8c71, 
	0x8c71, 0x8c71, 0x8c71, 0x8c71, 0x8c71, 0x8c71, 0x8c71, 0x8c71, 0x8c71, 0x8c71, 0x8c71, 0x8c51, 0x94b2, 0x5aeb, 0x0861, 0x10a2, 
	0x18e3, 0x5acb, 0x6b4d, 0x6b4d, 0x632c, 0x630c, 0x632c, 0x632c, 0x632c, 0x632c, 0x632c, 0x632c, 0x632c, 0x632c, 0x632c, 0x632c, 
	0x632c, 0x632c, 0x632c, 0x632c, 0x632c, 0x6b4d, 0x2965, 0x1082, 0x10c2, 0x10a2, 0x1082, 0x2945, 0x6b4d, 0x632c, 0x632c, 0x632c, 
	0x632c, 0x632d, 0x6b6d, 0x6b6d, 0x738e, 0x6b6d, 0x6b4d, 0x6b6d, 0x6b6d, 0x6b4d, 0x6b6d, 0x738e, 0x52aa, 0x2104, 0x1081, 0x10a2, 
	0x10a2, 0x10a2, 0x10a2, 0x10a2, 0x10a2, 0x10a2, 0x10a2, 0x10a2, 0x10a2, 0x10a2, 0x10a2, 0x10a2, 0x10a2, 0x10a2, 0x10a2, 0x10a2, 
	0x10a2, 0x10a2, 0x10a2, 0x10a2, 0x10a2, 0x10a2, 0x10a2, 0x10a2, 0x10a2, 0x10a2, 0x10a2, 0x10a2, 0x10a2, 0x10a2, 0x10a2, 0x10a2, 
	0x10a2, 0x10a2, 0x10a2, 0x10a2, 0x10a2, 0x10a2, 0x10a2, 0x10a2, 0x10a2, 0x10a2, 0x10a2, 0x10a2, 0x10a2, 0x10a2, 0x10a2, 0x10a2, 
	0x10a2, 0x10a2, 0x10a2, 0x10a2, 0x10a2, 0x10a2, 0x10a2, 0x10a2, 0x10a2, 0x10a2, 0x10a2, 0x10a2, 0x10a2, 0x10a2, 0x10a2, 0x10a2, 
	0x10a2, 0x10a2, 0x10a2, 0x10a2, 0x10a2, 0x10a2, 0x10a2, 0x10a2, 0x10a2, 0x10a2, 0x10a2, 0x10a2, 0x10a2, 0x10a2, 0x10a2, 0x10a2, 
	0x10a2, 0x10a2, 0x10a2, 0x10a2, 0x10a2, 0x10a2, 0x10a2, 0x10a2, 0x10a2, 0x10a2, 0x10a2, 0x10c2, 0x10a2, 0x18e3, 0x62eb, 0x6b6d, 
	0x632c, 0x632c, 0x632c, 0x6b4d, 0x6b6d, 0x6b4d, 0x630c, 0x52aa, 0x4208, 0x2965, 0x18e3, 0x1082, 0x1082, 0x10a2, 0x10a2, 0x1082, 
	0x1082, 0x18c3, 0x1082, 0x1082, 0x18c3, 0x10a2, 0x1082, 0x4228, 0x6b4d, 0x632c, 0x632c, 0x632c, 0x632c, 0x632c, 0x632c, 0x632c, 
	0x632c, 0x632c, 0x632c, 0x632c, 0x632c, 0x632c, 0x632c, 0x632c, 0x632c, 0x632c, 0x632c, 0x632c, 0x632c, 0x632c, 0x632c, 0x2124, 
	0x1082, 0x18c2, 0x1082, 0x10a2, 0x10a2, 0x10a2, 0x10a2, 0x10a2, 0x10a2, 0x10a2, 0x10a2, 0x10a2, 0x10a2, 0x10a2, 0x10a2, 0x10a2, 
	0x10a2, 0x10a2, 0x10a2, 0x18c2, 0x18c3, 0x10c2, 0x1082, 0x0861, 0x1082, 0x2104, 0x4208, 0x632c, 0x8430, 0x9492, 0x94b2, 0x9492, 
	0x8c71, 0x8c71, 0x8c71, 0x8c71, 0x8c71, 0x8c71, 0x8c71, 0x8c71, 0x8c71, 0x8c71, 0x8c71, 0x8c71, 0x9492, 0x7bcf, 0x10a2, 0x10a2, 
	0x10a2, 0x10a2, 0x2985, 0x528a, 0x632d, 0x6b4d, 0x632c, 0x630c, 0x632c, 0x632c, 0x632c, 0x632c, 0x632c, 0x632c, 0x632c, 0x632c, 
	0x632c, 0x632c, 0x632c, 0x632c, 0x6b4d, 0x52aa, 0x10a2, 0x10a2, 0x10a2, 0x10c2, 0x1082, 0x39c7, 0x6b4d, 0x632c, 0x632c, 0x632c, 
	0x632c, 0x6b6d, 0x4a69, 0x2945, 0x39c7, 0x632c, 0x738e, 0x6b6d, 0x6b4d, 0x6b6d, 0x6b6d, 0x6b4d, 0x738e, 0x6b6d, 0x39e7, 0x1082, 
	0x1082, 0x10a2, 0x10a2, 0x10a2, 0x10a2, 0x10a2, 0x10a2, 0x10a2, 0x10a2, 0x10a2, 0x10a2, 0x10a2, 0x10a2, 0x10a2, 0x10a2, 0x10a2, 
	0x10a2, 0x10a2, 0x10a2, 0x10a2, 0x10a2, 0x10a2, 0x10a2, 0x10a2, 0x10a2, 0x10a2, 0x10a2, 0x10a2, 0x10a2, 0x10a2, 0x10a2, 0x10a2, 
	0x10a2, 0x10a2, 0x10a2, 0x10a2, 0x10a2, 0x10a2, 0x10a2, 0x10a2, 0x10a2, 0x10a2, 0x10a2, 0x10a2, 0x10a2, 0x10a2, 0x10a2, 0x10a2, 
	0x10a2, 0x10a2, 0x10a2, 0x10a2, 0x10a2, 0x10a2, 0x10a2, 0x10a2, 0x10a2, 0x10a2, 0x10a2, 0x10a2, 0x10a2, 0x10a2, 0x10a2, 0x10a2, 
	0x10a2, 0x10a2, 0x10a2, 0x10a2, 0x10a2, 0x10a2, 0x10a2, 0x10a2, 0x10a2, 0x10a2, 0x10a2, 0x10a2, 0x10a2, 0x10a2, 0x10a2, 0x10a2, 
	0x10a2, 0x10a2, 0x10a2, 0x10a2, 0x10a2, 0x10a2, 0x10a2, 0x10a2, 0x10a2, 0x10a2, 0x10a2, 0x10a2, 0x18c3, 0x5acb, 0x6b4d, 0x632c, 
	0x632c, 0x632c, 0x632c, 0x632c, 0x632c, 0x632c, 0x632c, 0x6b4d, 0x6b4d, 0x6b4d, 0x630c, 0x528a, 0x39c7, 0x2945, 0x18c3, 0x1082, 
	0x10a2, 0x10a2, 0x10c2, 0x10c3, 0x10a2, 0x10a2, 0x4228, 0x6b4d, 0x632c, 0x632c, 0x632c, 0x632c, 0x632c, 0x632c, 0x632c, 0x632c, 
	0x632c, 0x632c, 0x632c, 0x632c, 0x632c, 0x632c, 0x632c, 0x632c, 0x632c, 0x632c, 0x632c, 0x632c, 0x632c, 0x6b4d, 0x31a6, 0x1082, 
	0x18c3, 0x1082, 0x3185, 0x18c3, 0x10a2, 0x10a2, 0x10a2, 0x10a2, 0x10a2, 0x10a2, 0x10a2, 0x10a2, 0x10a2, 0x10a2, 0x10a2, 0x10a2, 
	0x10a2, 0x10a2, 0x10a2, 0x10a2, 0x10a2, 0x10a2, 0x10a2, 0x18c3, 0x10a2, 0x1082, 0x0861, 0x0881, 0x18e3, 0x39e7, 0x630c, 0x8410, 
	0x9492, 0x94b2, 0x9492, 0x8c71, 0x8c51, 0x8c71, 0x8c71, 0x8c71, 0x8c71, 0x8c71, 0x8c71, 0x8c71, 0x8c71, 0x8c71, 0x2945, 0x1082, 
	0x18c2, 0x10a2, 0x1082, 0x10a2, 0x2945, 0x4a49, 0x630c, 0x6b4d, 0x632c, 0x630c, 0x630c, 0x632c, 0x632c, 0x632c, 0x632c, 0x632c, 
	0x632c, 0x632c, 0x632c, 0x632c, 0x632c, 0x2124, 0x1082, 0x10a2, 0x10a2, 0x18c2, 0x10a2, 0x4a69, 0x736d, 0x632c, 0x632c, 0x632c, 
	0x6b6d, 0x4a49, 0x1082, 0x1082, 0x0861, 0x18e3, 0x4228, 0x6b4d, 0x738e, 0x6b6d, 0x6b4d, 0x6b6d, 0x6b6d, 0x6b6d, 0x73ae, 0x5acb, 
	0x2104, 0x10a2, 0x10a2, 0x10a2, 0x10a2, 0x10a2, 0x10a2, 0x10a2, 0x10a2, 0x10a2, 0x10a2, 0x10a2, 0x10a2, 0x10a2, 0x10a2, 0x10a2, 
	0x10a2, 0x10a2, 0x10a2, 0x10a2, 0x10a2, 0x10a2, 0x10a2, 0x10a2, 0x10a2, 0x10a2, 0x10a2, 0x10a2, 0x10a2, 0x10a2, 0x10a2, 0x10a2, 
	0x10a2, 0x10a2, 0x10a2, 0x10a2, 0x10a2, 0x10a2, 0x10a2, 0x10a2, 0x10a2, 0x10a2, 0x10a2, 0x10a2, 0x10a2, 0x10a2, 0x10a2, 0x10a2, 
	0x10a2, 0x10a2, 0x10a2, 0x10a2, 0x10a2, 0x10a2, 0x10a2, 0x10a2, 0x10a2, 0x10a2, 0x10a2, 0x10a2, 0x10a2, 0x10a2, 0x10a2, 0x10a2, 
	0x10a2, 0x10a2, 0x10a2, 0x10a2, 0x10a2, 0x10a2, 0x10a2, 0x10a2, 0x10a2, 0x10a2, 0x10a2, 0x10a2, 0x10a2, 0x10a2, 0x10a2, 0x10a2, 
	0x10a2, 0x10a2, 0x10a2, 0x10a2, 0x10a2, 0x10a2, 0x10a2, 0x10a2, 0x10a2, 0x10a2, 0x10a2, 0x10a2, 0x528a, 0x6b4d, 0x632c, 0x632c, 
	0x632c, 0x632c, 0x632c, 0x632c, 0x632c, 0x632c, 0x632c, 0x630c, 0x630c, 0x632c, 0x632c, 0x6b4d, 0x6b4d, 0x632d, 0x5aeb, 0x528a, 
	0x3186, 0x10a2, 0x10a2, 0x10a2, 0x1082, 0x4228, 0x6b4d, 0x632c, 0x632c, 0x632c, 0x632c, 0x632c, 0x632c, 0x632c, 0x632c, 0x632c, 
	0x632c, 0x632c, 0x632c, 0x632c, 0x632c, 0x632c, 0x632c, 0x632c, 0x632c, 0x632c, 0x632c, 0x632c, 0x6b6d, 0x4a49, 0x1082, 0x18c3, 
	0x0861, 0x39a6, 0x9492, 0x2124, 0x1082, 0x10a2, 0x10a2, 0x10a2, 0x10a2, 0x10a2, 0x10a2, 0x10a2, 0x10a2, 0x10a2, 0x10a2, 0x10a2, 
	0x10a2, 0x10a2, 0x10a2, 0x10a2, 0x10a2, 0x10a2, 0x10a2, 0x10a2, 0x10a2, 0x10a2, 0x18c3, 0x10a3, 0x10a2, 0x0861, 0x0861, 0x18e3, 
	0x39c7, 0x5aeb, 0x7bef, 0x9492, 0x94b2, 0x9492, 0x8c71, 0x8c71, 0x8c71, 0x8c71, 0x8c71, 0x8c71, 0x8c51, 0x94b2, 0x4208, 0x0861, 
	0x18c3, 0x10a2, 0x10c2, 0x10c2, 0x1082, 0x1082, 0x2104, 0x4208, 0x5aeb, 0x6b4d, 0x632d, 0x632c, 0x632c, 0x632c, 0x632c, 0x632c, 
	0x632c, 0x632c, 0x6b4d, 0x6b4d, 0x3186, 0x1082, 0x10a2, 0x10a2, 0x10a2, 0x10a2, 0x1082, 0x2103, 0x4208, 0x630c, 0x6b4d, 0x6b6d, 
	0x5acb, 0x10a2, 0x10a2, 0x10a2, 0x10a2, 0x10a2, 0x1082, 0x2104, 0x4a69, 0x6b6d, 0x738e, 0x6b4d, 0x6b6d, 0x6b6d, 0x6b6d, 0x73ae, 
	0x6b6d, 0x2104, 0x10a2, 0x10a2, 0x10a2, 0x10a2, 0x10a2, 0x10a2, 0x10a2, 0x10a2, 0x10a2, 0x10a2, 0x10a2, 0x10a2, 0x10a2, 0x10a2, 
	0x10a2, 0x10a2, 0x10a2, 0x10a2, 0x10a2, 0x10a2, 0x10a2, 0x10a2, 0x10a2, 0x10a2, 0x10a2, 0x10a2, 0x10a2, 0x10a2, 0x10a2, 0x10a2, 
	0x10a2, 0x10a2, 0x10a2, 0x10a2, 0x10a2, 0x10a2, 0x10a2, 0x10a2, 0x10a2, 0x10a2, 0x10a2, 0x10a2, 0x10a2, 0x10a2, 0x10a2, 0x10a2, 
	0x10a2, 0x10a2, 0x10a2, 0x10a2, 0x10a2, 0x10a2, 0x10a2, 0x10a2, 0x10a2, 0x10a2, 0x10a2, 0x10a2, 0x10a2, 0x10a2, 0x10a2, 0x10a2, 
	0x10a2, 0x10a2, 0x10a2, 0x10a2, 0x10a2, 0x10a2, 0x10a2, 0x10a2, 0x10a2, 0x10a2, 0x10a2, 0x10a2, 0x10a2, 0x10a2, 0x10a2, 0x10a2, 
	0x10a2, 0x10a2, 0x10a2, 0x10a2, 0x10a2, 0x10a2, 0x10a2, 0x10a2, 0x10a2, 0x10a2, 0x1082, 0x4a69, 0x6b4d, 0x632c, 0x632c, 0x632c, 
	0x632c, 0x632c, 0x632c, 0x632c, 0x632c, 0x632c, 0x632c, 0x632c, 0x632c, 0x632c, 0x632c, 0x630c, 0x630c, 0x630c, 0x6b6d, 0x630c, 
	0x2124, 0x10a2, 0x10a2, 0x1082, 0x4228, 0x6b4d, 0x630c, 0x632c, 0x632c, 0x632c, 0x632c, 0x632c, 0x632c, 0x632c, 0x632c, 0x632c, 
	0x632c, 0x632c, 0x632c, 0x632c, 0x632c, 0x632c, 0x632c, 0x632c, 0x632c, 0x632c, 0x632c, 0x6b4d, 0x5acb, 0x10a2, 0x10a2, 0x10a2, 
	0x2124, 0x9471, 0x9cf3, 0x2965, 0x1082, 0x10a2, 0x10a2, 0x10a2, 0x10a2, 0x10a2, 0x10a2, 0x10a2, 0x10a2, 0x10a2, 0x10a2, 0x10a2, 
	0x10a2, 0x10a2, 0x10a2, 0x10a2, 0x10a2, 0x10a2, 0x10a2, 0x10a2, 0x10a2, 0x10a2, 0x10a2, 0x10a2, 0x10a2, 0x18c3, 0x18a3, 0x10a2, 
	0x0861, 0x0861, 0x18c3, 0x31a6, 0x5acb, 0x7bef, 0x9492, 0x94b2, 0x9492, 0x8c71, 0x8c51, 0x8c51, 0x8c51, 0x94b2, 0x31a6, 0x1082, 
	0x18c2, 0x10a2, 0x10a2, 0x10a2, 0x10c2, 0x18c2, 0x10a2, 0x1082, 0x18e3, 0x39c7, 0x5acb, 0x6b4d, 0x6b4d, 0x632c, 0x632c, 0x632c, 
	0x634d, 0x6b4d, 0x5aeb, 0x2945, 0x1082, 0x10a2, 0x10a2, 0x10c2, 0x10a2, 0x18c3, 0x2945, 0x1082, 0x0841, 0x18e3, 0x4208, 0x5acb, 
	0x2124, 0x10a2, 0x10c2, 0x10a2, 0x10a2, 0x10a2, 0x10a2, 0x1082, 0x1082, 0x2945, 0x52aa, 0x738e, 0x738e, 0x6b6d, 0x6b6d, 0x738e, 
	0x630c, 0x18c3, 0x10a2, 0x10a2, 0x10a2, 0x10a2, 0x10a2, 0x10a2, 0x10a2, 0x10a2, 0x10a2, 0x10a2, 0x10a2, 0x10a2, 0x10a2, 0x10a2, 
	0x10a2, 0x10a2, 0x10a2, 0x10a2, 0x10a2, 0x10a2, 0x10a2, 0x10a2, 0x10a2, 0x10a2, 0x10a2, 0x10a2, 0x10a2, 0x10a2, 0x10a2, 0x10a2, 
	0x10a2, 0x10a2, 0x10a2, 0x10a2, 0x10a2, 0x10a2, 0x10a2, 0x10a2, 0x10a2, 0x10a2, 0x10a2, 0x10a2, 0x10a2, 0x10a2, 0x10a2, 0x10a2, 
	0x10a2, 0x10a2, 0x10a2, 0x10a2, 0x10a2, 0x10a2, 0x10a2, 0x10a2, 0x10a2, 0x10a2, 0x10a2, 0x10a2, 0x10a2, 0x10a2, 0x10a2, 0x10a2, 
	0x10a2, 0x10a2, 0x10a2, 0x10a2, 0x10a2, 0x10a2, 0x10a2, 0x10a2, 0x10a2, 0x10a2, 0x10a2, 0x10a2, 0x10a2, 0x10a2, 0x10a2, 0x10a2, 
	0x10a2, 0x10a2, 0x10a2, 0x10a2, 0x10a2, 0x10a2, 0x10a2, 0x10a2, 0x10a2, 0x1082, 0x4228, 0x6b4d, 0x632c, 0x632c, 0x632c, 0x632c, 
	0x632c, 0x632c, 0x632c, 0x632c, 0x632c, 0x632c, 0x632c, 0x632c, 0x632c, 0x632c, 0x632c, 0x632c, 0x630c, 0x6b4d, 0x5aeb, 0x18e3, 
	0x1082, 0x10a2, 0x1082, 0x4a28, 0x6b4d, 0x630c, 0x632c, 0x632c, 0x632c, 0x632c, 0x632c, 0x632c, 0x632c, 0x632c, 0x632c, 0x632c, 
	0x632c, 0x632c, 0x632c, 0x632c, 0x632c, 0x632c, 0x632c, 0x632c, 0x632c, 0x632c, 0x632c, 0x632c, 0x2104, 0x1082, 0x10a2, 0x1082, 
	0x738e, 0xa514, 0x8c50, 0x18e3, 0x10a2, 0x10a2, 0x10a2, 0x10a2, 0x10a2, 0x10a2, 0x10a2, 0x10a2, 0x10a2, 0x10a2, 0x10a2, 0x10a2, 
	0x10a2, 0x10a2, 0x10a2, 0x10a2, 0x10a2, 0x10a2, 0x10a2, 0x10a2, 0x10a2, 0x10a2, 0x10a2, 0x10a2, 0x10a2, 0x10a2, 0x10a2, 0x10a2, 
	0x10c3, 0x18c3, 0x10a2, 0x1082, 0x0861, 0x18c3, 0x3186, 0x52aa, 0x7bcf, 0x8c71, 0x94b2, 0x94b2, 0x9cd3, 0x632c, 0x1082, 0x10a2, 
	0x10a2, 0x10a2, 0x10a2, 0x10a2, 0x10a2, 0x10a2, 0x18c2, 0x18c3, 0x10a2, 0x0861, 0x18c2, 0x3186, 0x4a69, 0x5aeb, 0x630c, 0x5aeb, 
	0x528a, 0x31c7, 0x18c3, 0x1082, 0x10a2, 0x10a2, 0x10a2, 0x10a2, 0x1082, 0x4228, 0x6b6d, 0x52aa, 0x3186, 0x1082, 0x0861, 0x10a2, 
	0x10a2, 0x10c2, 0x10a2, 0x10a2, 0x10a2, 0x10a2, 0x10a2, 0x10a2, 0x10a2, 0x1082, 0x1082, 0x2965, 0x5acb, 0x73ae, 0x738e, 0x7baf, 
	0x39c7, 0x1082, 0x18c2, 0x10a2, 0x10a2, 0x10a2, 0x10a2, 0x10a2, 0x10a2, 0x10a2, 0x10a2, 0x10a2, 0x10a2, 0x10a2, 0x10a2, 0x10a2, 
	0x10a2, 0x10a2, 0x10a2, 0x10a2, 0x10a2, 0x10a2, 0x10a2, 0x10a2, 0x10a2, 0x10a2, 0x10a2, 0x10a2, 0x10a2, 0x10a2, 0x10a2, 0x10a2, 
	0x10a2, 0x10a2, 0x10a2, 0x10a2, 0x10a2, 0x10a2, 0x10a2, 0x10a2, 0x10a2, 0x10a2, 0x10a2, 0x10a2, 0x10a2, 0x10a2, 0x10a2, 0x10a2, 
	0x10a2, 0x10a2, 0x10a2, 0x10a2, 0x10a2, 0x10a2, 0x10a2, 0x10a2, 0x10a2, 0x10a2, 0x10a2, 0x10a2, 0x10a2, 0x10a2, 0x10a2, 0x10a2, 
	0x10a2, 0x10a2, 0x10a2, 0x10a2, 0x10a2, 0x10a2, 0x10a2, 0x10a2, 0x10a2, 0x10a2, 0x10a2, 0x10a2, 0x10a2, 0x10a2, 0x10a2, 0x10a2, 
	0x10a2, 0x10a2, 0x10a2, 0x10a2, 0x10a2, 0x10a2, 0x10a2, 0x10a2, 0x1082, 0x4208, 0x6b4d, 0x632c, 0x632c, 0x632c, 0x632c, 0x632c, 
	0x632c, 0x632c, 0x632c, 0x632c, 0x632c, 0x632c, 0x632c, 0x632c, 0x632c, 0x632c, 0x632c, 0x630c, 0x632c, 0x5aeb, 0x2104, 0x10a2, 
	0x10a2, 0x1081, 0x4228, 0x6b4d, 0x630c, 0x630c, 0x632c, 0x632c, 0x632c, 0x632c, 0x632c, 0x632c, 0x632c, 0x632c, 0x632c, 0x632c, 
	0x632c, 0x632c, 0x632c, 0x632c, 0x632c, 0x632c, 0x632c, 0x632c, 0x632c, 0x632c, 0x6b6d, 0x31a6, 0x1082, 0x18c2, 0x0861, 0x5289, 
	0x9cb2, 0x9cd3, 0x52aa, 0x0861, 0x18c2, 0x10a2, 0x10a2, 0x10a2, 0x10a2, 0x10a2, 0x10a2, 0x10a2, 0x10a2, 0x10a2, 0x10a2, 0x10a2, 
	0x10a2, 0x10a2, 0x10a2, 0x10a2, 0x10a2, 0x10a2, 0x10a2, 0x10a2, 0x10a2, 0x10a2, 0x10a2, 0x10a2, 0x10a2, 0x10a2, 0x10a2, 0x10a2, 
	0x10a2, 0x10a2, 0x10a2, 0x10c2, 0x18c3, 0x10a2, 0x1082, 0x0861, 0x10a2, 0x2965, 0x4a49, 0x52aa, 0x39e7, 0x10a2, 0x10a2, 0x10a2, 
	0x10a2, 0x10a2, 0x10a2, 0x10a2, 0x10a2, 0x10a2, 0x10a2, 0x10a2, 0x18c3, 0x3186, 0x1082, 0x1082, 0x1082, 0x18c3, 0x18e3, 0x18c3, 
	0x10a2, 0x1082, 0x10a2, 0x10a2, 0x10a2, 0x18c3, 0x10a2, 0x1082, 0x4208, 0x6b6d, 0x6b4c, 0x6b6d, 0x6b6d, 0x5acb, 0x2945, 0x10a2, 
	0x10a2, 0x10a2, 0x10a2, 0x10a2, 0x10a2, 0x10a2, 0x10a2, 0x10a2, 0x10a2, 0x10a2, 0x10a2, 0x1082, 0x10a2, 0x31a6, 0x6b6d, 0x632c, 
	0x10a2, 0x10a2, 0x10a2, 0x10a2, 0x10a2, 0x10a2, 0x10a2, 0x10a2, 0x10a2, 0x10a2, 0x10a2, 0x10a2, 0x10a2, 0x10a2, 0x10a2, 0x10a2, 
	0x10a2, 0x10a2, 0x10a2, 0x10a2, 0x10a2, 0x10a2, 0x10a2, 0x10a2, 0x10a2, 0x10a2, 0x10a2, 0x10a2, 0x10a2, 0x10a2, 0x10a2, 0x10a2, 
	0x10a2, 0x10a2, 0x10a2, 0x10a2, 0x10a2, 0x10a2, 0x10a2, 0x10a2, 0x10a2, 0x10a2, 0x10a2, 0x10a2, 0x10a2, 0x10a2, 0x10a2, 0x10a2, 
	0x10a2, 0x10a2, 0x10a2, 0x10a2, 0x10a2, 0x10a2, 0x10a2, 0x10a2, 0x10a2, 0x10a2, 0x10a2, 0x10a2, 0x10a2, 0x10a2, 0x10a2, 0x10a2, 
	0x10a2, 0x10a2, 0x10a2, 0x10a2, 0x10a2, 0x10a2, 0x10a2, 0x10a2, 0x10a2, 0x10a2, 0x10a2, 0x10a2, 0x10a2, 0x10a2, 0x10a2, 0x10a2, 
	0x10a2, 0x10a2, 0x10a2, 0x10a2, 0x10a2, 0x10a2, 0x10a2, 0x1081, 0x39e7, 0x6b4d, 0x630c, 0x632c, 0x632c, 0x632c, 0x632c, 0x632c, 
	0x632c, 0x632c, 0x632c, 0x632c, 0x632c, 0x632c, 0x632c, 0x632c, 0x632c, 0x632c, 0x630c, 0x632c, 0x5aeb, 0x2104, 0x1082, 0x18c2, 
	0x18c2, 0x4a69, 0x738e, 0x6b4d, 0x6b4d, 0x632c, 0x630c, 0x630c, 0x632c, 0x632c, 0x632c, 0x632c, 0x632c, 0x632c, 0x632c, 0x632c, 
	0x632c, 0x632c, 0x632c, 0x632c, 0x632c, 0x632c, 0x632c, 0x632c, 0x632c, 0x6b6d, 0x4a49, 0x1082, 0x18c2, 0x1081, 0x2965, 0x9471, 
	0x8c71, 0x94b2, 0x6b4d, 0x0881, 0x10a2, 0x10a2, 0x10a2, 0x10a2, 0x10a2, 0x10a2, 0x10a2, 0x10a2, 0x10a2, 0x10a2, 0x10a2, 0x10a2, 
	0x10a2, 0x10a2, 0x10a2, 0x10a2, 0x10a2, 0x10a2, 0x10a2, 0x10a2, 0x10a2, 0x10a2, 0x10a2, 0x10a2, 0x10a2, 0x10a2, 0x10a2, 0x10a2, 
	0x10a2, 0x10a2, 0x10a2, 0x10a2, 0x10a2, 0x10a2, 0x18c2, 0x18c3, 0x10a2, 0x1082, 0x0861, 0x0861, 0x1081, 0x10a2, 0x10a2, 0x10a2, 
	0x10a2, 0x10a2, 0x10a2, 0x10a2, 0x10a2, 0x10a2, 0x18c3, 0x10a2, 0x2104, 0x738e, 0x4a49, 0x10a2, 0x1082, 0x10a2, 0x10a2, 0x10a2, 
	0x10a2, 0x18c3, 0x18a3, 0x10a2, 0x10a2, 0x1081, 0x18e3, 0x4a69, 0x6b6d, 0x632c, 0x6b4d, 0x632c, 0x632c, 0x738e, 0x5269, 0x1082, 
	0x10a2, 0x10a2, 0x10a2, 0x10a2, 0x10a2, 0x10a2, 0x10a2, 0x10a2, 0x10a2, 0x10a2, 0x10a2, 0x10a2, 0x10a2, 0x1081, 0x18e3, 0x2104, 
	0x10a2, 0x10c2, 0x10a2, 0x10a2, 0x10a2, 0x10a2, 0x10a2, 0x10a2, 0x10a2, 0x10a2, 0x10a2, 0x10a2, 0x10a2, 0x10a2, 0x10a2, 0x10a2, 
	0x10a2, 0x10a2, 0x10a2, 0x10a2, 0x10a2, 0x10a2, 0x10a2, 0x10a2, 0x10a2, 0x10a2, 0x10a2, 0x10a2, 0x10a2, 0x10a2, 0x10a2, 0x10a2, 
	0x10a2, 0x10a2, 0x10a2, 0x10a2, 0x10a2, 0x10a2, 0x10a2, 0x10a2, 0x10a2, 0x10a2, 0x10a2, 0x10a2, 0x10a2, 0x10a2, 0x10a2, 0x10a2, 
	0x10a2, 0x10a2, 0x10a2, 0x10a2, 0x10a2, 0x10a2, 0x10a2, 0x10a2, 0x10a2, 0x10a2, 0x10a2, 0x10a2, 0x10a2, 0x10a2, 0x10a2, 0x10a2, 
	0x10a2, 0x10a2, 0x10a2, 0x10a2, 0x10a2, 0x10a2, 0x10a2, 0x10a2, 0x10a2, 0x10a2, 0x10a2, 0x10a2, 0x10a2, 0x10a2, 0x10a2, 0x10a2, 
	0x10a2, 0x10a2, 0x10a2, 0x10a2, 0x10a2, 0x10a2, 0x1082, 0x39e7, 0x736d, 0x632c, 0x632c, 0x632c, 0x632c, 0x632c, 0x632c, 0x632c, 
	0x632c, 0x632c, 0x632c, 0x632c, 0x632c, 0x632c, 0x632c, 0x632c, 0x632c, 0x630c, 0x6b4d, 0x5aeb, 0x2104, 0x1082, 0x18c3, 0x10a2, 
	0x2104, 0x31a6, 0x31a6, 0x39e7, 0x4a49, 0x5acb, 0x632c, 0x6b4d, 0x632c, 0x630c, 0x632c, 0x632c, 0x632c, 0x632c, 0x632c, 0x632c, 
	0x632c, 0x632c, 0x632c, 0x632c, 0x632c, 0x632c, 0x632c, 0x632c, 0x6b4d, 0x5acb, 0x10a2, 0x10a2, 0x10a2, 0x1082, 0x6b6d, 0x9492, 
	0x8c51, 0x8c71, 0x8c51, 0x2124, 0x1082, 0x10a2, 0x10a2, 0x10a2, 0x10a2, 0x10a2, 0x10a2, 0x10a2, 0x10a2, 0x10a2, 0x10a2, 0x10a2, 
	0x10a2, 0x10a2, 0x10a2, 0x10a2, 0x10a2, 0x10a2, 0x10a2, 0x10a2, 0x10a2, 0x10a2, 0x10a2, 0x10a2, 0x10a2, 0x10a2, 0x10a2, 0x10a2, 
	0x10a2, 0x10a2, 0x10a2, 0x10a2, 0x10a2, 0x10a2, 0x10a2, 0x10a2, 0x10a2, 0x18c2, 0x18c3, 0x18c3, 0x18c3, 0x10a2, 0x10a2, 0x10a2, 
	0x10a2, 0x10a2, 0x10a2, 0x10a2, 0x10a2, 0x10a2, 0x18c2, 0x10a2, 0x2104, 0x6b4d, 0x73ae, 0x5aeb, 0x2944, 0x1082, 0x1082, 0x1082, 
	0x1082, 0x1082, 0x1082, 0x1082, 0x18c3, 0x39c7, 0x632c, 0x6b6d, 0x632c, 0x6b4d, 0x6b4d, 0x6b2c, 0x632c, 0x6b4d, 0x3186, 0x1082, 
	0x10a2, 0x10a2, 0x10a2, 0x10a2, 0x10a2, 0x10a2, 0x10a2, 0x10a2, 0x10a2, 0x10a2, 0x10a2, 0x10a2, 0x10a2, 0x10c2, 0x10a2, 0x10a2, 
	0x10a3, 0x10a2, 0x10a2, 0x10a2, 0x10a2, 0x10a2, 0x10a2, 0x10a2, 0x10a2, 0x10a2, 0x10a2, 0x10a2, 0x10a2, 0x10a2, 0x10a2, 0x10a2, 
	0x10a2, 0x10a2, 0x10a2, 0x10a2, 0x10a2, 0x10a2, 0x10a2, 0x10a2, 0x10a2, 0x10a2, 0x10a2, 0x10a2, 0x10a2, 0x10a2, 0x10a2, 0x10a2, 
	0x10a2, 0x10a2, 0x10a2, 0x10a2, 0x10a2, 0x10a2, 0x10a2, 0x10a2, 0x10a2, 0x10a2, 0x10a2, 0x10a2, 0x10a2, 0x10a2, 0x10a2, 0x10a2, 
	0x10a2, 0x10a2, 0x10a2, 0x10a2, 0x10a2, 0x10a2, 0x10a2, 0x10a2, 0x10a2, 0x10a2, 0x10a2, 0x10a2, 0x10a2, 0x10a2, 0x10a2, 0x10a2, 
	0x10a2, 0x10a2, 0x10a2, 0x10a2, 0x10a2, 0x10a2, 0x10a2, 0x10a2, 0x10a2, 0x10a2, 0x10a2, 0x10a2, 0x10a2, 0x10a2, 0x10a2, 0x10a2, 
	0x10a2, 0x10a2, 0x10a2, 0x10a2, 0x18c2, 0x18c2, 0x18c2, 0x39c7, 0x4a69, 0x5acb, 0x632c, 0x6b4d, 0x6b4d, 0x6b2d, 0x632c, 0x630c, 
	0x630c, 0x630c, 0x632c, 0x632c, 0x632c, 0x632c, 0x632c, 0x632c, 0x630c, 0x6b4d, 0x630c, 0x2104, 0x1082, 0x18c2, 0x10a2, 0x18c2, 
	0x10a2, 0x1082, 0x1082, 0x1082, 0x1082, 0x18a2, 0x2945, 0x4228, 0x630c, 0x6b4d, 0x632c, 0x632c, 0x632c, 0x632c, 0x632c, 0x632c, 
	0x632c, 0x632c, 0x632c, 0x632c, 0x632c, 0x632c, 0x632c, 0x632c, 0x632c, 0x2124, 0x1082, 0x18c3, 0x10a2, 0x2104, 0x8430, 0x8c51, 
	0x8c51, 0x8c51, 0x94b2, 0x4a69, 0x0861, 0x18c3, 0x10a2, 0x10a2, 0x10a2, 0x10a2, 0x10a2, 0x10a2, 0x10a2, 0x10a2, 0x10a2, 0x10a2, 
	0x10a2, 0x10a2, 0x10a2, 0x10a2, 0x10a2, 0x10a2, 0x10a2, 0x10a2, 0x10a2, 0x10a2, 0x10a2, 0x10a2, 0x10a2, 0x10a2, 0x10a2, 0x10a2, 
	0x10a2, 0x10a2, 0x10a2, 0x10a2, 0x10a2, 0x10a2, 0x10a2, 0x10a2, 0x10a2, 0x10a2, 0x10a2, 0x10a2, 0x10a2, 0x10a2, 0x10a2, 0x10a2, 
	0x10a2, 0x10a2, 0x10a2, 0x10a2, 0x10a2, 0x10a2, 0x10a2, 0x10a2, 0x10a2, 0x52aa, 0x73ae, 0x738e, 0x6b6d, 0x528a, 0x39c7, 0x2965, 
	0x2945, 0x2945, 0x31a6, 0x4a49, 0x630c, 0x6b6d, 0x6b4d, 0x632c, 0x6b4d, 0x6b4d, 0x6b4d, 0x632c, 0x6b4d, 0x632c, 0x18e3, 0x1082, 
	0x10a2, 0x10a2, 0x10a2, 0x10a2, 0x10a2, 0x10a2, 0x10a2, 0x10a2, 0x10a2, 0x10a2, 0x10a2, 0x10a2, 0x10a2, 0x10a2, 0x10a2, 0x18a2, 
	0x10a2, 0x10a2, 0x10a2, 0x10a2, 0x10a2, 0x10a2, 0x10a2, 0x10a2, 0x10a2, 0x10a2, 0x10a2, 0x10a2, 0x10a2, 0x10a2, 0x10a2, 0x10a2, 
	0x10a2, 0x10a2, 0x10a2, 0x10a2, 0x10a2, 0x10a2, 0x10a2, 0x10a2, 0x10a2, 0x10a2, 0x10a2, 0x10a2, 0x10a2, 0x10a2, 0x10a2, 0x10a2, 
	0x10a2, 0x10a2, 0x10a2, 0x10a2, 0x10a2, 0x10a2, 0x10a2, 0x10a2, 0x10a2, 0x10a2, 0x10a2, 0x10a2, 0x10a2, 0x10a2, 0x10a2, 0x10a2, 
	0x10a2, 0x10a2, 0x10a2, 0x10a2, 0x10a2, 0x10a2, 0x10a2, 0x10a2, 0x10a2, 0x10a2, 0x10a2, 0x10a2, 0x10a2, 0x10a2, 0x10a2, 0x10a2, 
	0x10a2, 0x10a2, 0x10a2, 0x10a2, 0x10a2, 0x10a2, 0x10a2, 0x10a2, 0x10a2, 0x10a2, 0x10a2, 0x10a2, 0x10a2, 0x10a2, 0x10a2, 0x10a2, 
	0x10a2, 0x10a2, 0x10a2, 0x1082, 0x1082, 0x10a2, 0x10a2, 0x1082, 0x1082, 0x18c3, 0x2124, 0x31a6, 0x4a69, 0x5acb, 0x632c, 0x6b4d, 
	0x6b4d, 0x632c, 0x632c, 0x630c, 0x630c, 0x632c, 0x632c, 0x632c, 0x6b4d, 0x630c, 0x2124, 0x1082, 0x18c3, 0x18c2, 0x18c3, 0x10a2, 
	0x1082, 0x1082, 0x1082, 0x1082, 0x10a2, 0x10a2, 0x1082, 0x1082, 0x2104, 0x4a49, 0x6b4d, 0x632c, 0x632c, 0x632c, 0x632c, 0x632c, 
	0x632c, 0x632c, 0x632c, 0x632c, 0x632c, 0x632c, 0x632c, 0x6b4d, 0x31a6, 0x1082, 0x18c2, 0x18c2, 0x1082, 0x2124, 0x8c51, 0x8c51, 
	0x8c51, 0x8c51, 0x9492, 0x7bae, 0x10a2, 0x10a2, 0x10a2, 0x10a2, 0x10a2, 0x10a2, 0x10a2, 0x10a2, 0x10a2, 0x10a2, 0x10a2, 0x10a2, 
	0x10a2, 0x10a2, 0x10a2, 0x10a2, 0x10a2, 0x10a2, 0x10a2, 0x10a2, 0x10a2, 0x10a2, 0x10a2, 0x10a2, 0x10a2, 0x10a2, 0x10a2, 0x10a2, 
	0x10a2, 0x10a2, 0x10a2, 0x10a2, 0x10a2, 0x10a2, 0x10a2, 0x10a2, 0x10a2, 0x10a2, 0x10a2, 0x10a2, 0x10a2, 0x10a2, 0x10a2, 0x10a2, 
	0x10a2, 0x10a2, 0x10a2, 0x10a2, 0x10a2, 0x10a2, 0x10a2, 0x18c2, 0x10a2, 0x18e3, 0x52aa, 0x6b6d, 0x738e, 0x7bcf, 0x7bcf, 0x738e, 
	0x6b6d, 0x6b6d, 0x738e, 0x738e, 0x6b6d, 0x6b4d, 0x6b4d, 0x6b4d, 0x6b4d, 0x6b4d, 0x6b4d, 0x632c, 0x6b4d, 0x5acb, 0x1082, 0x10a2, 
	0x10a2, 0x10a2, 0x10a2, 0x10a2, 0x10a2, 0x10a2, 0x10a2, 0x10a2, 0x10a2, 0x10a2, 0x10a2, 0x10a2, 0x10a2, 0x10a2, 0x10a2, 0x10a2, 
	0x10a2, 0x10a2, 0x10a2, 0x10a2, 0x10a2, 0x10a2, 0x10a2, 0x10a2, 0x10a2, 0x10a2, 0x10a2, 0x10a2, 0x10a2, 0x10a2, 0x10a2, 0x10a2, 
	0x10a2, 0x10a2, 0x10a2, 0x10a2, 0x10a2, 0x10a2, 0x10a2, 0x10a2, 0x10a2, 0x10a2, 0x10a2, 0x10a2, 0x10a2, 0x10a2, 0x10a2, 0x10a2, 
	0x10a2, 0x10a2, 0x10a2, 0x10a2, 0x10a2, 0x10a2, 0x10a2, 0x10a2, 0x10a2, 0x10a2, 0x10a2, 0x10a2, 0x10a2, 0x10a2, 0x10a2, 0x10a2, 
	0x10a2, 0x10a2, 0x10a2, 0x10a2, 0x10a2, 0x10a2, 0x10a2, 0x10a2, 0x10a2, 0x10a2, 0x10a2, 0x10a2, 0x10a2, 0x10a2, 0x10a2, 0x10a2, 
	0x10a2, 0x10a2, 0x10a2, 0x10a2, 0x10a2, 0x10a2, 0x10a2, 0x10a2, 0x10a2, 0x10a2, 0x10a2, 0x10a2, 0x10a2, 0x10a2, 0x10a2, 0x10a2, 
	0x10a2, 0x10a2, 0x1082, 0x2104, 0x3186, 0x2124, 0x10a2, 0x1082, 0x1061, 0x1082, 0x1082, 0x1082, 0x10a2, 0x18c3, 0x2124, 0x31a6, 
	0x4a49, 0x5acb, 0x630c, 0x6b4d, 0x6b4d, 0x6b4d, 0x632c, 0x6b4d, 0x630c, 0x2124, 0x1082, 0x18c3, 0x18c2, 0x1082, 0x1082, 0x2124, 
	0x31a6, 0x41e7, 0x39c7, 0x2965, 0x18e3, 0x1082, 0x1082, 0x10a2, 0x1082, 0x1081, 0x2965, 0x630c, 0x6b4d, 0x632c, 0x632c, 0x632c, 
	0x632c, 0x632c, 0x632c, 0x632c, 0x632c, 0x632c, 0x6b6d, 0x4a49, 0x1082, 0x18c2, 0x10a2, 0x10a2, 0x10a2, 0x18e3, 0x7bf0, 0x8c71, 
	0x8c51, 0x8c51, 0x8c51, 0x9492, 0x3186, 0x1082, 0x10a2, 0x10a2, 0x10a2, 0x10a2, 0x10a2, 0x10a2, 0x10a2, 0x10a2, 0x10a2, 0x10a2, 
	0x10a2, 0x10a2, 0x10a2, 0x10a2, 0x10a2, 0x10a2, 0x10a2, 0x10a2, 0x10a2, 0x10a2, 0x10a2, 0x10a2, 0x10a2, 0x10a2, 0x10a2, 0x10a2, 
	0x10a2, 0x10a2, 0x10a2, 0x10a2, 0x10a2, 0x10a2, 0x10a2, 0x10a2, 0x10a2, 0x10a2, 0x10a2, 0x10a2, 0x10a2, 0x10a2, 0x10a2, 0x10a2, 
	0x10a2, 0x10a2, 0x10a2, 0x10a2, 0x10a2, 0x10a2, 0x10a2, 0x10a2, 0x10a2, 0x10a2, 0x1082, 0x2124, 0x31a6, 0x3a08, 0x528a, 0x6b6d, 
	0x6b4d, 0x6b4d, 0x6b4d, 0x6b4d, 0x6b4d, 0x6b4d, 0x6b4d, 0x6b4d, 0x6b4d, 0x6b4d, 0x6b4d, 0x6b4d, 0x6b4d, 0x630c, 0x2124, 0x10a2, 
	0x1082, 0x1081, 0x1082, 0x1082, 0x10a2, 0x10a2, 0x10a2, 0x10a2, 0x10a2, 0x10a2, 0x10a2, 0x10a2, 0x10a2, 0x10a2, 0x10a2, 0x10a2, 
	0x10a2, 0x10a2, 0x10a2, 0x10a2, 0x10a2, 0x10a2, 0x10a2, 0x10a2, 0x10a2, 0x10a2, 0x10a2, 0x10a2, 0x10a2, 0x10a2, 0x10a2, 0x10a2, 
	0x10a2, 0x10a2, 0x10a2, 0x10a2, 0x10a2, 0x10a2, 0x10a2, 0x10a2, 0x10a2, 0x10a2, 0x10a2, 0x10a2, 0x10a2, 0x10a2, 0x10a2, 0x10a2, 
	0x10a2, 0x10a2, 0x10a2, 0x10a2, 0x10a2, 0x10a2, 0x10a2, 0x10a2, 0x10a2, 0x10a2, 0x10a2, 0x10a2, 0x10a2, 0x10a2, 0x10a2, 0x10a2, 
	0x10a2, 0x10a2, 0x10a2, 0x10a2, 0x10a2, 0x10a2, 0x10a2, 0x10a2, 0x10a2, 0x10a2, 0x10a2, 0x10a2, 0x10a2, 0x10a2, 0x10a2, 0x10a2, 
	0x10a2, 0x10a2, 0x10a2, 0x10a2, 0x10a2, 0x10a2, 0x10a2, 0x10a2, 0x10a2, 0x10a2, 0x10a2, 0x10a2, 0x10a2, 0x10a2, 0x10a2, 0x10a2, 
	0x18c2, 0x0861, 0x4a49, 0x8c71, 0x9492, 0x8c51, 0x7bcf, 0x630c, 0x4208, 0x2945, 0x18c3, 0x1082, 0x1082, 0x1082, 0x10a2, 0x10a2, 
	0x10a2, 0x18c3, 0x2104, 0x3186, 0x4228, 0x52aa, 0x632c, 0x5aeb, 0x2104, 0x1082, 0x18c3, 0x1082, 0x0861, 0x39c7, 0x6b6d, 0x8430, 
	0x8c72, 0x9492, 0x8c71, 0x8c51, 0x8410, 0x632c, 0x31a6, 0x0861, 0x1082, 0x18c2, 0x0861, 0x18e3, 0x5acb, 0x6b4d, 0x632c, 0x632c, 
	0x632c, 0x632c, 0x632c, 0x632c, 0x632c, 0x6b4d, 0x5acb, 0x18c3, 0x10a2, 0x10a2, 0x10a2, 0x10a2, 0x18c3, 0x0861, 0x5aeb, 0x9492, 
	0x8c51, 0x8c51, 0x8c51, 0x94b2, 0x630c, 0x0861, 0x18c3, 0x10a2, 0x10a2, 0x10a2, 0x10a2, 0x10a2, 0x10a2, 0x10a2, 0x10a2, 0x10a2, 
	0x10a2, 0x10a2, 0x10a2, 0x10a2, 0x10a2, 0x10a2, 0x10a2, 0x10a2, 0x10a2, 0x10a2, 0x10a2, 0x10a2, 0x10a2, 0x10a2, 0x10a2, 0x10a2, 
	0x10a2, 0x10a2, 0x10a2, 0x10a2, 0x10a2, 0x10a2, 0x10a2, 0x10a2, 0x10a2, 0x10a2, 0x10a2, 0x10a2, 0x10a2, 0x10a2, 0x10a2, 0x10a2, 
	0x10a2, 0x10a2, 0x10a2, 0x10a2, 0x10a2, 0x10a2, 0x10a2, 0x10a2, 0x10a2, 0x10a2, 0x10a2, 0x1082, 0x1082, 0x0861, 0x18e3, 0x6b4d, 
	0x6b4d, 0x6b4d, 0x6b4d, 0x6b4d, 0x6b4d, 0x6b4d, 0x6b4d, 0x6b4d, 0x6b4d, 0x6b4d, 0x6b4d, 0x6b4d, 0x6b4d, 0x6b4d, 0x6b4d, 0x630c, 
	0x528a, 0x4208, 0x3185, 0x2103, 0x10a2, 0x1082, 0x1082, 0x1082, 0x10a2, 0x10a2, 0x10a2, 0x10a2, 0x10a2, 0x10a2, 0x10a2, 0x10a2, 
	0x10a2, 0x10a2, 0x10a2, 0x10a2, 0x10a2, 0x10a2, 0x10a2, 0x10a2, 0x10a2, 0x10a2, 0x10a2, 0x10a2, 0x10a2, 0x10a2, 0x10a2, 0x10a2, 
	0x10a2, 0x10a2, 0x10a2, 0x10a2, 0x10a2, 0x10a2, 0x10a2, 0x10a2, 0x10a2, 0x10a2, 0x10a2, 0x10a2, 0x10a2, 0x10a2, 0x10a2, 0x10a2, 
	0x10a2, 0x10a2, 0x10a2, 0x10a2, 0x10a2, 0x10a2, 0x10a2, 0x10a2, 0x10a2, 0x10a2, 0x10a2, 0x10a2, 0x10a2, 0x10a2, 0x10a2, 0x10a2, 
	0x10a2, 0x10a2, 0x10a2, 0x10a2, 0x10a2, 0x10a2, 0x10a2, 0x10a2, 0x10a2, 0x10a2, 0x10a2, 0x10a2, 0x10a2, 0x10a2, 0x10a2, 0x10a2, 
	0x10a2, 0x10a2, 0x10a2, 0x10a2, 0x10a2, 0x10a2, 0x10a2, 0x10a2, 0x10a2, 0x10a2, 0x10a2, 0x10a2, 0x10a2, 0x10a2, 0x10a2, 0x18a3, 
	0x0861, 0x4a49, 0x94b2, 0x8c71, 0x8c71, 0x8c71, 0x9492, 0x9492, 0x9492, 0x8c51, 0x7bef, 0x632c, 0x4a49, 0x2965, 0x18e3, 0x10a2, 
	0x1082, 0x1082, 0x1082, 0x10a2, 0x10a2, 0x18c3, 0x2104, 0x2104, 0x10a2, 0x18c3, 0x10a2, 0x2124, 0x6b6d, 0x9cb2, 0x9cb2, 0x8c71, 
	0x8c51, 0x8430, 0x8c51, 0x8c51, 0x8c71, 0x9492, 0x8c71, 0x632c, 0x2104, 0x0861, 0x18c3, 0x1082, 0x18c3, 0x5acb, 0x6b4d, 0x630c, 
	0x632c, 0x632c, 0x632c, 0x632c, 0x632c, 0x632c, 0x2124, 0x1082, 0x18c2, 0x10a2, 0x10a2, 0x10a2, 0x18c2, 0x1082, 0x31a6, 0x9492, 
	0x8c51, 0x8c51, 0x8c51, 0x8c71, 0x8430, 0x2104, 0x10a2, 0x18c2, 0x10a2, 0x10a2, 0x10a2, 0x10a2, 0x10a2, 0x10a2, 0x10a2, 0x10a2, 
	0x10a2, 0x10a2, 0x10a2, 0x10a2, 0x10a2, 0x10a2, 0x10a2, 0x10a2, 0x10a2, 0x10a2, 0x10a2, 0x10a2, 0x10a2, 0x10a2, 0x10a2, 0x10a2, 
	0x10a2, 0x10a2, 0x10a2, 0x10a2, 0x10a2, 0x10a2, 0x10a2, 0x10a2, 0x10a2, 0x10a2, 0x10a2, 0x10a2, 0x10a2, 0x10a2, 0x10a2, 0x10a2, 
	0x10a2, 0x10a2, 0x10a2, 0x10a2, 0x10a2, 0x10a2, 0x10a2, 0x10a2, 0x10a2, 0x10a2, 0x10a2, 0x10a2, 0x10a2, 0x18c2, 0x1082, 0x528a, 
	0x738e, 0x6b4d, 0x6b4d, 0x6b4d, 0x6b4d, 0x6b4d, 0x6b4d, 0x6b4d, 0x6b4d, 0x6b4d, 0x6b4d, 0x6b4d, 0x6b4d, 0x6b4d, 0x6b4d, 0x6b6d, 
	0x738e, 0x738e, 0x738d, 0x632c, 0x5aeb, 0x4a89, 0x39e7, 0x2965, 0x18e3, 0x10a2, 0x1082, 0x10a2, 0x18c2, 0x10a2, 0x10a2, 0x10a2, 
	0x10a2, 0x10a2, 0x10a2, 0x10a2, 0x10a2, 0x10a2, 0x10a2, 0x10a2, 0x10a2, 0x10a2, 0x10a2, 0x10a2, 0x10a2, 0x10a2, 0x10a2, 0x10a2, 
	0x10a2, 0x10a2, 0x10a2, 0x10a2, 0x10a2, 0x10a2, 0x10a2, 0x10a2, 0x10a2, 0x10a2, 0x10a2, 0x10a2, 0x10a2, 0x10a2, 0x10a2, 0x10a2, 
	0x10a2, 0x10a2, 0x10a2, 0x10a2, 0x10a2, 0x10a2, 0x10a2, 0x10a2, 0x10a2, 0x10a2, 0x10a2, 0x10a2, 0x10a2, 0x10a2, 0x10a2, 0x10a2, 
	0x10a2, 0x10a2, 0x10a2, 0x10a2, 0x10a2, 0x10a2, 0x10a2, 0x10a2, 0x10a2, 0x10a2, 0x10a2, 0x10a2, 0x10a2, 0x10a2, 0x10a2, 0x10a2, 
	0x10a2, 0x10a2, 0x10a2, 0x10a2, 0x10a2, 0x10a2, 0x10a2, 0x10a2, 0x10a2, 0x10a2, 0x10a2, 0x10a2, 0x10a2, 0x10a2, 0x10a2, 0x0861, 
	0x4a49, 0x9492, 0x8c71, 0x8c71, 0x8c71, 0x8c71, 0x8c51, 0x8c51, 0x8c51, 0x8c51, 0x8c71, 0x9492, 0x9492, 0x8c71, 0x7bef, 0x6b4d, 
	0x4a69, 0x31a6, 0x2104, 0x10a2, 0x1082, 0x1082, 0x1082, 0x10a2, 0x18c3, 0x18c3, 0x10a2, 0x39c7, 0x630c, 0x630c, 0x738e, 0x8430, 
	0x9492, 0x9492, 0x8c51, 0x8c51, 0x8c51, 0x8c51, 0x8c51, 0x9492, 0x8410, 0x31a6, 0x0861, 0x18c2, 0x1082, 0x18e3, 0x630b, 0x632c, 
	0x632c, 0x632c, 0x632c, 0x632c, 0x6b4d, 0x39c7, 0x1082, 0x18c2, 0x10a2, 0x10a2, 0x10a2, 0x10a2, 0x10a2, 0x10a2, 0x18c2, 0x7bef, 
	0x9492, 0x8c51, 0x8c51, 0x8c51, 0x94b2, 0x4228, 0x0861, 0x18c3, 0x10a2, 0x10a2, 0x10a2, 0x10a2, 0x10a2, 0x10a2, 0x10a2, 0x10a2, 
	0x10a2, 0x10a2, 0x10a2, 0x10a2, 0x10a2, 0x10a2, 0x10a2, 0x10a2, 0x10a2, 0x10a2, 0x10a2, 0x10a2, 0x10a2, 0x10a2, 0x10a2, 0x10a2, 
	0x10a2, 0x10a2, 0x10a2, 0x10a2, 0x10a2, 0x10a2, 0x10a2, 0x10a2, 0x10a2, 0x10a2, 0x10a2, 0x10a2, 0x10a2, 0x10a2, 0x10a2, 0x10a2, 
	0x10a2, 0x10a2, 0x10a2, 0x10a2, 0x10a2, 0x10a2, 0x10a2, 0x10a2, 0x10a2, 0x10a2, 0x10a2, 0x10a2, 0x10a2, 0x10a2, 0x10a2, 0x2104, 
	0x632c, 0x736e, 0x6b4d, 0x6b4d, 0x6b4d, 0x6b4d, 0x6b4d, 0x6b4d, 0x6b4d, 0x6b4d, 0x6b4d, 0x6b4d, 0x6b4d, 0x6b4d, 0x6b4d, 0x6b4d, 
	0x6b4d, 0x6b4d, 0x6b4d, 0x6b4d, 0x6b6d, 0x6b6d, 0x6b6d, 0x6b6d, 0x632c, 0x5acb, 0x4a69, 0x2124, 0x10a2, 0x18c2, 0x10a2, 0x10a2, 
	0x10a2, 0x10a2, 0x10a2, 0x10a2, 0x10a2, 0x10a2, 0x10a2, 0x10a2, 0x10a2, 0x10a2, 0x10a2, 0x10a2, 0x10a2, 0x10a2, 0x10a2, 0x10a2, 
	0x10a2, 0x10a2, 0x10a2, 0x10a2, 0x10a2, 0x10a2, 0x10a2, 0x10a2, 0x10a2, 0x10a2, 0x10a2, 0x10a2, 0x10a2, 0x10a2, 0x10a2, 0x10a2, 
	0x10a2, 0x10a2, 0x10a2, 0x10a2, 0x10a2, 0x10a2, 0x10a2, 0x10a2, 0x10a2, 0x10a2, 0x10a2, 0x10a2, 0x10a2, 0x10a2, 0x10a2, 0x10a2, 
	0x10a2, 0x10a2, 0x10a2, 0x10a2, 0x10a2, 0x10a2, 0x10a2, 0x10a2, 0x10a2, 0x10a2, 0x10a2, 0x10a2, 0x10a2, 0x10a2, 0x10a2, 0x10a2, 
	0x10a2, 0x10a2, 0x10a2, 0x10a2, 0x10a2, 0x10a2, 0x10a2, 0x10a2, 0x10a2, 0x10a2, 0x10a2, 0x10a2, 0x10a2, 0x10c2, 0x1082, 0x39e7, 
	0x9492, 0x8c51, 0x8c71, 0x8c71, 0x8c71, 0x8c71, 0x8c71, 0x8c71, 0x8c71, 0x8c51, 0x8c51, 0x8c51, 0x8c51, 0x8c51, 0x8c71, 0x9492, 
	0x9492, 0x8c71, 0x8410, 0x738e, 0x5acb, 0x39e7, 0x2124, 0x10a2, 0x0861, 0x0861, 0x10a2, 0x1082, 0x0861, 0x1082, 0x10a2, 0x2104, 
	0x4208, 0x6b4d, 0x8c71, 0x9492, 0x8c51, 0x8c51, 0x8c51, 0x8c31, 0x8c71, 0x8c71, 0x4208, 0x0861, 0x18c3, 0x1081, 0x2945, 0x6b4d, 
	0x632c, 0x632c, 0x632c, 0x6b4d, 0x4a49, 0x1082, 0x18c2, 0x10a2, 0x10a2, 0x10a2, 0x10a2, 0x10a2, 0x10a2, 0x18c3, 0x0861, 0x528a, 
	0x94b2, 0x8c51, 0x8c51, 0x8c51, 0x9492, 0x73ae, 0x10a2, 0x18a2, 0x10a2, 0x10a2, 0x18c2, 0x18c2, 0x10a2, 0x10a2, 0x10a2, 0x10a2, 
	0x10a2, 0x10a2, 0x10a2, 0x10a2, 0x10a2, 0x10a2, 0x10a2, 0x10a2, 0x10a2, 0x10a2, 0x10a2, 0x10a2, 0x10a2, 0x10a2, 0x10a2, 0x10a2, 
	0x10a2, 0x10a2, 0x10a2, 0x10a2, 0x10a2, 0x10a2, 0x10a2, 0x10a2, 0x10a2, 0x10a2, 0x10a2, 0x10a2, 0x10a2, 0x10a2, 0x10a2, 0x10a2, 
	0x10a2, 0x10a2, 0x10a2, 0x10a2, 0x10a2, 0x10a2, 0x10a2, 0x10a2, 0x10a2, 0x10a2, 0x10a2, 0x10a2, 0x10a2, 0x10a2, 0x10a2, 0x1082, 
	0x2104, 0x5aeb, 0x738e, 0x6b6d, 0x6b6d, 0x6b4d, 0x6b4d, 0x6b4d, 0x6b4d, 0x6b4d, 0x6b4d, 0x6b4d, 0x6b4d, 0x6b4d, 0x6b4d, 0x6b4d, 
	0x6b4d, 0x6b4d, 0x6b4d, 0x6b4d, 0x6b4d, 0x6b4d, 0x6b4d, 0x6b4d, 0x6b4d, 0x6b6d, 0x73ae, 0x2965, 0x1082, 0x18c3, 0x10a2, 0x10a2, 
	0x10a2, 0x10a2, 0x10a2, 0x10a2, 0x10a2, 0x10a2, 0x10a2, 0x10a2, 0x10a2, 0x10a2, 0x10a2, 0x10a2, 0x10a2, 0x10a2, 0x10a2, 0x10a2, 
	0x10a2, 0x10a2, 0x10a2, 0x10a2, 0x10a2, 0x10a2, 0x10a2, 0x10a2, 0x10a2, 0x10a2, 0x10a2, 0x10a2, 0x10a2, 0x10a2, 0x10a2, 0x10a2, 
	0x10a2, 0x10a2, 0x10a2, 0x10a2, 0x10a2, 0x10a2, 0x10a2, 0x10a2, 0x10a2, 0x10a2, 0x10a2, 0x10a2, 0x10a2, 0x10a2, 0x10a2, 0x10a2, 
	0x10a2, 0x10a2, 0x10a2, 0x10a2, 0x10a2, 0x10a2, 0x10a2, 0x10a2, 0x10a2, 0x10a2, 0x10a2, 0x10a2, 0x10a2, 0x10a2, 0x10a2, 0x10a2, 
	0x10a2, 0x10a2, 0x10a2, 0x10a2, 0x10a2, 0x10a2, 0x10a2, 0x10a2, 0x10a2, 0x10a2, 0x10a2, 0x10a2, 0x10a2, 0x18c2, 0x1082, 0x738e, 
	0x9492, 0x8c51, 0x8c71, 0x8c71, 0x8c71, 0x8c71, 0x8c71, 0x8c71, 0x8c71, 0x8c71, 0x8c51, 0x8c51, 0x8c51, 0x8c51, 0x8c51, 0x8c51, 
	0x8c51, 0x8c51, 0x8c71, 0x8c71, 0x9492, 0x8c72, 0x8430, 0x73ae, 0x5aeb, 0x4228, 0x2965, 0x18c3, 0x1082, 0x1082, 0x1082, 0x1082, 
	0x1082, 0x1082, 0x3186, 0x738e, 0x9492, 0x8c51, 0x8c51, 0x8c51, 0x8c51, 0x8c51, 0x8c72, 0x39c7, 0x0861, 0x18c3, 0x0861, 0x4208, 
	0x6b4d, 0x632c, 0x6b4d, 0x5aeb, 0x18c3, 0x10a2, 0x10a2, 0x10a2, 0x10a2, 0x10a2, 0x10a2, 0x10a2, 0x10a2, 0x10a2, 0x1082, 0x2945, 
	0x8c51, 0x8c51, 0x8c51, 0x8c51, 0x8c71, 0x9492, 0x2965, 0x1082, 0x18a2, 0x10a2, 0x1082, 0x10a2, 0x18c3, 0x18c3, 0x18c3, 0x10a2, 
	0x10a2, 0x10a2, 0x10a2, 0x10a2, 0x10a2, 0x10a2, 0x10a2, 0x10a2, 0x10a2, 0x10a2, 0x10a2, 0x10a2, 0x10a2, 0x10a2, 0x10a2, 0x10a2, 
	0x10a2, 0x10a2, 0x10a2, 0x10a2, 0x10a2, 0x10a2, 0x10a2, 0x10a2, 0x10a2, 0x10a2, 0x10a2, 0x10a2, 0x10a2, 0x10a2, 0x10a2, 0x10a2, 
	0x10a2, 0x10a2, 0x10a2, 0x10a2, 0x10a2, 0x10a2, 0x10a2, 0x10a2, 0x10a2, 0x10a2, 0x10a2, 0x10a2, 0x10a2, 0x10a2, 0x10a2, 0x10c2, 
	0x10a2, 0x10a2, 0x31a6, 0x528a, 0x630c, 0x6b4d, 0x6b4d, 0x6b4d, 0x6b4d, 0x6b6d, 0x6b6d, 0x738e, 0x738e, 0x738e, 0x738e, 0x738e, 
	0x738e, 0x6b6d, 0x6b6d, 0x6b4d, 0x6b4d, 0x6b4d, 0x6b4d, 0x6b4d, 0x632c, 0x6b6d, 0x528a, 0x1082, 0x18c3, 0x10a2, 0x10a2, 0x10a2, 
	0x10a2, 0x10a2, 0x10a2, 0x10a2, 0x10a2, 0x10a2, 0x10a2, 0x10a2, 0x10a2, 0x10a2, 0x10a2, 0x10a2, 0x10a2, 0x10a2, 0x10a2, 0x10a2, 
	0x10a2, 0x10a2, 0x10a2, 0x10a2, 0x10a2, 0x10a2, 0x10a2, 0x10a2, 0x10a2, 0x10a2, 0x10a2, 0x10a2, 0x10a2, 0x10a2, 0x10a2, 0x10a2, 
	0x10a2, 0x10a2, 0x10a2, 0x10a2, 0x10a2, 0x10a2, 0x10a2, 0x10a2, 0x10a2, 0x10a2, 0x10a2, 0x10a2, 0x10a2, 0x10a2, 0x10a2, 0x10a2, 
	0x10a2, 0x10a2, 0x10a2, 0x10a2, 0x10a2, 0x10a2, 0x10a2, 0x10a2, 0x10a2, 0x10a2, 0x10a2, 0x10a2, 0x10a2, 0x10a2, 0x10a2, 0x10a2, 
	0x10a2, 0x10a2, 0x10a2, 0x10a2, 0x10a2, 0x10a2, 0x10a2, 0x10a2, 0x10a2, 0x10a2, 0x10a2, 0x10a2, 0x10a2, 0x10a2, 0x18a2, 0x7bcf, 
	0x9492, 0x8c51, 0x8c71, 0x8c71, 0x8c71, 0x8c71, 0x8c71, 0x8c71, 0x8c71, 0x8c71, 0x8c71, 0x8c51, 0x8c51, 0x8c51, 0x8c51, 0x8c51, 
	0x8c51, 0x8c51, 0x8c51, 0x8c51, 0x8430, 0x8430, 0x8c51, 0x8c71, 0x9492, 0x94b2, 0x8c92, 0x7bef, 0x632c, 0x4a49, 0x3186, 0x18c3, 
	0x0882, 0x10a2, 0x1082, 0x1082, 0x4a49, 0x8c51, 0x8c71, 0x8c51, 0x8c51, 0x8c51, 0x8c51, 0x8430, 0x2124, 0x1082, 0x10a2, 0x18c3, 
	0x630c, 0x6b4d, 0x6b4d, 0x2945, 0x10a2, 0x18c3, 0x10a2, 0x10a2, 0x10a2, 0x10a2, 0x10a2, 0x10a2, 0x10a2, 0x10a2, 0x10a2, 0x1082, 
	0x6b6d, 0x9492, 0x8c51, 0x8c51, 0x8c51, 0x94b2, 0x5acb, 0x0861, 0x10a2, 0x18c3, 0x39c7, 0x2104, 0x1082, 0x1082, 0x10a2, 0x18c3, 
	0x18c3, 0x10a2, 0x10a2, 0x10a2, 0x10a2, 0x10a2, 0x10a2, 0x10a2, 0x10a2, 0x10a2, 0x10a2, 0x10a2, 0x10a2, 0x10a2, 0x10a2, 0x10a2, 
	0x10a2, 0x10a2, 0x10a2, 0x10a2, 0x10a2, 0x10a2, 0x10a2, 0x10a2, 0x10a2, 0x10a2, 0x10a2, 0x10a2, 0x10a2, 0x10a2, 0x10a2, 0x10a2, 
	0x10a2, 0x10a2, 0x10a2, 0x10a2, 0x10a2, 0x10a2, 0x10a2, 0x10a2, 0x10a2, 0x10a2, 0x10a2, 0x10a2, 0x10a2, 0x10a2, 0x10a2, 0x10a2, 
	0x10c2, 0x10a2, 0x1082, 0x1082, 0x18c3, 0x2104, 0x2104, 0x2124, 0x2124, 0x2945, 0x2965, 0x31a6, 0x39e7, 0x4208, 0x4a49, 0x528a, 
	0x5acb, 0x5aeb, 0x632c, 0x6b4d, 0x6b4d, 0x6b6d, 0x6b6d, 0x6b6d, 0x6b6d, 0x738e, 0x2945, 0x1082, 0x18c3, 0x10a2, 0x10a2, 0x10a2, 
	0x10a2, 0x10a2, 0x10a2, 0x10a2, 0x10a2, 0x10a2, 0x10a2, 0x10a2, 0x10a2, 0x10a2, 0x10a2, 0x10a2, 0x10a2, 0x10a2, 0x10a2, 0x10a2, 
	0x10a2, 0x10a2, 0x10a2, 0x10a2, 0x10a2, 0x10a2, 0x10a2, 0x10a2, 0x10a2, 0x10a2, 0x10a2, 0x10a2, 0x10a2, 0x10a2, 0x10a2, 0x10a2, 
	0x10a2, 0x10a2, 0x10a2, 0x10a2, 0x10a2, 0x10a2, 0x10a2, 0x10a2, 0x10a2, 0x10a2, 0x10a2, 0x10a2, 0x10a2, 0x10a2, 0x10a2, 0x10a2, 
	0x10a2, 0x10a2, 0x10a2, 0x10a2, 0x10a2, 0x10a2, 0x10a2, 0x10a2, 0x10a2, 0x10a2, 0x10a2, 0x10a2, 0x10a2, 0x10a2, 0x10a2, 0x10a2, 
	0x10a2, 0x10a2, 0x10a2, 0x10a2, 0x10a2, 0x10a2, 0x10a2, 0x10a2, 0x10a2, 0x10a2, 0x10a2, 0x10a2, 0x10a2, 0x18c3, 0x1082, 0x6b4d, 
	0x9492, 0x8c51, 0x8c71, 0x8c71, 0x8c71, 0x8c71, 0x8c71, 0x8c71, 0x8c71, 0x8c71, 0x8c71, 0x8c71, 0x8c71, 0x8c51, 0x8c51, 0x8c51, 
	0x8c51, 0x8c51, 0x8c51, 0x8c51, 0x8c51, 0x8c51, 0x8c51, 0x8c51, 0x8c51, 0x8c51, 0x8c71, 0x8c71, 0x9492, 0x9492, 0x8c71, 0x7bef, 
	0x52aa, 0x2124, 0x0861, 0x10a2, 0x0861, 0x3186, 0x8430, 0x8c71, 0x8c51, 0x8c51, 0x8c51, 0x9492, 0x6b6d, 0x1082, 0x10a2, 0x1081, 
	0x39c7, 0x738e, 0x39c6, 0x1082, 0x18c3, 0x18c2, 0x10a2, 0x10a2, 0x10a2, 0x10a2, 0x10a2, 0x10a2, 0x10a2, 0x10a2, 0x18c3, 0x0861, 
	0x4208, 0x9492, 0x8c51, 0x8c51, 0x8c51, 0x8c71, 0x7bef, 0x18c3, 0x10a2, 0x1082, 0x738e, 0x9471, 0x6b4d, 0x4228, 0x2104, 0x1082, 
	0x1081, 0x10a2, 0x18c3, 0x10a2, 0x10a2, 0x10a2, 0x10a2, 0x10a2, 0x10a2, 0x10a2, 0x10a2, 0x10a2, 0x10a2, 0x10a2, 0x10a2, 0x10a2, 
	0x10a2, 0x10a2, 0x10a2, 0x10a2, 0x10a2, 0x10a2, 0x10a2, 0x10a2, 0x10a2, 0x10a2, 0x10a2, 0x10a2, 0x10a2, 0x10a2, 0x10a2, 0x10a2, 
	0x10a2, 0x10a2, 0x10a2, 0x10a2, 0x10a2, 0x10a2, 0x10a2, 0x10a2, 0x10a2, 0x10a2, 0x10a2, 0x10a2, 0x10a2, 0x10a2, 0x10a2, 0x10a2, 
	0x10a2, 0x10a2, 0x18c2, 0x18c2, 0x10a2, 0x10a2, 0x10a2, 0x10a2, 0x10a2, 0x1082, 0x1082, 0x1082, 0x1082, 0x1082, 0x1082, 0x1082, 
	0x10a2, 0x10a2, 0x18e3, 0x2104, 0x2945, 0x3186, 0x39c7, 0x4228, 0x528a, 0x39e7, 0x10a2, 0x18c2, 0x10a2, 0x10a2, 0x10a2, 0x10a2, 
	0x10a2, 0x10a2, 0x10a2, 0x10a2, 0x10a2, 0x10a2, 0x10a2, 0x10a2, 0x10a2, 0x10a2, 0x10a2, 0x10a2, 0x10a2, 0x10a2, 0x10a2, 0x10a2, 
	0x10a2, 0x10a2, 0x10a2, 0x10a2, 0x10a2, 0x10a2, 0x10a2, 0x10a2, 0x10a2, 0x10a2, 0x10a2, 0x10a2, 0x10a2, 0x10a2, 0x10a2, 0x10a2, 
	0x10a2, 0x10a2, 0x10a2, 0x10a2, 0x10a2, 0x10a2, 0x10a2, 0x10a2, 0x10a2, 0x10a2, 0x10a2, 0x10a2, 0x10a2, 0x10a2, 0x10a2, 0x10a2, 
	0x10a2, 0x10a2, 0x10a2, 0x10a2, 0x10a2, 0x10a2, 0x10a2, 0x10a2, 0x10a2, 0x10a2, 0x10a2, 0x10a2, 0x10a2, 0x10a2, 0x10a2, 0x10a2, 
	0x10a2, 0x10a2, 0x10a2, 0x10a2, 0x10a2, 0x10a2, 0x10a2, 0x10a2, 0x10a2, 0x10a2, 0x10a2, 0x10a2, 0x10a2, 0x18c3, 0x0881, 0x4a69, 
	0x94b2, 0x8c51, 0x8c51, 0x8c51, 0x8c71, 0x8c71, 0x8c71, 0x8c71, 0x8c71, 0x8c71, 0x8c71, 0x8c71, 0x8c71, 0x8c71, 0x8c71, 0x8c71, 
	0x8c51, 0x8c51, 0x8c51, 0x8c51, 0x8c51, 0x8c51, 0x8c51, 0x8c51, 0x8c51, 0x8c71, 0x8c71, 0x8c51, 0x8c51, 0x8c51, 0x8c51, 0x8c71, 
	0x9492, 0x8430, 0x4a69, 0x1082, 0x10a2, 0x0861, 0x2945, 0x8430, 0x8c71, 0x8c51, 0x8c51, 0x8c51, 0x9492, 0x4a49, 0x0861, 0x10a2, 
	0x18e3, 0x4208, 0x10a2, 0x18c2, 0x10a2, 0x10a2, 0x10a2, 0x10a2, 0x10a2, 0x10a2, 0x10a2, 0x10a2, 0x10a2, 0x10a2, 0x10a2, 0x10a2, 
	0x18e3, 0x8410, 0x8c71, 0x8c51, 0x8c51, 0x8c51, 0x9492, 0x39e7, 0x1081, 0x1081, 0x39c7, 0x94b2, 0x9492, 0x94b2, 0x8430, 0x632c, 
	0x39c7, 0x18c2, 0x0861, 0x10a2, 0x18c3, 0x10a2, 0x10a2, 0x10a2, 0x10a2, 0x10a2, 0x10a2, 0x10a2, 0x10a2, 0x10a2, 0x10a2, 0x10a2, 
	0x10a2, 0x10a2, 0x10a2, 0x10a2, 0x10a2, 0x10a2, 0x10a2, 0x10a2, 0x10a2, 0x10a2, 0x10a2, 0x10a2, 0x10a2, 0x10a2, 0x10a2, 0x10a2, 
	0x10a2, 0x10a2, 0x10a2, 0x10a2, 0x10a2, 0x10a2, 0x10a2, 0x10a2, 0x10a2, 0x10a2, 0x10a2, 0x10a2, 0x10a2, 0x10a2, 0x10a2, 0x10a2, 
	0x10a2, 0x10a2, 0x10a2, 0x10a2, 0x10a2, 0x10c2, 0x10c2, 0x10c2, 0x10c2, 0x10c2, 0x18c2, 0x18c2, 0x18c2, 0x18c2, 0x18c2, 0x18c2, 
	0x10a2, 0x10a2, 0x10a2, 0x10a2, 0x1082, 0x1082, 0x1082, 0x1082, 0x1082, 0x1082, 0x10a2, 0x10a2, 0x10a2, 0x10a2, 0x10a2, 0x10a2, 
	0x10a2, 0x10a2, 0x10a2, 0x10a2, 0x10a2, 0x10a2, 0x10a2, 0x10a2, 0x10a2, 0x10a2, 0x10a2, 0x10a2, 0x10a2, 0x10a2, 0x10a2, 0x10a2, 
	0x10a2, 0x10a2, 0x10a2, 0x10a2, 0x10a2, 0x10a2, 0x10a2, 0x10a2, 0x10a2, 0x10a2, 0x10a2, 0x10a2, 0x10a2, 0x10a2, 0x10a2, 0x10a2, 
	0x10a2, 0x10a2, 0x10a2, 0x10a2, 0x10a2, 0x10a2, 0x10a2, 0x10a2, 0x10a2, 0x10a2, 0x10a2, 0x10a2, 0x10a2, 0x10a2, 0x10a2, 0x10a2, 
	0x10a2, 0x10a2, 0x10a2, 0x10a2, 0x10a2, 0x10a2, 0x10a2, 0x10a2, 0x10a2, 0x10a2, 0x10a2, 0x10a2, 0x10a2, 0x10a2, 0x10a2, 0x10a2, 
	0x10a2, 0x10a2, 0x10a2, 0x10a2, 0x10a2, 0x10a2, 0x10a2, 0x10a2, 0x10a2, 0x10a2, 0x10a2, 0x10a2, 0x10a2, 0x18c3, 0x1082, 0x31a6, 
	0x9471, 0x8c51, 0x8c51, 0x8c51, 0x8c51, 0x8c51, 0x8c51, 0x8c71, 0x8c71, 0x8c71, 0x8c71, 0x8c71, 0x8c71, 0x8c71, 0x8c71, 0x8c71, 
	0x8c71, 0x8c51, 0x8c51, 0x8c51, 0x8c51, 0x8c51, 0x8c51, 0x8c51, 0x8c71, 0x8c71, 0x8c71, 0x8c71, 0x8c51, 0x8c51, 0x8c51, 0x8c51, 
	0x8c51, 0x8c51, 0x94b2, 0x6b4c, 0x10a2, 0x10a2, 0x0861, 0x2965, 0x8c51, 0x8c51, 0x8c51, 0x8c51, 0x8c71, 0x8430, 0x18e3, 0x10a2, 
	0x10a2, 0x10a2, 0x10a2, 0x10a2, 0x10a2, 0x10a2, 0x10a2, 0x10a2, 0x10a2, 0x10a2, 0x10a2, 0x10a2, 0x10a2, 0x10a2, 0x10a2, 0x18c3, 
	0x0861, 0x5aeb, 0x9492, 0x8c51, 0x8c51, 0x8c51, 0x9492, 0x6b4d, 0x1081, 0x10a2, 0x18c2, 0x7bef, 0x8c71, 0x8c51, 0x8c71, 0x94b2, 
	0x94b2, 0x7bef, 0x4a69, 0x2104, 0x0861, 0x1082, 0x18c3, 0x10a2, 0x10a2, 0x10a2, 0x10a2, 0x10a2, 0x10a2, 0x10a2, 0x10a2, 0x10a2, 
	0x10a2, 0x10a2, 0x10a2, 0x10a2, 0x10a2, 0x10a2, 0x10a2, 0x10a2, 0x10a2, 0x10a2, 0x10a2, 0x10a2, 0x10a2, 0x10a2, 0x10a2, 0x10a2, 
	0x10a2, 0x10a2, 0x10a2, 0x10a2, 0x10a2, 0x10a2, 0x10a2, 0x10a2, 0x10a2, 0x10a2, 0x10a2, 0x10a2, 0x10a2, 0x10a2, 0x10a2, 0x10a2, 
	0x10a2, 0x10a2, 0x10a2, 0x10a2, 0x10a2, 0x10a2, 0x10a2, 0x10a2, 0x10a2, 0x10a2, 0x10a2, 0x10a2, 0x10a2, 0x10a2, 0x10a2, 0x10a2, 
	0x10a2, 0x10a2, 0x10a2, 0x18c2, 0x18c2, 0x18c2, 0x18c2, 0x18c2, 0x18c2, 0x10c2, 0x10a2, 0x10a2, 0x10a2, 0x10a2, 0x10a2, 0x10a2, 
	0x10a2, 0x10a2, 0x10a2, 0x10a2, 0x10a2, 0x10a2, 0x10a2, 0x10a2, 0x10a2, 0x10a2, 0x10a2, 0x10a2, 0x10a2, 0x10a2, 0x10a2, 0x10a2, 
	0x10a2, 0x10a2, 0x10a2, 0x10a2, 0x10a2, 0x10a2, 0x10a2, 0x10a2, 0x10a2, 0x10a2, 0x10a2, 0x10a2, 0x10a2, 0x10a2, 0x10a2, 0x10a2, 
	0x10a2, 0x10a2, 0x10a2, 0x10a2, 0x10a2, 0x10a2, 0x10a2, 0x10a2, 0x10a2, 0x10a2, 0x10a2, 0x10a2, 0x10a2, 0x10a2, 0x10a2, 0x10a2, 
	0x10a2, 0x10a2, 0x10a2, 0x10a2, 0x10a2, 0x10a2, 0x10a2, 0x10a2, 0x10a2, 0x10a2, 0x10a2, 0x10a2, 0x10a2, 0x10a2, 0x10a2, 0x10a2, 
	0x10a2, 0x10a2, 0x10a2, 0x10a2, 0x10a2, 0x10a2, 0x10a2, 0x10a2, 0x10a2, 0x10a2, 0x10a2, 0x10a2, 0x10a2, 0x18c2, 0x10a2, 0x18e3, 
	0x8410, 0x8c71, 0x8c51, 0x8c51, 0x8c51, 0x8c51, 0x8c51, 0x8c51, 0x8c51, 0x8c71, 0x8c71, 0x8c71, 0x8c71, 0x8c71, 0x8c71, 0x8c71, 
	0x8c71, 0x8c71, 0x8c51, 0x8c51, 0x8c71, 0x8c51, 0x8c51, 0x8c51, 0x8c51, 0x8c51, 0x8c51, 0x8c71, 0x8c71, 0x8c71, 0x8c51, 0x8c51, 
	0x8c51, 0x8c51, 0x8430, 0x9492, 0x6b6d, 0x10a2, 0x10a2, 0x0861, 0x4a49, 0x9492, 0x8c51, 0x8c51, 0x8c51, 0x94b2, 0x52aa, 0x0861, 
	0x18c3, 0x18c2, 0x10a2, 0x10a2, 0x10a2, 0x10a2, 0x10a2, 0x10a2, 0x10a2, 0x10a2, 0x10a2, 0x10a2, 0x10a2, 0x10a2, 0x10a2, 0x18c3, 
	0x0861, 0x4a49, 0x94b2, 0x8c51, 0x8c51, 0x8c51, 0x8c71, 0x8c51, 0x2124, 0x10a2, 0x0861, 0x528a, 0x9cf3, 0x9492, 0x8c51, 0x8c51, 
	0x8c51, 0x9492, 0x94b2, 0x8430, 0x5acb, 0x2124, 0x0861, 0x1082, 0x18c3, 0x10a2, 0x10a2, 0x10a2, 0x10a2, 0x10a2, 0x10a2, 0x10a2, 
	0x10a2, 0x10a2, 0x10a2, 0x10a2, 0x10a2, 0x10a2, 0x10a2, 0x10a2, 0x10a2, 0x10a2, 0x10a2, 0x10a2, 0x10a2, 0x10a2, 0x10a2, 0x10a2, 
	0x10a2, 0x10a2, 0x10a2, 0x10a2, 0x10a2, 0x10a2, 0x10a2, 0x10a2, 0x10a2, 0x10a2, 0x10a2, 0x10a2, 0x10a2, 0x10a2, 0x10a2, 0x10a2, 
	0x10a2, 0x10a2, 0x10a2, 0x10a2, 0x10a2, 0x10a2, 0x10a2, 0x10a2, 0x10a2, 0x10a2, 0x10a2, 0x10a2, 0x10a2, 0x10a2, 0x10a2, 0x10a2, 
	0x10a2, 0x10a2, 0x10a2, 0x10a2, 0x10a2, 0x10a2, 0x10a2, 0x10a2, 0x10a2, 0x10a2, 0x10a2, 0x10a2, 0x10a2, 0x10a2, 0x10a2, 0x10a2, 
	0x10a2, 0x10a2, 0x10a2, 0x10a2, 0x10a2, 0x10a2, 0x10a2, 0x10a2, 0x10a2, 0x10a2, 0x10a2, 0x10a2, 0x10a2, 0x10a2, 0x10a2, 0x10a2, 
	0x10a2, 0x10a2, 0x10a2, 0x10a2, 0x10a2, 0x10a2, 0x10a2, 0x10a2, 0x10a2, 0x10a2, 0x10a2, 0x10a2, 0x10a2, 0x10a2, 0x10a2, 0x10a2, 
	0x10a2, 0x10a2, 0x10a2, 0x10a2, 0x10a2, 0x10a2, 0x10a2, 0x10a2, 0x10a2, 0x10a2, 0x10a2, 0x10a2, 0x10a2, 0x10a2, 0x10a2, 0x10a2, 
	0x10a2, 0x10a2, 0x10a2, 0x10a2, 0x10a2, 0x10a2, 0x10a2, 0x10a2, 0x10a2, 0x10a2, 0x10a2, 0x10a2, 0x10a2, 0x10a2, 0x10a2, 0x10a2, 
	0x10a2, 0x10a2, 0x10a2, 0x10a2, 0x10a2, 0x10a2, 0x10a2, 0x10a2, 0x10a2, 0x10a2, 0x10a2, 0x10a2, 0x10a2, 0x10a2, 0x18c2, 0x1082, 
	0x6b6d, 0x9492, 0x8c51, 0x8c51, 0x8c51, 0x8c51, 0x8c51, 0x8c51, 0x8c51, 0x8c51, 0x8c71, 0x8c71, 0x8c71, 0x8c71, 0x8c71, 0x8c71, 
	0x8c71, 0x8c71, 0x8c71, 0x8c71, 0x8c51, 0x8c71, 0x9492, 0x94b2, 0x94b2, 0x94b2, 0x9492, 0x8c71, 0x8c51, 0x8c71, 0x8c51, 0x8c51, 
	0x8c51, 0x8c51, 0x8c51, 0x8430, 0x9492, 0x630c, 0x0861, 0x10a2, 0x1082, 0x6b6d, 0x9492, 0x8c51, 0x8c51, 0x8c71, 0x8430, 0x2104, 
	0x10a2, 0x18c2, 0x10a2, 0x10a2, 0x10a2, 0x10a2, 0x10a2, 0x10a2, 0x10a2, 0x10a2, 0x10a2, 0x10a2, 0x10a2, 0x10a2, 0x10a2, 0x18c3, 
	0x0861, 0x4a69, 0x94b2, 0x8c51, 0x8c51, 0x8c51, 0x8c51, 0x94b2, 0x4a69, 0x0861, 0x10a2, 0x18c3, 0x4228, 0x6b6d, 0x8c51, 0x9492, 
	0x8c72, 0x8c51, 0x8c51, 0x8c71, 0x94b2, 0x8c51, 0x5aeb, 0x2124, 0x0861, 0x10a2, 0x18c3, 0x10a2, 0x10a2, 0x10a2, 0x10a2, 0x10a2, 
	0x10a2, 0x10a2, 0x10a2, 0x10a2, 0x10a2, 0x10a2, 0x10a2, 0x10a2, 0x10a2, 0x10a2, 0x10a2, 0x10a2, 0x10a2, 0x10a2, 0x10a2, 0x10a2, 
	0x10a2, 0x10a2, 0x10a2, 0x10a2, 0x10a2, 0x10a2, 0x10a2, 0x10a2, 0x10a2, 0x10a2, 0x10a2, 0x10a2, 0x10a2, 0x10a2, 0x10a2, 0x10a2, 
	0x10a2, 0x10a2, 0x10a2, 0x10a2, 0x10a2, 0x10a2, 0x10a2, 0x10a2, 0x10a2, 0x10a2, 0x10a2, 0x10a2, 0x10a2, 0x10a2, 0x10a2, 0x10a2, 
	0x10a2, 0x10a2, 0x10a2, 0x10a2, 0x10a2, 0x10a2, 0x10a2, 0x10a2, 0x10a2, 0x10a2, 0x10a2, 0x10a2, 0x10a2, 0x10a2, 0x10a2, 0x10a2, 
	0x10a2, 0x10a2, 0x10a2, 0x10a2, 0x10a2, 0x10a2, 0x10a2, 0x10a2, 0x10a2, 0x10a2, 0x10a2, 0x10a2, 0x10a2, 0x10a2, 0x10a2, 0x10a2, 
	0x10a2, 0x10a2, 0x10a2, 0x10a2, 0x10a2, 0x10a2, 0x10a2, 0x10a2, 0x10a2, 0x10a2, 0x10a2, 0x10a2, 0x10a2, 0x10a2, 0x10a2, 0x10a2, 
	0x10a2, 0x10a2, 0x10a2, 0x10a2, 0x10a2, 0x10a2, 0x10a2, 0x10a2, 0x10a2, 0x10a2, 0x10a2, 0x10a2, 0x10a2, 0x10a2, 0x10a2, 0x10a2, 
	0x10a2, 0x10a2, 0x10a2, 0x10a2, 0x10a2, 0x10a2, 0x10a2, 0x10a2, 0x10a2, 0x10a2, 0x10a2, 0x10a2, 0x10a2, 0x10a2, 0x10a2, 0x10a2, 
	0x10a2, 0x10a2, 0x10a2, 0x10a2, 0x10a2, 0x10a2, 0x10a2, 0x10a2, 0x10a2, 0x10a2, 0x10a2, 0x10a2, 0x10a2, 0x10a2, 0x18c3, 0x0861, 
	0x528a, 0x9492, 0x8c51, 0x8c51, 0x8c51, 0x8c51, 0x8c51, 0x8c51, 0x8c51, 0x8c51, 0x8c51, 0x8c71, 0x8c71, 0x8c71, 0x8c71, 0x8c71, 
	0x8c71, 0x8c71, 0x8c71, 0x8c51, 0x9492, 0x8c51, 0x738e, 0x630c, 0x52aa, 0x5acb, 0x6b6e, 0x8431, 0x9492, 0x8c71, 0x8c51, 0x8c51, 
	0x8c51, 0x8c51, 0x8c51, 0x8c51, 0x8c31, 0x9492, 0x4a49, 0x0861, 0x1082, 0x2945, 0x8c71, 0x8c51, 0x8c51, 0x8c51, 0x9492, 0x528a, 
	0x0861, 0x18c3, 0x10a2, 0x10a2, 0x10a2, 0x10a2, 0x10a2, 0x10a2, 0x10a2, 0x10a2, 0x10a2, 0x10a2, 0x10a2, 0x10a2, 0x10a2, 0x10a2, 
	0x10a2, 0x7bcf, 0x9471, 0x8c51, 0x8c51, 0x8c51, 0x8c51, 0x9492, 0x73ae, 0x10a2, 0x10a2, 0x10a2, 0x0861, 0x1082, 0x2945, 0x52aa, 
	0x8410, 0x94b2, 0x9492, 0x8c51, 0x8c51, 0x8c71, 0x94b2, 0x8c71, 0x5aca, 0x18e3, 0x0861, 0x10a2, 0x10a2, 0x10a2, 0x10a2, 0x10a2, 
	0x10a2, 0x10a2, 0x10a2, 0x10a2, 0x10a2, 0x10a2, 0x10a2, 0x10a2, 0x10a2, 0x10a2, 0x10a2, 0x10a2, 0x10a2, 0x10a2, 0x10a2, 0x10a2, 
	0x10a2, 0x10a2, 0x10a2, 0x10a2, 0x10a2, 0x10a2, 0x10a2, 0x10a2, 0x10a2, 0x10a2, 0x10a2, 0x10a2, 0x10a2, 0x10a2, 0x10a2, 0x10a2, 
	0x10a2, 0x10a2, 0x10a2, 0x10a2, 0x10a2, 0x10a2, 0x10a2, 0x10a2, 0x10a2, 0x10a2, 0x10a2, 0x10a2, 0x10a2, 0x10a2, 0x10a2, 0x10a2, 
	0x10a2, 0x10a2, 0x10a2, 0x10a2, 0x10a2, 0x10a2, 0x10a2, 0x10a2, 0x10a2, 0x10a2, 0x10a2, 0x10a2, 0x10a2, 0x10a2, 0x10a2, 0x10a2, 
	0x10a2, 0x10a2, 0x10a2, 0x10a2, 0x10a2, 0x10a2, 0x10a2, 0x10a2, 0x10a2, 0x10a2, 0x10a2, 0x10a2, 0x10a2, 0x10a2, 0x10a2, 0x10a2, 
	0x10a2, 0x10a2, 0x10a2, 0x10a2, 0x10a2, 0x10a2, 0x10a2, 0x10a2, 0x10a2, 0x10a2, 0x10a2, 0x10a2, 0x10a2, 0x10a2, 0x10a2, 0x10a2, 
	0x10a2, 0x10a2, 0x10a2, 0x10a2, 0x10a2, 0x10a2, 0x10a2, 0x10a2, 0x10a2, 0x10a2, 0x10a2, 0x10a2, 0x10a2, 0x10a2, 0x10a2, 0x10a2, 
	0x10a2, 0x10a2, 0x10a2, 0x10a2, 0x10a2, 0x10a2, 0x10a2, 0x10a2, 0x10a2, 0x10a2, 0x10a2, 0x10a2, 0x10a2, 0x10a2, 0x10a2, 0x10a2, 
	0x10a2, 0x10a2, 0x10a2, 0x10a2, 0x10a2, 0x10a2, 0x10a2, 0x10a2, 0x10a2, 0x10a2, 0x10a2, 0x10a2, 0x10a2, 0x10a2, 0x18c2, 0x1081, 
	0x39c7, 0x9492, 0x8c51, 0x8c51, 0x8c51, 0x8c51, 0x8c51, 0x8c51, 0x8c51, 0x8c51, 0x8c51, 0x8c51, 0x8c71, 0x8c71, 0x8c71, 0x8c71, 
	0x8c71, 0x8c71, 0x8c71, 0x9492, 0x5aeb, 0x2945, 0x10a2, 0x0861, 0x0861, 0x0861, 0x10a2, 0x2124, 0x52aa, 0x8c51, 0x9492, 0x8c51, 
	0x8c51, 0x8c51, 0x8c51, 0x8c51, 0x8c51, 0x8c51, 0x8c51, 0x2124, 0x1082, 0x0861, 0x5aeb, 0x9492, 0x8c51, 0x8c51, 0x8c71, 0x7bef, 
	0x18e3, 0x10a2, 0x10a2, 0x10a2, 0x10a2, 0x10a2, 0x10a2, 0x10a2, 0x10a2, 0x10a2, 0x10a2, 0x10a2, 0x10a2, 0x10a2, 0x10a2, 0x1082, 
	0x630c, 0x9492, 0x8c51, 0x8c51, 0x8c51, 0x8c51, 0x8c51, 0x8c51, 0x8c71, 0x3186, 0x1082, 0x18c3, 0x18c3, 0x10a2, 0x1082, 0x0861, 
	0x18e3, 0x4228, 0x7bcf, 0x94b2, 0x9492, 0x8c51, 0x8c51, 0x8c71, 0x94b2, 0x8410, 0x4228, 0x10a2, 0x1082, 0x18c3, 0x10a2, 0x10a2, 
	0x10a2, 0x10a2, 0x10a2, 0x10a2, 0x10a2, 0x10a2, 0x10a2, 0x10a2, 0x10a2, 0x10a2, 0x10a2, 0x10a2, 0x10a2, 0x10a2, 0x10a2, 0x10a2, 
	0x10a2, 0x10a2, 0x10a2, 0x10a2, 0x10a2, 0x10a2, 0x10a2, 0x10a2, 0x10a2, 0x10a2, 0x10a2, 0x10a2, 0x10a2, 0x10a2, 0x10a2, 0x10a2, 
	0x10a2, 0x10a2, 0x10a2, 0x10a2, 0x10a2, 0x10a2, 0x10a2, 0x10a2, 0x10a2, 0x10a2, 0x10a2, 0x10a2, 0x10a2, 0x10a2, 0x10a2, 0x10a2, 
	0x10a2, 0x10a2, 0x10a2, 0x10a2, 0x10a2, 0x10a2, 0x10a2, 0x10a2, 0x10a2, 0x10a2, 0x10a2, 0x10a2, 0x10a2, 0x10a2, 0x10a2, 0x10a2, 
	0x10a2, 0x10a2, 0x10a2, 0x10a2, 0x10a2, 0x10a2, 0x10a2, 0x10a2, 0x10a2, 0x10a2, 0x10a2, 0x10a2, 0x10a2, 0x10a2, 0x10a2, 0x10a2, 
	0x10a2, 0x10a2, 0x10a2, 0x10a2, 0x10a2, 0x10a2, 0x10a2, 0x10a2, 0x10a2, 0x10a2, 0x10a2, 0x10a2, 0x10a2, 0x10a2, 0x10a2, 0x10a2, 
	0x10a2, 0x10a2, 0x10a2, 0x10a2, 0x10a2, 0x10a2, 0x10a2, 0x10a2, 0x10a2, 0x10a2, 0x10a2, 0x10a2, 0x10a2, 0x10a2, 0x10a2, 0x10a2, 
	0x10a2, 0x10a2, 0x10a2, 0x10a2, 0x10a2, 0x10a2, 0x10a2, 0x10a2, 0x10a2, 0x10a2, 0x10a2, 0x10a2, 0x10a2, 0x10a2, 0x10a2, 0x10a2, 
	0x10a2, 0x10a2, 0x10a2, 0x10a2, 0x10a2, 0x10a2, 0x10a2, 0x10a2, 0x10a2, 0x10a2, 0x10a2, 0x10a2, 0x10a2, 0x10a2, 0x10a2, 0x10a2, 
	0x2104, 0x8430, 0x8c71, 0x8c51, 0x8c51, 0x8c51, 0x8c51, 0x8c51, 0x8c51, 0x8c51, 0x8c51, 0x8c51, 0x8c71, 0x8c71, 0x8c71, 0x8c71, 
	0x8c71, 0x8c71, 0x9492, 0x4228, 0x0861, 0x1082, 0x10a2, 0x18a2, 0x18c3, 0x18c3, 0x10c2, 0x10a2, 0x0861, 0x2944, 0x73ae, 0x9492, 
	0x8c51, 0x8c51, 0x8c51, 0x8c51, 0x8c51, 0x8c51, 0x9492, 0x630c, 0x1082, 0x1082, 0x2945, 0x8c51, 0x8c51, 0x8c51, 0x8c51, 0x9492, 
	0x4208, 0x0861, 0x18c3, 0x10a2, 0x10a2, 0x10a2, 0x10a2, 0x10a2, 0x10a2, 0x10a2, 0x10a2, 0x10a2, 0x10a2, 0x10a2, 0x0861, 0x5aeb, 
	0x94b2, 0x8c51, 0x8c71, 0x8c51, 0x8c51, 0x8c51, 0x8c51, 0x8c51, 0x9492, 0x5acb, 0x0861, 0x18c3, 0x10a2, 0x10a2, 0x18c3, 0x18c3, 
	0x10a2, 0x0861, 0x10a2, 0x4208, 0x73ce, 0x9492, 0x8c71, 0x8c51, 0x8c51, 0x8c71, 0x94b2, 0x738e, 0x2965, 0x0861, 0x10a2, 0x10a2, 
	0x10a2, 0x10a2, 0x10a2, 0x10a2, 0x10a2, 0x10a2, 0x10a2, 0x10a2, 0x10a2, 0x10a2, 0x10a2, 0x10a2, 0x10a2, 0x10a2, 0x10a2, 0x10a2, 
	0x10a2, 0x10a2, 0x10a2, 0x10a2, 0x10a2, 0x10a2, 0x10a2, 0x10a2, 0x10a2, 0x10a2, 0x10a2, 0x10a2, 0x10a2, 0x10a2, 0x10a2, 0x10a2, 
	0x10a2, 0x10a2, 0x10a2, 0x10a2, 0x10a2, 0x10a2, 0x10a2, 0x10a2, 0x10a2, 0x10a2, 0x10a2, 0x10a2, 0x10a2, 0x10a2, 0x10a2, 0x10a2, 
	0x10a2, 0x10a2, 0x10a2, 0x10a2, 0x10a2, 0x10a2, 0x10a2, 0x10a2, 0x10a2, 0x10a2, 0x10a2, 0x10a2, 0x10a2, 0x10a2, 0x10a2, 0x10a2, 
	0x10a2, 0x10a2, 0x10a2, 0x10a2, 0x10a2, 0x10a2, 0x10a2, 0x10a2, 0x10a2, 0x10a2, 0x10a2, 0x10a2, 0x10a2, 0x10a2, 0x10a2, 0x10a2, 
	0x10a2, 0x10a2, 0x10a2, 0x10a2, 0x10a2, 0x10a2, 0x10a2, 0x10a2, 0x10a2, 0x10a2, 0x10a2, 0x10a2, 0x10a2, 0x10a2, 0x10a2, 0x10a2, 
	0x10a2, 0x10a2, 0x10a2, 0x10a2, 0x10a2, 0x10a2, 0x10a2, 0x10a2, 0x10a2, 0x10a2, 0x10a2, 0x10a2, 0x10a2, 0x10a2, 0x10a2, 0x10a2, 
	0x10a2, 0x10a2, 0x10a2, 0x10a2, 0x10a2, 0x10a2, 0x10a2, 0x10a2, 0x10a2, 0x10a2, 0x10a2, 0x10a2, 0x10a2, 0x10a2, 0x10a2, 0x10a2, 
	0x10a2, 0x10a2, 0x10a2, 0x10a2, 0x10a2, 0x10a2, 0x10a2, 0x10a2, 0x10a2, 0x10a2, 0x10a2, 0x10a2, 0x10a2, 0x10a2, 0x10a2, 0x10a2, 
	0x1082, 0x6b6d, 0x9492, 0x8c51, 0x8c51, 0x8c51, 0x8c51, 0x8c51, 0x8c51, 0x8c51, 0x8c51, 0x8c51, 0x8c71, 0x8c71, 0x8c71, 0x8c71, 
	0x8c71, 0x94b2, 0x632c, 0x0861, 0x18c2, 0x10a2, 0x10a2, 0x10a2, 0x10a2, 0x10a2, 0x10a2, 0x10c2, 0x18c3, 0x1082, 0x10a2, 0x6b4d, 
	0x9492, 0x8c51, 0x8c51, 0x8c51, 0x8c51, 0x8c51, 0x8c51, 0x8c51, 0x2945, 0x1082, 0x1082, 0x6b4d, 0x9492, 0x8c51, 0x8c51, 0x8c71, 
	0x6b4d, 0x1082, 0x10a2, 0x10a2, 0x10a2, 0x10a2, 0x10a2, 0x10a2, 0x10a2, 0x10a2, 0x10a2, 0x10a2, 0x10a2, 0x0861, 0x5aca, 0x94b2, 
	0x8c51, 0x8c71, 0x8c71, 0x8c51, 0x8c51, 0x8c51, 0x8c51, 0x8c51, 0x8c71, 0x8410, 0x18e3, 0x10a2, 0x10a2, 0x10a2, 0x10a3, 0x18c2, 
	0x10a2, 0x18c3, 0x10a2, 0x0861, 0x10a2, 0x4208, 0x7bef, 0x94b2, 0x8c71, 0x8c51, 0x8c51, 0x9492, 0x8c71, 0x528a, 0x10a2, 0x1082, 
	0x18c3, 0x10a2, 0x10a2, 0x10a2, 0x10a2, 0x10a2, 0x10a2, 0x10a2, 0x10a2, 0x10a2, 0x10a2, 0x10a2, 0x10a2, 0x10a2, 0x10a2, 0x10a2, 
	0x10a2, 0x10a2, 0x10a2, 0x10a2, 0x10a2, 0x10a2, 0x10a2, 0x10a2, 0x10a2, 0x10a2, 0x10a2, 0x10a2, 0x10a2, 0x10a2, 0x10a2, 0x10a2, 
	0x10a2, 0x10a2, 0x10a2, 0x10a2, 0x10a2, 0x10a2, 0x10a2, 0x10a2, 0x10a2, 0x10a2, 0x10a2, 0x10a2, 0x10a2, 0x10a2, 0x10a2, 0x10a2, 
	0x10a2, 0x10a2, 0x10a2, 0x10a2, 0x10a2, 0x10a2, 0x10a2, 0x10a2, 0x10a2, 0x10a2, 0x10a2, 0x10a2, 0x10a2, 0x10a2, 0x10a2, 0x10a2, 
	0x10a2, 0x10a2, 0x10a2, 0x10a2, 0x10a2, 0x10a2, 0x10a2, 0x10a2, 0x10a2, 0x10a2, 0x10a2, 0x10a2, 0x10a2, 0x10a2, 0x10a2, 0x10a2, 
	0x10a2, 0x10a2, 0x10a2, 0x10a2, 0x10a2, 0x10a2, 0x10a2, 0x10a2, 0x10a2, 0x10a2, 0x10a2, 0x10a2, 0x10a2, 0x10a2, 0x10a2, 0x10a2, 
	0x10a2, 0x10a2, 0x10a2, 0x10a2, 0x10a2, 0x10a2, 0x10a2, 0x10a2, 0x10a2, 0x10a2, 0x10a2, 0x10a2, 0x10a2, 0x10a2, 0x10a2, 0x10a2, 
	0x10a2, 0x10a2, 0x10a2, 0x10a2, 0x10a2, 0x10a2, 0x10a2, 0x10a2, 0x10a2, 0x10a2, 0x10a2, 0x10a2, 0x10a2, 0x10a2, 0x10a2, 0x10a2, 
	0x10a2, 0x10a2, 0x10a2, 0x10a2, 0x10a2, 0x10a2, 0x10a2, 0x10a2, 0x10a2, 0x10a2, 0x10a2, 0x10a2, 0x10a2, 0x10a2, 0x10a2, 0x18c3, 
	0x0861, 0x528a, 0x9492, 0x8c51, 0x8c51, 0x8c51, 0x8c51, 0x8c51, 0x8c51, 0x8c51, 0x8c51, 0x8c51, 0x8c71, 0x8c71, 0x8c71, 0x8c71, 
	0x8c71, 0x94b2, 0x4208, 0x0861, 0x18c3, 0x10a2, 0x10a2, 0x10a2, 0x10a2, 0x10a2, 0x10a2, 0x10a2, 0x10a2, 0x18c3, 0x10a2, 0x1082, 
	0x6b6d, 0x9492, 0x8c51, 0x8c51, 0x8c51, 0x8c51, 0x8430, 0x9492, 0x52aa, 0x1082, 0x1082, 0x4208, 0x9492, 0x8c51, 0x8c51, 0x8c51, 
	0x8c51, 0x2945, 0x1082, 0x18c2, 0x10a2, 0x10a2, 0x10a2, 0x10a2, 0x10a2, 0x10a2, 0x10a2, 0x10a2, 0x0861, 0x52aa, 0x94b2, 0x8c51, 
	0x8c71, 0x8c71, 0x8c71, 0x8c71, 0x8c51, 0x8c51, 0x8c51, 0x8c51, 0x8c51, 0x9492, 0x4208, 0x0861, 0x10a3, 0x28e2, 0x3902, 0x0883, 
	0x18c2, 0x10a2, 0x10a2, 0x18c3, 0x10a2, 0x0861, 0x18c3, 0x528a, 0x8c51, 0x9492, 0x8c51, 0x8c51, 0x8c71, 0x94b2, 0x73ae, 0x2124, 
	0x0861, 0x18c3, 0x10a2, 0x10a2, 0x10a2, 0x10a2, 0x10a2, 0x10a2, 0x10a2, 0x10a2, 0x10a2, 0x10a2, 0x10a2, 0x10a2, 0x10a2, 0x10a2, 
	0x10a2, 0x10a2, 0x10a2, 0x10a2, 0x10a2, 0x10a2, 0x10a2, 0x10a2, 0x10a2, 0x10a2, 0x10a2, 0x10a2, 0x10a2, 0x10a2, 0x10a2, 0x10a2, 
	0x10a2, 0x10a2, 0x10a2, 0x10a2, 0x10a2, 0x10a2, 0x10a2, 0x10a2, 0x10a2, 0x10a2, 0x10a2, 0x10a2, 0x10a2, 0x10a2, 0x10a2, 0x10a2, 
	0x10a2, 0x10a2, 0x10a2, 0x10a2, 0x10a2, 0x10a2, 0x10a2, 0x10a2, 0x10a2, 0x10a2, 0x10a2, 0x10a2, 0x10a2, 0x10a2, 0x10a2, 0x10a2, 
	0x10a2, 0x10a2, 0x10a2, 0x10a2, 0x10a2, 0x10a2, 0x10a2, 0x10a2, 0x10a2, 0x10a2, 0x10a2, 0x10a2, 0x10a2, 0x10a2, 0x10a2, 0x10a2, 
	0x10a2, 0x10a2, 0x10a2, 0x10a2, 0x10a2, 0x10a2, 0x10a2, 0x10a2, 0x10a2, 0x10a2, 0x10a2, 0x10a2, 0x10a2, 0x10a2, 0x10a2, 0x10a2, 
	0x10a2, 0x10a2, 0x10a2, 0x10a2, 0x10a2, 0x10a2, 0x10a2, 0x10a2, 0x10a2, 0x10a2, 0x10a2, 0x10a2, 0x10a2, 0x10a2, 0x10a2, 0x10a2, 
	0x10a2, 0x10a2, 0x10a2, 0x10a2, 0x10a2, 0x10a2, 0x10a2, 0x10a2, 0x10a2, 0x10a2, 0x10a2, 0x10a2, 0x10a2, 0x10a2, 0x10a2, 0x10a2, 
	0x10a2, 0x10a2, 0x10a2, 0x10a2, 0x10a2, 0x10a2, 0x10a2, 0x10a2, 0x10a2, 0x10a2, 0x10a2, 0x10a2, 0x10a2, 0x10a2, 0x10a2, 0x18c3, 
	0x1082, 0x31a6, 0x8c71, 0x8c51, 0x8c51, 0x8c51, 0x8c51, 0x8c51, 0x8c51, 0x8c51, 0x8c51, 0x8c51, 0x8c71, 0x8c71, 0x8c71, 0x8c71, 
	0x8c71, 0x94b2, 0x31a7, 0x0861, 0x10a2, 0x10a2, 0x10a2, 0x10a2, 0x10a2, 0x10a2, 0x10a2, 0x10a2, 0x10a2, 0x10a2, 0x18c3, 0x1082, 
	0x18e3, 0x8410, 0x8c71, 0x8c51, 0x8c51, 0x8c51, 0x8c51, 0x8c71, 0x7bef, 0x18c3, 0x1082, 0x2104, 0x8430, 0x8c71, 0x8c51, 0x8c51, 
	0x9492, 0x4a69, 0x0861, 0x18c3, 0x10a2, 0x10a2, 0x10a2, 0x10a2, 0x10a2, 0x10a2, 0x18c3, 0x0861, 0x5269, 0x9492, 0x8c51, 0x8c51, 
	0x8c71, 0x8c71, 0x8c71, 0x8c71, 0x8c51, 0x8c51, 0x8c51, 0x8c51, 0x8c51, 0x9492, 0x6b6d, 0x1082, 0x10a2, 0x10a2, 0xba60, 0x5141, 
	0x0083, 0x18c2, 0x10a2, 0x10a2, 0x10a2, 0x18c3, 0x10a2, 0x0861, 0x2145, 0x6b6d, 0x9492, 0x8c71, 0x8c51, 0x8c51, 0x9492, 0x8c50, 
	0x39e7, 0x0861, 0x10a2, 0x10a2, 0x10a2, 0x10a2, 0x10a2, 0x10a2, 0x10a2, 0x10a2, 0x10a2, 0x10a2, 0x10a2, 0x10a2, 0x10a2, 0x10a2, 
	0x10a2, 0x10a2, 0x10a2, 0x10a2, 0x10a2, 0x10a2, 0x10a2, 0x10a2, 0x10a2, 0x10a2, 0x10a2, 0x10a2, 0x10a2, 0x10a2, 0x10a2, 0x10a2, 
	0x10a2, 0x10a2, 0x10a2, 0x10a2, 0x10a2, 0x10a2, 0x10a2, 0x10a2, 0x10a2, 0x10a2, 0x10a2, 0x10a2, 0x10a2, 0x10a2, 0x10a2, 0x10a2, 
	0x10a2, 0x10a2, 0x10a2, 0x10a2, 0x10a2, 0x10a2, 0x10a2, 0x10a2, 0x10a2, 0x10a2, 0x10a2, 0x10a2, 0x10a2, 0x10a2, 0x10a2, 0x10a2, 
	0x10a2, 0x10a2, 0x10a2, 0x10a2, 0x10a2, 0x10a2, 0x10a2, 0x10a2, 0x10a2, 0x10a2, 0x10a2, 0x10a2, 0x10a2, 0x10a2, 0x10a2, 0x10a2, 
	0x10a2, 0x10a2, 0x10a2, 0x10a2, 0x10a2, 0x10a2, 0x10a2, 0x10a2, 0x10a2, 0x10a2, 0x10a2, 0x10a2, 0x10a2, 0x10a2, 0x10a2, 0x10a2, 
	0x10a2, 0x10a2, 0x10a2, 0x10a2, 0x10a2, 0x10a2, 0x10a2, 0x10a2, 0x10a2, 0x10a2, 0x10a2, 0x10a2, 0x10a2, 0x10a2, 0x10a2, 0x10a2, 
	0x10a2, 0x10a2, 0x10a2, 0x10a2, 0x10a2, 0x10a2, 0x10a2, 0x10a2, 0x10a2, 0x10a2, 0x10a2, 0x10a2, 0x10a2, 0x10a2, 0x10a2, 0x10a2, 
	0x10a2, 0x10a2, 0x10a2, 0x10a2, 0x10a2, 0x10a2, 0x10a2, 0x10a2, 0x10a2, 0x10a2, 0x10a2, 0x10a2, 0x10a2, 0x10a2, 0x1082, 0x10a2, 
	0x10a2, 0x1903, 0x8410, 0x8c71, 0x8c51, 0x8c51, 0x8c51, 0x8c51, 0x8c51, 0x8c51, 0x8c51, 0x8c51, 0x8c71, 0x8c71, 0x8c71, 0x8c71, 
	0x8c71, 0x94b2, 0x31a6, 0x0861, 0x10a2, 0x10a2, 0x10a2, 0x10a2, 0x10a2, 0x10a2, 0x10a2, 0x10a2, 0x10a2, 0x10a2, 0x10a2, 0x18c3, 
	0x0861, 0x39c7, 0x9492, 0x8c51, 0x8c51, 0x8c51, 0x8c51, 0x8c51, 0x9492, 0x39c7, 0x1082, 0x1082, 0x630c, 0x9492, 0x8c51, 0x8c51, 
	0x9472, 0x73ae, 0x10a2, 0x10a2, 0x10a2, 0x10a2, 0x10a2, 0x10a2, 0x10a2, 0x18c3, 0x0861, 0x4a49, 0x9492, 0x8c51, 0x8c51, 0x8c51, 
	0x8c71, 0x8c71, 0x8c71, 0x8c71, 0x8c51, 0x8c51, 0x8c51, 0x8c51, 0x8c51, 0x8c51, 0x8c51, 0x2945, 0x10a2, 0x0083, 0x71a1, 0xfb20, 
	0x3901, 0x08a3, 0x18c2, 0x10a2, 0x10a2, 0x10a2, 0x10a2, 0x18c3, 0x1082, 0x1082, 0x4228, 0x8c51, 0x9492, 0x8c51, 0x8c51, 0x8c71, 
	0x9492, 0x528a, 0x1082, 0x10a2, 0x10a2, 0x10a2, 0x10a2, 0x10a2, 0x10a2, 0x10a2, 0x10a2, 0x10a2, 0x10a2, 0x10a2, 0x10a2, 0x10a2, 
	0x10a2, 0x10a2, 0x10a2, 0x10a2, 0x10a2, 0x10a2, 0x10a2, 0x10a2, 0x10a2, 0x10a2, 0x10a2, 0x10a2, 0x10a2, 0x10a2, 0x10a2, 0x10a2, 
	0x10a2, 0x10a2, 0x10a2, 0x10a2, 0x10a2, 0x10a2, 0x10a2, 0x10a2, 0x10a2, 0x10a2, 0x10a2, 0x10a2, 0x10a2, 0x10a2, 0x10a2, 0x10a2, 
	0x10a2, 0x10a2, 0x10a2, 0x10a2, 0x10a2, 0x10a2, 0x10a2, 0x10a2, 0x10a2, 0x10a2, 0x10a2, 0x10a2, 0x10a2, 0x10a2, 0x10a2, 0x10a2, 
	0x10a2, 0x10a2, 0x10a2, 0x10a2, 0x10a2, 0x10a2, 0x10a2, 0x10a2, 0x10a2, 0x10a2, 0x10a2, 0x10a2, 0x10a2, 0x10a2, 0x10a2, 0x10a2, 
	0x10a2, 0x10a2, 0x10a2, 0x10a2, 0x10a2, 0x10a2, 0x10a2, 0x10a2, 0x10a2, 0x10a2, 0x10a2, 0x10a2, 0x10a2, 0x10a2, 0x10a2, 0x10a2, 
	0x10a2, 0x10a2, 0x10a2, 0x10a2, 0x10a2, 0x10a2, 0x10a2, 0x10a2, 0x10a2, 0x10a2, 0x10a2, 0x10a2, 0x10a2, 0x10a2, 0x10a2, 0x10a2, 
	0x10a2, 0x10a2, 0x10a2, 0x10a2, 0x10a2, 0x10a2, 0x10a2, 0x10a2, 0x10a2, 0x10a2, 0x10a2, 0x10a2, 0x10a2, 0x10a2, 0x10a2, 0x10a2, 
	0x10a2, 0x10a2, 0x10a2, 0x10a2, 0x10a2, 0x10a2, 0x10a2, 0x10a2, 0x10a2, 0x10a2, 0x10a2, 0x10a2, 0x10a2, 0x0861, 0x39c7, 0x2924, 
	0x10a2, 0x1082, 0x6b6d, 0x8c71, 0x8c51, 0x8c51, 0x8c51, 0x8c51, 0x8c51, 0x8c51, 0x8c51, 0x8c51, 0x8c71, 0x8c71, 0x8c71, 0x8c71, 
	0x8c71, 0x94b2, 0x4208, 0x0861, 0x10c2, 0x10a2, 0x10a2, 0x10a2, 0x10a2, 0x10a2, 0x10a2, 0x10a2, 0x10a2, 0x10a2, 0x10a2, 0x10a2, 
	0x10a2, 0x1082, 0x738e, 0x9492, 0x8c51, 0x8c51, 0x8c51, 0x8c51, 0x9492, 0x630c, 0x1082, 0x1082, 0x31a6, 0x9492, 0x8c51, 0x8c51, 
	0x8c51, 0x9472, 0x3186, 0x1082, 0x18c3, 0x10a2, 0x10a2, 0x10a2, 0x18c3, 0x0861, 0x4a48, 0x9492, 0x8c51, 0x8c51, 0x8c51, 0x8c51, 
	0x8c51, 0x8c71, 0x8c71, 0x8c71, 0x8c51, 0x8c51, 0x8c51, 0x8c51, 0x8c51, 0x8c51, 0x9492, 0x52aa, 0x1082, 0x10c3, 0x18c2, 0xeae0, 
	0xf2e0, 0x30e2, 0x08a3, 0x18a2, 0x10a2, 0x10a2, 0x10a2, 0x10a2, 0x10a2, 0x10a2, 0x0861, 0x2124, 0x73ae, 0x94b2, 0x8c51, 0x8c51, 
	0x8c51, 0x94b2, 0x632c, 0x10a2, 0x10a2, 0x18c3, 0x10a2, 0x10a2, 0x10a2, 0x10a2, 0x10a2, 0x10a2, 0x10a2, 0x10a2, 0x10a2, 0x10a2, 
	0x10a2, 0x10a2, 0x10a2, 0x10a2, 0x10a2, 0x10a2, 0x10a2, 0x10a2, 0x10a2, 0x10a2, 0x10a2, 0x10a2, 0x10a2, 0x10a2, 0x10a2, 0x10a2, 
	0x10a2, 0x10a2, 0x10a2, 0x10a2, 0x10a2, 0x10a2, 0x10a2, 0x10a2, 0x10a2, 0x10a2, 0x10a2, 0x10a2, 0x10a2, 0x10a2, 0x10a2, 0x10a2, 
	0x10a2, 0x10a2, 0x10a2, 0x10a2, 0x10a2, 0x10a2, 0x10a2, 0x10a2, 0x10a2, 0x10a2, 0x10a2, 0x10a2, 0x10a2, 0x10a2, 0x10a2, 0x10a2, 
	0x10a2, 0x10a2, 0x10a2, 0x10a2, 0x10a2, 0x10a2, 0x10a2, 0x10a2, 0x10a2, 0x10a2, 0x10a2, 0x10a2, 0x10a2, 0x10a2, 0x10a2, 0x10a2, 
	0x10a2, 0x10a2, 0x10a2, 0x10a2, 0x10a2, 0x10a2, 0x10a2, 0x10a2, 0x10a2, 0x10a2, 0x10a2, 0x10a2, 0x10a2, 0x10a2, 0x10a2, 0x10a2, 
	0x10a2, 0x10a2, 0x10a2, 0x10a2, 0x10a2, 0x10a2, 0x10a2, 0x10a2, 0x10a2, 0x10a2, 0x10a2, 0x10a2, 0x10a2, 0x10a2, 0x10a2, 0x10a2, 
	0x10a2, 0x10a2, 0x10a2, 0x10a2, 0x10a2, 0x10a2, 0x10a2, 0x10a2, 0x10a2, 0x10a2, 0x10a2, 0x10a2, 0x10a2, 0x10a2, 0x10a2, 0x10a2, 
	0x10a2, 0x10a2, 0x10a2, 0x10a2, 0x10a2, 0x10a2, 0x10a2, 0x10a2, 0x10a2, 0x10a2, 0x10a2, 0x18c2, 0x0861, 0x4208, 0x9cd3, 0x39e7, 
	0x1082, 0x1081, 0x4a69, 0x9492, 0x8c51, 0x8c51, 0x8c51, 0x8c51, 0x8c51, 0x8c51, 0x8c51, 0x8c51, 0x8c71, 0x8c71, 0x8c71, 0x8c71, 
	0x8c51, 0x94b2, 0x5acb, 0x0861, 0x10c2, 0x10a2, 0x10a2, 0x10a2, 0x10a2, 0x10a2, 0x10a2, 0x10a2, 0x10a2, 0x10a2, 0x10a2, 0x10a2, 
	0x18c3, 0x0861, 0x4208, 0x9492, 0x8c51, 0x8c51, 0x8c51, 0x8c51, 0x8c71, 0x8410, 0x18e3, 0x1082, 0x18c3, 0x7bef, 0x8c71, 0x8c51, 
	0x8c51, 0x94b2, 0x5aeb, 0x0861, 0x18c3, 0x10a2, 0x10a2, 0x18c3, 0x0861, 0x4208, 0x9492, 0x8c51, 0x8c51, 0x8c51, 0x8c51, 0x8c51, 
	0x8c51, 0x8c51, 0x8c51, 0x8c51, 0x8c51, 0x8c51, 0x8c51, 0x8c51, 0x8c51, 0x8c51, 0x8c71, 0x7bcf, 0x18c3, 0x18c2, 0x0883, 0x91e1, 
	0xfb40, 0xdaa0, 0x20c2, 0x10a2, 0x10a2, 0x10a2, 0x10a2, 0x10a2, 0x10a2, 0x10a2, 0x18c2, 0x1082, 0x10a2, 0x5acb, 0x9492, 0x8c51, 
	0x8c51, 0x8c51, 0x94b2, 0x738e, 0x18c3, 0x10a2, 0x18c3, 0x10a2, 0x10a2, 0x10a2, 0x10a2, 0x10a2, 0x10a2, 0x10a2, 0x10a2, 0x10a2, 
	0x10a2, 0x10a2, 0x10a2, 0x10a2, 0x10a2, 0x10a2, 0x10a2, 0x10a2, 0x10a2, 0x10a2, 0x10a2, 0x10a2, 0x10a2, 0x10a2, 0x10a2, 0x10a2, 
	0x10a2, 0x10a2, 0x10a2, 0x10a2, 0x10a2, 0x10a2, 0x10a2, 0x10a2, 0x10a2, 0x10a2, 0x10a2, 0x10a2, 0x10a2, 0x10a2, 0x10a2, 0x10a2, 
	0x10a2, 0x10a2, 0x10a2, 0x10a2, 0x10a2, 0x10a2, 0x10a2, 0x10a2, 0x10a2, 0x10a2, 0x10a2, 0x10a2, 0x10a2, 0x10a2, 0x10a2, 0x10a2, 
	0x10a2, 0x10a2, 0x10a2, 0x10a2, 0x10a2, 0x10a2, 0x10a2, 0x10a2, 0x10a2, 0x10a2, 0x10a2, 0x10a2, 0x10a2, 0x10a2, 0x10a2, 0x10a2, 
	0x10a2, 0x10a2, 0x10a2, 0x10a2, 0x10a2, 0x10a2, 0x10a2, 0x10a2, 0x10a2, 0x10a2, 0x10a2, 0x10a2, 0x10a2, 0x10a2, 0x10a2, 0x10a2, 
	0x10a2, 0x10a2, 0x10a2, 0x10a2, 0x10a2, 0x10a2, 0x10a2, 0x10a2, 0x10a2, 0x10a2, 0x10a2, 0x10a2, 0x10a2, 0x10a2, 0x10a2, 0x10a2, 
	0x10a2, 0x10a2, 0x10a2, 0x10a2, 0x10a2, 0x10a2, 0x10a2, 0x10a2, 0x10a2, 0x10a2, 0x10a2, 0x10a2, 0x10a2, 0x10a2, 0x10a2, 0x10a2, 
	0x10a2, 0x10a2, 0x10a2, 0x10a2, 0x10a2, 0x10a2, 0x10a2, 0x10a2, 0x10a2, 0x10a2, 0x18c2, 0x0861, 0x4a49, 0x9492, 0x94b2, 0x528a, 
	0x0861, 0x10a2, 0x2124, 0x8c51, 0x8c51, 0x8c51, 0x8c51, 0x8c51, 0x8c51, 0x8c51, 0x8c51, 0x8c71, 0x8c71, 0x8c71, 0x8c71, 0x8c71, 
	0x8c51, 0x8c71, 0x7bef, 0x18c3, 0x10a2, 0x10a2, 0x10a2, 0x10a2, 0x10a2, 0x10a2, 0x10a2, 0x10a2, 0x10a2, 0x10a2, 0x10a2, 0x10a2, 
	0x10a2, 0x10a2, 0x2104, 0x8430, 0x8c51, 0x8c51, 0x8c51, 0x8c51, 0x8c51, 0x9492, 0x39e7, 0x1082, 0x0861, 0x5acb, 0x94b2, 0x8c51, 
	0x8c51, 0x8c71, 0x8410, 0x18e3, 0x10a2, 0x18c3, 0x18c3, 0x0861, 0x39c7, 0x8c71, 0x8c51, 0x8c51, 0x8c51, 0x8c51, 0x8c51, 0x8c51, 
	0x8c51, 0x8c51, 0x8c51, 0x8c51, 0x8c51, 0x8c51, 0x8c51, 0x8c51, 0x8c51, 0x8c51, 0x8c51, 0x8c71, 0x31a6, 0x1082, 0x08a3, 0x4101, 
	0xfae0, 0xfb60, 0xba60, 0x0882, 0x10a2, 0x10a2, 0x10a2, 0x10a2, 0x10a2, 0x10a2, 0x10a2, 0x10a2, 0x10a2, 0x0861, 0x4228, 0x8c71, 
	0x8c71, 0x8c51, 0x8c51, 0x9492, 0x73ae, 0x18e3, 0x1082, 0x18c3, 0x10a2, 0x10a2, 0x10a2, 0x10a2, 0x10a2, 0x10a2, 0x10a2, 0x10a2, 
	0x10a2, 0x10a2, 0x10a2, 0x10a2, 0x10a2, 0x10a2, 0x10a2, 0x10a2, 0x10a2, 0x10a2, 0x10a2, 0x10a2, 0x10a2, 0x10a2, 0x10a2, 0x10a2, 
	0x10a2, 0x10a2, 0x10a2, 0x10a2, 0x10a2, 0x10a2, 0x10a2, 0x10a2, 0x10a2, 0x10a2, 0x10a2, 0x10a2, 0x10a2, 0x10a2, 0x10a2, 0x10a2, 
	0x10a2, 0x10a2, 0x10a2, 0x10a2, 0x10a2, 0x10a2, 0x10a2, 0x10a2, 0x10a2, 0x10a2, 0x10a2, 0x10a2, 0x10a2, 0x10a2, 0x10a2, 0x10a2, 
	0x10a2, 0x10a2, 0x10a2, 0x10a2, 0x10a2, 0x10a2, 0x10a2, 0x10a2, 0x10a2, 0x10a2, 0x10a2, 0x10a2, 0x10a2, 0x10a2, 0x10a2, 0x10a2, 
	0x10a2, 0x10a2, 0x10a2, 0x10a2, 0x10a2, 0x10a2, 0x10a2, 0x10a2, 0x10a2, 0x10a2, 0x10a2, 0x10a2, 0x10a2, 0x10a2, 0x10a2, 0x10a2, 
	0x10a2, 0x10a2, 0x10a2, 0x10a2, 0x10a2, 0x10a2, 0x10a2, 0x10a2, 0x10a2, 0x10a2, 0x10a2, 0x10a2, 0x10a2, 0x10a2, 0x10a2, 0x10a2, 
	0x10a2, 0x10a2, 0x10a2, 0x10a2, 0x10a2, 0x10a2, 0x10a2, 0x10a2, 0x10a2, 0x10a2, 0x10a2, 0x10a2, 0x10a2, 0x10a2, 0x10a2, 0x10a2, 
	0x10a2, 0x10a2, 0x10a2, 0x10a2, 0x10a2, 0x10a2, 0x10a2, 0x10a2, 0x10a2, 0x18c2, 0x0861, 0x4228, 0x94b2, 0x8c51, 0x9492, 0x738e, 
	0x1082, 0x18c3, 0x0861, 0x5aeb, 0x9492, 0x8c51, 0x8c51, 0x8c51, 0x8c51, 0x8c51, 0x8c51, 0x8c71, 0x8c71, 0x8c71, 0x8c71, 0x8c71, 
	0x8c71, 0x8c51, 0x9492, 0x39e7, 0x0861, 0x10a2, 0x10a2, 0x10a2, 0x10a2, 0x10a2, 0x10a2, 0x10a2, 0x10a2, 0x10a2, 0x10a2, 0x10a2, 
	0x10a2, 0x10a2, 0x10a2, 0x73ae, 0x8c71, 0x8c51, 0x8c51, 0x8c51, 0x8c51, 0x9492, 0x632c, 0x1082, 0x1082, 0x2965, 0x8c71, 0x8c51, 
	0x8c51, 0x8c51, 0x9492, 0x39e7, 0x0861, 0x18c3, 0x0861, 0x39c7, 0x8c71, 0x8c51, 0x8c51, 0x8c51, 0x8c51, 0x8c51, 0x8c51, 0x8c51, 
	0x8c51, 0x8c51, 0x8c51, 0x8c51, 0x8c51, 0x8c51, 0x8c51, 0x8c51, 0x8c51, 0x8c51, 0x8c51, 0x9492, 0x5acb, 0x0861, 0x18c3, 0x10a2, 
	0xca80, 0xfb40, 0xfb60, 0x7181, 0x0082, 0x18a2, 0x10a2, 0x10a2, 0x10a2, 0x10a2, 0x10a2, 0x10a2, 0x10a2, 0x18c3, 0x0861, 0x31a6, 
	0x8451, 0x8c71, 0x8c51, 0x8c51, 0x9492, 0x73ae, 0x18c3, 0x1082, 0x10a2, 0x10a2, 0x10a2, 0x10a2, 0x10a2, 0x10a2, 0x10a2, 0x10a2, 
	0x10a2, 0x10a2, 0x10a2, 0x10a2, 0x10a2, 0x10a2, 0x10a2, 0x10a2, 0x10a2, 0x10a2, 0x10a2, 0x10a2, 0x10a2, 0x10a2, 0x10a2, 0x10a2, 
	0x10a2, 0x10a2, 0x10a2, 0x10a2, 0x10a2, 0x10a2, 0x10a2, 0x10a2, 0x10a2, 0x10a2, 0x10a2, 0x10a2, 0x10a2, 0x10a2, 0x10a2, 0x10a2, 
	0x10a2, 0x10a2, 0x10a2, 0x10a2, 0x10a2, 0x10a2, 0x10a2, 0x10a2, 0x10a2, 0x10a2, 0x10a2, 0x10a2, 0x10a2, 0x10a2, 0x10a2, 0x10a2, 
	0x10a2, 0x10a2, 0x10a2, 0x10a2, 0x10a2, 0x10a2, 0x10a2, 0x10a2, 0x10a2, 0x10a2, 0x10a2, 0x10a2, 0x10a2, 0x10a2, 0x10a2, 0x10a2, 
	0x10a2, 0x10a2, 0x10a2, 0x10a2, 0x10a2, 0x10a2, 0x10a2, 0x10a2, 0x10a2, 0x10a2, 0x10a2, 0x10a2, 0x10a2, 0x10a2, 0x10a2, 0x10a2, 
	0x10a2, 0x10a2, 0x10a2, 0x10a2, 0x10a2, 0x10a2, 0x10a2, 0x10a2, 0x10a2, 0x10a2, 0x10a2, 0x10a2, 0x10a2, 0x10a2, 0x10a2, 0x10a2, 
	0x10a2, 0x10a2, 0x10a2, 0x10a2, 0x10a2, 0x10a2, 0x10a2, 0x10a2, 0x10a2, 0x10a2, 0x10a2, 0x10a2, 0x10a2, 0x10a2, 0x10a2, 0x10a2, 
	0x10a2, 0x10a2, 0x10a2, 0x10a2, 0x10a2, 0x10a2, 0x10a2, 0x10a2, 0x18c3, 0x0861, 0x41e7, 0x9492, 0x8c51, 0x8c51, 0x94b2, 0x528a, 
	0x1082, 0x18c2, 0x1082, 0x2124, 0x8430, 0x8c51, 0x8c51, 0x8c51, 0x8c51, 0x8c51, 0x8c51, 0x8c71, 0x8c71, 0x8c71, 0x8c71, 0x8c71, 
	0x8c51, 0x8c51, 0x8c71, 0x7bcf, 0x10a2, 0x10a2, 0x10a2, 0x10a2, 0x10a2, 0x10a2, 0x10a2, 0x10a2, 0x10a2, 0x10a2, 0x10a2, 0x10a2, 
	0x10a2, 0x10c2, 0x1082, 0x6b6d, 0x9492, 0x8c51, 0x8c51, 0x8c51, 0x8c51, 0x8c51, 0x8430, 0x2104, 0x1082, 0x10a2, 0x73ae, 0x9491, 
	0x8c51, 0x8c51, 0x8c71, 0x7bcf, 0x2945, 0x18e3, 0x4228, 0x8c71, 0x8c71, 0x8c51, 0x8c51, 0x8c51, 0x8c51, 0x8c51, 0x8c51, 0x8c51, 
	0x8c51, 0x8c51, 0x8c51, 0x8c51, 0x8c51, 0x8c51, 0x8c51, 0x8c51, 0x8c51, 0x8c51, 0x8c51, 0x8c71, 0x8410, 0x18e3, 0x18a2, 0x0083, 
	0x89e1, 0xfb40, 0xfb40, 0xf300, 0x30e2, 0x08a2, 0x18a2, 0x10a2, 0x10a2, 0x10a2, 0x10a2, 0x10a2, 0x10a2, 0x10a2, 0x18c3, 0x0861, 
	0x2965, 0x8430, 0x8c71, 0x8c51, 0x8c51, 0x9492, 0x738e, 0x10a2, 0x10a2, 0x10a2, 0x10a2, 0x10a2, 0x10a2, 0x10a2, 0x10a2, 0x10a2, 
	0x10a2, 0x10a2, 0x10a2, 0x10a2, 0x10a2, 0x10a2, 0x10a2, 0x10a2, 0x10a2, 0x10a2, 0x10a2, 0x10a2, 0x10a2, 0x10a2, 0x10a2, 0x10a2, 
	0x10a2, 0x10a2, 0x10a2, 0x10a2, 0x10a2, 0x10a2, 0x10a2, 0x10a2, 0x10a2, 0x10a2, 0x10a2, 0x10a2, 0x10a2, 0x10a2, 0x10a2, 0x10a2, 
	0x10a2, 0x10a2, 0x10a2, 0x10a2, 0x10a2, 0x10a2, 0x10a2, 0x10a2, 0x10a2, 0x10a2, 0x10a2, 0x10a2, 0x10a2, 0x10a2, 0x10a2, 0x10a2, 
	0x10a2, 0x10a2, 0x10a2, 0x10a2, 0x10a2, 0x10a2, 0x10a2, 0x10a2, 0x10a2, 0x10a2, 0x10a2, 0x10a2, 0x10a2, 0x10a2, 0x10a2, 0x10a2, 
	0x10a2, 0x10a2, 0x10a2, 0x10a2, 0x10a2, 0x10a2, 0x10a2, 0x10a2, 0x10a2, 0x10a2, 0x10a2, 0x10a2, 0x10a2, 0x10a2, 0x10a2, 0x10a2, 
	0x10a2, 0x10a2, 0x10a2, 0x10a2, 0x10a2, 0x10a2, 0x10a2, 0x10a2, 0x10a2, 0x10a2, 0x10a2, 0x10a2, 0x10a2, 0x10a2, 0x10a2, 0x10a2, 
	0x10a2, 0x10a2, 0x10a2, 0x10a2, 0x10a2, 0x10a2, 0x10a2, 0x10a2, 0x10a2, 0x10a2, 0x10a2, 0x10a2, 0x10a2, 0x10a2, 0x10a2, 0x10a2, 
	0x10a2, 0x10a2, 0x10a2, 0x10a2, 0x10a2, 0x10a2, 0x10a2, 0x18c3, 0x0861, 0x31a6, 0x8c71, 0x8c51, 0x8c51, 0x94b2, 0x5acb, 0x0861, 
	0x10a2, 0x10a2, 0x18c3, 0x1081, 0x4228, 0x9492, 0x8c51, 0x8c51, 0x8c51, 0x8c51, 0x8c71, 0x8c71, 0x8c71, 0x8c71, 0x8c71, 0x8c51, 
	0x8c51, 0x8c51, 0x8c51, 0x9492, 0x4a89, 0x0861, 0x18c3, 0x10a2, 0x10a2, 0x10a2, 0x10a2, 0x10a2, 0x10a2, 0x10a2, 0x10a2, 0x10a2, 
	0x10a2, 0x10c2, 0x10a2, 0x738e, 0x9492, 0x8c51, 0x8c51, 0x8c51, 0x8c51, 0x8431, 0x9492, 0x4228, 0x1081, 0x1081, 0x4a49, 0x9492, 
	0x8c51, 0x8c51, 0x8c51, 0x8c71, 0x8c51, 0x8410, 0x9492, 0x8c71, 0x8c51, 0x8c51, 0x8c51, 0x8c51, 0x8c51, 0x8c51, 0x8c51, 0x8c51, 
	0x8c51, 0x8c51, 0x8c51, 0x8c51, 0x8c51, 0x8c51, 0x8c51, 0x8c51, 0x8c51, 0x8c51, 0x8c51, 0x8c51, 0x9492, 0x4208, 0x1061, 0x0883, 
	0x5961, 0xfb40, 0xfb20, 0xfb40, 0xaa20, 0x0883, 0x18c2, 0x10a2, 0x10a2, 0x10a2, 0x10a2, 0x10a2, 0x10a2, 0x10a2, 0x10a2, 0x18c3, 
	0x0861, 0x2965, 0x8430, 0x8c71, 0x8c51, 0x8c51, 0x9492, 0x632c, 0x1082, 0x10a2, 0x10a2, 0x10a2, 0x10a2, 0x10a2, 0x10a2, 0x10a2, 
	0x10a2, 0x10a2, 0x10a2, 0x10a2, 0x10a2, 0x10a2, 0x10a2, 0x10a2, 0x10a2, 0x10a2, 0x10a2, 0x10a2, 0x10a2, 0x10a2, 0x10a2, 0x10a2, 
	0x10a2, 0x10a2, 0x10a2, 0x10a2, 0x10a2, 0x10a2, 0x10a2, 0x10a2, 0x10a2, 0x10a2, 0x10a2, 0x10a2, 0x10a2, 0x10a2, 0x10a2, 0x10a2, 
	0x10a2, 0x10a2, 0x10a2, 0x10a2, 0x10a2, 0x10a2, 0x10a2, 0x10a2, 0x10a2, 0x10a2, 0x10a2, 0x10a2, 0x10a2, 0x10a2, 0x10a2, 0x10a2, 
	0x10a2, 0x10a2, 0x10a2, 0x10a2, 0x10a2, 0x10a2, 0x10a2, 0x10a2, 0x10a2, 0x10a2, 0x10a2, 0x10a2, 0x10a2, 0x10a2, 0x10a2, 0x10a2, 
	0x10a2, 0x10a2, 0x10a2, 0x10a2, 0x10a2, 0x10a2, 0x10a2, 0x10a2, 0x10a2, 0x10a2, 0x10a2, 0x10a2, 0x10a2, 0x10a2, 0x10a2, 0x10a2, 
	0x10a2, 0x10a2, 0x10a2, 0x10a2, 0x10a2, 0x10a2, 0x10a2, 0x10a2, 0x10a2, 0x10a2, 0x10a2, 0x10a2, 0x10a2, 0x10a2, 0x10a2, 0x10a2, 
	0x10a2, 0x10a2, 0x10a2, 0x10a2, 0x10a2, 0x10a2, 0x10a2, 0x10a2, 0x10a2, 0x10a2, 0x10a2, 0x10a2, 0x10a2, 0x10a2, 0x10a2, 0x10a2, 
	0x10a2, 0x10a2, 0x10a2, 0x10a2, 0x10a2, 0x10a2, 0x10c2, 0x1082, 0x2924, 0x8430, 0x8c71, 0x8430, 0x9492, 0x630c, 0x1082, 0x10a2, 
	0x10a2, 0x10a2, 0x10a2, 0x18c3, 0x1082, 0x5aeb, 0x94b2, 0x8c51, 0x8c51, 0x8c71, 0x8c71, 0x8c71, 0x8c71, 0x8c71, 0x8c51, 0x8c51, 
	0x8c51, 0x8c51, 0x8c51, 0x8c51, 0x8c71, 0x31a6, 0x0861, 0x18c3, 0x10a2, 0x10a2, 0x10a2, 0x10a2, 0x10a2, 0x10a2, 0x10a2, 0x10a2, 
	0x10a2, 0x10a2, 0x18c3, 0x7bef, 0x8c71, 0x8c51, 0x8c51, 0x8c51, 0x8c51, 0x8c51, 0x8c71, 0x6b6d, 0x1082, 0x1082, 0x2124, 0x8c51, 
	0x8c51, 0x8c51, 0x8c51, 0x8c51, 0x8c51, 0x8c71, 0x8c51, 0x8c71, 0x8c71, 0x8c51, 0x8c51, 0x8c51, 0x8c51, 0x8c51, 0x8c51, 0x8c51, 
	0x8c51, 0x8c51, 0x8c51, 0x8c71, 0x8c51, 0x8c51, 0x8c51, 0x8c51, 0x8c51, 0x8c51, 0x8c51, 0x8c51, 0x9492, 0x5aeb, 0x1061, 0x10a3, 
	0x3102, 0xfb20, 0xfb40, 0xfb20, 0xfb00, 0x4122, 0x08a3, 0x18a2, 0x10a2, 0x10a2, 0x10a2, 0x10a2, 0x10a2, 0x10a2, 0x10a2, 0x10a2, 
	0x18c3, 0x0861, 0x3186, 0x8c51, 0x8c71, 0x8c51, 0x8430, 0x9492, 0x4a69, 0x0861, 0x10a2, 0x10a2, 0x10a2, 0x10a2, 0x10a2, 0x10a2, 
	0x10a2, 0x10a2, 0x10a2, 0x10a2, 0x10a2, 0x10a2, 0x10a2, 0x10a2, 0x10a2, 0x10a2, 0x10a2, 0x10a2, 0x10a2, 0x10a2, 0x10a2, 0x10a2, 
	0x10a2, 0x10a2, 0x10a2, 0x10a2, 0x10a2, 0x10a2, 0x10a2, 0x10a2, 0x10a2, 0x10a2, 0x10a2, 0x10a2, 0x10a2, 0x10a2, 0x10a2, 0x10a2, 
	0x10a2, 0x10a2, 0x10a2, 0x10a2, 0x10a2, 0x10a2, 0x10a2, 0x10a2, 0x10a2, 0x10a2, 0x10a2, 0x10a2, 0x10a2, 0x10a2, 0x10a2, 0x10a2, 
	0x10a2, 0x10a2, 0x10a2, 0x10a2, 0x10a2, 0x10a2, 0x10a2, 0x10a2, 0x10a2, 0x10a2, 0x10a2, 0x10a2, 0x10a2, 0x10a2, 0x10a2, 0x10a2, 
	0x10a2, 0x10a2, 0x10a2, 0x10a2, 0x10a2, 0x10a2, 0x10a2, 0x10a2, 0x10a2, 0x10a2, 0x10a2, 0x10a2, 0x10a2, 0x10a2, 0x10a2, 0x10a2, 
	0x10a2, 0x10a2, 0x10a2, 0x10a2, 0x10a2, 0x10a2, 0x10a2, 0x10a2, 0x10a2, 0x10a2, 0x10a2, 0x10a2, 0x10a2, 0x10a2, 0x10a2, 0x10a2, 
	0x10a2, 0x10a2, 0x10a2, 0x10a2, 0x10a2, 0x10a2, 0x10a2, 0x10a2, 0x10a2, 0x10a2, 0x10a2, 0x10a2, 0x10a2, 0x10a2, 0x10a2, 0x10a2, 
	0x10a2, 0x10a2, 0x10a2, 0x10a2, 0x10a2, 0x10c2, 0x10a2, 0x18c3, 0x7bcf, 0x9492, 0x8430, 0x9492, 0x738e, 0x10a2, 0x10a2, 0x10a2, 
	0x10a2, 0x10a2, 0x10a2, 0x10a2, 0x10a2, 0x1082, 0x5b0c, 0x94b2, 0x8c51, 0x8c51, 0x8c71, 0x8c71, 0x8c71, 0x8c51, 0x8c51, 0x8c51, 
	0x8c51, 0x8c51, 0x8c51, 0x8c51, 0x8c51, 0x8c51, 0x31a6, 0x0861, 0x10a2, 0x18c3, 0x10a2, 0x10a2, 0x10a2, 0x10a2, 0x10a2, 0x10a2, 
	0x18c3, 0x0861, 0x39c7, 0x9492, 0x8c51, 0x8c51, 0x8c51, 0x8c51, 0x8c51, 0x8c51, 0x8c51, 0x8430, 0x2144, 0x1082, 0x1082, 0x6b4d, 
	0x9492, 0x8c51, 0x8c51, 0x8c51, 0x8c51, 0x8c51, 0x8c71, 0x8c71, 0x8c71, 0x8c51, 0x8c51, 0x8c51, 0x8c51, 0x8c51, 0x8c51, 0x8c51, 
	0x8c51, 0x8c51, 0x8c71, 0x8c71, 0x8c71, 0x8c51, 0x8c51, 0x8c51, 0x8c51, 0x8c51, 0x8c51, 0x8c51, 0x8c71, 0x6b6d, 0x1082, 0x10a2, 
	0x20c2, 0xe2e0, 0xfb40, 0xfb00, 0xfb40, 0xaa40, 0x0882, 0x18a2, 0x10a2, 0x10a2, 0x10a2, 0x10a2, 0x10a2, 0x10a2, 0x10a2, 0x10a2, 
	0x10a2, 0x18c3, 0x0861, 0x39c7, 0x8c71, 0x8c51, 0x8c51, 0x8c50, 0x8c71, 0x31a6, 0x0861, 0x10a2, 0x10a2, 0x10a2, 0x10a2, 0x10a2, 
	0x10a2, 0x10a2, 0x10a2, 0x10a2, 0x10a2, 0x10a2, 0x10a2, 0x10a2, 0x10a2, 0x10a2, 0x10a2, 0x10a2, 0x10a2, 0x10a2, 0x10a2, 0x10a2, 
	0x10a2, 0x10a2, 0x10a2, 0x10a2, 0x10a2, 0x10a2, 0x10a2, 0x10a2, 0x10a2, 0x10a2, 0x10a2, 0x10a2, 0x10a2, 0x10a2, 0x10a2, 0x10a2, 
	0x10a2, 0x10a2, 0x10a2, 0x10a2, 0x10a2, 0x10a2, 0x10a2, 0x10a2, 0x10a2, 0x10a2, 0x10a2, 0x10a2, 0x10a2, 0x10a2, 0x10a2, 0x10a2, 
	0x10a2, 0x10a2, 0x10a2, 0x10a2, 0x10a2, 0x10a2, 0x10a2, 0x10a2, 0x10a2, 0x10a2, 0x10a2, 0x10a2, 0x10a2, 0x10a2, 0x10a2, 0x10a2, 
	0x10a2, 0x10a2, 0x10a2, 0x10a2, 0x10a2, 0x10a2, 0x10a2, 0x10a2, 0x10a2, 0x10a2, 0x10a2, 0x10a2, 0x10a2, 0x10a2, 0x10a2, 0x10a2, 
	0x10c2, 0x10a2, 0x10a2, 0x10a2, 0x10a2, 0x10a2, 0x10a2, 0x10a2, 0x10a2, 0x10a2, 0x10a2, 0x10a2, 0x10a2, 0x10a2, 0x10a2, 0x10a2, 
	0x10a2, 0x10a2, 0x10a2, 0x10a2, 0x10a2, 0x10a2, 0x10a2, 0x10a2, 0x10a2, 0x10a2, 0x10a2, 0x10a2, 0x10a2, 0x10a2, 0x10a2, 0x10a2, 
	0x10a2, 0x10a2, 0x10a2, 0x10a2, 0x10a2, 0x18c3, 0x1082, 0x630c, 0x94b2, 0x8c51, 0x8c71, 0x8410, 0x2104, 0x1082, 0x10a2, 0x10a2, 
	0x10a2, 0x10a2, 0x10a2, 0x10a2, 0x10c2, 0x10a2, 0x1082, 0x528a, 0x8c71, 0x9492, 0x8c71, 0x8c51, 0x8c51, 0x8c51, 0x8c51, 0x8c51, 
	0x8c51, 0x8c51, 0x8c51, 0x8c51, 0x8c51, 0x8c71, 0x8c51, 0x4228, 0x1082, 0x0881, 0x10a2, 0x18c3, 0x18c3, 0x18c3, 0x18c3, 0x10a2, 
	0x0861, 0x2104, 0x7bef, 0x8c71, 0x8c51, 0x8c51, 0x8c51, 0x8c51, 0x8c51, 0x8c51, 0x8430, 0x9492, 0x4a69, 0x0861, 0x0861, 0x4208, 
	0x9492, 0x8c51, 0x8c51, 0x8c51, 0x8c51, 0x8c51, 0x8c51, 0x8c71, 0x8c71, 0x8c51, 0x8c51, 0x8c51, 0x8c51, 0x8c51, 0x8c51, 0x8c51, 
	0x8c51, 0x8c51, 0x8c71, 0x8c71, 0x8c51, 0x8c51, 0x8c51, 0x8c51, 0x8c51, 0x8c51, 0x8c51, 0x8c51, 0x8c71, 0x6b6d, 0x10a2, 0x10a2, 
	0x10a2, 0xdac0, 0xfb40, 0xfb20, 0xfb20, 0xfb20, 0x3902, 0x0882, 0x10a2, 0x10a2, 0x10a2, 0x10a2, 0x10a2, 0x10a2, 0x10a2, 0x10a2, 
	0x10a2, 0x10a2, 0x18c3, 0x0861, 0x4a49, 0x9492, 0x8c51, 0x8c51, 0x8c51, 0x8410, 0x2104, 0x1082, 0x10a2, 0x10a2, 0x10a2, 0x10a2, 
	0x10a2, 0x10a2, 0x10a2, 0x10a2, 0x10a2, 0x10a2, 0x10a2, 0x10a2, 0x10a2, 0x10a2, 0x10a2, 0x10a2, 0x10a2, 0x10a2, 0x10a2, 0x10a2, 
	0x10a2, 0x10a2, 0x10a2, 0x10a2, 0x10a2, 0x10a2, 0x10a2, 0x10a2, 0x10a2, 0x10a2, 0x10a2, 0x10a2, 0x10a2, 0x10a2, 0x10a2, 0x10a2, 
	0x10a2, 0x10a2, 0x10a2, 0x10a2, 0x10a2, 0x10a2, 0x10a2, 0x10a2, 0x10a2, 0x10a2, 0x10a2, 0x10a2, 0x10a2, 0x10a2, 0x10a2, 0x10a2, 
	0x10a2, 0x10a2, 0x10a2, 0x10a2, 0x10a2, 0x10a2, 0x10a2, 0x10a2, 0x10a2, 0x10a2, 0x10a2, 0x10a2, 0x10a2, 0x10a2, 0x10a2, 0x10a2, 
	0x10a2, 0x10a2, 0x10a2, 0x10a2, 0x10a2, 0x10a2, 0x10a2, 0x10a2, 0x10a2, 0x10a2, 0x10a2, 0x10a2, 0x10a2, 0x10a2, 0x10a2, 0x10a2, 
	0x10a2, 0x10a2, 0x10a2, 0x10a2, 0x10a2, 0x10a2, 0x10a2, 0x10a2, 0x10a2, 0x10a2, 0x10a2, 0x10a2, 0x10a2, 0x10a2, 0x10a2, 0x10a2, 
	0x10a2, 0x10a2, 0x10a2, 0x10a2, 0x10a2, 0x10a2, 0x10a2, 0x10a2, 0x10a2, 0x10a2, 0x10a2, 0x10a2, 0x10a2, 0x10a2, 0x10a2, 0x10a2, 
	0x10a2, 0x10a2, 0x10a2, 0x10a2, 0x18c3, 0x0881, 0x39e7, 0x94b2, 0x8c71, 0x8c71, 0x9492, 0x39c7, 0x0861, 0x18c3, 0x10a2, 0x10a2, 
	0x10a2, 0x10a2, 0x10a2, 0x10a2, 0x10a2, 0x10c2, 0x10a2, 0x1081, 0x2965, 0x632c, 0x8c51, 0x94b2, 0x9492, 0x8c51, 0x8c51, 0x8c51, 
	0x8c51, 0x8c51, 0x8c51, 0x8c51, 0x8c51, 0x8c51, 0x8c51, 0x9492, 0x6b6d, 0x31a6, 0x18c3, 0x1082, 0x1082, 0x1082, 0x1082, 0x2104, 
	0x4a48, 0x8410, 0x8c71, 0x8c51, 0x8c51, 0x8c51, 0x8c51, 0x8c51, 0x8c51, 0x8c51, 0x8c51, 0x8c71, 0x73ae, 0x10a2, 0x1082, 0x1903, 
	0x8430, 0x8c71, 0x8c51, 0x8c51, 0x8c51, 0x8c51, 0x8c51, 0x8c51, 0x8c51, 0x8c51, 0x8c51, 0x8c51, 0x8c51, 0x8c51, 0x8c51, 0x8c51, 
	0x8c51, 0x8c51, 0x8c51, 0x8c51, 0x8c51, 0x8c51, 0x8c51, 0x8c51, 0x8c51, 0x8c51, 0x8c51, 0x8c51, 0x9492, 0x6b4d, 0x1082, 0x18c3, 
	0x10a2, 0xcaa0, 0xfb40, 0xfb20, 0xfb20, 0xfb60, 0x8a01, 0x0062, 0x18a2, 0x10a2, 0x10a2, 0x10a2, 0x10a2, 0x10a2, 0x10a2, 0x10a2, 
	0x10a2, 0x10a2, 0x10a2, 0x10a2, 0x0881, 0x632c, 0x9492, 0x8c31, 0x8c30, 0x9492, 0x632c, 0x1081, 0x10a2, 0x10a2, 0x10a2, 0x10a2, 
	0x10a2, 0x10a2, 0x10a2, 0x10a2, 0x10a2, 0x10a2, 0x10a2, 0x10a2, 0x10a2, 0x10a2, 0x10a2, 0x10a2, 0x10a2, 0x10a2, 0x10a2, 0x10a2, 
	0x10a2, 0x10a2, 0x10a2, 0x10a2, 0x10a2, 0x10a2, 0x10a2, 0x10a2, 0x10a2, 0x10a2, 0x10a2, 0x10a2, 0x10a2, 0x10a2, 0x10a2, 0x10a2, 
	0x10a2, 0x10a2, 0x10a2, 0x10a2, 0x10a2, 0x10a2, 0x10a2, 0x10a2, 0x10a2, 0x10a2, 0x10a2, 0x10a2, 0x10a2, 0x10a2, 0x10a2, 0x10a2, 
	0x10a2, 0x10a2, 0x10a2, 0x10a2, 0x10a2, 0x10a2, 0x10a2, 0x10a2, 0x10a2, 0x10a2, 0x10a2, 0x10a2, 0x10a2, 0x10a2, 0x10a2, 0x10a2, 
	0x10a2, 0x10a2, 0x10a2, 0x10a2, 0x10a2, 0x10a2, 0x10a2, 0x10a2, 0x10a2, 0x10a2, 0x10a2, 0x10a2, 0x10a2, 0x10a2, 0x10a2, 0x10a2, 
	0x10a2, 0x10a2, 0x10a2, 0x10a2, 0x10a2, 0x10a2, 0x10a2, 0x10a2, 0x10a2, 0x10a2, 0x10a2, 0x10a2, 0x10a2, 0x10a2, 0x10a2, 0x10a2, 
	0x10a2, 0x10a2, 0x10a2, 0x10a2, 0x10a2, 0x10a2, 0x10a2, 0x10a2, 0x10a2, 0x10a2, 0x10a2, 0x10a2, 0x10a2, 0x10a2, 0x10a2, 0x10a2, 
	0x10a2, 0x10a2, 0x10a2, 0x10c2, 0x10a2, 0x18e3, 0x8430, 0x9492, 0x8c71, 0x94b2, 0x5aeb, 0x0861, 0x18c3, 0x10a2, 0x10a2, 0x10a2, 
	0x10a2, 0x10a2, 0x10a2, 0x10a2, 0x10a2, 0x10a2, 0x10a2, 0x18c3, 0x1082, 0x1082, 0x2124, 0x4a49, 0x738e, 0x8c51, 0x9492, 0x8c71, 
	0x8c51, 0x8c51, 0x8c51, 0x8c51, 0x8c51, 0x8c51, 0x8c51, 0x8c51, 0x8c92, 0x8c71, 0x7bef, 0x634c, 0x5aeb, 0x630c, 0x6b6d, 0x8430, 
	0x9492, 0x8c71, 0x8c51, 0x8c51, 0x8c51, 0x8c51, 0x8c51, 0x8c51, 0x8c51, 0x8c51, 0x8c51, 0x8c51, 0x8c71, 0x3186, 0x1082, 0x0882, 
	0x630c, 0x9492, 0x8c51, 0x8c51, 0x8c51, 0x8c51, 0x8c51, 0x8c51, 0x8c51, 0x8c51, 0x8c51, 0x8c51, 0x8c51, 0x8c51, 0x8c51, 0x8c51, 
	0x8c51, 0x8c51, 0x8c51, 0x8c51, 0x8c51, 0x8c51, 0x8c51, 0x8c51, 0x8c51, 0x8c51, 0x8c51, 0x8c51, 0x9492, 0x5aeb, 0x1082, 0x18c3, 
	0x08a2, 0xc280, 0xfb40, 0xfb20, 0xfb20, 0xfb60, 0xd2c0, 0x1082, 0x10a2, 0x10a2, 0x10a2, 0x10a2, 0x10a2, 0x10a2, 0x10a2, 0x10a2, 
	0x10a2, 0x10a2, 0x10a2, 0x10a2, 0x10a2, 0x18c3, 0x7bcf, 0x8c71, 0x8c51, 0x8c51, 0x9492, 0x4207, 0x0861, 0x18c3, 0x10a2, 0x10a2, 
	0x10a2, 0x10a2, 0x10a2, 0x10a2, 0x10a2, 0x10a2, 0x10a2, 0x10a2, 0x10a2, 0x10a2, 0x10a2, 0x10a2, 0x10a2, 0x10a2, 0x10a2, 0x10a2, 
	0x10a2, 0x10a2, 0x10a2, 0x10a2, 0x10a2, 0x10a2, 0x10a2, 0x10a2, 0x10a2, 0x10a2, 0x10a2, 0x10a2, 0x10a2, 0x10a2, 0x10a2, 0x10a2, 
	0x10a2, 0x10a2, 0x10a2, 0x10a2, 0x10a2, 0x10a2, 0x10a2, 0x10a2, 0x10a2, 0x10a2, 0x10a2, 0x10a2, 0x10a2, 0x10a2, 0x10a2, 0x10a2, 
	0x10a2, 0x10a2, 0x10a2, 0x10a2, 0x10a2, 0x10a2, 0x10a2, 0x10a2, 0x10a2, 0x10a2, 0x10a2, 0x10a2, 0x10a2, 0x10a2, 0x10a2, 0x10a2, 
	0x10a2, 0x10a2, 0x10a2, 0x10a2, 0x10a2, 0x10a2, 0x10a2, 0x10a2, 0x10a2, 0x10a2, 0x10a2, 0x10a2, 0x10a2, 0x10a2, 0x10a2, 0x10a2, 
	0x10a2, 0x10a2, 0x10a2, 0x10a2, 0x10a2, 0x10a2, 0x10a2, 0x10a2, 0x10a2, 0x10a2, 0x10a2, 0x10a2, 0x10a2, 0x10a2, 0x10a2, 0x10a2, 
	0x10a2, 0x10a2, 0x10a2, 0x10a2, 0x10a2, 0x10a2, 0x10a2, 0x10a2, 0x10a2, 0x10a2, 0x10a2, 0x10a2, 0x10a2, 0x10a2, 0x10a2, 0x10a2, 
	0x10a2, 0x10a2, 0x10a2, 0x18c3, 0x0861, 0x5aeb, 0x94b2, 0x8c51, 0x9492, 0x8410, 0x18c3, 0x10a2, 0x10a2, 0x10a2, 0x10a2, 0x10a2, 
	0x10a2, 0x10a2, 0x10a2, 0x10a2, 0x10a2, 0x10a2, 0x10a2, 0x10a2, 0x10a2, 0x10a2, 0x10a2, 0x1081, 0x1082, 0x2945, 0x52aa, 0x8410, 
	0x9492, 0x9492, 0x8c51, 0x8c51, 0x8c51, 0x8c51, 0x8c51, 0x8c51, 0x8c51, 0x8c51, 0x8c71, 0x9492, 0x94b2, 0x94b2, 0x9492, 0x8c71, 
	0x8c51, 0x8c51, 0x8c51, 0x8c51, 0x8c51, 0x8c51, 0x8c51, 0x8c51, 0x8c51, 0x8c51, 0x8c51, 0x8c51, 0x9492, 0x5aca, 0x0861, 0x1082, 
	0x39c7, 0x9492, 0x8c51, 0x8c51, 0x8c51, 0x8c51, 0x8c51, 0x8c51, 0x8c51, 0x8c51, 0x8c51, 0x8c51, 0x8c51, 0x8c51, 0x8c51, 0x8c51, 
	0x8c51, 0x8c51, 0x8c51, 0x8c51, 0x8c51, 0x8c51, 0x8c51, 0x8c51, 0x8c51, 0x8c51, 0x8c51, 0x8c51, 0x9492, 0x4228, 0x0861, 0x18c3, 
	0x10a2, 0xd2c0, 0xfb40, 0xfb20, 0xfb20, 0xfb40, 0xfb20, 0x30e2, 0x0882, 0x10a2, 0x10a2, 0x10a2, 0x10a2, 0x10a2, 0x10a2, 0x10a2, 
	0x10a2, 0x10a2, 0x10a2, 0x10a2, 0x10c2, 0x0881, 0x3186, 0x8c71, 0x8c51, 0x8c51, 0x8c71, 0x8410, 0x18e3, 0x10a2, 0x10a2, 0x10a2, 
	0x10a2, 0x10a2, 0x10a2, 0x10a2, 0x10a2, 0x10a2, 0x10a2, 0x10a2, 0x10a2, 0x10a2, 0x10a2, 0x10a2, 0x10a2, 0x10a2, 0x10a2, 0x10a2, 
	0x10a2, 0x10a2, 0x10a2, 0x10a2, 0x10a2, 0x10a2, 0x10a2, 0x10a2, 0x10a2, 0x10a2, 0x10a2, 0x10a2, 0x10a2, 0x10a2, 0x10a2, 0x10a2, 
	0x10a2, 0x10a2, 0x10a2, 0x10a2, 0x10a2, 0x10a2, 0x10a2, 0x10a2, 0x10a2, 0x10a2, 0x10a2, 0x10a2, 0x10a2, 0x10a2, 0x10a2, 0x10a2, 
	0x10a2, 0x10a2, 0x10a2, 0x10a2, 0x10a2, 0x10a2, 0x10a2, 0x10a2, 0x10a2, 0x10a2, 0x10a2, 0x10a2, 0x10a2, 0x10a2, 0x10a2, 0x10a2, 
	0x10a2, 0x10a2, 0x10a2, 0x10a2, 0x10a2, 0x10a2, 0x10a2, 0x10a2, 0x10a2, 0x10a2, 0x10a2, 0x10a2, 0x10a2, 0x10a2, 0x10a2, 0x10a2, 
	0x10a2, 0x10a2, 0x10a2, 0x10a2, 0x10a2, 0x10a2, 0x10a2, 0x10a2, 0x10a2, 0x10a2, 0x10a2, 0x10a2, 0x10a2, 0x10a2, 0x10a2, 0x10a2, 
	0x10a2, 0x10a2, 0x10a2, 0x10a2, 0x10a2, 0x10a2, 0x10a2, 0x10a2, 0x10a2, 0x10a2, 0x10a2, 0x10a2, 0x10a2, 0x10a2, 0x10a2, 0x10a2, 
	0x10a2, 0x10a2, 0x10a2, 0x1082, 0x2945, 0x8c71, 0x8c71, 0x8c71, 0x94b2, 0x39e7, 0x0861, 0x18c3, 0x10a2, 0x10a2, 0x10a2, 0x10a2, 
	0x10a2, 0x10a2, 0x10a2, 0x10a2, 0x10a2, 0x10a2, 0x10a2, 0x10a2, 0x10a2, 0x10a2, 0x0883, 0x08a3, 0x10a2, 0x1082, 0x0861, 0x18e3, 
	0x4208, 0x6b6d, 0x8c71, 0x9492, 0x8c51, 0x8c51, 0x8c51, 0x8c51, 0x8c51, 0x8c51, 0x8c51, 0x8c51, 0x8c51, 0x8c51, 0x8c51, 0x8c51, 
	0x8c51, 0x8c51, 0x8c51, 0x8c51, 0x8c51, 0x8c51, 0x8c51, 0x8c51, 0x8c51, 0x8c51, 0x8c51, 0x8c51, 0x8c71, 0x7bef, 0x18c3, 0x1082, 
	0x18c3, 0x7bef, 0x8c71, 0x8c51, 0x8c51, 0x8c51, 0x8c51, 0x8c51, 0x8c51, 0x8c51, 0x8c51, 0x8c51, 0x8c51, 0x8c51, 0x8c51, 0x8c51, 
	0x8c51, 0x8c51, 0x8c51, 0x8c51, 0x8c51, 0x8c51, 0x8c51, 0x8c51, 0x8c51, 0x8c51, 0x8c51, 0x8c71, 0x8430, 0x2124, 0x10a2, 0x10a2, 
	0x18c2, 0xdae0, 0xfb40, 0xfb20, 0xfb20, 0xfb20, 0xfb60, 0x5941, 0x0082, 0x18a2, 0x10a2, 0x10a2, 0x10a2, 0x10a2, 0x10a2, 0x10a2, 
	0x10a2, 0x10a2, 0x10a2, 0x10a2, 0x10a2, 0x18c2, 0x0861, 0x5acb, 0x94b2, 0x8c51, 0x8c51, 0x94b2, 0x52aa, 0x0861, 0x18c3, 0x10a2, 
	0x10a2, 0x10a2, 0x10a2, 0x10a2, 0x10a2, 0x10a2, 0x10a2, 0x10a2, 0x10a2, 0x10a2, 0x10a2, 0x10a2, 0x10a2, 0x10a2, 0x10a2, 0x10a2, 
	0x10a2, 0x10a2, 0x10a2, 0x10a2, 0x10a2, 0x10a2, 0x10a2, 0x10a2, 0x10a2, 0x10a2, 0x10a2, 0x10a2, 0x10a2, 0x10a2, 0x10a2, 0x10a2, 
	0x10a2, 0x10a2, 0x10a2, 0x10a2, 0x10a2, 0x10a2, 0x10a2, 0x10a2, 0x10a2, 0x10a2, 0x10a2, 0x10a2, 0x10a2, 0x10a2, 0x10a2, 0x10a2, 
	0x10a2, 0x10a2, 0x10a2, 0x10a2, 0x10a2, 0x10a2, 0x10a2, 0x10a2, 0x10a2, 0x10a2, 0x10a2, 0x10a2, 0x10a2, 0x10a2, 0x10a2, 0x10a2, 
	0x10a2, 0x10a2, 0x10a2, 0x10a2, 0x10a2, 0x10a2, 0x10a2, 0x10a2, 0x10a2, 0x10a2, 0x10a2, 0x10a2, 0x10a2, 0x10a2, 0x10a2, 0x10a2, 
	0x10a2, 0x10a2, 0x10a2, 0x10a2, 0x10a2, 0x10a2, 0x10a2, 0x10a2, 0x10a2, 0x10a2, 0x10a2, 0x10a2, 0x10a2, 0x10a2, 0x10a2, 0x10a2, 
	0x10a2, 0x10a2, 0x10a2, 0x10a2, 0x10a2, 0x10a2, 0x10a2, 0x10a2, 0x10a2, 0x10a2, 0x10a2, 0x10a2, 0x10a2, 0x10a2, 0x10a2, 0x10a2, 
	0x10a2, 0x10a2, 0x18c2, 0x0861, 0x632c, 0x94b2, 0x8c51, 0x9492, 0x738e, 0x1082, 0x10a2, 0x10a2, 0x10a2, 0x10a2, 0x10a2, 0x10a2, 
	0x10a2, 0x10a2, 0x10a2, 0x10a2, 0x10a2, 0x10a2, 0x10a2, 0x10a2, 0x10a2, 0x0882, 0x6162, 0x5142, 0x0882, 0x0083, 0x10a3, 0x10a2, 
	0x1082, 0x1082, 0x2945, 0x634d, 0x8c72, 0x8c51, 0x8c51, 0x8c51, 0x8c51, 0x8c51, 0x8c51, 0x8c71, 0x8c71, 0x8c71, 0x8c51, 0x8c51, 
	0x8c51, 0x8c51, 0x8c51, 0x8c51, 0x8c51, 0x8c51, 0x8c51, 0x8c51, 0x8c51, 0x8c51, 0x8c51, 0x8c51, 0x8c51, 0x8c71, 0x31a6, 0x1082, 
	0x0861, 0x5acb, 0x9492, 0x8c50, 0x8c51, 0x8c51, 0x8c51, 0x8c51, 0x8c51, 0x8c51, 0x8c51, 0x8c51, 0x8c51, 0x8c71, 0x8c71, 0x8c71, 
	0x8c71, 0x8c71, 0x8c71, 0x8c71, 0x8c71, 0x8c71, 0x8c71, 0x8c71, 0x8c71, 0x8c71, 0x8c51, 0x94b2, 0x5aeb, 0x0881, 0x18c2, 0x10a2, 
	0x28e2, 0xeb00, 0xfb40, 0xfb40, 0xfb20, 0xfb20, 0xfb80, 0x81e1, 0x0062, 0x18a2, 0x10a2, 0x10a2, 0x10a2, 0x10a2, 0x10a2, 0x10a2, 
	0x10a2, 0x10a2, 0x10a2, 0x10a2, 0x10a2, 0x10a2, 0x10a2, 0x18e3, 0x8410, 0x8c71, 0x8c51, 0x8c71, 0x8c51, 0x2124, 0x1082, 0x10a2, 
	0x10a2, 0x10a2, 0x10a2, 0x10a2, 0x10a2, 0x10a2, 0x10a2, 0x10a2, 0x10a2, 0x10a2, 0x10a2, 0x10a2, 0x10a2, 0x10a2, 0x10a2, 0x10a2, 
	0x10a2, 0x10a2, 0x10a2, 0x10a2, 0x10a2, 0x10a2, 0x10a2, 0x10a2, 0x10a2, 0x10a2, 0x10a2, 0x10a2, 0x10a2, 0x10a2, 0x10a2, 0x10a2, 
	0x10a2, 0x10a2, 0x10a2, 0x10a2, 0x10a2, 0x10a2, 0x10a2, 0x10a2, 0x10a2, 0x10a2, 0x10a2, 0x10a2, 0x10a2, 0x10a2, 0x10a2, 0x10a2, 
	0x10a2, 0x10a2, 0x10a2, 0x10a2, 0x10a2, 0x10a2, 0x10a2, 0x10a2, 0x10a2, 0x10a2, 0x10a2, 0x10a2, 0x10a2, 0x10a2, 0x10a2, 0x10a2, 
	0x10a2, 0x10a2, 0x10a2, 0x10a2, 0x10a2, 0x10a2, 0x10a2, 0x10a2, 0x10a2, 0x10a2, 0x10a2, 0x10a2, 0x10a2, 0x10a2, 0x10a2, 0x10a2, 
	0x10a2, 0x10a2, 0x10a2, 0x10a2, 0x10a2, 0x10a2, 0x10a2, 0x10a2, 0x10a2, 0x10a2, 0x10a2, 0x10a2, 0x10a2, 0x10a2, 0x10a2, 0x10a2, 
	0x10a2, 0x10a2, 0x10a2, 0x10a2, 0x10a2, 0x10a2, 0x10a2, 0x10a2, 0x10a2, 0x10a2, 0x10a2, 0x10a2, 0x10a2, 0x10a2, 0x10a2, 0x10a2, 
	0x10a2, 0x10a2, 0x1082, 0x2965, 0x8c71, 0x8c71, 0x8c51, 0x9492, 0x31a6, 0x1082, 0x18c3, 0x10a2, 0x10a2, 0x10a2, 0x10a2, 0x10a2, 
	0x10a2, 0x10a2, 0x10a2, 0x10a2, 0x10a2, 0x10a2, 0x10a2, 0x10a2, 0x18a2, 0x0882, 0xc280, 0xfb80, 0xca80, 0x79a1, 0x30e2, 0x0882, 
	0x08a3, 0x10c3, 0x0861, 0x18e3, 0x8410, 0x8c71, 0x8c51, 0x8c51, 0x8c51, 0x8c51, 0x8c51, 0x8c71, 0x8c71, 0x8c51, 0x8c51, 0x8c51, 
	0x8c51, 0x8c51, 0x8c51, 0x8c51, 0x8c51, 0x8c51, 0x8c51, 0x8c51, 0x8c51, 0x8c51, 0x8c51, 0x8c51, 0x8c51, 0x9492, 0x5aeb, 0x0861, 
	0x1082, 0x3186, 0x8c71, 0x8c51, 0x8c51, 0x8c51, 0x8c51, 0x8c51, 0x8c51, 0x8c51, 0x8c51, 0x8c71, 0x8c71, 0x8c71, 0x8c71, 0x8c71, 
	0x8c71, 0x8c71, 0x8c71, 0x8c71, 0x8c71, 0x8c71, 0x8c71, 0x8c71, 0x8c71, 0x8c51, 0x8c71, 0x8430, 0x2104, 0x1082, 0x18c2, 0x0882, 
	0x3922, 0xfb40, 0xfb40, 0xfb40, 0xfb40, 0xfb20, 0xfb80, 0xaa41, 0x0082, 0x18a2, 0x10a2, 0x10a2, 0x10a2, 0x10a2, 0x10a2, 0x10a2, 
	0x10a2, 0x10a2, 0x10a2, 0x10a2, 0x10a2, 0x10a2, 0x18c3, 0x0861, 0x4228, 0x94b2, 0x8c51, 0x8c51, 0x94b2, 0x52aa, 0x0861, 0x18c3, 
	0x10a2, 0x10a2, 0x10a2, 0x10a2, 0x10a2, 0x10a2, 0x10a2, 0x10a2, 0x10a2, 0x10a2, 0x10a2, 0x10a2, 0x10a2, 0x10a2, 0x10a2, 0x10a2, 
	0x10a2, 0x10a2, 0x10a2, 0x10a2, 0x10a2, 0x10a2, 0x10a2, 0x10a2, 0x10a2, 0x10a2, 0x10a2, 0x10a2, 0x10a2, 0x10a2, 0x10a2, 0x10a2, 
	0x10a2, 0x10a2, 0x10a2, 0x10a2, 0x10a2, 0x10a2, 0x10a2, 0x10a2, 0x10a2, 0x10a2, 0x10a2, 0x10a2, 0x10a2, 0x10a2, 0x10a2, 0x10a2, 
	0x10a2, 0x10a2, 0x10a2, 0x10a2, 0x10a2, 0x10a2, 0x10a2, 0x10a2, 0x10a2, 0x10a2, 0x10a2, 0x10a2, 0x10a2, 0x10a2, 0x10a2, 0x10a2, 
	0x10a2, 0x10a2, 0x10a2, 0x10a2, 0x10a2, 0x10a2, 0x10a2, 0x10a2, 0x10a2, 0x10a2, 0x10a2, 0x10a2, 0x10a2, 0x10a2, 0x10a2, 0x10a2, 
	0x10a2, 0x10a2, 0x10a2, 0x10a2, 0x10a2, 0x10a2, 0x10a2, 0x10a2, 0x10a2, 0x10a2, 0x10a2, 0x10a2, 0x10a2, 0x10a2, 0x10a2, 0x10a2, 
	0x10a2, 0x10a2, 0x10a2, 0x10a2, 0x10a2, 0x10a2, 0x10a2, 0x10a2, 0x10a2, 0x10a2, 0x10a2, 0x10a2, 0x10a2, 0x10a2, 0x10a2, 0x10a2, 
	0x10a2, 0x18c3, 0x0861, 0x630c, 0x94b2, 0x8c51, 0x9492, 0x738e, 0x1082, 0x10a2, 0x10a2, 0x10a2, 0x10a2, 0x10a2, 0x10a2, 0x10a2, 
	0x10a2, 0x10a2, 0x10a2, 0x10a2, 0x10a2, 0x10a2, 0x10a2, 0x10a2, 0x10a2, 0x10a2, 0xd2c0, 0xfb60, 0xfb40, 0xfb60, 0xf300, 0xb261, 
	0x5982, 0x18c2, 0x10c3, 0x1082, 0x3186, 0x8c71, 0x8c51, 0x8c51, 0x8c51, 0x8c51, 0x8c51, 0x8c51, 0x8c51, 0x8c51, 0x8c51, 0x8c51, 
	0x8c51, 0x8c51, 0x8c51, 0x8c51, 0x8c51, 0x8c51, 0x8c51, 0x8c51, 0x8c51, 0x8c51, 0x8c51, 0x8c51, 0x8c51, 0x8c71, 0x8410, 0x18e3, 
	0x1082, 0x10a2, 0x73ae, 0x8c71, 0x8c51, 0x8c51, 0x8c51, 0x8c51, 0x8c51, 0x8c51, 0x8c51, 0x8c71, 0x8c71, 0x8c71, 0x8c71, 0x8c71, 
	0x8c71, 0x8c71, 0x8c71, 0x8c71, 0x8c71, 0x8c71, 0x8c71, 0x8c71, 0x8c51, 0x8c71, 0x9492, 0x39c7, 0x0861, 0x18c2, 0x18a2, 0x0082, 
	0x6181, 0xfb60, 0xfb40, 0xfb40, 0xfb40, 0xfb40, 0xfb80, 0xb281, 0x0082, 0x18a2, 0x10a2, 0x10a2, 0x10a2, 0x10a2, 0x10a2, 0x10a2, 
	0x10a2, 0x10a2, 0x10a2, 0x10a2, 0x10a2, 0x10a2, 0x10a2, 0x10a2, 0x10a2, 0x7bcf, 0x9492, 0x8c51, 0x8c71, 0x8430, 0x18e3, 0x10a2, 
	0x10a2, 0x10a2, 0x10a2, 0x10a2, 0x10a2, 0x10a2, 0x10a2, 0x10a2, 0x10a2, 0x10a2, 0x10a2, 0x10a2, 0x10a2, 0x10a2, 0x10a2, 0x10a2, 
	0x10a2, 0x10a2, 0x10a2, 0x10a2, 0x10a2, 0x10a2, 0x10a2, 0x10a2, 0x10a2, 0x10a2, 0x10a2, 0x10a2, 0x10a2, 0x10a2, 0x10a2, 0x10a2, 
	0x10a2, 0x10a2, 0x10a2, 0x10a2, 0x10a2, 0x10a2, 0x10a2, 0x10a2, 0x10a2, 0x10a2, 0x10a2, 0x10a2, 0x10a2, 0x10a2, 0x10a2, 0x10a2, 
	0x10a2, 0x10a2, 0x10a2, 0x10a2, 0x10a2, 0x10a2, 0x10a2, 0x10a2, 0x10a2, 0x10a2, 0x10a2, 0x10a2, 0x10a2, 0x10a2, 0x10a2, 0x10a2, 
	0x10a2, 0x10a2, 0x10a2, 0x10a2, 0x10a2, 0x10a2, 0x10a2, 0x10a2, 0x10a2, 0x10a2, 0x10a2, 0x10a2, 0x10a2, 0x10a2, 0x10a2, 0x10a2, 
	0x10a2, 0x10a2, 0x10a2, 0x10a2, 0x10a2, 0x10a2, 0x10a2, 0x10a2, 0x10a2, 0x10a2, 0x10a2, 0x10a2, 0x10a2, 0x10a2, 0x10a2, 0x10a2, 
	0x10a2, 0x10a2, 0x10a2, 0x10a2, 0x10a2, 0x10a2, 0x10a2, 0x10a2, 0x10a2, 0x10a2, 0x10a2, 0x10a2, 0x10a2, 0x10a2, 0x10a2, 0x10a2, 
	0x10c2, 0x10a2, 0x2124, 0x8c51, 0x8c71, 0x8c51, 0x94b2, 0x4207, 0x0861, 0x18c3, 0x10a2, 0x10a2, 0x10a2, 0x10a2, 0x10a2, 0x10a2, 
	0x10a2, 0x10a2, 0x10a2, 0x10a2, 0x10a2, 0x10a2, 0x10a2, 0x10a2, 0x10a2, 0x28e2, 0xeb00, 0xfb60, 0xfb20, 0xfb20, 0xfb20, 0xfb60, 
	0xfb80, 0x79a1, 0x0082, 0x18c2, 0x0861, 0x39c7, 0x8c71, 0x8c71, 0x8c51, 0x8c51, 0x8c51, 0x8c51, 0x8c51, 0x8c51, 0x8c51, 0x8c51, 
	0x8c51, 0x8c51, 0x8c51, 0x8c51, 0x8c51, 0x8c51, 0x8c51, 0x8c51, 0x8c51, 0x8c51, 0x8c51, 0x8c51, 0x8c51, 0x8c51, 0x9492, 0x39e7, 
	0x1082, 0x0861, 0x528a, 0x9492, 0x8c51, 0x8c51, 0x8c51, 0x8c51, 0x8c51, 0x8c51, 0x8c71, 0x8c71, 0x8c71, 0x8c71, 0x8c71, 0x8c71, 
	0x8c71, 0x8c71, 0x8c71, 0x8c71, 0x8c71, 0x8c71, 0x8c71, 0x8c51, 0x8c51, 0x94b2, 0x4228, 0x0861, 0x18c2, 0x10a2, 0x18a2, 0x0083, 
	0xa241, 0xfb60, 0xfb40, 0xfb40, 0xfb40, 0xfb40, 0xfb60, 0xd2c0, 0x10a2, 0x10a2, 0x10a2, 0x10a2, 0x10a2, 0x10a2, 0x10a2, 0x10a2, 
	0x10a2, 0x10a2, 0x10a2, 0x10a2, 0x10a2, 0x10a2, 0x10a2, 0x18c2, 0x0861, 0x4228, 0x94b2, 0x8c51, 0x8c51, 0x94b2, 0x4228, 0x0861, 
	0x18c3, 0x10a2, 0x10a2, 0x10a2, 0x10a2, 0x10a2, 0x10a2, 0x10a2, 0x10a2, 0x10a2, 0x10a2, 0x10a2, 0x10a2, 0x10a2, 0x10a2, 0x10a2, 
	0x10a2, 0x10a2, 0x10a2, 0x10a2, 0x10a2, 0x10a2, 0x10a2, 0x10a2, 0x10a2, 0x10a2, 0x10a2, 0x10a2, 0x10a2, 0x10a2, 0x10a2, 0x10a2, 
	0x10a2, 0x10a2, 0x10a2, 0x10a2, 0x10a2, 0x10a2, 0x10a2, 0x10a2, 0x10a2, 0x10a2, 0x10a2, 0x10a2, 0x10a2, 0x10a2, 0x10a2, 0x10a2, 
	0x10a2, 0x10a2, 0x10a2, 0x10a2, 0x10a2, 0x10a2, 0x10a2, 0x10a2, 0x10a2, 0x10a2, 0x10a2, 0x10a2, 0x10a2, 0x10a2, 0x10a2, 0x10a2, 
	0x10a2, 0x10a2, 0x10a2, 0x10a2, 0x10a2, 0x10a2, 0x10a2, 0x10a2, 0x10a2, 0x10a2, 0x10a2, 0x10a2, 0x10a2, 0x10a2, 0x10a2, 0x10a2, 
	0x10a2, 0x10a2, 0x10a2, 0x10a2, 0x10a2, 0x10a2, 0x10a2, 0x10a2, 0x10a2, 0x10a2, 0x10a2, 0x10a2, 0x10a2, 0x10a2, 0x10a2, 0x10a2, 
	0x10a2, 0x10a2, 0x10a2, 0x10a2, 0x10a2, 0x10a2, 0x10a2, 0x10a2, 0x10a2, 0x10a2, 0x10a2, 0x10a2, 0x10a2, 0x10a2, 0x10a2, 0x10a2, 
	0x18c3, 0x0861, 0x4a69, 0x94b2, 0x8c51, 0x8c71, 0x840f, 0x18c3, 0x10a2, 0x10a2, 0x10a2, 0x10a2, 0x10a2, 0x10a2, 0x10a2, 0x10a2, 
	0x10a2, 0x10a2, 0x10a2, 0x10a2, 0x10a2, 0x10a2, 0x10a2, 0x18a2, 0x0882, 0x3902, 0xfb20, 0xfb60, 0xfb40, 0xfb20, 0xfb20, 0xfb20, 
	0xfb60, 0xba60, 0x0882, 0x10a2, 0x10a2, 0x0861, 0x3186, 0x8410, 0x9492, 0x8c51, 0x8c51, 0x8c51, 0x8c51, 0x8c51, 0x8c51, 0x8c51, 
	0x8c51, 0x8c51, 0x8c51, 0x8c51, 0x8c51, 0x8c51, 0x8c51, 0x8c71, 0x8c71, 0x8c51, 0x8c51, 0x8c51, 0x8c51, 0x8c51, 0x9492, 0x632c, 
	0x1082, 0x1082, 0x2965, 0x8c71, 0x8c51, 0x8c51, 0x8c51, 0x8c51, 0x8c51, 0x8c51, 0x8c71, 0x8c71, 0x8c71, 0x8c71, 0x8c71, 0x8c71, 
	0x8c71, 0x8c71, 0x8c71, 0x8c71, 0x8c71, 0x8c71, 0x8c51, 0x8c51, 0x9492, 0x4a49, 0x0861, 0x18c3, 0x10a2, 0x10a2, 0x10a2, 0x18c2, 
	0xdae0, 0xfb60, 0xfb40, 0xfb40, 0xfb40, 0xfb40, 0xfb40, 0xf300, 0x28c2, 0x10a2, 0x10a2, 0x10a2, 0x10a2, 0x10a2, 0x10a2, 0x10a2, 
	0x10a2, 0x10a2, 0x10a2, 0x10a2, 0x10a2, 0x10a2, 0x10a2, 0x10a2, 0x10a2, 0x18c3, 0x7bef, 0x8c71, 0x8c51, 0x9492, 0x738e, 0x1082, 
	0x10a2, 0x10a2, 0x10a2, 0x10a2, 0x10a2, 0x10a2, 0x10a2, 0x10a2, 0x10a2, 0x10a2, 0x10a2, 0x10a2, 0x10a2, 0x10a2, 0x10a2, 0x10a2, 
	0x10a2, 0x10a2, 0x10a2, 0x10a2, 0x10a2, 0x10a2, 0x10a2, 0x10a2, 0x10a2, 0x10a2, 0x10a2, 0x10a2, 0x10a2, 0x10a2, 0x10a2, 0x10a2, 
	0x10a2, 0x10a2, 0x10a2, 0x10a2, 0x10a2, 0x10a2, 0x10a2, 0x10a2, 0x10a2, 0x10a2, 0x10a2, 0x10a2, 0x10a2, 0x10a2, 0x10a2, 0x10a2, 
	0x10a2, 0x10a2, 0x10a2, 0x10a2, 0x10a2, 0x10a2, 0x10a2, 0x10a2, 0x10a2, 0x10a2, 0x10a2, 0x10a2, 0x10a2, 0x10a2, 0x10a2, 0x10a2, 
	0x10a2, 0x10a2, 0x10a2, 0x10a2, 0x10a2, 0x10a2, 0x10a2, 0x10a2, 0x10a2, 0x10a2, 0x10a2, 0x10a2, 0x10a2, 0x10a2, 0x10a2, 0x10a2, 
	0x10a2, 0x10a2, 0x10a2, 0x10a2, 0x10a2, 0x10a2, 0x10a2, 0x10a2, 0x10a2, 0x10a2, 0x10a2, 0x10a2, 0x10a2, 0x10a2, 0x10a2, 0x10a2, 
	0x10a2, 0x10a2, 0x10a2, 0x10a2, 0x10a2, 0x10a2, 0x10a2, 0x10a2, 0x10a2, 0x10a2, 0x10a2, 0x10a2, 0x10a2, 0x10a2, 0x10a2, 0x10a2, 
	0x10a2, 0x10a2, 0x73ae, 0x9492, 0x8c51, 0x94b2, 0x5aeb, 0x0861, 0x18c3, 0x10a2, 0x10a2, 0x10a2, 0x10a2, 0x10a2, 0x10a2, 0x10a2, 
	0x10a2, 0x10a2, 0x10a2, 0x10a2, 0x10a2, 0x10a2, 0x10a2, 0x18a2, 0x0882, 0x3902, 0xfb20, 0xfb60, 0xfb40, 0xfb40, 0xfb20, 0xfb20, 
	0xfb40, 0xf320, 0x30e2, 0x0882, 0x10a2, 0x10a2, 0x0861, 0x2104, 0x6b4d, 0x9492, 0x8c71, 0x8c51, 0x8c51, 0x8c51, 0x8c51, 0x8c51, 
	0x8c51, 0x8c51, 0x8c51, 0x8c51, 0x8c51, 0x8c51, 0x8c51, 0x8c71, 0x8c71, 0x8c51, 0x8c51, 0x8c51, 0x8c51, 0x8c51, 0x8c51, 0x8430, 
	0x2104, 0x1082, 0x1082, 0x738e, 0x9492, 0x8c51, 0x8c71, 0x8c51, 0x8c51, 0x8c71, 0x8c71, 0x8c71, 0x8c71, 0x8c71, 0x8c71, 0x8c71, 
	0x8c71, 0x8c71, 0x8c71, 0x8c71, 0x8c71, 0x8c51, 0x8c71, 0x9492, 0x4228, 0x0861, 0x10a2, 0x10a2, 0x10a2, 0x18a2, 0x0882, 0x5162, 
	0xfb40, 0xfb40, 0xfb40, 0xfb40, 0xfb40, 0xfb40, 0xfb40, 0xf300, 0x30e2, 0x08a2, 0x18a2, 0x10a2, 0x10a2, 0x10a2, 0x10a2, 0x10a2, 
	0x10a2, 0x10a2, 0x10a2, 0x10a2, 0x10a2, 0x10a2, 0x10a2, 0x10a2, 0x18c2, 0x0861, 0x52aa, 0x9492, 0x8c51, 0x8c71, 0x8c71, 0x2945, 
	0x1082, 0x10a2, 0x10a2, 0x10a2, 0x10a2, 0x10a2, 0x10a2, 0x10a2, 0x10a2, 0x10a2, 0x10a2, 0x10a2, 0x10a2, 0x10a2, 0x10a2, 0x10a2, 
	0x10a2, 0x10a2, 0x10a2, 0x10a2, 0x10a2, 0x10a2, 0x10a2, 0x10a2, 0x10a2, 0x10a2, 0x10a2, 0x10a2, 0x10a2, 0x10a2, 0x10a2, 0x10a2, 
	0x10a2, 0x10a2, 0x10a2, 0x10a2, 0x10a2, 0x10a2, 0x10a2, 0x10a2, 0x10a2, 0x10a2, 0x10a2, 0x10a2, 0x10a2, 0x10a2, 0x10a2, 0x10a2, 
	0x10a2, 0x10a2, 0x10a2, 0x10a2, 0x10a2, 0x10a2, 0x10a2, 0x10a2, 0x10a2, 0x10a2, 0x10a2, 0x10a2, 0x10a2, 0x10a2, 0x10a2, 0x10a2, 
	0x10a2, 0x10a2, 0x10a2, 0x10a2, 0x10a2, 0x10a2, 0x10a2, 0x10a2, 0x10a2, 0x10a2, 0x10a2, 0x10a2, 0x10a2, 0x10a2, 0x10a2, 0x10a2, 
	0x10a2, 0x10a2, 0x10a2, 0x10a2, 0x10a2, 0x10a2, 0x10a2, 0x10a2, 0x10a2, 0x10a2, 0x10a2, 0x10a2, 0x10a2, 0x10a2, 0x10a2, 0x10a2, 
	0x10a2, 0x10a2, 0x10a2, 0x10a2, 0x10a2, 0x10a2, 0x10a2, 0x10a2, 0x10a2, 0x10a2, 0x10a2, 0x10a2, 0x10a2, 0x10a2, 0x10a2, 0x10a2, 
	0x1082, 0x2945, 0x8c51, 0x8c71, 0x8c51, 0x9492, 0x39c7, 0x1061, 0x10a2, 0x10a2, 0x10a2, 0x10a2, 0x10a2, 0x10a2, 0x10a2, 0x10a2, 
	0x10a2, 0x10a2, 0x10a2, 0x10a2, 0x10a2, 0x10a2, 0x10a2, 0x18a2, 0x0882, 0x4122, 0xf320, 0xfb60, 0xfb40, 0xfb40, 0xfb40, 0xfb20, 
	0xfb20, 0xfb60, 0x89e1, 0x0082, 0x18a2, 0x10a2, 0x10a2, 0x1082, 0x1082, 0x4208, 0x8410, 0x9492, 0x8c51, 0x8c51, 0x8c51, 0x8c51, 
	0x8c51, 0x8c51, 0x8c51, 0x8c51, 0x8c51, 0x8c51, 0x8c51, 0x8c51, 0x8c51, 0x8c51, 0x8c51, 0x8c51, 0x8c51, 0x8c51, 0x8c51, 0x9492, 
	0x4228, 0x0861, 0x0861, 0x4a49, 0x94b2, 0x8c51, 0x8c71, 0x8c51, 0x8c51, 0x8c51, 0x8c71, 0x8c71, 0x8c71, 0x8c71, 0x8c71, 0x8c71, 
	0x8c71, 0x8c71, 0x8c71, 0x8c71, 0x8c51, 0x8c71, 0x8c71, 0x39e7, 0x0861, 0x10c2, 0x10a2, 0x10a2, 0x10a2, 0x18a2, 0x0882, 0xaa41, 
	0xfb60, 0xfb20, 0xfb40, 0xfb40, 0xfb40, 0xfb40, 0xfb60, 0xf300, 0x3902, 0x08a3, 0x18a2, 0x10a2, 0x10a2, 0x10a2, 0x10a2, 0x10a2, 
	0x10a2, 0x10a2, 0x10a2, 0x10a2, 0x10a2, 0x10a2, 0x10a2, 0x10a2, 0x10a2, 0x1082, 0x2965, 0x8c71, 0x8c51, 0x8c51, 0x94b2, 0x4a69, 
	0x0861, 0x10a2, 0x10a2, 0x10a2, 0x10a2, 0x10a2, 0x10a2, 0x10a2, 0x10a2, 0x10a2, 0x10a2, 0x10a2, 0x10a2, 0x10a2, 0x10a2, 0x10a2, 
	0x10a2, 0x10a2, 0x10a2, 0x10a2, 0x10a2, 0x10a2, 0x10a2, 0x10a2, 0x10a2, 0x10a2, 0x10a2, 0x10a2, 0x10a2, 0x10a2, 0x10a2, 0x10a2, 
	0x10a2, 0x10a2, 0x10a2, 0x10a2, 0x10a2, 0x10a2, 0x10a2, 0x10a2, 0x10a2, 0x10a2, 0x10a2, 0x10a2, 0x10a2, 0x10a2, 0x10a2, 0x10a2, 
	0x10a2, 0x10a2, 0x10a2, 0x10a2, 0x10a2, 0x10a2, 0x10a2, 0x10a2, 0x10a2, 0x10a2, 0x10a2, 0x10a2, 0x10a2, 0x10a2, 0x10a2, 0x10a2, 
	0x10a2, 0x10a2, 0x10a2, 0x10a2, 0x10a2, 0x10a2, 0x10a2, 0x10a2, 0x10a2, 0x10a2, 0x10a2, 0x10a2, 0x10a2, 0x10a2, 0x10a2, 0x10a2, 
	0x10a2, 0x10a2, 0x10a2, 0x10a2, 0x10a2, 0x10a2, 0x10a2, 0x10a2, 0x10a2, 0x10a2, 0x10a2, 0x10a2, 0x10a2, 0x10a2, 0x10a2, 0x10a2, 
	0x10a2, 0x10a2, 0x10a2, 0x10a2, 0x10a2, 0x10a2, 0x10a2, 0x10a2, 0x10a2, 0x10a2, 0x10a2, 0x10a2, 0x10a2, 0x10a2, 0x10a2, 0x18c3, 
	0x0861, 0x4a49, 0x94b2, 0x8c51, 0x8c71, 0x8430, 0x18e3, 0x10a2, 0x10a2, 0x10a2, 0x10a2, 0x10a2, 0x10a2, 0x10a2, 0x10a2, 0x10a2, 
	0x10a2, 0x10a2, 0x10a2, 0x10a2, 0x10a2, 0x10a2, 0x10a2, 0x18a2, 0x0882, 0x4122, 0xf300, 0xfb60, 0xfb40, 0xfb40, 0xfb40, 0xfb40, 
	0xfb20, 0xfb40, 0xeb00, 0x20c2, 0x10a2, 0x10a2, 0x10a2, 0x10a2, 0x10a2, 0x0861, 0x2104, 0x5acb, 0x8c51, 0x9492, 0x8c51, 0x8c51, 
	0x8c51, 0x8c51, 0x8c51, 0x8c51, 0x8c51, 0x8c51, 0x8c51, 0x8c51, 0x8c51, 0x8c51, 0x8c51, 0x8c51, 0x8c51, 0x8c51, 0x8c51, 0x9492, 
	0x6b6d, 0x1082, 0x1082, 0x2124, 0x8c51, 0x8c71, 0x8c71, 0x8c51, 0x8c51, 0x8c51, 0x8c51, 0x8c71, 0x8c71, 0x8c71, 0x8c71, 0x8c71, 
	0x8c71, 0x8c71, 0x8c71, 0x8c51, 0x9492, 0x8c51, 0x31a6, 0x0861, 0x10c2, 0x10a2, 0x10a2, 0x10a2, 0x18a2, 0x0882, 0x3102, 0xfb20, 
	0xfb40, 0xfb40, 0xfb40, 0xfb40, 0xfb20, 0xfb40, 0xfb60, 0xf300, 0x3902, 0x08a2, 0x18a2, 0x10a2, 0x10a2, 0x10a2, 0x10a2, 0x10a2, 
	0x10a2, 0x10a2, 0x10a2, 0x10a2, 0x10a2, 0x10a2, 0x10a2, 0x10a2, 0x10a2, 0x10a2, 0x10a2, 0x7bcf, 0x9492, 0x8c51, 0x9492, 0x738e, 
	0x1082, 0x10a2, 0x10a2, 0x10a2, 0x10a2, 0x10a2, 0x10a2, 0x10a2, 0x10a2, 0x10a2, 0x10a2, 0x10a2, 0x10a2, 0x10a2, 0x10a2, 0x10a2, 
	0x10a2, 0x10a2, 0x10a2, 0x10a2, 0x10a2, 0x10a2, 0x10a2, 0x10a2, 0x10a2, 0x10a2, 0x10a2, 0x10a2, 0x10a2, 0x10a2, 0x10a2, 0x10a2, 
	0x10a2, 0x10a2, 0x10a2, 0x10a2, 0x10a2, 0x10a2, 0x10a2, 0x10a2, 0x10a2, 0x10a2, 0x10a2, 0x10a2, 0x10a2, 0x10a2, 0x10a2, 0x10a2, 
	0x10a2, 0x10a2, 0x10a2, 0x10a2, 0x10a2, 0x10a2, 0x10a2, 0x10a2, 0x10a2, 0x10a2, 0x10a2, 0x10a2, 0x10a2, 0x10a2, 0x10a2, 0x10a2, 
	0x10a2, 0x10a2, 0x10a2, 0x10a2, 0x10a2, 0x10a2, 0x10a2, 0x10a2, 0x10a2, 0x10a2, 0x10a2, 0x10a2, 0x10a2, 0x10a2, 0x10a2, 0x10a2, 
	0x10a2, 0x10a2, 0x10a2, 0x10a2, 0x10a2, 0x10a2, 0x10a2, 0x10a2, 0x10a2, 0x10a2, 0x10a2, 0x10a2, 0x10a2, 0x10a2, 0x10a2, 0x10a2, 
	0x10a2, 0x10a2, 0x10a2, 0x10a2, 0x10a2, 0x10a2, 0x10a2, 0x10a2, 0x10a2, 0x10a2, 0x10a2, 0x10a2, 0x10a2, 0x10a2, 0x10a2, 0x18c2, 
	0x1082, 0x632c, 0x9492, 0x8c51, 0x94b2, 0x6b6e, 0x1082, 0x10a2, 0x10a2, 0x10a2, 0x10a2, 0x10a2, 0x10a2, 0x10a2, 0x10a2, 0x10a2, 
	0x10a2, 0x10a2, 0x10a2, 0x10a2, 0x10a2, 0x10a2, 0x10a2, 0x18a2, 0x0882, 0x4122, 0xeae0, 0xfb40, 0xfb40, 0xfb40, 0xfb40, 0xfb40, 
	0xfb40, 0xfb20, 0xfb60, 0x89e1, 0x0082, 0x18c2, 0x10a2, 0x10a2, 0x10a2, 0x18c3, 0x10a2, 0x0861, 0x2945, 0x632c, 0x9472, 0x9492, 
	0x8c51, 0x8c51, 0x8c51, 0x8c51, 0x8c51, 0x8c51, 0x8c51, 0x8c51, 0x8c51, 0x8c51, 0x8c51, 0x8c51, 0x8c51, 0x8c51, 0x8c51, 0x8c71, 
	0x8c51, 0x2124, 0x1082, 0x1082, 0x6b4d, 0x9492, 0x8c51, 0x8c71, 0x8c51, 0x8c51, 0x8c51, 0x8c71, 0x8c71, 0x8c71, 0x8c71, 0x8c71, 
	0x8c71, 0x8c71, 0x8c51, 0x9492, 0x8410, 0x2965, 0x0861, 0x18c3, 0x10a2, 0x10a2, 0x10a2, 0x10a2, 0x18a2, 0x0082, 0xa241, 0xfb60, 
	0xfb20, 0xfb40, 0xfb20, 0xfb20, 0xfb20, 0xfb40, 0xfb40, 0xf300, 0x3902, 0x0882, 0x18a2, 0x10a2, 0x10a2, 0x10a2, 0x10a2, 0x10a2, 
	0x10a2, 0x10a2, 0x10a2, 0x10a2, 0x10a2, 0x10a2, 0x10a2, 0x10a2, 0x10a2, 0x18c2, 0x0861, 0x5aeb, 0x94b2, 0x8c51, 0x8c72, 0x8430, 
	0x2103, 0x1082, 0x10a2, 0x10a2, 0x10a2, 0x10a2, 0x10a2, 0x10a2, 0x10a2, 0x10a2, 0x10a2, 0x10a2, 0x10a2, 0x10a2, 0x10a2, 0x10a2, 
	0x10a2, 0x10a2, 0x10a2, 0x10a2, 0x10a2, 0x10a2, 0x10a2, 0x10a2, 0x10a2, 0x10a2, 0x10a2, 0x10a2, 0x10a2, 0x10a2, 0x10a2, 0x10a2, 
	0x10a2, 0x10a2, 0x10a2, 0x10a2, 0x10a2, 0x10a2, 0x10a2, 0x10a2, 0x10a2, 0x10a2, 0x10a2, 0x10a2, 0x10a2, 0x10a2, 0x10a2, 0x10a2, 
	0x10a2, 0x10a2, 0x10a2, 0x10a2, 0x10a2, 0x10a2, 0x10a2, 0x10a2, 0x10a2, 0x10a2, 0x10a2, 0x10a2, 0x10a2, 0x10a2, 0x10a2, 0x10a2, 
	0x10a2, 0x10a2, 0x10a2, 0x10a2, 0x10a2, 0x10a2, 0x10a2, 0x10a2, 0x10a2, 0x10a2, 0x10a2, 0x10a2, 0x10a2, 0x10a2, 0x10a2, 0x10a2, 
	0x10a2, 0x10a2, 0x10a2, 0x10a2, 0x10a2, 0x10a2, 0x10a2, 0x10a2, 0x10a2, 0x10a2, 0x10a2, 0x10a2, 0x10a2, 0x10a2, 0x10a2, 0x10a2, 
	0x10a2, 0x10a2, 0x10a2, 0x10a2, 0x10a2, 0x10a2, 0x10a2, 0x10a2, 0x10a2, 0x10a2, 0x10a2, 0x10a2, 0x10a2, 0x10a2, 0x10a2, 0x10a2, 
	0x18c3, 0x7bef, 0x9492, 0x8c51, 0x94b2, 0x52aa, 0x0861, 0x18c3, 0x10a2, 0x10a2, 0x10a2, 0x10a2, 0x10a2, 0x10a2, 0x10a2, 0x10a2, 
	0x10a2, 0x10a2, 0x10a2, 0x10a2, 0x10a2, 0x10a2, 0x10a2, 0x18a2, 0x0882, 0x4122, 0xeac0, 0xfb20, 0xfb40, 0xfb40, 0xfb40, 0xfb40, 
	0xfb40, 0xfb40, 0xfb40, 0xf320, 0x30e2, 0x08a2, 0x18a2, 0x10a2, 0x10a2, 0x10a2, 0x10a2, 0x18c2, 0x1082, 0x0861, 0x3186, 0x6b6d, 
	0x9492, 0x9492, 0x8c51, 0x8c51, 0x8c51, 0x8c71, 0x8c71, 0x8c71, 0x8c51, 0x8c51, 0x8c51, 0x8c51, 0x8c51, 0x8c51, 0x8c51, 0x8c51, 
	0x9492, 0x4228, 0x0861, 0x0881, 0x4208, 0x9492, 0x8c51, 0x8c71, 0x8c51, 0x8c51, 0x8c51, 0x8c71, 0x8c71, 0x8c71, 0x8c71, 0x8c71, 
	0x8c51, 0x8c51, 0x94b2, 0x738e, 0x2104, 0x1082, 0x18c3, 0x10a2, 0x10a2, 0x10a2, 0x10a2, 0x18a2, 0x0882, 0x4942, 0xfb40, 0xfb20, 
	0xfb20, 0xfb20, 0xfb20, 0xfb20, 0xfb20, 0xfb40, 0xfb40, 0xeae0, 0x3902, 0x0882, 0x18a2, 0x10a2, 0x10a2, 0x10a2, 0x10a2, 0x10a2, 
	0x10a2, 0x10a2, 0x10a2, 0x10a2, 0x10a2, 0x10a2, 0x10a2, 0x10a2, 0x10a2, 0x18c2, 0x0861, 0x39e7, 0x94b2, 0x8c71, 0x8c71, 0x9492, 
	0x31a6, 0x0861, 0x10a2, 0x10a2, 0x10a2, 0x10a2, 0x10a2, 0x10a2, 0x10a2, 0x10a2, 0x10a2, 0x10a2, 0x10a2, 0x10a2, 0x10a2, 0x10a2, 
	0x10a2, 0x10a2, 0x10a2, 0x10a2, 0x10a2, 0x10a2, 0x10a2, 0x10a2, 0x10a2, 0x10a2, 0x10a2, 0x10a2, 0x10a2, 0x10a2, 0x10a2, 0x10a2, 
	0x10a2, 0x10a2, 0x10a2, 0x10a2, 0x10a2, 0x10a2, 0x10a2, 0x10a2, 0x10a2, 0x10a2, 0x10a2, 0x10a2, 0x10a2, 0x10a2, 0x10a2, 0x10a2, 
	0x10a2, 0x10a2, 0x10a2, 0x10a2, 0x10a2, 0x10a2, 0x10a2, 0x10a2, 0x10a2, 0x10a2, 0x10a2, 0x10a2, 0x10a2, 0x10a2, 0x10a2, 0x10a2, 
	0x10a2, 0x10a2, 0x10a2, 0x10a2, 0x10a2, 0x10a2, 0x10a2, 0x10a2, 0x10a2, 0x10a2, 0x10a2, 0x10a2, 0x10a2, 0x10a2, 0x10a2, 0x10a2, 
	0x10a2, 0x10a2, 0x10a2, 0x10a2, 0x10a2, 0x10a2, 0x10a2, 0x10a2, 0x10a2, 0x10a2, 0x10a2, 0x10a2, 0x10a2, 0x10a2, 0x10a2, 0x10a2, 
	0x10a2, 0x10a2, 0x10a2, 0x10a2, 0x10a2, 0x10a2, 0x10a2, 0x10a2, 0x10a2, 0x10a2, 0x10a2, 0x10a2, 0x10a2, 0x10a2, 0x10a2, 0x1082, 
	0x2124, 0x8c51, 0x8c71, 0x8c51, 0x94b2, 0x41e8, 0x0861, 0x18c3, 0x10a2, 0x10a2, 0x10a2, 0x10a2, 0x10a2, 0x10a2, 0x10a2, 0x10a2, 
	0x10a2, 0x10a2, 0x10a2, 0x10a2, 0x10a2, 0x10a2, 0x10a2, 0x18a2, 0x0882, 0x4122, 0xeac0, 0xeb00, 0xfb40, 0xfb40, 0xfb40, 0xfb40, 
	0xfb40, 0xfb40, 0xfb20, 0xfb60, 0xc280, 0x0882, 0x18c2, 0x10a2, 0x10a2, 0x10a2, 0x10a2, 0x10a2, 0x10a2, 0x10a2, 0x0861, 0x1082, 
	0x31a6, 0x6b6d, 0x9492, 0x9492, 0x8c51, 0x8c51, 0x8c71, 0x8c71, 0x8c51, 0x8c51, 0x8c51, 0x8c51, 0x8c51, 0x8c51, 0x8c51, 0x8c51, 
	0x9492, 0x738e, 0x1082, 0x10a2, 0x2103, 0x8430, 0x8c71, 0x8c51, 0x8c51, 0x8c51, 0x8c51, 0x8c71, 0x8c71, 0x8c71, 0x8c71, 0x8c51, 
	0x8c71, 0x94b2, 0x5acb, 0x10a2, 0x1082, 0x18c3, 0x10a2, 0x10a2, 0x10a2, 0x10a2, 0x10a2, 0x10a2, 0x10a2, 0xdac0, 0xfb40, 0xfb20, 
	0xfb20, 0xfb20, 0xfb20, 0xfb20, 0xfb20, 0xfb40, 0xf300, 0xe2c0, 0x3902, 0x0882, 0x18a2, 0x10a2, 0x10a2, 0x10a2, 0x10a2, 0x10a2, 
	0x10a2, 0x10a2, 0x10a2, 0x10a2, 0x10a2, 0x10a2, 0x10a2, 0x10a2, 0x10a2, 0x10a2, 0x1082, 0x2945, 0x8c71, 0x8c71, 0x8c51, 0x94b2, 
	0x4a69, 0x0861, 0x18c2, 0x10a2, 0x10a2, 0x10a2, 0x10a2, 0x10a2, 0x10a2, 0x10a2, 0x10a2, 0x10a2, 0x10a2, 0x10a2, 0x10a2, 0x10a2, 
	0x10a2, 0x10a2, 0x10a2, 0x10a2, 0x10a2, 0x10a2, 0x10a2, 0x10a2, 0x10a2, 0x10a2, 0x10a2, 0x10a2, 0x10a2, 0x10a2, 0x10a2, 0x10a2, 
	0x10a2, 0x10a2, 0x10a2, 0x10a2, 0x10a2, 0x10a2, 0x10a2, 0x10a2, 0x10a2, 0x10a2, 0x10a2, 0x10a2, 0x10a2, 0x10a2, 0x10a2, 0x10a2, 
	0x10a2, 0x10a2, 0x10a2, 0x10a2, 0x10a2, 0x10a2, 0x10a2, 0x10a2, 0x10a2, 0x10a2, 0x10a2, 0x10a2, 0x10a2, 0x10a2, 0x10a2, 0x10a2, 
	0x10a2, 0x10a2, 0x10a2, 0x10a2, 0x10a2, 0x10a2, 0x10a2, 0x10a2, 0x10a2, 0x10a2, 0x10a2, 0x10a2, 0x10a2, 0x10a2, 0x10a2, 0x10a2, 
	0x10a2, 0x10a2, 0x10a2, 0x10a2, 0x10a2, 0x10a2, 0x10a2, 0x10a2, 0x10a2, 0x10a2, 0x10a2, 0x10a2, 0x10a2, 0x10a2, 0x10a2, 0x10a2, 
	0x10a2, 0x10a2, 0x10a2, 0x10a2, 0x10a2, 0x10a2, 0x10a2, 0x10a2, 0x10a2, 0x10a2, 0x10a2, 0x10a2, 0x10a2, 0x10a2, 0x18c2, 0x1082, 
	0x31a6, 0x9492, 0x8c71, 0x8c71, 0x9492, 0x3186, 0x1082, 0x10a2, 0x10a2, 0x10a2, 0x10a2, 0x10a2, 0x10a2, 0x10a2, 0x10a2, 0x10a2, 
	0x10a2, 0x10a2, 0x10a2, 0x10a2, 0x10a2, 0x10a2, 0x10a2, 0x18c2, 0x0882, 0x4122, 0xeac0, 0xe2c0, 0xfb40, 0xfb40, 0xfb40, 0xfb40, 
	0xfb40, 0xfb40, 0xfb20, 0xfb20, 0xfb60, 0x81c1, 0x0083, 0x18c2, 0x10a2, 0x10a2, 0x10a2, 0x10a2, 0x10a2, 0x10a2, 0x10a2, 0x10a2, 
	0x0861, 0x1082, 0x31a6, 0x6b4d, 0x8c71, 0x9492, 0x8c71, 0x8c51, 0x8c51, 0x8c51, 0x8c51, 0x8c51, 0x8c51, 0x8c51, 0x8c51, 0x8c51, 
	0x8c71, 0x8c71, 0x2945, 0x1082, 0x1082, 0x632c, 0x9492, 0x8c51, 0x8c51, 0x8c51, 0x8c71, 0x8c71, 0x8c71, 0x8c71, 0x8c51, 0x9492, 
	0x8c71, 0x4228, 0x0861, 0x10a2, 0x10a2, 0x10a2, 0x10a2, 0x10a2, 0x10a2, 0x10a2, 0x18a2, 0x0882, 0xa241, 0xfb60, 0xfb20, 0xfb40, 
	0xfb20, 0xfb20, 0xfb20, 0xfb20, 0xfb20, 0xfb40, 0xeae0, 0xe2c0, 0x3902, 0x0882, 0x18a2, 0x10a2, 0x10a2, 0x10a2, 0x10a2, 0x10a2, 
	0x10a2, 0x10a2, 0x10a2, 0x10a2, 0x10a2, 0x10a2, 0x10a2, 0x10a2, 0x10a2, 0x10a2, 0x10a2, 0x18e3, 0x8410, 0x9492, 0x8c51, 0x94b2, 
	0x630c, 0x0861, 0x18c3, 0x10a2, 0x10a2, 0x10a2, 0x10a2, 0x10a2, 0x10a2, 0x10a2, 0x10a2, 0x10a2, 0x10a2, 0x10a2, 0x10a2, 0x10a2, 
	0x10a2, 0x10a2, 0x10a2, 0x10a2, 0x10a2, 0x10a2, 0x10a2, 0x10a2, 0x10a2, 0x10a2, 0x10a2, 0x10a2, 0x10a2, 0x10a2, 0x10a2, 0x10a2, 
	0x10a2, 0x10a2, 0x10a2, 0x10a2, 0x10a2, 0x10a2, 0x10a2, 0x10a2, 0x10a2, 0x10a2, 0x10a2, 0x10a2, 0x10a2, 0x10a2, 0x10a2, 0x10a2, 
	0x10a2, 0x10a2, 0x10a2, 0x10a2, 0x10a2, 0x10a2, 0x10a2, 0x10a2, 0x10a2, 0x10a2, 0x10a2, 0x10a2, 0x10a2, 0x10a2, 0x10a2, 0x10a2, 
	0x10a2, 0x10a2, 0x10a2, 0x10a2, 0x10a2, 0x10a2, 0x10a2, 0x10a2, 0x10a2, 0x10a2, 0x10a2, 0x10a2, 0x10a2, 0x10a2, 0x10a2, 0x10a2, 
	0x10a2, 0x10a2, 0x10a2, 0x10a2, 0x10a2, 0x10a2, 0x10a2, 0x10a2, 0x10a2, 0x10a2, 0x10a2, 0x10a2, 0x10a2, 0x10a2, 0x10a2, 0x10a2, 
	0x10a2, 0x10a2, 0x10a2, 0x10a2, 0x10a2, 0x10a2, 0x10a2, 0x10a2, 0x10a2, 0x10a2, 0x10a2, 0x10a2, 0x10a2, 0x10a2, 0x18c3, 0x0861, 
	0x4228, 0x94b2, 0x8c71, 0x8c71, 0x8c71, 0x2945, 0x1082, 0x10a2, 0x10a2, 0x10a2, 0x10a2, 0x10a2, 0x10a2, 0x10a2, 0x10a2, 0x10a2, 
	0x10a2, 0x10a2, 0x10a2, 0x10a2, 0x10a2, 0x10a2, 0x10a2, 0x18c2, 0x0882, 0x4122, 0xeac0, 0xe2c0, 0xf320, 0xfb60, 0xfb40, 0xfb40, 
	0xfb40, 0xfb20, 0xfb20, 0xfb20, 0xfb20, 0xfb40, 0x5962, 0x0083, 0x18c2, 0x10a2, 0x10a2, 0x10a2, 0x10a2, 0x10a2, 0x10a2, 0x10a2, 
	0x10a2, 0x10c2, 0x1082, 0x1082, 0x2965, 0x630c, 0x8c51, 0x94b2, 0x8c71, 0x8c51, 0x8c51, 0x8c71, 0x8c71, 0x8c51, 0x8c51, 0x8c51, 
	0x8c51, 0x94b2, 0x528a, 0x1082, 0x1082, 0x39c7, 0x9492, 0x8c51, 0x8c51, 0x8c51, 0x8c71, 0x8c71, 0x8c51, 0x8c71, 0x94b2, 0x7bcf, 
	0x2965, 0x0861, 0x10a2, 0x10a2, 0x10a2, 0x10a2, 0x10a2, 0x10a2, 0x10a2, 0x18a2, 0x0083, 0x79c1, 0xfb60, 0xfb40, 0xfb40, 0xfb40, 
	0xfb20, 0xfb20, 0xfb20, 0xfb20, 0xfb40, 0xfb20, 0xe2c0, 0xe2c0, 0x3902, 0x0882, 0x18a2, 0x10a2, 0x10a2, 0x10a2, 0x10a2, 0x10a2, 
	0x10a2, 0x10a2, 0x10a2, 0x10a2, 0x10a2, 0x10a2, 0x10a2, 0x10a2, 0x10a2, 0x10a2, 0x10a2, 0x10a2, 0x7bce, 0x9492, 0x8c51, 0x94b2, 
	0x6b6d, 0x1082, 0x10a2, 0x10a2, 0x10a2, 0x10a2, 0x10a2, 0x10a2, 0x10a2, 0x10a2, 0x10a2, 0x10a2, 0x10a2, 0x10a2, 0x10a2, 0x10a2, 
	0x10a2, 0x10a2, 0x10a2, 0x10a2, 0x10a2, 0x10a2, 0x10a2, 0x10a2, 0x10a2, 0x10a2, 0x10a2, 0x10a2, 0x10a2, 0x10a2, 0x10a2, 0x10a2, 
	0x10a2, 0x10a2, 0x10a2, 0x10a2, 0x10a2, 0x10a2, 0x10a2, 0x10a2, 0x10a2, 0x10a2, 0x10a2, 0x10a2, 0x10a2, 0x10a2, 0x10a2, 0x10a2, 
	0x10a2, 0x10a2, 0x10a2, 0x10a2, 0x10a2, 0x10a2, 0x10a2, 0x10a2, 0x10a2, 0x10a2, 0x10a2, 0x10a2, 0x10a2, 0x10a2, 0x10a2, 0x10a2, 
	0x10a2, 0x10a2, 0x10a2, 0x10a2, 0x10a2, 0x10a2, 0x10a2, 0x10a2, 0x10a2, 0x10a2, 0x10a2, 0x10a2, 0x10a2, 0x10a2, 0x10a2, 0x10a2, 
	0x10a2, 0x10a2, 0x10a2, 0x10a2, 0x10a2, 0x10a2, 0x10a2, 0x10a2, 0x10a2, 0x10a2, 0x10a2, 0x10a2, 0x10a2, 0x10a2, 0x10a2, 0x10a2, 
	0x10a2, 0x10a2, 0x10a2, 0x10a2, 0x10a2, 0x10a2, 0x10a2, 0x10a2, 0x10a2, 0x10a2, 0x10a2, 0x10a2, 0x10a2, 0x10a2, 0x18c3, 0x0861, 
	0x4a89, 0x9cd3, 0x8c71, 0x9492, 0x8c51, 0x2104, 0x1082, 0x10a2, 0x10a2, 0x10a2, 0x10a2, 0x10a2, 0x10a2, 0x10a2, 0x10a2, 0x10a2, 
	0x10a2, 0x10a2, 0x10a2, 0x10a2, 0x10a2, 0x10a2, 0x10a2, 0x18c2, 0x08a2, 0x4122, 0xeac0, 0xe2c0, 0xe2e0, 0xfb60, 0xfb40, 0xfb40, 
	0xfb40, 0xfb20, 0xfb20, 0xfb20, 0xfb20, 0xfb40, 0xfb20, 0x4922, 0x0082, 0x18c2, 0x10a2, 0x10a2, 0x10a2, 0x10a2, 0x10a2, 0x10a2, 
	0x10a2, 0x10a2, 0x10a2, 0x10a2, 0x1082, 0x0861, 0x2124, 0x52aa, 0x8410, 0x9492, 0x9492, 0x8c51, 0x8c51, 0x8c51, 0x8c51, 0x8c71, 
	0x8c51, 0x9492, 0x7bcf, 0x10a2, 0x10a2, 0x18c3, 0x7bef, 0x8c71, 0x8c51, 0x8c51, 0x8c71, 0x8c51, 0x8c71, 0x94b2, 0x5aeb, 0x18c3, 
	0x1082, 0x10c2, 0x10a2, 0x10a2, 0x10a2, 0x10a2, 0x10a2, 0x10a2, 0x18c2, 0x0083, 0x6161, 0xfb20, 0xfb20, 0xfb40, 0xfb40, 0xfb40, 
	0xfb40, 0xfb20, 0xfb20, 0xfb20, 0xfb40, 0xeac0, 0xe2a0, 0xe2c0, 0x3902, 0x08a2, 0x18a2, 0x10a2, 0x10a2, 0x10a2, 0x10a2, 0x10a2, 
	0x10a2, 0x10a2, 0x10a2, 0x10a2, 0x10a2, 0x10a2, 0x10a2, 0x10a2, 0x10a2, 0x10a2, 0x10a2, 0x1082, 0x6b4d, 0x94b2, 0x8c51, 0x9492, 
	0x7bcf, 0x10a2, 0x10a2, 0x10a2, 0x10a2, 0x10a2, 0x10a2, 0x10a2, 0x10a2, 0x10a2, 0x10a2, 0x10a2, 0x10a2, 0x10a2, 0x10a2, 0x10a2, 
	0x10a2, 0x10a2, 0x10a2, 0x10a2, 0x10a2, 0x10a2, 0x10a2, 0x10a2, 0x10a2, 0x10a2, 0x10a2, 0x10a2, 0x10a2, 0x10a2, 0x10a2, 0x10a2, 
	0x10a2, 0x10a2, 0x10a2, 0x10a2, 0x10a2, 0x10a2, 0x10a2, 0x10a2, 0x10a2, 0x10a2, 0x10a2, 0x10a2, 0x10a2, 0x10a2, 0x10a2, 0x10a2, 
	0x10a2, 0x10a2, 0x10a2, 0x10a2, 0x10a2, 0x10a2, 0x10a2, 0x10a2, 0x10a2, 0x10a2, 0x10a2, 0x10a2, 0x10a2, 0x10a2, 0x10a2, 0x10a2, 
	0x10a2, 0x10a2, 0x10a2, 0x10a2, 0x10a2, 0x10a2, 0x10a2, 0x10a2, 0x10a2, 0x10a2, 0x10a2, 0x10a2, 0x10a2, 0x10a2, 0x10a2, 0x10a2, 
	0x10a2, 0x10a2, 0x10a2, 0x10a2, 0x10a2, 0x10a2, 0x10a2, 0x10a2, 0x10a2, 0x10a2, 0x10a2, 0x10a2, 0x10a2, 0x10a2, 0x10a2, 0x10a2, 
	0x10a2, 0x10a2, 0x10a2, 0x10a2, 0x10a2, 0x10a2, 0x10a2, 0x10a2, 0x10a2, 0x10a2, 0x10a2, 0x10a2, 0x10a2, 0x10a2, 0x18c3, 0x0861, 
	0x5acb, 0x9cd3, 0x8c71, 0x9492, 0x8430, 0x18e3, 0x10a2, 0x10a2, 0x10a2, 0x10a2, 0x10a2, 0x10a2, 0x10a2, 0x10a2, 0x10a2, 0x10a2, 
	0x10a2, 0x10a2, 0x10a2, 0x10a2, 0x10a2, 0x10a2, 0x10a2, 0x18c2, 0x08a2, 0x4122, 0xeac0, 0xe2c0, 0xdac0, 0xeb00, 0xfb60, 0xfb40, 
	0xfb40, 0xfb20, 0xfb20, 0xfb20, 0xfb20, 0xfb20, 0xfb40, 0xf320, 0x4922, 0x0082, 0x18c2, 0x10a2, 0x10a2, 0x10a2, 0x10a2, 0x10a2, 
	0x10a2, 0x10a2, 0x10a2, 0x10a2, 0x10a2, 0x10c2, 0x1082, 0x0861, 0x18e3, 0x4228, 0x73ae, 0x9492, 0x9492, 0x8c71, 0x8c51, 0x8c51, 
	0x8c71, 0x8c71, 0x9492, 0x3186, 0x1082, 0x0861, 0x5aeb, 0x9492, 0x8c51, 0x8c51, 0x8c51, 0x9492, 0x8430, 0x39e7, 0x0861, 0x10a2, 
	0x18c2, 0x10a2, 0x10a2, 0x10a2, 0x10a2, 0x10a2, 0x10a2, 0x18a2, 0x0082, 0x5962, 0xfb20, 0xfb20, 0xfb20, 0xfb20, 0xfb40, 0xfb40, 
	0xfb40, 0xfb40, 0xfb40, 0xfb40, 0xfb20, 0xe2a0, 0xe2a0, 0xe2a0, 0x30e2, 0x08a2, 0x18a2, 0x10a2, 0x10a2, 0x10a2, 0x10a2, 0x10a2, 
	0x10a2, 0x10a2, 0x10a2, 0x10a2, 0x10a2, 0x10a2, 0x10a2, 0x10a2, 0x10a2, 0x10a2, 0x18c3, 0x1081, 0x630c, 0x94b2, 0x8c51, 0x9492, 
	0x8410, 0x18c3, 0x10a2, 0x10a2, 0x10a2, 0x10a2, 0x10a2, 0x10a2, 0x10a2, 0x10a2, 0x10a2, 0x10a2, 0x10a2, 0x10a2, 0x10a2, 0x10a2, 
	0x10a2, 0x10a2, 0x10a2, 0x10a2, 0x10a2, 0x10a2, 0x10a2, 0x10a2, 0x10a2, 0x10a2, 0x10a2, 0x10a2, 0x10a2, 0x10a2, 0x10a2, 0x10a2, 
	0x10a2, 0x10a2, 0x10a2, 0x10a2, 0x10a2, 0x10a2, 0x10a2, 0x10a2, 0x10a2, 0x10a2, 0x10a2, 0x10a2, 0x10a2, 0x10a2, 0x10a2, 0x10a2, 
	0x10a2, 0x10a2, 0x10a2, 0x10a2, 0x10a2, 0x10a2, 0x10a2, 0x10a2, 0x10a2, 0x10a2, 0x10a2, 0x10a2, 0x10a2, 0x10a2, 0x10a2, 0x10a2, 
	0x10a2, 0x10a2, 0x10a2, 0x10a2, 0x10a2, 0x10a2, 0x10a2, 0x10a2, 0x10a2, 0x10a2, 0x10a2, 0x10a2, 0x10a2, 0x10a2, 0x10a2, 0x10a2, 
	0x10a2, 0x10a2, 0x10a2, 0x10a2, 0x10a2, 0x10a2, 0x10a2, 0x10a2, 0x10a2, 0x10a2, 0x10a2, 0x10a2, 0x10a2, 0x10a2, 0x10a2, 0x10a2, 
	0x10a2, 0x10a2, 0x10a2, 0x10a2, 0x10a2, 0x10a2, 0x10a2, 0x10a2, 0x10a2, 0x10a2, 0x10a2, 0x10a2, 0x10a2, 0x10a2, 0x18c3, 0x0861, 
	0x5aeb, 0x9cd3, 0x8c71, 0x9492, 0x8c51, 0x1904, 0x10a2, 0x10a2, 0x10a2, 0x10a2, 0x10a2, 0x10a2, 0x10a2, 0x10a2, 0x10a2, 0x10a2, 
	0x10a2, 0x10a2, 0x10a2, 0x10a2, 0x10a2, 0x10a2, 0x10a2, 0x18a2, 0x10a2, 0x3102, 0xdaa1, 0xe2c0, 0xe2c0, 0xe2c0, 0xfb40, 0xfb40, 
	0xfb20, 0xfb20, 0xfb20, 0xfb20, 0xfb20, 0xfb20, 0xfb20, 0xfb40, 0xfb20, 0x5142, 0x0083, 0x18a2, 0x18a2, 0x10a2, 0x10a2, 0x10a2, 
	0x10a2, 0x10a2, 0x10a2, 0x10a2, 0x10a2, 0x10a2, 0x10a2, 0x10c2, 0x10a2, 0x0861, 0x10a2, 0x31a6, 0x632c, 0x8c51, 0x94b2, 0x8c71, 
	0x8c51, 0x8c51, 0x94b2, 0x52aa, 0x1081, 0x1082, 0x3186, 0x94b2, 0x9492, 0x8c72, 0x94b2, 0x6b6d, 0x2124, 0x0861, 0x18c2, 0x10a2, 
	0x10a2, 0x10a2, 0x10a2, 0x10a2, 0x10a2, 0x18a2, 0x10a2, 0x0082, 0x6981, 0xfb20, 0xfb20, 0xfb20, 0xfb20, 0xfb20, 0xfb20, 0xfb40, 
	0xfb40, 0xfb40, 0xfb40, 0xfb40, 0xeac0, 0xe2a0, 0xe2a0, 0xdaa0, 0x28e2, 0x10a2, 0x10a2, 0x10a2, 0x10a2, 0x10a2, 0x10a2, 0x10a2, 
	0x10a2, 0x10a2, 0x10a2, 0x10a2, 0x10a2, 0x10a2, 0x10a2, 0x10a2, 0x10a2, 0x10a2, 0x18c3, 0x0861, 0x62eb, 0x94b2, 0x8c51, 0x8c72, 
	0x8430, 0x18e3, 0x10a2, 0x10a2, 0x10a2, 0x10a2, 0x10a2, 0x10a2, 0x10a2, 0x10a2, 0x10a2, 0x10a2, 0x10a2, 0x10a2, 0x10a2, 0x10a2, 
	0x10a2, 0x10a2, 0x10a2, 0x10a2, 0x10a2, 0x10a2, 0x10a2, 0x10a2, 0x10a2, 0x10a2, 0x10a2, 0x10a2, 0x10a2, 0x10a2, 0x10a2, 0x10a2, 
	0x10a2, 0x10a2, 0x10a2, 0x10a2, 0x10a2, 0x10a2, 0x10a2, 0x10a2, 0x10a2, 0x10a2, 0x10a2, 0x10a2, 0x10a2, 0x10a2, 0x10a2, 0x10a2, 
	0x10a2, 0x10a2, 0x10a2, 0x10a2, 0x10a2, 0x10a2, 0x10a2, 0x10a2, 0x10a2, 0x10a2, 0x10a2, 0x10a2, 0x10a2, 0x10a2, 0x10a2, 0x10a2, 
	0x10a2, 0x10a2, 0x10a2, 0x10a2, 0x10a2, 0x10a2, 0x10a2, 0x10a2, 0x10a2, 0x10a2, 0x10a2, 0x10a2, 0x10a2, 0x10a2, 0x10a2, 0x10a2, 
	0x10a2, 0x10a2, 0x10a2, 0x10a2, 0x10a2, 0x10a2, 0x10a2, 0x10a2, 0x10a2, 0x10a2, 0x10a2, 0x10a2, 0x10a2, 0x10a2, 0x10a2, 0x10a2, 
	0x10a2, 0x10a2, 0x10a2, 0x10a2, 0x10a2, 0x10a2, 0x10a2, 0x10a2, 0x10a2, 0x10a2, 0x10a2, 0x10a2, 0x10a2, 0x10a2, 0x18c3, 0x0861, 
	0x5aeb, 0x9cd3, 0x8c71, 0x9492, 0x8c51, 0x2104, 0x1082, 0x10a2, 0x10a2, 0x10a2, 0x10a2, 0x10a2, 0x10a2, 0x10a2, 0x10a2, 0x10a2, 
	0x10a2, 0x10a2, 0x10a2, 0x10a2, 0x10a2, 0x10a2, 0x10a2, 0x10a2, 0x10a2, 0x18c2, 0xca81, 0xeac0, 0xe2c0, 0xe2a0, 0xeae0, 0xfb40, 
	0xfb40, 0xfb20, 0xfb20, 0xfb20, 0xfb20, 0xfb20, 0xfb20, 0xfb20, 0xfb20, 0xfb20, 0x79a1, 0x0882, 0x08a2, 0x18c2, 0x10a2, 0x10a2, 
	0x10a2, 0x10a2, 0x10a2, 0x10a2, 0x10a2, 0x10a2, 0x10a2, 0x10a2, 0x10a2, 0x18c3, 0x10a2, 0x1082, 0x1082, 0x2945, 0x52aa, 0x8410, 
	0x94b2, 0x9492, 0x9492, 0x7bcf, 0x10a2, 0x10a2, 0x10a2, 0x4a49, 0x7bcf, 0x73af, 0x4a49, 0x10a2, 0x1082, 0x18c2, 0x10a2, 0x10a2, 
	0x10a2, 0x10a2, 0x10a2, 0x10a2, 0x18a2, 0x0882, 0x10a2, 0x9201, 0xfb40, 0xfb20, 0xfb20, 0xfb20, 0xfb20, 0xfb20, 0xfb20, 0xfb20, 
	0xfb40, 0xfb40, 0xfb40, 0xf300, 0xe2a0, 0xe2a0, 0xeac0, 0xca80, 0x18c2, 0x10a2, 0x10a2, 0x10a2, 0x10a2, 0x10a2, 0x10a2, 0x10a2, 
	0x10a2, 0x10a2, 0x10a2, 0x10a2, 0x10a2, 0x10a2, 0x10a2, 0x10a2, 0x10a2, 0x10a2, 0x18c3, 0x0861, 0x5b0b, 0x94b2, 0x8c51, 0x8c71, 
	0x8430, 0x18e3, 0x10a2, 0x10a2, 0x10a2, 0x10a2, 0x10a2, 0x10a2, 0x10a2, 0x10a2, 0x10a2, 0x10a2, 0x10a2, 0x10a2, 0x10a2, 0x10a2, 
	0x10a2, 0x10a2, 0x10a2, 0x10a2, 0x10a2, 0x10a2, 0x10a2, 0x10a2, 0x10a2, 0x10a2, 0x10a2, 0x10a2, 0x10a2, 0x10a2, 0x10a2, 0x10a2, 
	0x10a2, 0x10a2, 0x10a2, 0x10a2, 0x10a2, 0x10a2, 0x10a2, 0x10a2, 0x10a2, 0x10a2, 0x10a2, 0x10a2, 0x10a2, 0x10a2, 0x10a2, 0x10a2, 
	0x10a2, 0x10a2, 0x10a2, 0x10a2, 0x10a2, 0x10a2, 0x10a2, 0x10a2, 0x10a2, 0x10a2, 0x10a2, 0x10a2, 0x10a2, 0x10a2, 0x10a2, 0x10a2, 
	0x10a2, 0x10a2, 0x10a2, 0x10a2, 0x10a2, 0x10a2, 0x10a2, 0x10a2, 0x10a2, 0x10a2, 0x10a2, 0x10a2, 0x10a2, 0x10a2, 0x10a2, 0x10a2, 
	0x10a2, 0x10a2, 0x10a2, 0x10a2, 0x10a2, 0x10a2, 0x10a2, 0x10a2, 0x10a2, 0x10a2, 0x10a2, 0x10a2, 0x10a2, 0x10a2, 0x10a2, 0x10a2, 
	0x10a2, 0x10a2, 0x10a2, 0x10a2, 0x10a2, 0x10a2, 0x10a2, 0x10a2, 0x10a2, 0x10a2, 0x10a2, 0x10a2, 0x10a2, 0x10a2, 0x18c3, 0x0861, 
	0x5aeb, 0x9cd3, 0x8c71, 0x9492, 0x8c71, 0x2945, 0x1082, 0x10a2, 0x10a2, 0x10a2, 0x10a2, 0x10a2, 0x10a2, 0x10a2, 0x10a2, 0x10a2, 
	0x10a2, 0x10a2, 0x10a2, 0x10a2, 0x10a2, 0x10a2, 0x10a2, 0x10a2, 0x18a2, 0x08a2, 0xb241, 0xeae0, 0xe2c0, 0xe2c0, 0xe2c0, 0xf300, 
	0xfb40, 0xfb40, 0xfb20, 0xfb20, 0xfb20, 0xfb20, 0xfb20, 0xfb20, 0xfb20, 0xfb20, 0xfb40, 0xba60, 0x28c2, 0x0082, 0x10a2, 0x18a2, 
	0x10a2, 0x10a2, 0x10a2, 0x10a2, 0x10a2, 0x10a2, 0x10a2, 0x10a2, 0x10a2, 0x10a2, 0x10a2, 0x10a2, 0x18c2, 0x1082, 0x0861, 0x18c3, 
	0x4228, 0x73ae, 0x8c71, 0x6b6d, 0x10a2, 0x10a2, 0x10a2, 0x0861, 0x10a2, 0x10a2, 0x0881, 0x10a2, 0x10a2, 0x10a2, 0x10a2, 0x10a2, 
	0x10a2, 0x10a2, 0x18a2, 0x10a2, 0x0082, 0x30e2, 0xca80, 0xfb40, 0xfb00, 0xfb20, 0xfb20, 0xfb20, 0xfb20, 0xfb20, 0xfb20, 0xfb20, 
	0xfb20, 0xfb40, 0xfb20, 0xe2a0, 0xe2a0, 0xe2a0, 0xeac0, 0xb221, 0x08a2, 0x10a2, 0x10a2, 0x10a2, 0x10a2, 0x10a2, 0x10a2, 0x10a2, 
	0x10a2, 0x10a2, 0x10a2, 0x10a2, 0x10a2, 0x10a2, 0x10a2, 0x10a2, 0x10a2, 0x10a2, 0x18a2, 0x1081, 0x630c, 0x94b2, 0x8c51, 0x8c71, 
	0x8410, 0x18e3, 0x10a2, 0x10a2, 0x10a2, 0x10a2, 0x10a2, 0x10a2, 0x10a2, 0x10a2, 0x10a2, 0x10a2, 0x10a2, 0x10a2, 0x10a2, 0x10a2, 
	0x10a2, 0x10a2, 0x10a2, 0x10a2, 0x10a2, 0x10a2, 0x10a2, 0x10a2, 0x10a2, 0x10a2, 0x10a2, 0x10a2, 0x10a2, 0x10a2, 0x10a2, 0x10a2, 
	0x10a2, 0x10a2, 0x10a2, 0x10a2, 0x10a2, 0x10a2, 0x10a2, 0x10a2, 0x10a2, 0x10a2, 0x10a2, 0x10a2, 0x10a2, 0x10a2, 0x10a2, 0x10a2, 
	0x10a2, 0x10a2, 0x10a2, 0x10a2, 0x10a2, 0x10a2, 0x10a2, 0x10a2, 0x10a2, 0x10a2, 0x10a2, 0x10a2, 0x10a2, 0x10a2, 0x10a2, 0x10a2, 
	0x10a2, 0x10a2, 0x10a2, 0x10a2, 0x10a2, 0x10a2, 0x10a2, 0x10a2, 0x10a2, 0x10a2, 0x10a2, 0x10a2, 0x10a2, 0x10a2, 0x10a2, 0x10a2, 
	0x10a2, 0x10a2, 0x10a2, 0x10a2, 0x10a2, 0x10a2, 0x10a2, 0x10a2, 0x10a2, 0x10a2, 0x10a2, 0x10a2, 0x10a2, 0x10a2, 0x10a2, 0x10a2, 
	0x10a2, 0x10a2, 0x10a2, 0x10a2, 0x10a2, 0x10a2, 0x10a2, 0x10a2, 0x10a2, 0x10a2, 0x10a2, 0x10a2, 0x10a2, 0x10a2, 0x18c3, 0x0861, 
	0x528a, 0x9cd3, 0x8c71, 0x8c71, 0x94b2, 0x31a6, 0x1082, 0x10a2, 0x10a2, 0x10a2, 0x10a2, 0x10a2, 0x10a2, 0x10a2, 0x10a2, 0x10a2, 
	0x10a2, 0x10a2, 0x10a2, 0x10a2, 0x10a2, 0x10a2, 0x10a2, 0x10a2, 0x18c2, 0x0882, 0x81c1, 0xf2e0, 0xe2c0, 0xe2c0, 0xe2c0, 0xe2c0, 
	0xf320, 0xfb40, 0xfb40, 0xfb20, 0xfb20, 0xfb20, 0xfb20, 0xfb20, 0xfb20, 0xfb20, 0xfb20, 0xfb60, 0xeb00, 0x69a1, 0x10a2, 0x0882, 
	0x18a2, 0x18a2, 0x10a2, 0x10a2, 0x10a2, 0x10a2, 0x10a2, 0x10a2, 0x10a2, 0x10a2, 0x10a2, 0x10a2, 0x10a2, 0x18c3, 0x18c3, 0x10a2, 
	0x0861, 0x10a2, 0x2124, 0x18c3, 0x10a2, 0x10a2, 0x10a2, 0x18c3, 0x10a2, 0x10a2, 0x18c3, 0x10a2, 0x10a2, 0x10a2, 0x10a2, 0x10a2, 
	0x18a2, 0x10a2, 0x0882, 0x10a2, 0x79a1, 0xf300, 0xfb40, 0xfb00, 0xfb20, 0xfb20, 0xfb20, 0xfb20, 0xfb20, 0xfb20, 0xfb20, 0xfb20, 
	0xfb40, 0xfb20, 0xe2c0, 0xe2a0, 0xe2a0, 0xe2a0, 0xf2e0, 0x89c1, 0x0082, 0x18a2, 0x10a2, 0x10a2, 0x10a2, 0x10a2, 0x10a2, 0x10a2, 
	0x10a2, 0x10a2, 0x10a2, 0x10a2, 0x10a2, 0x10a2, 0x10a2, 0x10a2, 0x10a2, 0x10a2, 0x10a2, 0x1082, 0x6b6d, 0x9492, 0x8c51, 0x9492, 
	0x7bef, 0x18c3, 0x10a2, 0x10a2, 0x10a2, 0x10a2, 0x10a2, 0x10a2, 0x10a2, 0x10a2, 0x10a2, 0x10a2, 0x10a2, 0x10a2, 0x10a2, 0x10a2, 
	0x10a2, 0x10a2, 0x10a2, 0x10a2, 0x10a2, 0x10a2, 0x10a2, 0x10a2, 0x10a2, 0x10a2, 0x10a2, 0x10a2, 0x10a2, 0x10a2, 0x10a2, 0x10a2, 
	0x10a2, 0x10a2, 0x10a2, 0x10a2, 0x10a2, 0x10a2, 0x10a2, 0x10a2, 0x10a2, 0x10a2, 0x10a2, 0x10a2, 0x10a2, 0x10a2, 0x10a2, 0x10a2, 
	0x10a2, 0x10a2, 0x10a2, 0x10a2, 0x10a2, 0x10a2, 0x10a2, 0x10a2, 0x10a2, 0x10a2, 0x10a2, 0x10a2, 0x10a2, 0x10a2, 0x10a2, 0x10a2, 
	0x10a2, 0x10a2, 0x10a2, 0x10a2, 0x10a2, 0x10a2, 0x10a2, 0x10a2, 0x10a2, 0x10a2, 0x10a2, 0x10a2, 0x10a2, 0x10a2, 0x10a2, 0x10a2, 
	0x10a2, 0x10a2, 0x10a2, 0x10a2, 0x10a2, 0x10a2, 0x10a2, 0x10a2, 0x10a2, 0x10a2, 0x10a2, 0x10a2, 0x10a2, 0x10a2, 0x10a2, 0x10a2, 
	0x10a2, 0x10a2, 0x10a2, 0x10a2, 0x10a2, 0x10a2, 0x10a2, 0x10a2, 0x10a2, 0x10a2, 0x10a2, 0x10a2, 0x10a2, 0x10a2, 0x18c3, 0x0861, 
	0x4a69, 0x9cd3, 0x8c71, 0x8c71, 0x94b2, 0x4208, 0x0861, 0x18c3, 0x10a2, 0x10a2, 0x10a2, 0x10a2, 0x10a2, 0x10a2, 0x10a2, 0x10a2, 
	0x10a2, 0x10a2, 0x10a2, 0x10a2, 0x10a2, 0x10a2, 0x10a2, 0x10a2, 0x18c2, 0x08a2, 0x4942, 0xeac0, 0xe2c0, 0xe2c0, 0xe2c0, 0xe2c0, 
	0xe2c0, 0xf320, 0xfb40, 0xfb40, 0xfb20, 0xfb20, 0xfb20, 0xfb20, 0xfb20, 0xfb20, 0xfb20, 0xfb20, 0xfb40, 0xfb60, 0xcaa0, 0x4942, 
	0x0882, 0x0883, 0x10a2, 0x18c2, 0x18a2, 0x10a2, 0x10a2, 0x10a2, 0x10a2, 0x10a2, 0x10a2, 0x10a2, 0x10a2, 0x10a2, 0x10a2, 0x10a2, 
	0x18c3, 0x10a2, 0x1082, 0x10a2, 0x10a2, 0x10a2, 0x10a2, 0x10a2, 0x10a2, 0x10a2, 0x10a2, 0x10a2, 0x10a2, 0x18a2, 0x18a2, 0x10a2, 
	0x0082, 0x0882, 0x5962, 0xd2c0, 0xfb40, 0xfb20, 0xfb00, 0xfb20, 0xfb20, 0xfb20, 0xfb20, 0xfb20, 0xfb20, 0xfb20, 0xfb20, 0xfb40, 
	0xfb40, 0xeae0, 0xe2a0, 0xe2a0, 0xe2a0, 0xe2a0, 0xf2c0, 0x5942, 0x0882, 0x18a2, 0x10a2, 0x10a2, 0x10a2, 0x10a2, 0x10a2, 0x10a2, 
	0x10a2, 0x10a2, 0x10a2, 0x10a2, 0x10a2, 0x10a2, 0x10a2, 0x10a2, 0x10a2, 0x10a2, 0x10a2, 0x10a2, 0x73ae, 0x9492, 0x8c51, 0x9492, 
	0x7bcf, 0x10a2, 0x10a2, 0x10a2, 0x10a2, 0x10a2, 0x10a2, 0x10a2, 0x10a2, 0x10a2, 0x10a2, 0x10a2, 0x10a2, 0x10a2, 0x10a2, 0x10a2, 
	0x10a2, 0x10a2, 0x10a2, 0x10a2, 0x10a2, 0x10a2, 0x10a2, 0x10a2, 0x10a2, 0x10a2, 0x10a2, 0x10a2, 0x10a2, 0x10a2, 0x10a2, 0x10a2, 
	0x10a2, 0x10a2, 0x10a2, 0x10a2, 0x10a2, 0x10a2, 0x10a2, 0x10a2, 0x10a2, 0x10a2, 0x10a2, 0x10a2, 0x10a2, 0x10a2, 0x10a2, 0x10a2, 
	0x10a2, 0x10a2, 0x10a2, 0x10a2, 0x10a2, 0x10a2, 0x10a2, 0x10a2, 0x10a2, 0x10a2, 0x10a2, 0x10a2, 0x10a2, 0x10a2, 0x10a2, 0x10a2, 
	0x10a2, 0x10a2, 0x10a2, 0x10a2, 0x10a2, 0x10a2, 0x10a2, 0x10a2, 0x10a2, 0x10a2, 0x10a2, 0x10a2, 0x10a2, 0x10a2, 0x10a2, 0x10a2, 
	0x10a2, 0x10a2, 0x10a2, 0x10a2, 0x10a2, 0x10a2, 0x10a2, 0x10a2, 0x10a2, 0x10a2, 0x10a2, 0x10a2, 0x10a2, 0x10a2, 0x10a2, 0x10a2, 
	0x10a2, 0x10a2, 0x10a2, 0x10a2, 0x10a2, 0x10a2, 0x10a2, 0x10a2, 0x10a2, 0x10a2, 0x10a2, 0x10a2, 0x10a2, 0x10a2, 0x18c3, 0x0881, 
	0x4208, 0x94b3, 0x8c71, 0x8c71, 0x94b3, 0x52aa, 0x0861, 0x18c3, 0x10a2, 0x10a2, 0x10a2, 0x10a2, 0x10a2, 0x10a2, 0x10a2, 0x10a2, 
	0x10a2, 0x10a2, 0x10a2, 0x10a2, 0x10a2, 0x10a2, 0x10a2, 0x10a2, 0x10a2, 0x10a2, 0x18c2, 0xca60, 0xeac0, 0xe2c0, 0xe2c0, 0xe2c0, 
	0xe2c0, 0xe2c0, 0xfb20, 0xfb40, 0xfb40, 0xfb40, 0xfb40, 0xfb40, 0xfb20, 0xfb20, 0xfb20, 0xfb20, 0xfb20, 0xfb20, 0xfb40, 0xfb40, 
	0xba80, 0x5961, 0x18a2, 0x0082, 0x0882, 0x10a2, 0x18a2, 0x18a2, 0x10a2, 0x10a2, 0x10a2, 0x10a2, 0x10a2, 0x10a2, 0x10a2, 0x10a2, 
	0x10a2, 0x10a2, 0x10c2, 0x10a2, 0x10a2, 0x10a2, 0x10a2, 0x10a2, 0x10a2, 0x10a2, 0x18c2, 0x18a2, 0x10a2, 0x0882, 0x0083, 0x18a2, 
	0x6161, 0xc281, 0xfb40, 0xfb40, 0xfb20, 0xfb20, 0xfb20, 0xfb20, 0xfb20, 0xfb20, 0xfb20, 0xfb20, 0xfb20, 0xfb20, 0xfb20, 0xfb40, 
	0xeae0, 0xe2a0, 0xe2c0, 0xe2c0, 0xe2c0, 0xe2c0, 0xdaa0, 0x28c2, 0x10a2, 0x10a2, 0x10a2, 0x10a2, 0x10a2, 0x10a2, 0x10a2, 0x10a2, 
	0x10a2, 0x10a2, 0x10a2, 0x10a2, 0x10a2, 0x10a2, 0x10a2, 0x10a2, 0x10a2, 0x10a2, 0x10a2, 0x18c3, 0x8410, 0x9492, 0x8c51, 0x9492, 
	0x6b6d, 0x1082, 0x18c2, 0x10a2, 0x10a2, 0x10a2, 0x10a2, 0x10a2, 0x10a2, 0x10a2, 0x10a2, 0x10a2, 0x10a2, 0x10a2, 0x10a2, 0x10a2, 
	0x10a2, 0x10a2, 0x10a2, 0x10a2, 0x10a2, 0x10a2, 0x10a2, 0x10a2, 0x10a2, 0x10a2, 0x10a2, 0x10a2, 0x10a2, 0x10a2, 0x10a2, 0x10a2, 
	0x10a2, 0x10a2, 0x10a2, 0x10a2, 0x10a2, 0x10a2, 0x10a2, 0x10a2, 0x10a2, 0x10a2, 0x10a2, 0x10a2, 0x10a2, 0x10a2, 0x10a2, 0x10a2, 
	0x10a2, 0x10a2, 0x10a2, 0x10a2, 0x10a2, 0x10a2, 0x10a2, 0x10a2, 0x10a2, 0x10a2, 0x10a2, 0x10a2, 0x10a2, 0x10a2, 0x10a2, 0x10a2, 
	0x10a2, 0x10a2, 0x10a2, 0x10a2, 0x10a2, 0x10a2, 0x10a2, 0x10a2, 0x10a2, 0x10a2, 0x10a2, 0x10a2, 0x10a2, 0x10a2, 0x10a2, 0x10a2, 
	0x10a2, 0x10a2, 0x10a2, 0x10a2, 0x10a2, 0x10a2, 0x10a2, 0x10a2, 0x10a2, 0x10a2, 0x10a2, 0x10a2, 0x10a2, 0x10a2, 0x10a2, 0x10a2, 
	0x10a2, 0x10a2, 0x10a2, 0x10a2, 0x10a2, 0x10a2, 0x10a2, 0x10a2, 0x10a2, 0x10a2, 0x10a2, 0x10a2, 0x10a2, 0x10a2, 0x18c2, 0x1082, 
	0x3186, 0x9492, 0x8c71, 0x8c71, 0x94b2, 0x738d, 0x1082, 0x10a2, 0x10a2, 0x10a2, 0x10a2, 0x10a2, 0x10a2, 0x10a2, 0x10a2, 0x10a2, 
	0x10a2, 0x10a2, 0x10a2, 0x10a2, 0x10a2, 0x10a2, 0x10a2, 0x10a2, 0x10a2, 0x18c2, 0x0882, 0x89c1, 0xf2e0, 0xe2c0, 0xe2c0, 0xe2c0, 
	0xe2c0, 0xe2c0, 0xe2c0, 0xf320, 0xfb60, 0xfb40, 0xfb40, 0xfb40, 0xfb40, 0xfb40, 0xfb20, 0xfb20, 0xfb20, 0xfb20, 0xfb20, 0xfb20, 
	0xfb40, 0xfb40, 0xdae0, 0x89e1, 0x3902, 0x1082, 0x0062, 0x0882, 0x10a2, 0x10a2, 0x18c2, 0x18c2, 0x18c2, 0x18c2, 0x18c2, 0x18c2, 
	0x18c2, 0x18c2, 0x18c2, 0x18c2, 0x18c2, 0x18c2, 0x18c2, 0x18c2, 0x10a2, 0x10a2, 0x0882, 0x0082, 0x10a2, 0x4122, 0x9201, 0xe2e0, 
	0xfb40, 0xfb40, 0xfb20, 0xfb20, 0xfb20, 0xfb20, 0xfb20, 0xfb20, 0xfb20, 0xfb20, 0xfb20, 0xfb20, 0xfb20, 0xfb20, 0xfb20, 0xeae0, 
	0xe2a0, 0xe2c0, 0xe2c0, 0xe2c0, 0xe2c0, 0xf2e0, 0xa221, 0x0882, 0x18a2, 0x10a2, 0x10a2, 0x10a2, 0x10a2, 0x10a2, 0x10a2, 0x10a2, 
	0x10a2, 0x10a2, 0x10a2, 0x10a2, 0x10a2, 0x10a2, 0x10a2, 0x10a2, 0x10a2, 0x10a2, 0x1082, 0x2124, 0x8c51, 0x8c71, 0x8c51, 0x94b2, 
	0x5aeb, 0x0861, 0x18c3, 0x10a2, 0x10a2, 0x10a2, 0x10a2, 0x10a2, 0x10a2, 0x10a2, 0x10a2, 0x10a2, 0x10a2, 0x10a2, 0x10a2, 0x10a2, 
	0x10a2, 0x10a2, 0x10a2, 0x10a2, 0x10a2, 0x10a2, 0x10a2, 0x10a2, 0x10a2, 0x10a2, 0x10a2, 0x10a2, 0x10a2, 0x10a2, 0x10a2, 0x10a2, 
	0x10a2, 0x10a2, 0x10a2, 0x10a2, 0x10a2, 0x10a2, 0x10a2, 0x10a2, 0x10a2, 0x10a2, 0x10a2, 0x10a2, 0x10a2, 0x10a2, 0x10a2, 0x10a2, 
	0x10a2, 0x10a2, 0x10a2, 0x10a2, 0x10a2, 0x10a2, 0x10a2, 0x10a2, 0x10a2, 0x10a2, 0x10a2, 0x10a2, 0x10a2, 0x10a2, 0x10a2, 0x10a2, 
	0x10a2, 0x10a2, 0x10a2, 0x10a2, 0x10a2, 0x10a2, 0x10a2, 0x10a2, 0x10a2, 0x10a2, 0x10a2, 0x10a2, 0x10a2, 0x10a2, 0x10a2, 0x10a2, 
	0x10a2, 0x10a2, 0x10a2, 0x10a2, 0x10a2, 0x10a2, 0x10a2, 0x10a2, 0x10a2, 0x10a2, 0x10a2, 0x10a2, 0x10a2, 0x10a2, 0x10a2, 0x10a2, 
	0x10a2, 0x10a2, 0x10a2, 0x10a2, 0x10a2, 0x10a2, 0x10a2, 0x10a2, 0x10a2, 0x10a2, 0x10a2, 0x10a2, 0x10a2, 0x10a2, 0x10c2, 0x10a2, 
	0x2104, 0x8c51, 0x9492, 0x8c71, 0x9492, 0x8430, 0x2103, 0x10a2, 0x10a2, 0x10a2, 0x10a2, 0x10a2, 0x10a2, 0x10a2, 0x10a2, 0x10a2, 
	0x10a2, 0x10a2, 0x10a2, 0x10a2, 0x10a2, 0x10a2, 0x10a2, 0x10a2, 0x10a2, 0x18c2, 0x08a2, 0x3902, 0xe2a0, 0xe2c0, 0xe2c0, 0xe2c0, 
	0xe2c0, 0xe2c0, 0xe2c0, 0xe2c0, 0xf320, 0xfb60, 0xfb40, 0xfb40, 0xfb40, 0xfb40, 0xfb40, 0xfb40, 0xfb20, 0xfb20, 0xfb20, 0xfb20, 
	0xfb20, 0xfb20, 0xfb40, 0xfb60, 0xfb40, 0xcaa0, 0x89e1, 0x5142, 0x28e2, 0x10a2, 0x0082, 0x0082, 0x0883, 0x0883, 0x0882, 0x08a2, 
	0x08a2, 0x08a2, 0x08a2, 0x0882, 0x0883, 0x0883, 0x0083, 0x0882, 0x10a2, 0x28e2, 0x5162, 0x9201, 0xd2a0, 0xfb20, 0xfb40, 0xfb40, 
	0xfb20, 0xfb20, 0xfb20, 0xfb20, 0xfb20, 0xfb20, 0xfb20, 0xfb20, 0xfb40, 0xfb40, 0xfb40, 0xfb40, 0xfb40, 0xfb20, 0xeac0, 0xe2a0, 
	0xe2c0, 0xe2c0, 0xe2c0, 0xe2c0, 0xe2c0, 0xf2e0, 0x5142, 0x0882, 0x18c2, 0x10a2, 0x10a2, 0x10a2, 0x10a2, 0x10a2, 0x10a2, 0x10a2, 
	0x10a2, 0x10a2, 0x10a2, 0x10a2, 0x10a2, 0x10a2, 0x10a2, 0x10a2, 0x10a2, 0x10a2, 0x0861, 0x39c6, 0x9492, 0x8c51, 0x8c51, 0x94b2, 
	0x4a49, 0x0861, 0x18c3, 0x10a2, 0x10a2, 0x10a2, 0x10a2, 0x10a2, 0x10a2, 0x10a2, 0x10a2, 0x10a2, 0x10a2, 0x10a2, 0x10a2, 0x10a2, 
	0x10a2, 0x10a2, 0x10a2, 0x10a2, 0x10a2, 0x10a2, 0x10a2, 0x10a2, 0x10a2, 0x10a2, 0x10a2, 0x10a2, 0x10a2, 0x10a2, 0x10a2, 0x10a2, 
	0x10a2, 0x10a2, 0x10a2, 0x10a2, 0x10a2, 0x10a2, 0x10a2, 0x10a2, 0x10a2, 0x10a2, 0x10a2, 0x10a2, 0x10a2, 0x10a2, 0x10a2, 0x10a2, 
	0x10a2, 0x10a2, 0x10a2, 0x10a2, 0x10a2, 0x10a2, 0x10a2, 0x10a2, 0x10a2, 0x10a2, 0x10a2, 0x10a2, 0x10a2, 0x10a2, 0x10a2, 0x10a2, 
	0x10a2, 0x10a2, 0x10a2, 0x10a2, 0x10a2, 0x10a2, 0x10a2, 0x10a2, 0x10a2, 0x10a2, 0x10a2, 0x10a2, 0x10a2, 0x10a2, 0x10a2, 0x10a2, 
	0x10a2, 0x10a2, 0x10a2, 0x10a2, 0x10a2, 0x10a2, 0x10a2, 0x10a2, 0x10a2, 0x10a2, 0x10a2, 0x10a2, 0x10a2, 0x10a2, 0x10a2, 0x10a2, 
	0x10a2, 0x10a2, 0x10a2, 0x10a2, 0x10a2, 0x10a2, 0x10a2, 0x10a2, 0x10a2, 0x10a2, 0x10a2, 0x10a2, 0x10a2, 0x10a2, 0x10a2, 0x10a2, 
	0x10a2, 0x7bcf, 0x94b2, 0x8c71, 0x8c71, 0x94b2, 0x39e7, 0x1081, 0x18c3, 0x10a2, 0x10a2, 0x10a2, 0x10a2, 0x10a2, 0x10a2, 0x10a2, 
	0x10a2, 0x10a2, 0x10a2, 0x10a2, 0x10a2, 0x10a2, 0x10a2, 0x10a2, 0x10a2, 0x10a2, 0x18c2, 0x0882, 0xa201, 0xf2e0, 0xe2c0, 0xe2c0, 
	0xe2c0, 0xe2c0, 0xe2c0, 0xe2c0, 0xe2c0, 0xeb00, 0xfb40, 0xfb40, 0xfb40, 0xfb40, 0xfb40, 0xfb40, 0xfb40, 0xfb40, 0xfb20, 0xfb20, 
	0xfb20, 0xfb20, 0xfb20, 0xfb20, 0xfb40, 0xfb60, 0xfb60, 0xfb40, 0xeb00, 0xcaa0, 0xa221, 0x79c1, 0x6181, 0x5142, 0x4142, 0x3922, 
	0x3102, 0x3102, 0x3902, 0x4142, 0x5162, 0x69a2, 0x81e1, 0xaa40, 0xcaa0, 0xeb00, 0xfb40, 0xfb60, 0xfb40, 0xfb20, 0xfb20, 0xfb20, 
	0xfb20, 0xfb20, 0xfb20, 0xfb20, 0xfb20, 0xfb20, 0xfb20, 0xfb40, 0xfb40, 0xfb40, 0xfb40, 0xfb40, 0xfb20, 0xe2c0, 0xe2a0, 0xe2c0, 
	0xe2a0, 0xe2c0, 0xe2c0, 0xe2c0, 0xf2e0, 0xc261, 0x10a3, 0x10a2, 0x10a2, 0x10a2, 0x10a2, 0x10a2, 0x10a2, 0x10a2, 0x10a2, 0x10a2, 
	0x10a2, 0x10a2, 0x10a2, 0x10a2, 0x10a2, 0x10a2, 0x10a2, 0x10a2, 0x10a2, 0x18c2, 0x0861, 0x4a69, 0x9492, 0x8c51, 0x8c51, 0x9492, 
	0x31a6, 0x1082, 0x18c3, 0x10a2, 0x10a2, 0x10a2, 0x10a2, 0x10a2, 0x10a2, 0x10a2, 0x10a2, 0x10a2, 0x10a2, 0x10a2, 0x10a2, 0x10a2, 
	0x10a2, 0x10a2, 0x10a2, 0x10a2, 0x10a2, 0x10a2, 0x10a2, 0x10a2, 0x10a2, 0x10a2, 0x10a2, 0x10a2, 0x10a2, 0x10a2, 0x10a2, 0x10a2, 
	0x10a2, 0x10a2, 0x10a2, 0x10a2, 0x10a2, 0x10a2, 0x10a2, 0x10a2, 0x10a2, 0x10a2, 0x10a2, 0x10a2, 0x10a2, 0x10a2, 0x10a2, 0x10a2, 
	0x10a2, 0x10a2, 0x10a2, 0x10a2, 0x10a2, 0x10a2, 0x10a2, 0x10a2, 0x10a2, 0x10a2, 0x10a2, 0x10a2, 0x10a2, 0x10a2, 0x10a2, 0x10a2, 
	0x10a2, 0x10a2, 0x10a2, 0x10a2, 0x10a2, 0x10a2, 0x10a2, 0x10a2, 0x10a2, 0x10a2, 0x10a2, 0x10a2, 0x10a2, 0x10a2, 0x10a2, 0x10a2, 
	0x10a2, 0x10a2, 0x10a2, 0x10a2, 0x10a2, 0x10a2, 0x10a2, 0x10a2, 0x10a2, 0x10a2, 0x10a2, 0x10a2, 0x10a2, 0x10a2, 0x10a2, 0x10a2, 
	0x10a2, 0x10a2, 0x10a2, 0x10a2, 0x10a2, 0x10a2, 0x10a2, 0x10a2, 0x10a2, 0x10a2, 0x10a2, 0x10a2, 0x10a2, 0x10a2, 0x10a2, 0x18c3, 
	0x0861, 0x5aec, 0x94d3, 0x8c71, 0x8c71, 0x94b3, 0x630c, 0x0861, 0x18c3, 0x10a2, 0x10a2, 0x10a2, 0x10a2, 0x10a2, 0x10a2, 0x10a2, 
	0x10a2, 0x10a2, 0x10a2, 0x10a2, 0x10a2, 0x10a2, 0x10a2, 0x10a2, 0x10a2, 0x10a2, 0x18c2, 0x08a2, 0x3102, 0xe2a0, 0xeac0, 0xe2c0, 
	0xe2c0, 0xe2c0, 0xe2c0, 0xe2c0, 0xe2c0, 0xe2c0, 0xeae0, 0xfb40, 0xfb40, 0xfb40, 0xfb40, 0xfb40, 0xfb40, 0xfb40, 0xfb40, 0xfb20, 
	0xfb20, 0xfb40, 0xfb40, 0xfb40, 0xfb40, 0xfb20, 0xfb20, 0xfb20, 0xfb40, 0xfb40, 0xfb60, 0xfb60, 0xfb60, 0xfb40, 0xfb40, 0xfb40, 
	0xfb20, 0xfb20, 0xfb20, 0xfb40, 0xfb40, 0xfb60, 0xfb60, 0xfb40, 0xfb40, 0xfb20, 0xfb20, 0xfb20, 0xfb20, 0xfb20, 0xfb20, 0xfb20, 
	0xfb20, 0xfb20, 0xfb40, 0xfb20, 0xfb20, 0xfb20, 0xfb20, 0xfb40, 0xfb40, 0xfb40, 0xfb40, 0xf300, 0xe2c0, 0xe2c0, 0xe2c0, 0xe2c0, 
	0xe2a0, 0xe2c0, 0xe2c0, 0xe2c0, 0xf2e0, 0x5142, 0x08a2, 0x18a2, 0x10a2, 0x10a2, 0x10a2, 0x10a2, 0x10a2, 0x10a2, 0x10a2, 0x10a2, 
	0x10a2, 0x10a2, 0x10a2, 0x10a2, 0x10a2, 0x10a2, 0x10a2, 0x10a2, 0x10a2, 0x10a2, 0x1082, 0x6b6d, 0x9492, 0x8c51, 0x8c71, 0x8430, 
	0x2104, 0x10a2, 0x10a2, 0x10a2, 0x10a2, 0x10a2, 0x10a2, 0x10a2, 0x10a2, 0x10a2, 0x10a2, 0x10a2, 0x10a2, 0x10a2, 0x10a2, 0x10a2, 
	0x10a2, 0x10a2, 0x10a2, 0x10a2, 0x10a2, 0x10a2, 0x10a2, 0x10a2, 0x10a2, 0x10a2, 0x10a2, 0x10a2, 0x10a2, 0x10a2, 0x10a2, 0x10a2, 
	0x10a2, 0x10a2, 0x10a2, 0x10a2, 0x10a2, 0x10a2, 0x10a2, 0x10a2, 0x10a2, 0x10a2, 0x10a2, 0x10a2, 0x10a2, 0x10a2, 0x10a2, 0x10a2, 
	0x10a2, 0x10a2, 0x10a2, 0x10a2, 0x10a2, 0x10a2, 0x10a2, 0x10a2, 0x10a2, 0x10a2, 0x10a2, 0x10a2, 0x10a2, 0x10a2, 0x10a2, 0x10a2, 
	0x10a2, 0x10a2, 0x10a2, 0x10a2, 0x10a2, 0x10a2, 0x10a2, 0x10a2, 0x10a2, 0x10a2, 0x10a2, 0x10a2, 0x10a2, 0x10a2, 0x10a2, 0x10a2, 
	0x10a2, 0x10a2, 0x10a2, 0x10a2, 0x10a2, 0x10a2, 0x10a2, 0x10a2, 0x10a2, 0x10a2, 0x10a2, 0x10a2, 0x10a2, 0x10a2, 0x10a2, 0x10a2, 
	0x10a2, 0x10a2, 0x10a2, 0x10a2, 0x10a2, 0x10a2, 0x10a2, 0x10a2, 0x10a2, 0x10a2, 0x10a2, 0x10a2, 0x10a2, 0x10a2, 0x10a2, 0x18c3, 
	0x1081, 0x39e7, 0x94b2, 0x8c71, 0x8c71, 0x9492, 0x8430, 0x18e3, 0x10a2, 0x10a2, 0x10a2, 0x10a2, 0x10a2, 0x10a2, 0x10a2, 0x10a2, 
	0x10a2, 0x10a2, 0x10a2, 0x10a2, 0x10a2, 0x10a2, 0x10a2, 0x10a2, 0x10a2, 0x10a2, 0x10a2, 0x18c2, 0x0083, 0x81c1, 0xfae0, 0xe2c0, 
	0xe2c0, 0xe2c0, 0xe2c0, 0xe2c0, 0xe2c0, 0xe2c0, 0xe2c0, 0xe2c0, 0xeb00, 0xfb40, 0xfb40, 0xfb40, 0xfb40, 0xfb40, 0xfb40, 0xfb20, 
	0xfb40, 0xfb40, 0xfb40, 0xfb40, 0xfb40, 0xfb40, 0xfb40, 0xfb40, 0xfb20, 0xfb20, 0xfb20, 0xfb20, 0xfb20, 0xfb20, 0xfb20, 0xfb40, 
	0xfb40, 0xfb40, 0xfb20, 0xfb20, 0xfb20, 0xfb20, 0xfb20, 0xfb20, 0xfb20, 0xfb20, 0xfb20, 0xfb20, 0xfb20, 0xfb20, 0xfb20, 0xfb20, 
	0xfb20, 0xfb40, 0xfb40, 0xfb40, 0xfb20, 0xfb20, 0xfb20, 0xfb40, 0xfb40, 0xfb20, 0xeae0, 0xe2c0, 0xe2c0, 0xe2c0, 0xe2c0, 0xe2c0, 
	0xe2c0, 0xe2c0, 0xe2a0, 0xf2e0, 0xa201, 0x0882, 0x18a2, 0x10a2, 0x10a2, 0x10a2, 0x10a2, 0x10a2, 0x10a2, 0x10a2, 0x10a2, 0x10a2, 
	0x10a2, 0x10a2, 0x10a2, 0x10a2, 0x10a2, 0x10a2, 0x10a2, 0x10a2, 0x10a2, 0x1082, 0x2124, 0x8c51, 0x8c71, 0x8c51, 0x9492, 0x738e, 
	0x1082, 0x10a2, 0x10a2, 0x10a2, 0x10a2, 0x10a2, 0x10a2, 0x10a2, 0x10a2, 0x10a2, 0x10a2, 0x10a2, 0x10a2, 0x10a2, 0x10a2, 0x10a2, 
	0x10a2, 0x10a2, 0x10a2, 0x10a2, 0x10a2, 0x10a2, 0x10a2, 0x10a2, 0x10a2, 0x10a2, 0x10a2, 0x10a2, 0x10a2, 0x10a2, 0x10a2, 0x10a2, 
	0x10a2, 0x10a2, 0x10a2, 0x10a2, 0x10a2, 0x10a2, 0x10a2, 0x10a2, 0x10a2, 0x10a2, 0x10a2, 0x10a2, 0x10a2, 0x10a2, 0x10a2, 0x10a2, 
	0x10a2, 0x10a2, 0x10a2, 0x10a2, 0x10a2, 0x10a2, 0x10a2, 0x10a2, 0x10a2, 0x10a2, 0x10a2, 0x10a2, 0x10a2, 0x10a2, 0x10a2, 0x10a2, 
	0x10a2, 0x10a2, 0x10a2, 0x10a2, 0x10a2, 0x10a2, 0x10a2, 0x10a2, 0x10a2, 0x10a2, 0x10a2, 0x10a2, 0x10a2, 0x10a2, 0x10a2, 0x10a2, 
	0x10a2, 0x10a2, 0x10a2, 0x10a2, 0x10a2, 0x10a2, 0x10a2, 0x10a2, 0x10a2, 0x10a2, 0x10a2, 0x10a2, 0x10a2, 0x10a2, 0x10a2, 0x10a2, 
	0x10a2, 0x10a2, 0x10a2, 0x10a2, 0x10a2, 0x10a2, 0x10a2, 0x10a2, 0x10a2, 0x10a2, 0x10a2, 0x10a2, 0x10a2, 0x10a2, 0x10a2, 0x10a2, 
	0x10a2, 0x2104, 0x8430, 0x9492, 0x8c71, 0x8c71, 0x94b2, 0x4208, 0x0861, 0x18c2, 0x10a2, 0x10a2, 0x10a2, 0x10a2, 0x10a2, 0x10a2, 
	0x10a2, 0x10a2, 0x10a2, 0x10a2, 0x10a2, 0x10a2, 0x10a2, 0x10a2, 0x10a2, 0x10a2, 0x10a2, 0x10a2, 0x10a2, 0x18c2, 0xc260, 0xf2c0, 
	0xe2a0, 0xe2c0, 0xe2c0, 0xe2c0, 0xe2c0, 0xe2c0, 0xe2c0, 0xe2c0, 0xe2c0, 0xe2c0, 0xf300, 0xfb40, 0xfb40, 0xfb40, 0xfb40, 0xfb20, 
	0xfb40, 0xfb40, 0xfb40, 0xfb40, 0xfb40, 0xfb40, 0xfb40, 0xfb40, 0xfb40, 0xfb40, 0xfb40, 0xfb40, 0xfb40, 0xfb40, 0xfb20, 0xfb20, 
	0xfb20, 0xfb20, 0xfb20, 0xfb20, 0xfb20, 0xfb40, 0xfb40, 0xfb40, 0xfb20, 0xfb20, 0xfb20, 0xfb20, 0xfb20, 0xfb40, 0xfb40, 0xfb40, 
	0xfb40, 0xfb40, 0xfb40, 0xfb40, 0xfb20, 0xfb40, 0xfb40, 0xfb20, 0xeae0, 0xe2c0, 0xe2c0, 0xe2c0, 0xe2c0, 0xe2c0, 0xe2c0, 0xe2c0, 
	0xe2c0, 0xe2c0, 0xeac0, 0xe2a0, 0x30e2, 0x08a2, 0x18a2, 0x10a2, 0x10a2, 0x10a2, 0x10a2, 0x10a2, 0x10a2, 0x10a2, 0x10a2, 0x10a2, 
	0x10a2, 0x10a2, 0x10a2, 0x10a2, 0x10a2, 0x10a2, 0x10a2, 0x10a2, 0x18c3, 0x0861, 0x4a49, 0x94b2, 0x8c51, 0x8c51, 0x9492, 0x528a, 
	0x0861, 0x18c3, 0x10a2, 0x10a2, 0x10a2, 0x10a2, 0x10a2, 0x10a2, 0x10a2, 0x10a2, 0x10a2, 0x10a2, 0x10a2, 0x10a2, 0x10a2, 0x10a2, 
	0x10a2, 0x10a2, 0x10a2, 0x10a2, 0x10a2, 0x10a2, 0x10a2, 0x10a2, 0x10a2, 0x10a2, 0x10a2, 0x10a2, 0x10a2, 0x10a2, 0x10a2, 0x10a2, 
	0x10a2, 0x10a2, 0x10a2, 0x10a2, 0x10a2, 0x10a2, 0x10a2, 0x10a2, 0x10a2, 0x10a2, 0x10a2, 0x10a2, 0x10a2, 0x10a2, 0x10a2, 0x10a2, 
	0x10a2, 0x10a2, 0x10a2, 0x10a2, 0x10a2, 0x10a2, 0x10a2, 0x10a2, 0x10a2, 0x10a2, 0x10a2, 0x10a2, 0x10a2, 0x10a2, 0x10a2, 0x10a2, 
	0x10a2, 0x10a2, 0x10a2, 0x10a2, 0x10a2, 0x10a2, 0x10a2, 0x10a2, 0x10a2, 0x10a2, 0x10a2, 0x10a2, 0x10a2, 0x10a2, 0x10a2, 0x10a2, 
	0x10a2, 0x10a2, 0x10a2, 0x10a2, 0x10a2, 0x10a2, 0x10a2, 0x10a2, 0x10a2, 0x10a2, 0x10a2, 0x10a2, 0x10a2, 0x10a2, 0x10a2, 0x10a2, 
	0x10a2, 0x10a2, 0x10a2, 0x10a2, 0x10a2, 0x10a2, 0x10a2, 0x10a2, 0x10a2, 0x10a2, 0x10a2, 0x10a2, 0x10a2, 0x10a2, 0x10a2, 0x10a2, 
	0x10a3, 0x0861, 0x632c, 0x94b2, 0x8c71, 0x8c71, 0x9492, 0x73ae, 0x1082, 0x10a2, 0x10a2, 0x10a2, 0x10a2, 0x10a2, 0x10a2, 0x10a2, 
	0x10a2, 0x10a2, 0x10a2, 0x10a2, 0x10a2, 0x10a2, 0x10a2, 0x10a2, 0x10a2, 0x10a2, 0x10a2, 0x10a2, 0x18c2, 0x08a2, 0x3902, 0xeac0, 
	0xeac0, 0xe2c0, 0xe2c0, 0xe2c0, 0xe2c0, 0xe2c0, 0xe2c0, 0xe2c0, 0xe2c0, 0xe2c0, 0xe2c0, 0xeae0, 0xf320, 0xfb40, 0xfb40, 0xfb40, 
	0xfb40, 0xfb40, 0xfb40, 0xfb40, 0xfb40, 0xfb40, 0xfb40, 0xfb40, 0xfb40, 0xfb40, 0xfb40, 0xfb40, 0xfb40, 0xfb40, 0xfb20, 0xfb20, 
	0xfb20, 0xfb20, 0xfb20, 0xfb20, 0xfb20, 0xfb40, 0xfb40, 0xfb40, 0xfb40, 0xfb20, 0xfb20, 0xfb20, 0xfb40, 0xfb40, 0xfb40, 0xfb40, 
	0xfb40, 0xfb40, 0xfb40, 0xfb40, 0xfb40, 0xfb20, 0xeb00, 0xe2c0, 0xe2a0, 0xe2c0, 0xe2c0, 0xe2c0, 0xe2c0, 0xe2c0, 0xe2c0, 0xe2c0, 
	0xe2c0, 0xe2c0, 0xf2c0, 0x6962, 0x0882, 0x18a2, 0x10a2, 0x10a2, 0x10a2, 0x10a2, 0x10a2, 0x10a2, 0x10a2, 0x10a2, 0x10a2, 0x10a2, 
	0x10a2, 0x10a2, 0x10a2, 0x10a2, 0x10a2, 0x10a2, 0x10a2, 0x10a2, 0x10a2, 0x10a2, 0x73ae, 0x9492, 0x8c51, 0x8c51, 0x8c71, 0x2965, 
	0x1082, 0x10a2, 0x10a2, 0x10a2, 0x10a2, 0x10a2, 0x10a2, 0x10a2, 0x10a2, 0x10a2, 0x10a2, 0x10a2, 0x10a2, 0x10a2, 0x10a2, 0x10a2, 
	0x10a2, 0x10a2, 0x10a2, 0x10a2, 0x10a2, 0x10a2, 0x10a2, 0x10a2, 0x10a2, 0x10a2, 0x10a2, 0x10a2, 0x10a2, 0x10a2, 0x10a2, 0x10a2, 
	0x10a2, 0x10a2, 0x10a2, 0x10a2, 0x10a2, 0x10a2, 0x10a2, 0x10a2, 0x10a2, 0x10a2, 0x10a2, 0x10a2, 0x10a2, 0x10a2, 0x10a2, 0x10a2, 
	0x10a2, 0x10a2, 0x10a2, 0x10a2, 0x10a2, 0x10a2, 0x10a2, 0x10a2, 0x10a2, 0x10a2, 0x10a2, 0x10a2, 0x10a2, 0x10a2, 0x10a2, 0x10a2, 
	0x10a2, 0x10a2, 0x10a2, 0x10a2, 0x10a2, 0x10a2, 0x10a2, 0x10a2, 0x10a2, 0x10a2, 0x10a2, 0x10a2, 0x10a2, 0x10a2, 0x10a2, 0x10a2, 
	0x10a2, 0x10a2, 0x10a2, 0x10a2, 0x10a2, 0x10a2, 0x10a2, 0x10a2, 0x10a2, 0x10a2, 0x10a2, 0x10a2, 0x10a2, 0x10a2, 0x10a2, 0x10a2, 
	0x10a2, 0x10a2, 0x10a2, 0x10a2, 0x10a2, 0x10a2, 0x10a2, 0x10a2, 0x10a2, 0x10a2, 0x10a2, 0x10a2, 0x10a2, 0x10a2, 0x10a2, 0x10a2, 
	0x18c3, 0x0861, 0x39e7, 0x94b2, 0x8c71, 0x8c71, 0x8c71, 0x9492, 0x31a6, 0x0861, 0x18c2, 0x10a2, 0x10a2, 0x10a2, 0x10a2, 0x10a2, 
	0x10a2, 0x10a2, 0x10a2, 0x10a2, 0x10a2, 0x10a2, 0x10a2, 0x10a2, 0x10a2, 0x10a2, 0x10a2, 0x10a2, 0x10a2, 0x18c2, 0x0883, 0x6161, 
	0xf2c0, 0xe2c0, 0xe2c0, 0xe2c0, 0xe2c0, 0xe2c0, 0xe2c0, 0xe2c0, 0xe2c0, 0xe2c0, 0xe2c0, 0xe2c0, 0xe2c0, 0xeae0, 0xf300, 0xfb40, 
	0xfb40, 0xfb40, 0xfb40, 0xfb40, 0xfb40, 0xfb40, 0xfb40, 0xfb40, 0xfb40, 0xfb40, 0xfb40, 0xfb40, 0xfb40, 0xfb40, 0xfb20, 0xfb20, 
	0xfb20, 0xfb20, 0xfb20, 0xfb40, 0xfb40, 0xfb40, 0xfb40, 0xfb40, 0xfb40, 0xfb20, 0xfb20, 0xfb40, 0xfb40, 0xfb40, 0xfb40, 0xfb40, 
	0xfb40, 0xfb40, 0xfb40, 0xfb20, 0xeae0, 0xe2c0, 0xe2a0, 0xe2c0, 0xe2c0, 0xe2c0, 0xe2c0, 0xe2c0, 0xe2c0, 0xe2c0, 0xe2c0, 0xe2c0, 
	0xe2c0, 0xf2e0, 0x91e1, 0x0882, 0x18a2, 0x10a2, 0x10a2, 0x10a2, 0x10a2, 0x10a2, 0x10a2, 0x10a2, 0x10a2, 0x10a2, 0x10a2, 0x10a2, 
	0x10a2, 0x10a2, 0x10a2, 0x10a2, 0x10a2, 0x10a2, 0x10a2, 0x18a3, 0x1081, 0x31a6, 0x9492, 0x8c51, 0x8c51, 0x9492, 0x738e, 0x10a2, 
	0x10a2, 0x10a2, 0x10a2, 0x10a2, 0x10a2, 0x10a2, 0x10a2, 0x10a2, 0x10a2, 0x10a2, 0x10a2, 0x10a2, 0x10a2, 0x10a2, 0x10a2, 0x10a2, 
	0x10a2, 0x10a2, 0x10a2, 0x10a2, 0x10a2, 0x10a2, 0x10a2, 0x10a2, 0x10a2, 0x10a2, 0x10a2, 0x10a2, 0x10a2, 0x10a2, 0x10a2, 0x10a2, 
	0x10a2, 0x10a2, 0x10a2, 0x10a2, 0x10a2, 0x10a2, 0x10a2, 0x10a2, 0x10a2, 0x10a2, 0x10a2, 0x10a2, 0x10a2, 0x10a2, 0x10a2, 0x10a2, 
	0x10a2, 0x10a2, 0x10a2, 0x10a2, 0x10a2, 0x10a2, 0x10a2, 0x10a2, 0x10a2, 0x10a2, 0x10a2, 0x10a2, 0x10a2, 0x10a2, 0x10a2, 0x10a2, 
	0x10a2, 0x10a2, 0x10a2, 0x10a2, 0x10a2, 0x10a2, 0x10a2, 0x10a2, 0x10a2, 0x10a2, 0x10a2, 0x10a2, 0x10a2, 0x10a2, 0x10a2, 0x10a2, 
	0x10a2, 0x10a2, 0x10a2, 0x10a2, 0x10a2, 0x10a2, 0x10a2, 0x10a2, 0x10a2, 0x10a2, 0x10a2, 0x10a2, 0x10a2, 0x10a2, 0x10a2, 0x10a2, 
	0x10a2, 0x10a2, 0x10a2, 0x10a2, 0x10a2, 0x10a2, 0x10a2, 0x10a2, 0x10a2, 0x10a2, 0x10a2, 0x10a2, 0x10a2, 0x10a2, 0x10a2, 0x10a2, 
	0x10a2, 0x10a2, 0x18c3, 0x8410, 0x9492, 0x8c71, 0x8c71, 0x9492, 0x738e, 0x1082, 0x10a2, 0x10a2, 0x10a2, 0x10a2, 0x10a2, 0x10a2, 
	0x10a2, 0x10a2, 0x10a2, 0x10a2, 0x10a2, 0x10a2, 0x10a2, 0x10a2, 0x10a2, 0x10a2, 0x10a2, 0x10a2, 0x10a2, 0x10a2, 0x18c2, 0x0882, 
	0x71a1, 0xfae0, 0xe2c0, 0xe2c0, 0xe2c0, 0xe2c0, 0xe2c0, 0xe2c0, 0xe2c0, 0xe2c0, 0xe2c0, 0xe2c0, 0xe2c0, 0xe2c0, 0xe2c0, 0xe2e0, 
	0xeb00, 0xf320, 0xfb40, 0xfb40, 0xfb40, 0xfb40, 0xfb40, 0xfb40, 0xfb40, 0xfb40, 0xfb40, 0xfb40, 0xfb40, 0xfb20, 0xfb20, 0xfb20, 
	0xfb20, 0xfb20, 0xfb20, 0xfb40, 0xfb40, 0xfb40, 0xfb40, 0xfb40, 0xfb40, 0xfb40, 0xfb40, 0xfb40, 0xfb40, 0xfb40, 0xfb40, 0xfb40, 
	0xfb20, 0xf300, 0xeae0, 0xe2c0, 0xe2c0, 0xe2c0, 0xe2c0, 0xe2c0, 0xe2c0, 0xe2c0, 0xe2c0, 0xe2c0, 0xe2c0, 0xe2c0, 0xe2c0, 0xe2c0, 
	0xf2e0, 0xb221, 0x10a2, 0x10a2, 0x10a2, 0x10a2, 0x10a2, 0x10a2, 0x10a2, 0x10a2, 0x10a2, 0x10a2, 0x10a2, 0x10a2, 0x10a2, 0x10a2, 
	0x10a2, 0x10a2, 0x10a2, 0x10a2, 0x10a2, 0x10a2, 0x10a2, 0x10a2, 0x1082, 0x6b6d, 0x9492, 0x8c51, 0x8c51, 0x94b2, 0x4a49, 0x0861, 
	0x18c3, 0x10a2, 0x10a2, 0x10a2, 0x10a2, 0x10a2, 0x10a2, 0x10a2, 0x10a2, 0x10a2, 0x10a2, 0x10a2, 0x10a2, 0x10a2, 0x10a2, 0x10a2, 
	0x10a2, 0x10a2, 0x10a2, 0x10a2, 0x10a2, 0x10a2, 0x10a2, 0x10a2, 0x10a2, 0x10a2, 0x10a2, 0x10a2, 0x10a2, 0x10a2, 0x10a2, 0x10a2, 
	0x10a2, 0x10a2, 0x10a2, 0x10a2, 0x10a2, 0x10a2, 0x10a2, 0x10a2, 0x10a2, 0x10a2, 0x10a2, 0x10a2, 0x10a2, 0x10a2, 0x10a2, 0x10a2, 
	0x10a2, 0x10a2, 0x10a2, 0x10a2, 0x10a2, 0x10a2, 0x10a2, 0x10a2, 0x10a2, 0x10a2, 0x10a2, 0x10a2, 0x10a2, 0x10a2, 0x10a2, 0x10a2, 
	0x10a2, 0x10a2, 0x10a2, 0x10a2, 0x10a2, 0x10a2, 0x10a2, 0x10a2, 0x10a2, 0x10a2, 0x10a2, 0x10a2, 0x10a2, 0x10a2, 0x10a2, 0x10a2, 
	0x10a2, 0x10a2, 0x10a2, 0x10a2, 0x10a2, 0x10a2, 0x10a2, 0x10a2, 0x10a2, 0x10a2, 0x10a2, 0x10a2, 0x10a2, 0x10a2, 0x10a2, 0x10a2, 
	0x10a2, 0x10a2, 0x10a2, 0x10a2, 0x10a2, 0x10a2, 0x10a2, 0x10a2, 0x10a2, 0x10a2, 0x10a2, 0x10a2, 0x10a2, 0x10a2, 0x10a2, 0x10a2, 
	0x10a2, 0x18c3, 0x0861, 0x52aa, 0x94b2, 0x8c51, 0x8c71, 0x8c71, 0x94b2, 0x39e7, 0x0861, 0x18c3, 0x10a2, 0x10a2, 0x10a2, 0x10a2, 
	0x10a2, 0x10a2, 0x10a2, 0x10a2, 0x10a2, 0x10a2, 0x10a2, 0x10a2, 0x10a2, 0x10a2, 0x10a2, 0x10a2, 0x10a2, 0x10a2, 0x10a2, 0x18c2, 
	0x08a2, 0x81c1, 0xf2e0, 0xe2c0, 0xe2a0, 0xeac0, 0xe2c0, 0xe2c0, 0xe2c0, 0xe2c0, 0xe2c0, 0xe2c0, 0xe2c0, 0xe2c0, 0xe2c0, 0xe2c0, 
	0xe2c0, 0xe2c0, 0xe2e0, 0xeb00, 0xf320, 0xfb40, 0xfb40, 0xfb60, 0xfb60, 0xfb60, 0xfb40, 0xfb40, 0xfb40, 0xfb20, 0xfb20, 0xfb20, 
	0xfb20, 0xfb40, 0xfb40, 0xfb40, 0xfb40, 0xfb40, 0xfb40, 0xfb40, 0xfb40, 0xfb40, 0xfb40, 0xfb40, 0xfb40, 0xf320, 0xf300, 0xeae0, 
	0xe2c0, 0xe2c0, 0xe2c0, 0xe2c0, 0xe2c0, 0xe2c0, 0xe2c0, 0xe2c0, 0xe2c0, 0xe2c0, 0xe2c0, 0xe2c0, 0xe2c0, 0xe2c0, 0xe2c0, 0xf2e0, 
	0xba41, 0x18c2, 0x10a2, 0x18a2, 0x10a2, 0x10a2, 0x10a2, 0x10a2, 0x10a2, 0x10a2, 0x10a2, 0x10a2, 0x10a2, 0x10a2, 0x10a2, 0x10a2, 
	0x10a2, 0x10a2, 0x10a2, 0x10a2, 0x10a2, 0x10a2, 0x18c3, 0x0881, 0x31a6, 0x9492, 0x8c51, 0x8c71, 0x8c71, 0x8c30, 0x2104, 0x10a2, 
	0x10a2, 0x10a2, 0x10a2, 0x10a2, 0x10a2, 0x10a2, 0x10a2, 0x10a2, 0x10a2, 0x10a2, 0x10a2, 0x10a2, 0x10a2, 0x10a2, 0x10a2, 0x10a2, 
	0x10a2, 0x10a2, 0x10a2, 0x10a2, 0x10a2, 0x10a2, 0x10a2, 0x10a2, 0x10a2, 0x10a2, 0x10a2, 0x10a2, 0x10a2, 0x10a2, 0x10a2, 0x10a2, 
	0x10a2, 0x10a2, 0x10a2, 0x10a2, 0x10a2, 0x10a2, 0x10a2, 0x10a2, 0x10a2, 0x10a2, 0x10a2, 0x10a2, 0x10a2, 0x10a2, 0x10a2, 0x10a2, 
	0x10a2, 0x10a2, 0x10a2, 0x10a2, 0x10a2, 0x10a2, 0x10a2, 0x10a2, 0x10a2, 0x10a2, 0x10a2, 0x10a2, 0x10a2, 0x10a2, 0x10a2, 0x10a2, 
	0x10a2, 0x10a2, 0x10a2, 0x10a2, 0x10a2, 0x10a2, 0x10a2, 0x10a2, 0x10a2, 0x10a2, 0x10a2, 0x10a2, 0x10a2, 0x10a2, 0x10a2, 0x10a2, 
	0x10a2, 0x10a2, 0x10a2, 0x10a2, 0x10a2, 0x10a2, 0x10a2, 0x10a2, 0x10a2, 0x10a2, 0x10a2, 0x10a2, 0x10a2, 0x10a2, 0x10a2, 0x10a2, 
	0x10a2, 0x10a2, 0x10a2, 0x10a2, 0x10a2, 0x10a2, 0x10a2, 0x10a2, 0x10a2, 0x10a2, 0x10a2, 0x10a2, 0x10a2, 0x10a2, 0x10a2, 0x10a2, 
	0x10a2, 0x10c2, 0x1082, 0x2104, 0x8c51, 0x8c71, 0x8c71, 0x8c71, 0x9492, 0x8410, 0x18c3, 0x10a2, 0x10a2, 0x10a2, 0x10a2, 0x10a2, 
	0x10a2, 0x10a2, 0x10a2, 0x10a2, 0x10a2, 0x10a2, 0x10a2, 0x10a2, 0x10a2, 0x10a2, 0x10a2, 0x10a2, 0x10a2, 0x10a2, 0x10a2, 0x18a2, 
	0x18c2, 0x08a3, 0x7981, 0xf2c0, 0xeac0, 0xe2a0, 0xeac0, 0xeac0, 0xeac0, 0xeac0, 0xeac0, 0xeac0, 0xeac0, 0xe2c0, 0xe2c0, 0xe2c0, 
	0xe2c0, 0xe2e0, 0xe2c0, 0xe2c0, 0xe2c0, 0xe2c0, 0xeac0, 0xeae0, 0xf300, 0xf320, 0xfb20, 0xfb40, 0xfb40, 0xfb40, 0xfb20, 0xfb20, 
	0xfb20, 0xfb40, 0xfb40, 0xfb40, 0xfb40, 0xfb40, 0xfb40, 0xfb40, 0xf320, 0xf300, 0xf300, 0xeae0, 0xe2c0, 0xe2c0, 0xe2c0, 0xe2c0, 
	0xe2c0, 0xe2c0, 0xe2c0, 0xe2c0, 0xe2c0, 0xe2c0, 0xe2c0, 0xe2c0, 0xe2c0, 0xe2c0, 0xe2c0, 0xe2c0, 0xe2c0, 0xe2c0, 0xf300, 0xba41, 
	0x18a2, 0x10a2, 0x18a2, 0x10a2, 0x10a2, 0x10a2, 0x10a2, 0x10a2, 0x10a2, 0x10a2, 0x10a2, 0x10a2, 0x10a2, 0x10a2, 0x10a2, 0x10a2, 
	0x10a2, 0x10a2, 0x10a2, 0x10a2, 0x10a2, 0x10a2, 0x10a2, 0x10a2, 0x73ae, 0x9492, 0x8c51, 0x8c51, 0x94b2, 0x5acb, 0x0861, 0x18c3, 
	0x10a2, 0x10a2, 0x10a2, 0x10a2, 0x10a2, 0x10a2, 0x10a2, 0x10a2, 0x10a2, 0x10a2, 0x10a2, 0x10a2, 0x10a2, 0x10a2, 0x10a2, 0x10a2, 
	0x10a2, 0x10a2, 0x10a2, 0x10a2, 0x10a2, 0x10a2, 0x10a2, 0x10a2, 0x10a2, 0x10a2, 0x10a2, 0x10a2, 0x10a2, 0x10a2, 0x10a2, 0x10a2, 
	0x10a2, 0x10a2, 0x10a2, 0x10a2, 0x10a2, 0x10a2, 0x10a2, 0x10a2, 0x10a2, 0x10a2, 0x10a2, 0x10a2, 0x10a2, 0x10a2, 0x10a2, 0x10a2, 
	0x10a2, 0x10a2, 0x10a2, 0x10a2, 0x10a2, 0x10a2, 0x10a2, 0x10a2, 0x10a2, 0x10a2, 0x10a2, 0x10a2, 0x10a2, 0x10a2, 0x10a2, 0x10a2, 
	0x10a2, 0x10a2, 0x10a2, 0x10a2, 0x10a2, 0x10a2, 0x10a2, 0x10a2, 0x10a2, 0x10a2, 0x10a2, 0x10a2, 0x10a2, 0x10a2, 0x10a2, 0x10a2, 
	0x10a2, 0x10a2, 0x10a2, 0x10a2, 0x10a2, 0x10a2, 0x10a2, 0x10a2, 0x10a2, 0x10a2, 0x10a2, 0x10a2, 0x10a2, 0x10a2, 0x10a2, 0x10a2, 
	0x10a2, 0x10a2, 0x10a2, 0x10a2, 0x10a2, 0x10a2, 0x10a2, 0x10a2, 0x10a2, 0x10a2, 0x10a2, 0x10a2, 0x10a2, 0x10a2, 0x10a2, 0x10a2, 
	0x10a2, 0x10a2, 0x18c3, 0x0861, 0x52aa, 0x94b2, 0x8c71, 0x8c71, 0x8c71, 0x94b3, 0x5aeb, 0x0861, 0x18c3, 0x10a2, 0x10a2, 0x10a2, 
	0x10a2, 0x10a2, 0x10a2, 0x10a2, 0x10a2, 0x10a2, 0x10a2, 0x10a2, 0x10a2, 0x10a2, 0x10a2, 0x10a2, 0x10a2, 0x10a2, 0x10a2, 0x10a2, 
	0x18a2, 0x18c2, 0x0882, 0x6161, 0xeaa0, 0xf2c0, 0xe2a0, 0xeac0, 0xeac0, 0xeac0, 0xeac0, 0xeac0, 0xeac0, 0xeac0, 0xe2c0, 0xe2c0, 
	0xe2c0, 0xe2e0, 0xe2c0, 0xe2c0, 0xe2c0, 0xe2c0, 0xe2c0, 0xe2c0, 0xe2c0, 0xe2c0, 0xe2c0, 0xe2c0, 0xe2c0, 0xe2c0, 0xe2c0, 0xeae0, 
	0xeae0, 0xeae0, 0xeae0, 0xeae0, 0xeae0, 0xe2c0, 0xe2c0, 0xe2c0, 0xe2c0, 0xe2c0, 0xe2c0, 0xe2c0, 0xe2c0, 0xe2c0, 0xe2c0, 0xe2c0, 
	0xe2c0, 0xe2c0, 0xe2c0, 0xe2c0, 0xe2c0, 0xe2c0, 0xe2c0, 0xe2c0, 0xeac0, 0xeac0, 0xeac0, 0xe2c0, 0xe2c0, 0xf2e0, 0x9a01, 0x10a2, 
	0x10a2, 0x18a2, 0x10a2, 0x10a2, 0x10a2, 0x10a2, 0x10a2, 0x10a2, 0x10a2, 0x10a2, 0x10a2, 0x10a2, 0x10a2, 0x10a2, 0x10a2, 0x10a2, 
	0x10a2, 0x10a2, 0x10a2, 0x10a2, 0x10a2, 0x18c3, 0x0861, 0x4a49, 0x94b2, 0x8c51, 0x8c71, 0x8c71, 0x8c51, 0x2124, 0x1082, 0x10a2, 
	0x10a2, 0x10a2, 0x10a2, 0x10a2, 0x10a2, 0x10a2, 0x10a2, 0x10a2, 0x10a2, 0x10a2, 0x10a2, 0x10a2, 0x10a2, 0x10a2, 0x10a2, 0x10a2, 
	0x10a2, 0x10a2, 0x10a2, 0x10a2, 0x10a2, 0x10a2, 0x10a2, 0x10a2, 0x10a2, 0x10a2, 0x10a2, 0x10a2, 0x10a2, 0x10a2, 0x10a2, 0x10a2, 
	0x10a2, 0x10a2, 0x10a2, 0x10a2, 0x10a2, 0x10a2, 0x10a2, 0x10a2, 0x10a2, 0x10a2, 0x10a2, 0x10a2, 0x10a2, 0x10a2, 0x10a2, 0x10a2, 
	0x10a2, 0x10a2, 0x10a2, 0x10a2, 0x10a2, 0x10a2, 0x10a2, 0x10a2, 0x10a2, 0x10a2, 0x10a2, 0x10a2, 0x10a2, 0x10a2, 0x10a2, 0x10a2, 
	0x10a2, 0x10a2, 0x10a2, 0x10a2, 0x10a2, 0x10a2, 0x10a2, 0x10a2, 0x10a2, 0x10a2, 0x10a2, 0x10a2, 0x10a2, 0x10a2, 0x10a2, 0x10a2, 
	0x10a2, 0x10a2, 0x10a2, 0x10a2, 0x10a2, 0x10a2, 0x10a2, 0x10a2, 0x10a2, 0x10a2, 0x10a2, 0x10a2, 0x10a2, 0x10a2, 0x10a2, 0x10a2, 
	0x10a2, 0x10a2, 0x10a2, 0x10a2, 0x10a2, 0x10a2, 0x10a2, 0x10a2, 0x10a2, 0x10a2, 0x10a2, 0x10a2, 0x10a2, 0x10a2, 0x10a2, 0x10a2, 
	0x10a2, 0x10a2, 0x10a2, 0x1082, 0x2104, 0x8c51, 0x8c92, 0x8c71, 0x8c71, 0x8c71, 0x9492, 0x39c7, 0x0861, 0x18c3, 0x10a2, 0x10a2, 
	0x10a2, 0x10a2, 0x10a2, 0x10a2, 0x10a2, 0x10a2, 0x10a2, 0x10a2, 0x10a2, 0x10a2, 0x10a2, 0x10a2, 0x10a2, 0x10a2, 0x10a2, 0x10a2, 
	0x10a2, 0x10a2, 0x18c2, 0x0082, 0x3902, 0xd280, 0xfae0, 0xe2a0, 0xe2c0, 0xeac0, 0xeac0, 0xeac0, 0xeac0, 0xeac0, 0xeac0, 0xe2c0, 
	0xe2c0, 0xe2c0, 0xe2c0, 0xe2c0, 0xe2c0, 0xe2c0, 0xe2c0, 0xe2c0, 0xe2c0, 0xe2c0, 0xe2c0, 0xe2c0, 0xe2c0, 0xe2c0, 0xe2c0, 0xe2c0, 
	0xe2c0, 0xe2c0, 0xe2c0, 0xe2c0, 0xe2c0, 0xe2c0, 0xe2c0, 0xe2c0, 0xe2c0, 0xe2c0, 0xe2c0, 0xe2c0, 0xe2c0, 0xe2c0, 0xe2c0, 0xe2c0, 
	0xe2c0, 0xe2c0, 0xe2c0, 0xe2c0, 0xe2c0, 0xe2c0, 0xe2c0, 0xeac0, 0xeac0, 0xeac0, 0xe2c0, 0xeae0, 0xf2c0, 0x79a1, 0x0882, 0x10a2, 
	0x18a2, 0x10a2, 0x10a2, 0x10a2, 0x10a2, 0x10a2, 0x10a2, 0x10a2, 0x10a2, 0x10a2, 0x10a2, 0x10a2, 0x10a2, 0x10a2, 0x10a2, 0x10a2, 
	0x10a2, 0x10a2, 0x10a2, 0x10a2, 0x18c2, 0x1082, 0x2124, 0x8c51, 0x8c71, 0x8c71, 0x8c51, 0x94b2, 0x5acb, 0x0861, 0x18c2, 0x10a2, 
	0x10a2, 0x10a2, 0x10a2, 0x10a2, 0x10a2, 0x10a2, 0x10a2, 0x10a2, 0x10a2, 0x10a2, 0x10a2, 0x10a2, 0x10a2, 0x10a2, 0x10a2, 0x10a2, 
	0x10a2, 0x10a2, 0x10a2, 0x10a2, 0x10a2, 0x10a2, 0x10a2, 0x10a2, 0x10a2, 0x10a2, 0x10a2, 0x10a2, 0x10a2, 0x10a2, 0x10a2, 0x10a2, 
	0x10a2, 0x10a2, 0x10a2, 0x10a2, 0x10a2, 0x10a2, 0x10a2, 0x10a2, 0x10a2, 0x10a2, 0x10a2, 0x10a2, 0x10a2, 0x10a2, 0x10a2, 0x10a2, 
	0x10a2, 0x10a2, 0x10a2, 0x10a2, 0x10a2, 0x10a2, 0x10a2, 0x10a2, 0x10a2, 0x10a2, 0x10a2, 0x10a2, 0x10a2, 0x10a2, 0x10a2, 0x10a2, 
	0x10a2, 0x10a2, 0x10a2, 0x10a2, 0x10a2, 0x10a2, 0x10a2, 0x10a2, 0x10a2, 0x10a2, 0x10a2, 0x10a2, 0x10a2, 0x10a2, 0x10a2, 0x10a2, 
	0x10a2, 0x10a2, 0x10a2, 0x10a2, 0x10a2, 0x10a2, 0x10a2, 0x10a2, 0x10a2, 0x10a2, 0x10a2, 0x10a2, 0x10a2, 0x10a2, 0x10a2, 0x10a2, 
	0x10a2, 0x10a2, 0x10a2, 0x10a2, 0x10a2, 0x10a2, 0x10a2, 0x10a2, 0x10a2, 0x10a2, 0x10a2, 0x10a2, 0x10a2, 0x10a2, 0x10a2, 0x10a2, 
	0x10a2, 0x10a2, 0x10a2, 0x18c3, 0x0861, 0x4a69, 0x94b2, 0x8c51, 0x8c71, 0x8c71, 0x8c71, 0x8430, 0x2104, 0x1082, 0x10a2, 0x10a2, 
	0x10a2, 0x10a2, 0x10a2, 0x10a2, 0x10a2, 0x10a2, 0x10a2, 0x10a2, 0x10a2, 0x10a2, 0x10a2, 0x10a2, 0x10a2, 0x10a2, 0x10a2, 0x10a2, 
	0x10a2, 0x10a2, 0x10a2, 0x18a2, 0x0882, 0x18c2, 0x99e1, 0xf2c0, 0xeac0, 0xe2a0, 0xeac0, 0xeac0, 0xeac0, 0xeac0, 0xeac0, 0xe2c0, 
	0xe2c0, 0xe2c0, 0xe2c0, 0xe2c0, 0xe2c0, 0xe2c0, 0xe2c0, 0xe2c0, 0xe2c0, 0xe2c0, 0xe2c0, 0xe2c0, 0xe2c0, 0xe2c0, 0xe2c0, 0xe2c0, 
	0xe2c0, 0xe2c0, 0xe2c0, 0xe2c0, 0xe2c0, 0xe2c0, 0xe2c0, 0xe2c0, 0xe2c0, 0xe2c0, 0xe2c0, 0xe2c0, 0xe2c0, 0xe2c0, 0xe2c0, 0xe2c0, 
	0xe2c0, 0xe2c0, 0xe2c0, 0xe2c0, 0xe2c0, 0xe2c0, 0xeac0, 0xeac0, 0xe2c0, 0xe2e0, 0xf300, 0xda80, 0x5122, 0x0082, 0x10a2, 0x10a2, 
	0x10a2, 0x10a2, 0x10a2, 0x10a2, 0x10a2, 0x10a2, 0x10a2, 0x10a2, 0x10a2, 0x10a2, 0x10a2, 0x10a2, 0x10a2, 0x10a2, 0x10a2, 0x10a2, 
	0x10a2, 0x10a2, 0x10a2, 0x10a2, 0x10a2, 0x10a2, 0x738e, 0x9492, 0x8c71, 0x8c71, 0x9471, 0x8430, 0x2104, 0x10a2, 0x10a2, 0x10a2, 
	0x10a2, 0x10a2, 0x10a2, 0x10a2, 0x10a2, 0x10a2, 0x10a2, 0x10a2, 0x10a2, 0x10a2, 0x10a2, 0x10a2, 0x10a2, 0x10a2, 0x10a2, 0x10a2, 
	0x10a2, 0x10a2, 0x10a2, 0x10a2, 0x10a2, 0x10a2, 0x10a2, 0x10a2, 0x10a2, 0x10a2, 0x10a2, 0x10a2, 0x10a2, 0x10a2, 0x10a2, 0x10a2, 
	0x10a2, 0x10a2, 0x10a2, 0x10a2, 0x10a2, 0x10a2, 0x10a2, 0x10a2, 0x10a2, 0x10a2, 0x10a2, 0x10a2, 0x10a2, 0x10a2, 0x10a2, 0x10a2, 
	0x10a2, 0x10a2, 0x10a2, 0x10a2, 0x10a2, 0x10a2, 0x10a2, 0x10a2, 0x10a2, 0x10a2, 0x10a2, 0x10a2, 0x10a2, 0x10a2, 0x10a2, 0x10a2, 
	0x10a2, 0x10a2, 0x10a2, 0x10a2, 0x10a2, 0x10a2, 0x10a2, 0x10a2, 0x10a2, 0x10a2, 0x10a2, 0x10a2, 0x10a2, 0x10a2, 0x10a2, 0x10a2, 
	0x10a2, 0x10a2, 0x10a2, 0x10a2, 0x10a2, 0x10a2, 0x10a2, 0x10a2, 0x10a2, 0x10a2, 0x10a2, 0x10a2, 0x10a2, 0x10a2, 0x10a2, 0x10a2, 
	0x10a2, 0x10a2, 0x10a2, 0x10a2, 0x10a2, 0x10a2, 0x10a2, 0x10a2, 0x10a2, 0x10a2, 0x10a2, 0x10a2, 0x10a2, 0x10a2, 0x10a2, 0x10a2, 
	0x10a2, 0x10a2, 0x10a2, 0x10a2, 0x10a2, 0x10a2, 0x7bcf, 0x9492, 0x8c51, 0x8c71, 0x8c51, 0x9492, 0x738e, 0x10a2, 0x10a2, 0x10a2, 
	0x10a2, 0x10a2, 0x10a2, 0x10a2, 0x10a2, 0x10a2, 0x10a2, 0x10a2, 0x10a2, 0x10a2, 0x10a2, 0x10a2, 0x10a2, 0x10a2, 0x10a2, 0x10a2, 
	0x10a2, 0x10a2, 0x10a2, 0x10a2, 0x18a2, 0x10a2, 0x0882, 0x5942, 0xca60, 0xf2e0, 0xeac0, 0xe2a0, 0xeac0, 0xeac0, 0xeac0, 0xeac0, 
	0xeac0, 0xeac0, 0xeac0, 0xeac0, 0xeac0, 0xeac0, 0xe2c0, 0xe2c0, 0xe2c0, 0xe2c0, 0xe2c0, 0xe2c0, 0xe2c0, 0xe2c0, 0xe2c0, 0xe2c0, 
	0xe2c0, 0xe2c0, 0xe2c0, 0xe2c0, 0xe2c0, 0xe2c0, 0xe2c0, 0xe2c0, 0xe2c0, 0xe2c0, 0xe2c0, 0xe2c0, 0xe2c0, 0xe2c0, 0xe2c0, 0xe2c0, 
	0xe2c0, 0xe2c0, 0xe2c0, 0xe2c0, 0xe2c0, 0xe2c0, 0xe2c0, 0xe2c0, 0xf300, 0xeae0, 0x9a01, 0x20c2, 0x0882, 0x18a2, 0x10a2, 0x10a2, 
	0x10a2, 0x10a2, 0x10a2, 0x10a2, 0x10a2, 0x10a2, 0x10a2, 0x10a2, 0x10a2, 0x10a2, 0x10a2, 0x10a2, 0x10a2, 0x10a2, 0x10a2, 0x10a2, 
	0x10a2, 0x10a2, 0x10a2, 0x18c3, 0x0861, 0x5acb, 0x94b2, 0x8c71, 0x8c71, 0x8c71, 0x94b2, 0x4228, 0x0861, 0x18c3, 0x10a2, 0x10a2, 
	0x10a2, 0x10a2, 0x10a2, 0x10a2, 0x10a2, 0x10a2, 0x10a2, 0x10a2, 0x10a2, 0x10a2, 0x10a2, 0x10a2, 0x10a2, 0x10a2, 0x10a2, 0x10a2, 
	0x10a2, 0x10a2, 0x10a2, 0x10a2, 0x10a2, 0x10a2, 0x10a2, 0x10a2, 0x10a2, 0x10a2, 0x10a2, 0x10a2, 0x10a2, 0x10a2, 0x10a2, 0x10a2, 
	0x10a2, 0x10a2, 0x10a2, 0x10a2, 0x10a2, 0x10a2, 0x10a2, 0x10a2, 0x10a2, 0x10a2, 0x10a2, 0x10a2, 0x10a2, 0x10a2, 0x10a2, 0x10a2, 
	0x10a2, 0x10a2, 0x10a2, 0x10a2, 0x10a2, 0x10a2, 0x10a2, 0x10a2, 0x10a2, 0x10a2, 0x10a2, 0x10a2, 0x10a2, 0x10a2, 0x10a2, 0x10a2, 
	0x10a2, 0x10a2, 0x10a2, 0x10a2, 0x10a2, 0x10a2, 0x10a2, 0x10a2, 0x10a2, 0x10a2, 0x10a2, 0x10a2, 0x10a2, 0x10a2, 0x10a2, 0x10a2, 
	0x10a2, 0x10a2, 0x10a2, 0x10a2, 0x10a2, 0x10a2, 0x10a2, 0x10a2, 0x10a2, 0x10a2, 0x10a2, 0x10a2, 0x10a2, 0x10a2, 0x10a2, 0x10a2, 
	0x10a2, 0x10a2, 0x10a2, 0x10a2, 0x10a2, 0x10a2, 0x10a2, 0x10a2, 0x10a2, 0x10a2, 0x10a2, 0x10a2, 0x10a2, 0x10a2, 0x10a2, 0x10a2, 
	0x10a2, 0x10a2, 0x10a2, 0x10a2, 0x18c3, 0x1082, 0x3186, 0x9492, 0x8c51, 0x8c71, 0x8c71, 0x8c51, 0x94b2, 0x630c, 0x1082, 0x18c2, 
	0x10a2, 0x10a2, 0x10a2, 0x10a2, 0x10a2, 0x10a2, 0x10a2, 0x10a2, 0x10a2, 0x10a2, 0x10a2, 0x10a2, 0x10a2, 0x10a2, 0x10a2, 0x10a2, 
	0x10a2, 0x10a2, 0x10a2, 0x10a2, 0x10a2, 0x18a2, 0x18c2, 0x0882, 0x18c2, 0x79a1, 0xda80, 0xf2e0, 0xeac0, 0xe2c0, 0xe2c0, 0xeac0, 
	0xeac0, 0xeac0, 0xeac0, 0xeac0, 0xeac0, 0xeac0, 0xe2c0, 0xe2c0, 0xe2c0, 0xe2c0, 0xe2c0, 0xe2c0, 0xe2c0, 0xe2c0, 0xe2c0, 0xe2c0, 
	0xe2c0, 0xe2c0, 0xe2c0, 0xe2c0, 0xe2c0, 0xe2c0, 0xe2c0, 0xe2c0, 0xe2c0, 0xe2c0, 0xe2c0, 0xe2c0, 0xe2c0, 0xe2c0, 0xe2c0, 0xe2c0, 
	0xe2c0, 0xe2c0, 0xe2c0, 0xe2c0, 0xe2a0, 0xe2c0, 0xeae0, 0xf2e0, 0xba41, 0x4122, 0x0882, 0x10a2, 0x18a2, 0x10a2, 0x10a2, 0x10a2, 
	0x10a2, 0x10a2, 0x10a2, 0x10a2, 0x10a2, 0x10a2, 0x10a2, 0x10a2, 0x10a2, 0x10a2, 0x10a2, 0x10a2, 0x10a2, 0x10a2, 0x10a2, 0x10a2, 
	0x10a2, 0x10a2, 0x18c3, 0x0861, 0x4228, 0x94b2, 0x8c71, 0x8c71, 0x8c71, 0x94b2, 0x6b6d, 0x1082, 0x10a2, 0x10a2, 0x10a2, 0x10a2, 
	0x10a2, 0x10a2, 0x10a2, 0x10a2, 0x10a2, 0x10a2, 0x10a2, 0x10a2, 0x10a2, 0x10a2, 0x10a2, 0x10a2, 0x10a2, 0x10a2, 0x10a2, 0x10a2, 
	0x10a2, 0x10a2, 0x10a2, 0x10a2, 0x10a2, 0x10a2, 0x10a2, 0x10a2, 0x10a2, 0x10a2, 0x10a2, 0x10a2, 0x10a2, 0x10a2, 0x10a2, 0x10a2, 
	0x10a2, 0x10a2, 0x10a2, 0x10a2, 0x10a2, 0x10a2, 0x10a2, 0x10a2, 0x10a2, 0x10a2, 0x10a2, 0x10a2, 0x10a2, 0x10a2, 0x10a2, 0x10a2, 
	0x10a2, 0x10a2, 0x10a2, 0x10a2, 0x10a2, 0x10a2, 0x10a2, 0x10a2, 0x10a2, 0x10a2, 0x10a2, 0x10a2, 0x10a2, 0x10a2, 0x10a2, 0x10a2, 
	0x10a2, 0x10a2, 0x10a2, 0x10a2, 0x10a2, 0x10a2, 0x10a2, 0x10a2, 0x10a2, 0x10a2, 0x10a2, 0x10a2, 0x10a2, 0x10a2, 0x10a2, 0x10a2, 
	0x10a2, 0x10a2, 0x10a2, 0x10a2, 0x10a2, 0x10a2, 0x10a2, 0x10a2, 0x10a2, 0x10a2, 0x10a2, 0x10a2, 0x10a2, 0x10a2, 0x10a2, 0x10a2, 
	0x10a2, 0x10a2, 0x10a2, 0x10a2, 0x10a2, 0x10a2, 0x10a2, 0x10a2, 0x10a2, 0x10a2, 0x10a2, 0x10a2, 0x10a2, 0x10a2, 0x10a2, 0x10a2, 
	0x10a2, 0x10a2, 0x10a2, 0x10a2, 0x10a2, 0x18c3, 0x0861, 0x52aa, 0x94b2, 0x8c51, 0x8c71, 0x8c51, 0x8c51, 0x94b2, 0x52aa, 0x0861, 
	0x18c3, 0x10a2, 0x10a2, 0x10a2, 0x10a2, 0x10a2, 0x10a2, 0x10a2, 0x10a2, 0x10a2, 0x10a2, 0x10a2, 0x10a2, 0x10a2, 0x10a2, 0x10a2, 
	0x10a2, 0x10a2, 0x10a2, 0x10a2, 0x10a2, 0x10a2, 0x10a2, 0x18c2, 0x10a2, 0x0082, 0x28e2, 0x89c1, 0xdaa0, 0xfae0, 0xeae0, 0xe2c0, 
	0xe2c0, 0xeac0, 0xeac0, 0xeac0, 0xeac0, 0xeac0, 0xeac0, 0xeac0, 0xeac0, 0xe2c0, 0xe2c0, 0xe2c0, 0xe2c0, 0xe2c0, 0xe2c0, 0xe2c0, 
	0xe2c0, 0xe2c0, 0xe2c0, 0xe2c0, 0xe2c0, 0xe2c0, 0xe2c0, 0xeac0, 0xeac0, 0xe2c0, 0xe2c0, 0xe2c0, 0xe2c0, 0xe2c0, 0xe2c0, 0xe2c0, 
	0xe2c0, 0xe2a0, 0xe2a0, 0xe2c0, 0xf2c0, 0xf2c0, 0xc261, 0x5962, 0x10a2, 0x0882, 0x18c2, 0x18a2, 0x10a2, 0x10a2, 0x10a2, 0x10a2, 
	0x10a2, 0x10a2, 0x10a2, 0x10a2, 0x10a2, 0x10a2, 0x10a2, 0x10a2, 0x10a2, 0x10a2, 0x10a2, 0x10a2, 0x10a2, 0x10a2, 0x10a2, 0x10a2, 
	0x10a2, 0x18c3, 0x0861, 0x31a6, 0x8c71, 0x8c71, 0x8c71, 0x8c71, 0x9492, 0x8c51, 0x2104, 0x10a2, 0x18c2, 0x10a2, 0x10a2, 0x10a2, 
	0x10a2, 0x10a2, 0x10a2, 0x10a2, 0x10a2, 0x10a2, 0x10a2, 0x10a2, 0x10a2, 0x10a2, 0x10a2, 0x10a2, 0x10a2, 0x10a2, 0x10a2, 0x10a2, 
	0x10a2, 0x10a2, 0x10a2, 0x10a2, 0x10a2, 0x10a2, 0x10a2, 0x10a2, 0x10a2, 0x10a2, 0x10a2, 0x10a2, 0x10a2, 0x10a2, 0x10a2, 0x10a2, 
	0x10a2, 0x10a2, 0x10a2, 0x10a2, 0x10a2, 0x10a2, 0x10a2, 0x10a2, 0x10a2, 0x10a2, 0x10a2, 0x10a2, 0x10a2, 0x10a2, 0x10a2, 0x10a2, 
	0x10a2, 0x10a2, 0x10a2, 0x10a2, 0x10a2, 0x10a2, 0x10a2, 0x10a2, 0x10a2, 0x10a2, 0x10a2, 0x10a2, 0x10a2, 0x10a2, 0x10a2, 0x10a2, 
	0x10a2, 0x10a2, 0x10a2, 0x10a2, 0x10a2, 0x10a2, 0x10a2, 0x10a2, 0x10a2, 0x10a2, 0x10a2, 0x10a2, 0x10a2, 0x10a2, 0x10a2, 0x10a2, 
	0x10a2, 0x10a2, 0x10a2, 0x10a2, 0x10a2, 0x10a2, 0x10a2, 0x10a2, 0x10a2, 0x10a2, 0x10a2, 0x10a2, 0x10a2, 0x10a2, 0x10a2, 0x10a2, 
	0x10a2, 0x10a2, 0x10a2, 0x10a2, 0x10a2, 0x10a2, 0x10a2, 0x10a2, 0x10a2, 0x10a2, 0x10a2, 0x10a2, 0x10a2, 0x10a2, 0x10a2, 0x10a2, 
	0x10a2, 0x10a2, 0x10a2, 0x10a2, 0x10a2, 0x10a2, 0x10a2, 0x10a2, 0x738e, 0x9492, 0x8c51, 0x8c71, 0x8c71, 0x8c51, 0x94b2, 0x528a, 
	0x0861, 0x10a2, 0x10a2, 0x10a2, 0x10a2, 0x10a2, 0x10a2, 0x10a2, 0x10a2, 0x10a2, 0x10a2, 0x10a2, 0x10a2, 0x10a2, 0x10a2, 0x10a2, 
	0x10a2, 0x10a2, 0x10a2, 0x10a2, 0x10a2, 0x10a2, 0x10a2, 0x10a2, 0x10a2, 0x18c2, 0x10a2, 0x0882, 0x28e2, 0x79a1, 0xca80, 0xf2e0, 
	0xf2e0, 0xeac0, 0xe2c0, 0xe2c0, 0xeac0, 0xeac0, 0xeac0, 0xeac0, 0xeac0, 0xeac0, 0xeac0, 0xeac0, 0xeac0, 0xeac0, 0xeac0, 0xeac0, 
	0xeac0, 0xeac0, 0xeac0, 0xeac0, 0xeac0, 0xeac0, 0xeac0, 0xeac0, 0xeac0, 0xeac0, 0xeac0, 0xe2c0, 0xe2c0, 0xe2c0, 0xe2a0, 0xe2a0, 
	0xe2c0, 0xeac0, 0xf2e0, 0xeac0, 0xb221, 0x5942, 0x10a2, 0x0882, 0x10a2, 0x18a2, 0x10a2, 0x10a2, 0x10a2, 0x10a2, 0x10a2, 0x10a2, 
	0x10a2, 0x10a2, 0x10a2, 0x10a2, 0x10a2, 0x10a2, 0x10a2, 0x10a2, 0x10a2, 0x10a2, 0x10a2, 0x10a2, 0x10a2, 0x10a2, 0x10a2, 0x10a2, 
	0x18c3, 0x0861, 0x2965, 0x8c51, 0x8c71, 0x8c51, 0x8c71, 0x8c71, 0x94b2, 0x4208, 0x1081, 0x18c3, 0x10a2, 0x10a2, 0x10a2, 0x10a2, 
	0x10a2, 0x10a2, 0x10a2, 0x10a2, 0x10a2, 0x10a2, 0x10a2, 0x10a2, 0x10a2, 0x10a2, 0x10a2, 0x10a2, 0x10a2, 0x10a2, 0x10a2, 0x10a2, 
	0x10a2, 0x10a2, 0x10a2, 0x10a2, 0x10a2, 0x10a2, 0x10a2, 0x10a2, 0x10a2, 0x10a2, 0x10a2, 0x10a2, 0x10a2, 0x10a2, 0x10a2, 0x10a2, 
	0x10a2, 0x10a2, 0x10a2, 0x10a2, 0x10a2, 0x10a2, 0x10a2, 0x10a2, 0x10a2, 0x10a2, 0x10a2, 0x10a2, 0x10a2, 0x10a2, 0x10a2, 0x10a2, 
	0x10a2, 0x10a2, 0x10a2, 0x10a2, 0x10a2, 0x10a2, 0x10a2, 0x10a2, 0x10a2, 0x10a2, 0x10a2, 0x10a2, 0x10a2, 0x10a2, 0x10a2, 0x10a2, 
	0x10a2, 0x10a2, 0x10a2, 0x10a2, 0x10a2, 0x10a2, 0x10a2, 0x10a2, 0x10a2, 0x10a2, 0x10a2, 0x10a2, 0x10a2, 0x10a2, 0x10a2, 0x10a2, 
	0x10a2, 0x10a2, 0x10a2, 0x10a2, 0x10a2, 0x10a2, 0x10a2, 0x10a2, 0x10a2, 0x10a2, 0x10a2, 0x10a2, 0x10a2, 0x10a2, 0x10a2, 0x10a2, 
	0x10a2, 0x10a2, 0x10a2, 0x10a2, 0x10a2, 0x10a2, 0x10a2, 0x10a2, 0x10a2, 0x10a2, 0x10a2, 0x10a2, 0x10a2, 0x10a2, 0x10a2, 0x10a2, 
	0x10a2, 0x10a2, 0x10a2, 0x10a2, 0x10a2, 0x10a2, 0x10a2, 0x1082, 0x2124, 0x8430, 0x8c71, 0x8c51, 0x8c71, 0x8c71, 0x8c51, 0x94b2, 
	0x528a, 0x0861, 0x10a2, 0x10a2, 0x10a2, 0x10a2, 0x10a2, 0x10a2, 0x10a2, 0x10a2, 0x10a2, 0x10a2, 0x10a2, 0x10a2, 0x10a2, 0x10a2, 
	0x10a2, 0x10a2, 0x10a2, 0x10a2, 0x10a2, 0x10a2, 0x10a2, 0x10a2, 0x10a2, 0x10a2, 0x10a2, 0x18a2, 0x10a2, 0x0082, 0x18c2, 0x5141, 
	0x9a01, 0xd280, 0xf2e0, 0xfae0, 0xf2e0, 0xeac0, 0xeac0, 0xe2c0, 0xe2c0, 0xeac0, 0xeac0, 0xeac0, 0xeac0, 0xeac0, 0xeac0, 0xeac0, 
	0xeac0, 0xeac0, 0xeac0, 0xeac0, 0xeac0, 0xeac0, 0xeac0, 0xeac0, 0xeac0, 0xe2c0, 0xe2c0, 0xe2c0, 0xe2c0, 0xeac0, 0xf2c0, 0xf2e0, 
	0xeac0, 0xc261, 0x81c1, 0x3902, 0x08a2, 0x0882, 0x10a2, 0x18a2, 0x10a2, 0x10a2, 0x10a2, 0x10a2, 0x10a2, 0x10a2, 0x10a2, 0x10a2, 
	0x10a2, 0x10a2, 0x10a2, 0x10a2, 0x10a2, 0x10a2, 0x10a2, 0x10a2, 0x10a2, 0x10a2, 0x10a2, 0x10a2, 0x10a2, 0x10a2, 0x10a2, 0x18c3, 
	0x0861, 0x2965, 0x8c30, 0x8c71, 0x8c51, 0x8c71, 0x8c51, 0x94b2, 0x5aca, 0x0861, 0x18c3, 0x10a2, 0x10a2, 0x10a2, 0x10a2, 0x10a2, 
	0x10a2, 0x10a2, 0x10a2, 0x10a2, 0x10a2, 0x10a2, 0x10a2, 0x10a2, 0x10a2, 0x10a2, 0x10a2, 0x10a2, 0x10a2, 0x10a2, 0x10a2, 0x10a2, 
	0x10a2, 0x10a2, 0x10a2, 0x10a2, 0x10a2, 0x10a2, 0x10a2, 0x10a2, 0x10a2, 0x10a2, 0x10a2, 0x10a2, 0x10a2, 0x10a2, 0x10a2, 0x10a2, 
	0x10a2, 0x10a2, 0x10a2, 0x10a2, 0x10a2, 0x10a2, 0x10a2, 0x10a2, 0x10a2, 0x10a2, 0x10a2, 0x10a2, 0x10a2, 0x10a2, 0x10a2, 0x10a2, 
	0x10a2, 0x10a2, 0x10a2, 0x10a2, 0x10a2, 0x10a2, 0x10a2, 0x10a2, 0x10a2, 0x10a2, 0x10a2, 0x10a2, 0x10a2, 0x10a2, 0x10a2, 0x10a2, 
	0x10a2, 0x10a2, 0x10a2, 0x10a2, 0x10a2, 0x10a2, 0x10a2, 0x10a2, 0x10a2, 0x10a2, 0x10a2, 0x10a2, 0x10a2, 0x10a2, 0x10a2, 0x10a2, 
	0x10a2, 0x10a2, 0x10a2, 0x10a2, 0x10a2, 0x10a2, 0x10a2, 0x10a2, 0x10a2, 0x10a2, 0x10a2, 0x10a2, 0x10a2, 0x10a2, 0x10a2, 0x10a2, 
	0x10a2, 0x10a2, 0x10a2, 0x10a2, 0x10a2, 0x10a2, 0x10a2, 0x10a2, 0x10a2, 0x10a2, 0x10a2, 0x10a2, 0x10a2, 0x10a2, 0x10a2, 0x10a2, 
	0x10a2, 0x10a2, 0x10a2, 0x10a2, 0x10a2, 0x10a2, 0x10a2, 0x18c3, 0x1082, 0x31a6, 0x9492, 0x8c71, 0x8c51, 0x8c71, 0x8c51, 0x8c51, 
	0x94b2, 0x5aeb, 0x1082, 0x10a2, 0x18c3, 0x10a2, 0x10a2, 0x10a2, 0x10a2, 0x10a2, 0x10a2, 0x10a2, 0x10a2, 0x10a2, 0x10a2, 0x10a2, 
	0x10a2, 0x10a2, 0x10a2, 0x10a2, 0x10a2, 0x10a2, 0x10a2, 0x10a2, 0x10a2, 0x10a2, 0x10a2, 0x10a2, 0x10a2, 0x18a2, 0x10a2, 0x0882, 
	0x0882, 0x20c2, 0x5142, 0x91e1, 0xc260, 0xeac0, 0xf2e0, 0xfae0, 0xf2e0, 0xf2e0, 0xeac0, 0xeac0, 0xeac0, 0xeac0, 0xeac0, 0xe2c0, 
	0xe2c0, 0xe2c0, 0xe2c0, 0xe2c0, 0xe2c0, 0xe2c0, 0xeac0, 0xeac0, 0xeae0, 0xf2e0, 0xf2e0, 0xfb00, 0xf2e0, 0xdaa0, 0xba41, 0x79c1, 
	0x4122, 0x10a2, 0x0882, 0x08a2, 0x18a2, 0x18a2, 0x10a2, 0x10a2, 0x10a2, 0x10a2, 0x10a2, 0x10a2, 0x10a2, 0x10a2, 0x10a2, 0x10a2, 
	0x10a2, 0x10a2, 0x10a2, 0x10a2, 0x10a2, 0x10a2, 0x10a2, 0x10a2, 0x10a2, 0x10a2, 0x10a2, 0x10a2, 0x10a2, 0x10c2, 0x18c3, 0x0861, 
	0x31a6, 0x8c51, 0x9471, 0x8c51, 0x8c71, 0x8c51, 0x94b2, 0x6b4d, 0x1082, 0x10a2, 0x10a2, 0x10a2, 0x10a2, 0x10a2, 0x10a2, 0x10a2, 
	0x10a2, 0x10a2, 0x10a2, 0x10a2, 0x10a2, 0x10a2, 0x10a2, 0x10a2, 0x10a2, 0x10a2, 0x10a2, 0x10a2, 0x10a2, 0x10a2, 0x10a2, 0x10a2, 
	0x10a2, 0x10a2, 0x10a2, 0x10a2, 0x10a2, 0x10a2, 0x10a2, 0x10a2, 0x10a2, 0x10a2, 0x10a2, 0x10a2, 0x10a2, 0x10a2, 0x10a2, 0x10a2, 
	0x10a2, 0x10a2, 0x10a2, 0x10a2, 0x10a2, 0x10a2, 0x10a2, 0x10a2, 0x10a2, 0x10a2, 0x10a2, 0x10a2, 0x10a2, 0x10a2, 0x10a2, 0x10a2, 
	0x10a2, 0x10a2, 0x10a2, 0x10a2, 0x10a2, 0x10a2, 0x10a2, 0x10a2, 0x10a2, 0x10a2, 0x10a2, 0x10a2, 0x10a2, 0x10a2, 0x10a2, 0x10a2, 
	0x10a2, 0x10a2, 0x10a2, 0x10a2, 0x10a2, 0x10a2, 0x10a2, 0x10a2, 0x10a2, 0x10a2, 0x10a2, 0x10a2, 0x10a2, 0x10a2, 0x10a2, 0x10a2, 
	0x10a2, 0x10a2, 0x10a2, 0x10a2, 0x10a2, 0x10a2, 0x10a2, 0x10a2, 0x10a2, 0x10a2, 0x10a2, 0x10a2, 0x10a2, 0x10a2, 0x10a2, 0x10a2, 
	0x10a2, 0x10a2, 0x10a2, 0x10a2, 0x10a2, 0x10a2, 0x10a2, 0x10a2, 0x10a2, 0x10a2, 0x10a2, 0x10a2, 0x10a2, 0x10a2, 0x10a2, 0x10a2, 
	0x10a2, 0x10a2, 0x10a2, 0x10a2, 0x10a2, 0x10a2, 0x10a2, 0x10a2, 0x18c3, 0x0861, 0x4228, 0x94b2, 0x8c51, 0x8c51, 0x8c71, 0x8c71, 
	0x8c51, 0x94b2, 0x632c, 0x10a2, 0x1082, 0x18c3, 0x10a2, 0x10a2, 0x10a2, 0x10a2, 0x10a2, 0x10a2, 0x10a2, 0x10a2, 0x10a2, 0x10a2, 
	0x10a2, 0x10a2, 0x10a2, 0x10a2, 0x10a2, 0x10a2, 0x10a2, 0x10a2, 0x10a2, 0x10a2, 0x10a2, 0x10a2, 0x10a2, 0x10a2, 0x10a2, 0x18a2, 
	0x18a2, 0x10a2, 0x0882, 0x0882, 0x10a2, 0x3102, 0x5962, 0x89c1, 0xaa21, 0xca80, 0xe2c0, 0xeae0, 0xf2e0, 0xf300, 0xfb00, 0xfb00, 
	0xfb00, 0xfae0, 0xfae0, 0xfae0, 0xfae0, 0xf2e0, 0xf2c0, 0xeac0, 0xdaa0, 0xc261, 0xa201, 0x79c1, 0x5142, 0x28e2, 0x10a2, 0x0883, 
	0x0882, 0x10a2, 0x18c2, 0x18c2, 0x10a2, 0x10a2, 0x10a2, 0x10a2, 0x10a2, 0x10a2, 0x10a2, 0x10a2, 0x10a2, 0x10a2, 0x10a2, 0x10a2, 
	0x10a2, 0x10a2, 0x10a2, 0x10a2, 0x10a2, 0x10a2, 0x10a2, 0x10a2, 0x10a2, 0x10a2, 0x10a2, 0x10a2, 0x18c2, 0x18a2, 0x0861, 0x4208, 
	0x9471, 0x8c71, 0x8c51, 0x8c71, 0x8c51, 0x9492, 0x7bcf, 0x18c3, 0x10a2, 0x10a2, 0x10a2, 0x10a2, 0x10a2, 0x10a2, 0x10a2, 0x10a2, 
	0x10a2, 0x10a2, 0x10a2, 0x10a2, 0x10a2, 0x10a2, 0x10a2, 0x10a2, 0x10a2, 0x10a2, 0x10a2, 0x10a2, 0x10a2, 0x10a2, 0x10a2, 0x10a2, 
	0x10a2, 0x10a2, 0x10a2, 0x10a2, 0x10a2, 0x10a2, 0x10a2, 0x10a2, 0x10a2, 0x10a2, 0x10a2, 0x10a2, 0x10a2, 0x10a2, 0x10a2, 0x10a2, 
	0x10a2, 0x10a2, 0x10a2, 0x10a2, 0x10a2, 0x10a2, 0x10a2, 0x10a2, 0x10a2, 0x10a2, 0x10a2, 0x10a2, 0x10a2, 0x10a2, 0x10a2, 0x10a2, 
	0x10a2, 0x10a2, 0x10a2, 0x10a2, 0x10a2, 0x10a2, 0x10a2, 0x10a2, 0x10a2, 0x10a2, 0x10a2, 0x10a2, 0x10a2, 0x10a2, 0x10a2, 0x10a2, 
	0x10a2, 0x10a2, 0x10a2, 0x10a2, 0x10a2, 0x10a2, 0x10a2, 0x10a2, 0x10a2, 0x10a2, 0x10a2, 0x10a2, 0x10a2, 0x10a2, 0x10a2, 0x10a2, 
	0x10a2, 0x10a2, 0x10a2, 0x10a2, 0x10a2, 0x10a2, 0x10a2, 0x10a2, 0x10a2, 0x10a2, 0x10a2, 0x10a2, 0x10a2, 0x10a2, 0x10a2, 0x10a2, 
	0x10a2, 0x10a2, 0x10a2, 0x10a2, 0x10a2, 0x10a2, 0x10a2, 0x10a2, 0x10a2, 0x10a2, 0x10a2, 0x10a2, 0x10a2, 0x10a2, 0x10a2, 0x10a2, 
	0x10a2, 0x10a2, 0x10a2, 0x10a2, 0x10a2, 0x10a2, 0x10a2, 0x10a2, 0x10a2, 0x18c3, 0x0861, 0x4a69, 0x9492, 0x8c51, 0x8c51, 0x8c71, 
	0x8c71, 0x8c51, 0x94b2, 0x73ae, 0x2124, 0x0861, 0x18c3, 0x10a2, 0x10a2, 0x10a2, 0x10a2, 0x10a2, 0x10a2, 0x10a2, 0x10a2, 0x10a2, 
	0x10a2, 0x10a2, 0x10a2, 0x10a2, 0x10a2, 0x10a2, 0x10a2, 0x10a2, 0x10a2, 0x10a2, 0x10a2, 0x10a2, 0x10a2, 0x10a2, 0x10a2, 0x10a2, 
	0x10a2, 0x10a2, 0x18a2, 0x18a2, 0x10a2, 0x10a2, 0x0882, 0x0882, 0x08a2, 0x10a2, 0x28e2, 0x3922, 0x5142, 0x5962, 0x6982, 0x71a2, 
	0x79a1, 0x79a2, 0x79a1, 0x71a2, 0x6982, 0x5962, 0x4942, 0x3902, 0x20e3, 0x10a2, 0x0882, 0x0082, 0x0882, 0x10a2, 0x10a2, 0x18a2, 
	0x18a2, 0x10a2, 0x10a2, 0x10a2, 0x10a2, 0x10a2, 0x10a2, 0x10a2, 0x10a2, 0x10a2, 0x10a2, 0x10a2, 0x10a2, 0x10a2, 0x10a2, 0x10a2, 
	0x10a2, 0x10a2, 0x10a2, 0x10a2, 0x10a2, 0x10a2, 0x10a2, 0x10a2, 0x10a2, 0x10a2, 0x10a2, 0x18c3, 0x10a2, 0x1082, 0x52aa, 0x9492, 
	0x8c71, 0x8c71, 0x8c71, 0x8c51, 0x9492, 0x7bef, 0x2104, 0x1082, 0x10a2, 0x10a2, 0x10a2, 0x10a2, 0x10a2, 0x10a2, 0x10a2, 0x10a2, 
	0x10a2, 0x10a2, 0x10a2, 0x10a2, 0x10a2, 0x10a2, 0x10a2, 0x10a2, 0x10a2, 0x10a2, 0x10a2, 0x10a2, 0x10a2, 0x10a2, 0x10a2, 0x10a2, 
	0x10a2, 0x10a2, 0x10a2, 0x10a2, 0x10a2, 0x10a2, 0x10a2, 0x10a2, 0x10a2, 0x10a2, 0x10a2, 0x10a2, 0x10a2, 0x10a2, 0x10a2, 0x10a2, 
	0x10a2, 0x10a2, 0x10a2, 0x10a2, 0x10a2, 0x10a2, 0x10a2, 0x10a2, 0x10a2, 0x10a2, 0x10a2, 0x10a2, 0x10a2, 0x10a2, 0x10a2, 0x10a2, 
	0x10a2, 0x10a2, 0x10a2, 0x10a2, 0x10a2, 0x10a2, 0x10a2, 0x10a2, 0x10a2, 0x10a2, 0x10a2, 0x10a2, 0x10a2, 0x10a2, 0x10a2, 0x10a2, 
	0x10a2, 0x10a2, 0x10a2, 0x10a2, 0x10a2, 0x10a2, 0x10a2, 0x10a2, 0x10a2, 0x10a2, 0x10a2, 0x10a2, 0x10a2, 0x10a2, 0x10a2, 0x10a2, 
	0x10a2, 0x10a2, 0x10a2, 0x10a2, 0x10a2, 0x10a2, 0x10a2, 0x10a2, 0x10a2, 0x10a2, 0x10a2, 0x10a2, 0x10a2, 0x10a2, 0x10a2, 0x10a2, 
	0x10a2, 0x10a2, 0x10a2, 0x10a2, 0x10a2, 0x10a2, 0x10a2, 0x10a2, 0x10a2, 0x10a2, 0x10a2, 0x10a2, 0x10a2, 0x10a2, 0x10a2, 0x10a2, 
	0x10a2, 0x10a2, 0x10a2, 0x10a2, 0x10a2, 0x10a2, 0x10a2, 0x10a2, 0x10a2, 0x10a2, 0x18c2, 0x0861, 0x5289, 0x9492, 0x8c51, 0x8c51, 
	0x8c51, 0x8c71, 0x8c51, 0x9492, 0x8c51, 0x39e7, 0x0861, 0x10a2, 0x18c3, 0x10a2, 0x10a2, 0x10a2, 0x10a2, 0x10a2, 0x10a2, 0x10a2, 
	0x10a2, 0x10a2, 0x10a2, 0x10a2, 0x10a2, 0x10a2, 0x10a2, 0x10a2, 0x10a2, 0x10a2, 0x10a2, 0x10a2, 0x10a2, 0x10a2, 0x10a2, 0x10a2, 
	0x10a2, 0x10a2, 0x10a2, 0x10a2, 0x10a2, 0x18c2, 0x18c2, 0x18a2, 0x18a2, 0x10a2, 0x10a2, 0x08a2, 0x08a2, 0x08a3, 0x08a3, 0x08a3, 
	0x0883, 0x0883, 0x0883, 0x0883, 0x08a3, 0x08a3, 0x08a3, 0x10a2, 0x10a2, 0x10a2, 0x18c2, 0x18c2, 0x18c2, 0x10a2, 0x10a2, 0x10a2, 
	0x10a2, 0x10a2, 0x10a2, 0x10a2, 0x10a2, 0x10a2, 0x10a2, 0x10a2, 0x10a2, 0x10a2, 0x10a2, 0x10a2, 0x10a2, 0x10a2, 0x10a2, 0x10a2, 
	0x10a2, 0x10a2, 0x10a2, 0x10a2, 0x10a2, 0x10a2, 0x10a2, 0x10a2, 0x10a2, 0x10a2, 0x18c3, 0x0881, 0x2103, 0x6b6d, 0x94b2, 0x8c51, 
	0x8c71, 0x8c71, 0x8c51, 0x94b2, 0x7bef, 0x2104, 0x1082, 0x18c2, 0x10a2, 0x10a2, 0x10a2, 0x10a2, 0x10a2, 0x10a2, 0x10a2, 0x10a2, 
	0x10a2, 0x10a2, 0x10a2, 0x10a2, 0x10a2, 0x10a2, 0x10a2, 0x10a2, 0x10a2, 0x10a2, 0x10a2, 0x10a2, 0x10a2, 0x10a2, 0x10a2, 0x10a2, 
	0x10a2, 0x10a2, 0x10a2, 0x10a2, 0x10a2, 0x10a2, 0x10a2, 0x10a2, 0x10a2, 0x10a2, 0x10a2, 0x10a2, 0x10a2, 0x10a2, 0x10a2, 0x10a2, 
	0x10a2, 0x10a2, 0x10a2, 0x10a2, 0x10a2, 0x10a2, 0x10a2, 0x10a2, 0x10a2, 0x10a2, 0x10a2, 0x10a2, 0x10a2, 0x10a2, 0x10a2, 0x10a2, 
	0x10a2, 0x10a2, 0x10a2, 0x10a2, 0x10a2, 0x10a2, 0x10a2, 0x10a2, 0x10a2, 0x10a2, 0x10a2, 0x10a2, 0x10a2, 0x10a2, 0x10a2, 0x10a2, 
	0x10a2, 0x10a2, 0x10a2, 0x10a2, 0x10a2, 0x10a2, 0x10a2, 0x10a2, 0x10a2, 0x10a2, 0x10a2, 0x10a2, 0x10a2, 0x10a2, 0x10a2, 0x10a2, 
	0x10a2, 0x10a2, 0x10a2, 0x10a2, 0x10a2, 0x10a2, 0x10a2, 0x10a2, 0x10a2, 0x10a2, 0x10a2, 0x10a2, 0x10a2, 0x10a2, 0x10a2, 0x10a2, 
	0x10a2, 0x10a2, 0x10a2, 0x10a2, 0x10a2, 0x10a2, 0x10a2, 0x10a2, 0x10a2, 0x10a2, 0x10a2, 0x10a2, 0x10a2, 0x10a2, 0x10a2, 0x10a2, 
	0x10a2, 0x10a2, 0x10a2, 0x10a2, 0x10a2, 0x10a2, 0x10a2, 0x10a2, 0x10a2, 0x10a2, 0x10a2, 0x10a2, 0x0861, 0x4a69, 0x9492, 0x8c51, 
	0x8c51, 0x8c71, 0x8c71, 0x8c51, 0x9472, 0x94b2, 0x5aeb, 0x18c3, 0x0861, 0x18c3, 0x10a2, 0x10a2, 0x10a2, 0x10a2, 0x10a2, 0x10a2, 
	0x10a2, 0x10a2, 0x10a2, 0x10a2, 0x10a2, 0x10a2, 0x10a2, 0x10a2, 0x10a2, 0x10a2, 0x10a2, 0x10a2, 0x10a2, 0x10a2, 0x10a2, 0x10a2, 
	0x10a2, 0x10a2, 0x10a2, 0x10a2, 0x10a2, 0x10a2, 0x10a2, 0x10a2, 0x10a2, 0x10a2, 0x10a2, 0x18c2, 0x18c2, 0x18c2, 0x18c2, 0x18c2, 
	0x18c2, 0x18c2, 0x18c2, 0x18c2, 0x18c2, 0x18c2, 0x18c2, 0x18c2, 0x18a2, 0x10a2, 0x10a2, 0x10a2, 0x10a2, 0x10a2, 0x10a2, 0x10a2, 
	0x10a2, 0x10a2, 0x10a2, 0x10a2, 0x10a2, 0x10a2, 0x10a2, 0x10a2, 0x10a2, 0x10a2, 0x10a2, 0x10a2, 0x10a2, 0x10a2, 0x10a2, 0x10a2, 
	0x10a2, 0x10a2, 0x10a2, 0x10a2, 0x10a2, 0x10a2, 0x10a2, 0x10a2, 0x18c3, 0x10a2, 0x0861, 0x39c7, 0x8410, 0x9492, 0x8c51, 0x8c71, 
	0x8c71, 0x8c51, 0x94b2, 0x7bef, 0x2104, 0x1082, 0x18c2, 0x10a2, 0x10a2, 0x10a2, 0x10a2, 0x10a2, 0x10a2, 0x10a2, 0x10a2, 0x10a2, 
	0x10a2, 0x10a2, 0x10a2, 0x10a2, 0x10a2, 0x10a2, 0x10a2, 0x10a2, 0x10a2, 0x10a2, 0x10a2, 0x10a2, 0x10a2, 0x10a2, 0x10a2, 0x10a2, 
	0x10a2, 0x10a2, 0x10a2, 0x10a2, 0x10a2, 0x10a2, 0x10a2, 0x10a2, 0x10a2, 0x10a2, 0x10a2, 0x10a2, 0x10a2, 0x10a2, 0x10a2, 0x10a2, 
	0x10a2, 0x10a2, 0x10a2, 0x10a2, 0x10a2, 0x10a2, 0x10a2, 0x10a2, 0x10a2, 0x10a2, 0x10a2, 0x10a2, 0x10a2, 0x10a2, 0x10a2, 0x10a2, 
	0x10a2, 0x10a2, 0x10a2, 0x10a2, 0x10a2, 0x10a2, 0x10a2, 0x10a2, 0x10a2, 0x10a2, 0x10a2, 0x10a2, 0x10a2, 0x10a2, 0x10a2, 0x10a2, 
	0x10a2, 0x10a2, 0x10a2, 0x10a2, 0x10a2, 0x10a2, 0x10a2, 0x10a2, 0x10a2, 0x10a2, 0x10a2, 0x10a2, 0x10a2, 0x10a2, 0x10a2, 0x10a2, 
	0x10a2, 0x10a2, 0x10a2, 0x10a2, 0x10a2, 0x10a2, 0x10a2, 0x10a2, 0x10a2, 0x10a2, 0x10a2, 0x10a2, 0x10a2, 0x10a2, 0x10a2, 0x10a2, 
	0x10a2, 0x10a2, 0x10a2, 0x10a2, 0x10a2, 0x10a2, 0x10a2, 0x10a2, 0x10a2, 0x10a2, 0x10a2, 0x10a2, 0x10a2, 0x10a2, 0x10a2, 0x10a2, 
	0x10a2, 0x10a2, 0x10a2, 0x10a2, 0x10a2, 0x10a2, 0x10a2, 0x10a2, 0x10a2, 0x10a2, 0x10a2, 0x10a2, 0x18a2, 0x0861, 0x4a49, 0x9492, 
	0x8c71, 0x8c51, 0x8c71, 0x8c71, 0x8c71, 0x8c71, 0x94b2, 0x7bef, 0x31a6, 0x0861, 0x10a2, 0x18c2, 0x10a2, 0x10a2, 0x10a2, 0x10a2, 
	0x10a2, 0x10a2, 0x10a2, 0x10a2, 0x10a2, 0x10a2, 0x10a2, 0x10a2, 0x10a2, 0x10a2, 0x10a2, 0x10a2, 0x10a2, 0x10a2, 0x10a2, 0x10a2, 
	0x10a2, 0x10a2, 0x10a2, 0x10a2, 0x10a2, 0x10a2, 0x10a2, 0x10a2, 0x10a2, 0x10a2, 0x10a2, 0x10a2, 0x10a2, 0x10a2, 0x10a2, 0x10a2, 
	0x10a2, 0x10a2, 0x10a2, 0x10a2, 0x10a2, 0x10a2, 0x10a2, 0x10a2, 0x10a2, 0x10a2, 0x10a2, 0x10a2, 0x10a2, 0x10a2, 0x10a2, 0x10a2, 
	0x10a2, 0x10a2, 0x10a2, 0x10a2, 0x10a2, 0x10a2, 0x10a2, 0x10a2, 0x10a2, 0x10a2, 0x10a2, 0x10a2, 0x10a2, 0x10a2, 0x10a2, 0x10a2, 
	0x10a2, 0x10a2, 0x10a2, 0x10a2, 0x10a2, 0x10a2, 0x10a2, 0x10a2, 0x0861, 0x18e3, 0x62eb, 0x9492, 0x8c71, 0x8c51, 0x8c71, 0x8c71, 
	0x8c51, 0x94b2, 0x7bcf, 0x18e3, 0x1082, 0x18c2, 0x10a2, 0x10a2, 0x10a2, 0x10a2, 0x10a2, 0x10a2, 0x10a2, 0x10a2, 0x10a2, 0x10a2, 
	0x10a2, 0x10a2, 0x10a2, 0x10a2, 0x10a2, 0x10a2, 0x10a2, 0x10a2, 0x10a2, 0x10a2, 0x10a2, 0x10a2, 0x10a2, 0x10a2, 0x10a2, 0x10a2, 
	0x10a2, 0x10a2, 0x10a2, 0x10a2, 0x10a2, 0x10a2, 0x10a2, 0x10a2, 0x10a2, 0x10a2, 0x10a2, 0x10a2, 0x10a2, 0x10a2, 0x10a2, 0x10a2, 
	0x10a2, 0x10a2, 0x10a2, 0x10a2, 0x10a2, 0x10a2, 0x10a2, 0x10a2, 0x10a2, 0x10a2, 0x10a2, 0x10a2, 0x10a2, 0x10a2, 0x10a2, 0x10a2, 
	0x10a2, 0x10a2, 0x10a2, 0x10a2, 0x10a2, 0x10a2, 0x10a2, 0x10a2, 0x10a2, 0x10a2, 0x10a2, 0x10a2, 0x10a2, 0x10a2, 0x10a2, 0x10a2, 
	0x10a2, 0x10a2, 0x10a2, 0x10a2, 0x10a2, 0x10a2, 0x10a2, 0x10a2, 0x10a2, 0x10a2, 0x10a2, 0x10a2, 0x10a2, 0x10a2, 0x10a2, 0x10a2, 
	0x10a2, 0x10a2, 0x10a2, 0x10a2, 0x10a2, 0x10a2, 0x10a2, 0x10a2, 0x10a2, 0x10a2, 0x10a2, 0x10a2, 0x10a2, 0x10a2, 0x10a2, 0x10a2, 
	0x10a2, 0x10a2, 0x10a2, 0x10a2, 0x10a2, 0x10a2, 0x10a2, 0x10a2, 0x10a2, 0x10a2, 0x10a2, 0x10a2, 0x10a2, 0x10a2, 0x10a2, 0x10a2, 
	0x10a2, 0x10a2, 0x10a2, 0x10a2, 0x10a2, 0x10a2, 0x10a2, 0x10a2, 0x10a2, 0x10a2, 0x10a2, 0x10a2, 0x10a2, 0x18c3, 0x0861, 0x39e7, 
	0x8c51, 0x9492, 0x8c51, 0x8c71, 0x8c71, 0x8c71, 0x8c51, 0x9492, 0x8c71, 0x5aeb, 0x18e3, 0x0861, 0x10a2, 0x18c2, 0x10a2, 0x10a2, 
	0x10a2, 0x10a2, 0x10a2, 0x10a2, 0x10a2, 0x10a2, 0x10a2, 0x10a2, 0x10a2, 0x10a2, 0x10a2, 0x10a2, 0x10a2, 0x10a2, 0x10a2, 0x10a2, 
	0x10a2, 0x10a2, 0x10a2, 0x10a2, 0x10a2, 0x10a2, 0x10a2, 0x10a2, 0x10a2, 0x10a2, 0x10a2, 0x10a2, 0x10a2, 0x10a2, 0x10a2, 0x10a2, 
	0x10a2, 0x10a2, 0x10a2, 0x10a2, 0x10a2, 0x10a2, 0x10a2, 0x10a2, 0x10a2, 0x10a2, 0x10a2, 0x10a2, 0x10a2, 0x10a2, 0x10a2, 0x10a2, 
	0x10a2, 0x10a2, 0x10a2, 0x10a2, 0x10a2, 0x10a2, 0x10a2, 0x10a2, 0x10a2, 0x10a2, 0x10a2, 0x10a2, 0x10a2, 0x10a2, 0x10a2, 0x10a2, 
	0x10a2, 0x10a2, 0x10a2, 0x10a2, 0x10a2, 0x18c3, 0x1082, 0x1082, 0x39e7, 0x8410, 0x94b2, 0x8c51, 0x8c51, 0x8c71, 0x8c51, 0x8c51, 
	0x94b2, 0x632c, 0x18c3, 0x1082, 0x18c2, 0x10a2, 0x10a2, 0x10a2, 0x10a2, 0x10a2, 0x10a2, 0x10a2, 0x10a2, 0x10a2, 0x10a2, 0x10a2, 
	0x10a2, 0x10a2, 0x10a2, 0x10a2, 0x10a2, 0x10a2, 0x10a2, 0x10a2, 0x10a2, 0x10a2, 0x10a2, 0x10a2, 0x10a2, 0x10a2, 0x10a2, 0x10a2, 
	0x10a2, 0x10a2, 0x10a2, 0x10a2, 0x10a2, 0x10a2, 0x10a2, 0x10a2, 0x10a2, 0x10a2, 0x10a2, 0x10a2, 0x10a2, 0x10a2, 0x10a2, 0x10a2, 
	0x10a2, 0x10a2, 0x10a2, 0x10a2, 0x10a2, 0x10a2, 0x10a2, 0x10a2, 0x10a2, 0x10a2, 0x10a2, 0x10a2, 0x10a2, 0x10a2, 0x10a2, 0x10a2, 
	0x10a2, 0x10a2, 0x10a2, 0x10a2, 0x10a2, 0x10a2, 0x10a2, 0x10a2, 0x10a2, 0x10a2, 0x10a2, 0x10a2, 0x10a2, 0x10a2, 0x10a2, 0x10a2, 
	0x10a2, 0x10a2, 0x10a2, 0x10a2, 0x10a2, 0x10a2, 0x10a2, 0x10a2, 0x10a2, 0x10a2, 0x10a2, 0x10a2, 0x10a2, 0x10a2, 0x10a2, 0x10a2, 
	0x10a2, 0x10a2, 0x10a2, 0x10a2, 0x10a2, 0x10a2, 0x10a2, 0x10a2, 0x10a2, 0x10a2, 0x10a2, 0x10a2, 0x10a2, 0x10a2, 0x10a2, 0x10a2, 
	0x10a2, 0x10a2, 0x10a2, 0x10a2, 0x10a2, 0x10a2, 0x10a2, 0x10a2, 0x10a2, 0x10a2, 0x10a2, 0x10a2, 0x10a2, 0x10a2, 0x10a2, 0x10a2, 
	0x10a2, 0x10a2, 0x10a2, 0x10a2, 0x10a2, 0x10a2, 0x10a2, 0x10a2, 0x10a2, 0x10a2, 0x10a2, 0x10a2, 0x10a2, 0x10a2, 0x18c3, 0x0861, 
	0x2965, 0x7bf0, 0x94b2, 0x8c51, 0x8c71, 0x8c71, 0x8c71, 0x8c51, 0x8c51, 0x9492, 0x8410, 0x4228, 0x10a2, 0x0861, 0x10a2, 0x18c3, 
	0x10a2, 0x10a2, 0x10a2, 0x10a2, 0x10a2, 0x10a2, 0x10a2, 0x10a2, 0x10a2, 0x10a2, 0x10a2, 0x10a2, 0x10a2, 0x10a2, 0x10a2, 0x10a2, 
	0x10a2, 0x10a2, 0x10a2, 0x10a2, 0x10a2, 0x10a2, 0x10a2, 0x10a2, 0x10a2, 0x10a2, 0x10a2, 0x10a2, 0x10a3, 0x10a2, 0x10a2, 0x10a2, 
	0x10a2, 0x10a2, 0x10a2, 0x10a2, 0x10a2, 0x10a2, 0x10a2, 0x10a2, 0x10a2, 0x10a2, 0x10a2, 0x10a2, 0x10a2, 0x10a2, 0x10a2, 0x10a2, 
	0x10a2, 0x10a2, 0x10a2, 0x10a2, 0x10a2, 0x10a2, 0x10a2, 0x10a2, 0x10a2, 0x10a2, 0x10a2, 0x10a2, 0x10a2, 0x10a2, 0x10a2, 0x10a2, 
	0x10a2, 0x10a2, 0x10a2, 0x18c3, 0x1082, 0x0861, 0x3186, 0x736d, 0x94b2, 0x9492, 0x8c51, 0x8c71, 0x8c71, 0x8c51, 0x8c71, 0x9492, 
	0x528a, 0x1082, 0x10a2, 0x10a2, 0x10a2, 0x10a2, 0x10a2, 0x10a2, 0x10a2, 0x10a2, 0x10a2, 0x10a2, 0x10a2, 0x10a2, 0x10a2, 0x10a2, 
	0x10a2, 0x10a2, 0x10a2, 0x10a2, 0x10a2, 0x10a2, 0x10a2, 0x10a2, 0x10a2, 0x10a2, 0x10a2, 0x10a2, 0x10a2, 0x10a2, 0x10a2, 0x10a2, 
	0x10a2, 0x10a2, 0x10a2, 0x10a2, 0x10a2, 0x10a2, 0x10a2, 0x10a2, 0x10a2, 0x10a2, 0x10a2, 0x10a2, 0x10a2, 0x10a2, 0x10a2, 0x10a2, 
	0x10a2, 0x10a2, 0x10a2, 0x10a2, 0x10a2, 0x10a2, 0x10a2, 0x10a2, 0x10a2, 0x10a2, 0x10a2, 0x10a2, 0x10a2, 0x10a2, 0x10a2, 0x10a2, 
	0x10a2, 0x10a2, 0x10a2, 0x10a2, 0x10a2, 0x10a2, 0x10a2, 0x10a2, 0x10a2, 0x10a2, 0x10a2, 0x10a2, 0x10a2, 0x10a2, 0x10a2, 0x10a2, 
	0x10a2, 0x10a2, 0x10a2, 0x10a2, 0x10a2, 0x10a2, 0x10a2, 0x10a2, 0x10a2, 0x10a2, 0x10a2, 0x10a2, 0x10a2, 0x10a2, 0x10a2, 0x10a2, 
	0x10a2, 0x10a2, 0x10a2, 0x10a2, 0x10a2, 0x10a2, 0x10a2, 0x10a2, 0x10a2, 0x10a2, 0x10a2, 0x10a2, 0x10a2, 0x10a2, 0x10a2, 0x10a2, 
	0x10a2, 0x10a2, 0x10a2, 0x10a2, 0x10a2, 0x10a2, 0x10a2, 0x10a2, 0x10a2, 0x10a2, 0x10a2, 0x10a2, 0x10a2, 0x10a2, 0x10a2, 0x10a2, 
	0x10a2, 0x10a2, 0x10a2, 0x10a2, 0x10a2, 0x10a2, 0x10a2, 0x10a2, 0x10a2, 0x10a2, 0x10a2, 0x10a2, 0x10a2, 0x10a2, 0x10a2, 0x18c2, 
	0x1081, 0x18c3, 0x6b6d, 0x94b2, 0x8c71, 0x8c51, 0x8c71, 0x8c71, 0x8c51, 0x8c51, 0x8c71, 0x94b2, 0x7bcf, 0x39c7, 0x1082, 0x0861, 
	0x10a2, 0x18c3, 0x10a2, 0x10a2, 0x10a2, 0x10a2, 0x10a2, 0x10a2, 0x10a2, 0x10a2, 0x10a2, 0x10a2, 0x10a2, 0x10a2, 0x10a2, 0x10a2, 
	0x10a2, 0x10a2, 0x10a2, 0x10a2, 0x10a2, 0x10a2, 0x10a2, 0x10a2, 0x10a2, 0x10a2, 0x18c3, 0x10a2, 0x1082, 0x18c3, 0x10c2, 0x10a2, 
	0x10a2, 0x10a2, 0x10a2, 0x10a2, 0x10a2, 0x10a2, 0x10a2, 0x10a2, 0x10a2, 0x10a2, 0x10a2, 0x10a2, 0x10a2, 0x10a2, 0x10a2, 0x10a2, 
	0x10a2, 0x10a2, 0x10a2, 0x10a2, 0x10a2, 0x10a2, 0x10a2, 0x10a2, 0x10a2, 0x10a2, 0x10a2, 0x10a2, 0x10a2, 0x10a2, 0x10a2, 0x10a2, 
	0x10a2, 0x18c3, 0x1082, 0x0861, 0x2124, 0x632c, 0x9492, 0x94b2, 0x8c71, 0x8c71, 0x8c71, 0x8c71, 0x8c51, 0x9492, 0x8c51, 0x39e7, 
	0x0861, 0x10a2, 0x10a2, 0x10a2, 0x10a2, 0x10a2, 0x10a2, 0x10a2, 0x10a2, 0x10a2, 0x10a2, 0x10a2, 0x10a2, 0x10a2, 0x10a2, 0x10a2, 
	0x10a2, 0x10a2, 0x10a2, 0x10a2, 0x10a2, 0x10a2, 0x10a2, 0x10a2, 0x10a2, 0x10a2, 0x10a2, 0x10a2, 0x10a2, 0x10a2, 0x10a2, 0x10a2, 
	0x10a2, 0x10a2, 0x10a2, 0x10a2, 0x10a2, 0x10a2, 0x10a2, 0x10a2, 0x10a2, 0x10a2, 0x10a2, 0x10a2, 0x10a2, 0x10a2, 0x10a2, 0x10a2, 
	0x10a2, 0x10a2, 0x10a2, 0x10a2, 0x10a2, 0x10a2, 0x10a2, 0x10a2, 0x10a2, 0x10a2, 0x10a2, 0x10a2, 0x10a2, 0x10a2, 0x10a2, 0x10a2, 
	0x10a2, 0x10a2, 0x10a2, 0x10a2, 0x10a2, 0x10a2, 0x10a2, 0x10a2, 0x10a2, 0x10a2, 0x10a2, 0x10a2, 0x10a2, 0x10a2, 0x10a2, 0x10a2, 
	0x10a2, 0x10a2, 0x10a2, 0x10a2, 0x10a2, 0x10a2, 0x10a2, 0x10a2, 0x10a2, 0x10a2, 0x10a2, 0x10a2, 0x10a2, 0x10a2, 0x10a2, 0x10a2, 
	0x10a2, 0x10a2, 0x10a2, 0x10a2, 0x10a2, 0x10a2, 0x10a2, 0x10a2, 0x10a2, 0x10a2, 0x10a2, 0x10a2, 0x10a2, 0x10a2, 0x10a2, 0x10a2, 
	0x10a2, 0x10a2, 0x10a2, 0x10a2, 0x10a2, 0x10a2, 0x10a2, 0x10a2, 0x10a2, 0x10a2, 0x10a2, 0x10a2, 0x10a2, 0x10a2, 0x10a2, 0x10a2, 
	0x10a2, 0x10a2, 0x10a2, 0x10a2, 0x10a2, 0x10a2, 0x10a2, 0x10a2, 0x10a2, 0x10a2, 0x10a2, 0x10a2, 0x10a2, 0x10a2, 0x10a2, 0x10a2, 
	0x18c2, 0x1082, 0x1082, 0x528a, 0x9492, 0x9492, 0x8c51, 0x8c71, 0x8c71, 0x8c71, 0x8c51, 0x8c51, 0x9492, 0x9492, 0x738e, 0x39c7, 
	0x10a2, 0x0861, 0x10a2, 0x18c3, 0x10a2, 0x10a2, 0x10a2, 0x10a2, 0x10a2, 0x10a2, 0x10a2, 0x10a2, 0x10a2, 0x10a2, 0x10a2, 0x10a2, 
	0x10a2, 0x10a2, 0x10a2, 0x10a2, 0x10a2, 0x10a2, 0x10a2, 0x10a2, 0x10a2, 0x1082, 0x2945, 0x738e, 0x3186, 0x0861, 0x10a2, 0x18c3, 
	0x10a2, 0x10a2, 0x10a2, 0x10a2, 0x10a2, 0x10a2, 0x10a2, 0x10a2, 0x10a2, 0x10a2, 0x10a2, 0x10a2, 0x10a2, 0x10a2, 0x10a2, 0x10a2, 
	0x10a2, 0x10a2, 0x10a2, 0x10a2, 0x10a2, 0x10a2, 0x10a2, 0x10a2, 0x10a2, 0x10a2, 0x10a2, 0x10a2, 0x10a2, 0x10a2, 0x18c3, 0x10a2, 
	0x0861, 0x0861, 0x2945, 0x5aeb, 0x8c71, 0x94b2, 0x8c71, 0x8c71, 0x8c71, 0x8c71, 0x8c71, 0x8c71, 0x94b2, 0x738e, 0x2124, 0x0861, 
	0x18c3, 0x10a2, 0x10a2, 0x10a2, 0x10a2, 0x10a2, 0x10a2, 0x10a2, 0x10a2, 0x10a2, 0x10a2, 0x10a2, 0x10a2, 0x10a2, 0x10a2, 0x10a2, 
	0x10a2, 0x10a2, 0x10a2, 0x10a2, 0x10a2, 0x10a2, 0x10a2, 0x10a2, 0x10a2, 0x10a2, 0x10a2, 0x10a2, 0x10a2, 0x10a2, 0x10a2, 0x10a2, 
	0x10a2, 0x10a2, 0x10a2, 0x10a2, 0x10a2, 0x10a2, 0x10a2, 0x10a2, 0x10a2, 0x10a2, 0x10a2, 0x10a2, 0x10a2, 0x10a2, 0x10a2, 0x10a2, 
	0x10a2, 0x10a2, 0x10a2, 0x10a2, 0x10a2, 0x10a2, 0x10a2, 0x10a2, 0x10a2, 0x10a2, 0x10a2, 0x10a2, 0x10a2, 0x10a2, 0x10a2, 0x10a2, 
	0x10a2, 0x10a2, 0x10a2, 0x10a2, 0x10a2, 0x10a2, 0x10a2, 0x10a2, 0x10a2, 0x10a2, 0x10a2, 0x10a2, 0x10a2, 0x10a2, 0x10a2, 0x10a2, 
	0x10a2, 0x10a2, 0x10a2, 0x10a2, 0x10a2, 0x10a2, 0x10a2, 0x10a2, 0x10a2, 0x10a2, 0x10a2, 0x10a2, 0x10a2, 0x10a2, 0x10a2, 0x10a2, 
	0x10a2, 0x10a2, 0x10a2, 0x10a2, 0x10a2, 0x10a2, 0x10a2, 0x10a2, 0x10a2, 0x10a2, 0x10a2, 0x10a2, 0x10a2, 0x10a2, 0x10a2, 0x10a2, 
	0x10a2, 0x10a2, 0x10a2, 0x10a2, 0x10a2, 0x10a2, 0x10a2, 0x10a2, 0x10a2, 0x10a2, 0x10a2, 0x10a2, 0x10a2, 0x10a2, 0x10a2, 0x10a2, 
	0x10a2, 0x10a2, 0x10a2, 0x10a2, 0x10a2, 0x10a2, 0x10a2, 0x10a2, 0x10a2, 0x10a2, 0x10a2, 0x10a2, 0x10a2, 0x10a2, 0x10a2, 0x10a2, 
	0x10a2, 0x10a2, 0x10a2, 0x0861, 0x3186, 0x7bcf, 0x94b2, 0x8c71, 0x8c51, 0x8c71, 0x8c71, 0x8c71, 0x8c51, 0x8c51, 0x9492, 0x9492, 
	0x73ae, 0x4228, 0x18c3, 0x0861, 0x1082, 0x10a2, 0x18c3, 0x10a2, 0x10a2, 0x10a2, 0x10a2, 0x10a2, 0x10a2, 0x10a2, 0x10a2, 0x10a2, 
	0x10a2, 0x10a2, 0x10a2, 0x10a2, 0x10a2, 0x10a2, 0x10a2, 0x10a2, 0x10a2, 0x1082, 0x2945, 0x8c71, 0x8c71, 0x5aeb, 0x18e3, 0x0861, 
	0x18c2, 0x10a2, 0x10a2, 0x10a2, 0x10a2, 0x10a2, 0x10a2, 0x10a2, 0x10a2, 0x10a2, 0x10a2, 0x10a2, 0x10a2, 0x10a2, 0x10a2, 0x10a2, 
	0x10a2, 0x10a2, 0x10a2, 0x10a2, 0x10a2, 0x10a2, 0x10a2, 0x10a2, 0x10a2, 0x10a2, 0x10a2, 0x18c3, 0x18c2, 0x1082, 0x0861, 0x1082, 
	0x3186, 0x632c, 0x8c71, 0x94b2, 0x8c71, 0x8c51, 0x8c71, 0x8c71, 0x8c71, 0x8c71, 0x94b2, 0x8c71, 0x5289, 0x10a2, 0x1082, 0x18c3, 
	0x10a2, 0x10a2, 0x10a2, 0x10a2, 0x10a2, 0x10a2, 0x10a2, 0x10a2, 0x10a2, 0x10a2, 0x10a2, 0x10a2, 0x10a2, 0x10a2, 0x10a2, 0x10a2, 
	0x10a2, 0x10a2, 0x10a2, 0x10a2, 0x10a2, 0x10a2, 0x10a2, 0x10a2, 0x10a2, 0x10a2, 0x10a2, 0x10a2, 0x10a2, 0x10a2, 0x10a2, 0x10a2, 
	0x10a2, 0x10a2, 0x10a2, 0x10a2, 0x10a2, 0x10a2, 0x10a2, 0x10a2, 0x10a2, 0x10a2, 0x10a2, 0x10a2, 0x10a2, 0x10a2, 0x10a2, 0x10a2, 
	0x10a2, 0x10a2, 0x10a2, 0x10a2, 0x10a2, 0x10a2, 0x10a2, 0x10a2, 0x10a2, 0x10a2, 0x10a2, 0x10a2, 0x10a2, 0x10a2, 0x10a2, 0x10a2, 
	0x10a2, 0x10a2, 0x10a2, 0x10a2, 0x10a2, 0x10a2, 0x10a2, 0x10a2, 0x10a2, 0x10a2, 0x10a2, 0x10a2, 0x10a2, 0x10a2, 0x10a2, 0x10a2, 
	0x10a2, 0x10a2, 0x10a2, 0x10a2, 0x10a2, 0x10a2, 0x10a2, 0x10a2, 0x10a2, 0x10a2, 0x10a2, 0x10a2, 0x10a2, 0x10a2, 0x10a2, 0x10a2, 
	0x10a2, 0x10a2, 0x10a2, 0x10a2, 0x10a2, 0x10a2, 0x10a2, 0x10a2, 0x10a2, 0x10a2, 0x10a2, 0x10a2, 0x10a2, 0x10a2, 0x10a2, 0x10a2, 
	0x10a2, 0x10a2, 0x10a2, 0x10a2, 0x10a2, 0x10a2, 0x10a2, 0x10a2, 0x10a2, 0x10a2, 0x10a2, 0x10a2, 0x10a2, 0x10a2, 0x10a2, 0x10a2, 
	0x10a2, 0x10a2, 0x10a2, 0x10a2, 0x10a2, 0x10a2, 0x10a2, 0x10a2, 0x10a2, 0x10a2, 0x10a2, 0x10a2, 0x10a2, 0x10a2, 0x10a2, 0x10a2, 
	0x10a2, 0x10a2, 0x10a2, 0x18c3, 0x1082, 0x10a2, 0x52aa, 0x8c71, 0x9492, 0x8c51, 0x8c71, 0x8c71, 0x8c71, 0x8c71, 0x8c51, 0x8c51, 
	0x9492, 0x94b2, 0x8410, 0x52aa, 0x2945, 0x1082, 0x0861, 0x10a2, 0x18c2, 0x18c3, 0x18c2, 0x10a2, 0x10a2, 0x10a2, 0x10a2, 0x10a2, 
	0x10a2, 0x10a2, 0x10a2, 0x10a2, 0x10a2, 0x10a2, 0x10a2, 0x10a2, 0x10a2, 0x1082, 0x2945, 0x8c51, 0x8c51, 0x94b2, 0x8430, 0x4208, 
	0x1082, 0x1082, 0x18c3, 0x10a2, 0x10a2, 0x10a2, 0x10a2, 0x10a2, 0x10a2, 0x10a2, 0x10a2, 0x10a2, 0x10a2, 0x10a2, 0x10a2, 0x10a2, 
	0x10a2, 0x10a2, 0x10a2, 0x10a2, 0x10a2, 0x10a2, 0x10a2, 0x10a2, 0x18c3, 0x18c3, 0x10a2, 0x0861, 0x0861, 0x2104, 0x4a49, 0x73ae, 
	0x9492, 0x94b2, 0x8c71, 0x8c51, 0x8c71, 0x8c71, 0x8c71, 0x8c71, 0x9492, 0x94b2, 0x6b8e, 0x2945, 0x0861, 0x10a2, 0x10a2, 0x10a2, 
	0x10a2, 0x10a2, 0x10a2, 0x10a2, 0x10a2, 0x10a2, 0x10a2, 0x10a2, 0x10a2, 0x10a2, 0x10a2, 0x10a2, 0x10a2, 0x10a2, 0x10a2, 0x10a2, 
	0x10a2, 0x10a2, 0x10a2, 0x10a2, 0x10a2, 0x10a2, 0x10a2, 0x10a2, 0x10a2, 0x10a2, 0x10a2, 0x10a2, 0x10a2, 0x10a2, 0x10a2, 0x10a2, 
	0x10a2, 0x10a2, 0x10a2, 0x10a2, 0x10a2, 0x10a2, 0x10a2, 0x10a2, 0x10a2, 0x10a2, 0x10a2, 0x10a2, 0x10a2, 0x10a2, 0x10a2, 0x10a2, 
	0x10a2, 0x10a2, 0x10a2, 0x10a2, 0x10a2, 0x10a2, 0x10a2, 0x10a2, 0x10a2, 0x10a2, 0x10a2, 0x10a2, 0x10a2, 0x10a2, 0x10a2, 0x10a2, 
	0x10a2, 0x10a2, 0x10a2, 0x10a2, 0x10a2, 0x10a2, 0x10a2, 0x10a2, 0x10a2, 0x10a2, 0x10a2, 0x10a2, 0x10a2, 0x10a2, 0x10a2, 0x10a2, 
	0x10a2, 0x10a2, 0x10a2, 0x10a2, 0x10a2, 0x10a2, 0x10a2, 0x10a2, 0x10a2, 0x10a2, 0x10a2, 0x10a2, 0x10a2, 0x10a2, 0x10a2, 0x10a2, 
	0x10a2, 0x10a2, 0x10a2, 0x10a2, 0x10a2, 0x10a2, 0x10a2, 0x10a2, 0x10a2, 0x10a2, 0x10a2, 0x10a2, 0x10a2, 0x10a2, 0x10a2, 0x10a2, 
	0x10a2, 0x10a2, 0x10a2, 0x10a2, 0x10a2, 0x10a2, 0x10a2, 0x10a2, 0x10a2, 0x10a2, 0x10a2, 0x10a2, 0x10a2, 0x10a2, 0x10a2, 0x10a2, 
	0x10a2, 0x10a2, 0x10a2, 0x10a2, 0x10a2, 0x10a2, 0x10a2, 0x10a2, 0x10a2, 0x10a2, 0x10a2, 0x10a2, 0x10a2, 0x10a2, 0x10a2, 0x10a2, 
	0x10a2, 0x10a2, 0x10a2, 0x10a2, 0x18c3, 0x10a2, 0x0861, 0x2965, 0x738e, 0x94b2, 0x9492, 0x8c51, 0x8c71, 0x8c71, 0x8c71, 0x8c71, 
	0x8c51, 0x8c51, 0x8c72, 0x94b2, 0x8c71, 0x738e, 0x4228, 0x2104, 0x1082, 0x0861, 0x10a2, 0x18c3, 0x18c3, 0x18c3, 0x18c2, 0x10a2, 
	0x10a2, 0x10a2, 0x10a2, 0x10a2, 0x10a2, 0x10a2, 0x10a2, 0x10a2, 0x10a2, 0x1082, 0x2945, 0x8c71, 0x8c51, 0x8c51, 0x8c72, 0x94b2, 
	0x6b6d, 0x2945, 0x0861, 0x10a2, 0x18c3, 0x10a2, 0x10a2, 0x10a2, 0x10a2, 0x10a2, 0x10a2, 0x10a2, 0x10a2, 0x10a2, 0x10a2, 0x10a2, 
	0x10a2, 0x10a2, 0x10a2, 0x10a2, 0x10a2, 0x18c3, 0x10a2, 0x1082, 0x0861, 0x0861, 0x18e3, 0x39e7, 0x632c, 0x8430, 0x94b2, 0x9492, 
	0x8c71, 0x8c51, 0x8c71, 0x8c71, 0x8c71, 0x8c71, 0x8c72, 0x94b3, 0x8410, 0x4208, 0x1082, 0x1082, 0x18c3, 0x10a2, 0x10a2, 0x10a2, 
	0x10a2, 0x10a2, 0x10a2, 0x10a2, 0x10a2, 0x10a2, 0x10a2, 0x10a2, 0x10a2, 0x10a2, 0x10a2, 0x10a2, 0x10a2, 0x10a2, 0x10a2, 0x10a2, 
	0x10a2, 0x10a2, 0x10a2, 0x10a2, 0x10a2, 0x10a2, 0x10a2, 0x10a2, 0x10a2, 0x10a2, 0x10a2, 0x10a2, 0x10a2, 0x10a2, 0x10a2, 0x10a2, 
	0x10a2, 0x10a2, 0x10a2, 0x10a2, 0x10a2, 0x10a2, 0x10a2, 0x10a2, 0x10a2, 0x10a2, 0x10a2, 0x10a2, 0x10a2, 0x10a2, 0x10a2, 0x10a2, 
	0x10a2, 0x10a2, 0x10a2, 0x10a2, 0x10a2, 0x10a2, 0x10a2, 0x10a2, 0x10a2, 0x10a2, 0x10a2, 0x10a2, 0x10a2, 0x10a2, 0x10a2, 0x10a2, 
	0x10a2, 0x10a2, 0x10a2, 0x10a2, 0x10a2, 0x10a2, 0x10a2, 0x10a2, 0x10a2, 0x10a2, 0x10a2, 0x10a2, 0x10a2, 0x10a2, 0x10a2, 0x10a2, 
	0x10a2, 0x10a2, 0x10a2, 0x10a2, 0x10a2, 0x10a2, 0x10a2, 0x10a2, 0x10a2, 0x10a2, 0x10a2, 0x10a2, 0x10a2, 0x10a2, 0x10a2, 0x10a2, 
	0x10a2, 0x10a2, 0x10a2, 0x10a2, 0x10a2, 0x10a2, 0x10a2, 0x10a2, 0x10a2, 0x10a2, 0x10a2, 0x10a2, 0x10a2, 0x10a2, 0x10a2, 0x10a2, 
	0x10a2, 0x10a2, 0x10a2, 0x10a2, 0x10a2, 0x10a2, 0x10a2, 0x10a2, 0x10a2, 0x10a2, 0x10a2, 0x10a2, 0x10a2, 0x10a2, 0x10a2, 0x10a2, 
	0x10a2, 0x10a2, 0x10a2, 0x10a2, 0x10a2, 0x10a2, 0x10a2, 0x10a2, 0x10a2, 0x10a2, 0x10a2, 0x10a2, 0x10a2, 0x10a2, 0x10a2, 0x10a2, 
	0x10a2, 0x10a2, 0x10a2, 0x10a2, 0x10a2, 0x10a2, 0x18c3, 0x1082, 0x1082, 0x4208, 0x7bef, 0x94b2, 0x9492, 0x8c51, 0x8c71, 0x8c71, 
	0x8c71, 0x8c71, 0x8c71, 0x8c51, 0x8c71, 0x94b2, 0x94b2, 0x8430, 0x632c, 0x4208, 0x2104, 0x1082, 0x0861, 0x1082, 0x10a2, 0x18c3, 
	0x18c3, 0x18c3, 0x10a2, 0x10a2, 0x10a2, 0x10a2, 0x10a2, 0x10a2, 0x10a2, 0x1082, 0x2965, 0x8c71, 0x8c71, 0x8c71, 0x8c51, 0x8c51, 
	0x94b2, 0x8c71, 0x4a6a, 0x10a2, 0x1081, 0x18c3, 0x10a2, 0x10a2, 0x10a2, 0x10a2, 0x10a2, 0x10a2, 0x10a2, 0x10a2, 0x10a2, 0x10a2, 
	0x10a2, 0x10a2, 0x10a2, 0x10a2, 0x1082, 0x0861, 0x1082, 0x2104, 0x4208, 0x632c, 0x8410, 0x9492, 0x9492, 0x8c71, 0x8c51, 0x8c51, 
	0x8c71, 0x8c71, 0x8c71, 0x8c51, 0x8c71, 0x94b2, 0x8c51, 0x52aa, 0x18c3, 0x0861, 0x10a2, 0x10a2, 0x10a2, 0x10a2, 0x10a2, 0x10a2, 
	0x10a2, 0x10a2, 0x10a2, 0x10a2, 0x10a2, 0x10a2, 0x10a2, 0x10a2, 0x10a2, 0x10a2, 0x10a2, 0x10a2, 0x10a2, 0x10a2, 0x10a2, 0x10a2, 
	0x10a2, 0x10a2, 0x10a2, 0x10a2, 0x10a2, 0x10a2, 0x10a2, 0x10a2, 0x10a2, 0x10a2, 0x10a2, 0x10a2, 0x10a2, 0x10a2, 0x10a2, 0x10a2, 
	0x10a2, 0x10a2, 0x10a2, 0x10a2, 0x10a2, 0x10a2, 0x10a2, 0x10a2, 0x10a2, 0x10a2, 0x10a2, 0x10a2, 0x10a2, 0x10a2, 0x10a2, 0x10a2, 
	0x10a2, 0x10a2, 0x10a2, 0x10a2, 0x10a2, 0x10a2, 0x10a2, 0x10a2, 0x10a2, 0x10a2, 0x10a2, 0x10a2, 0x10a2, 0x10a2, 0x10a2, 0x10a2, 
	0x10a2, 0x10a2, 0x10a2, 0x10a2, 0x10a2, 0x10a2, 0x10a2, 0x10a2, 0x10a2, 0x10a2, 0x10a2, 0x10a2, 0x10a2, 0x10a2, 0x10a2, 0x10a2, 
	0x10a2, 0x10a2, 0x10a2, 0x10a2, 0x10a2, 0x10a2, 0x10a2, 0x10a2, 0x10a2, 0x10a2, 0x10a2, 0x10a2, 0x10a2, 0x10a2, 0x10a2, 0x10a2, 
	0x10a2, 0x10a2, 0x10a2, 0x10a2, 0x10a2, 0x10a2, 0x10a2, 0x10a2, 0x10a2, 0x10a2, 0x10a2, 0x10a2, 0x10a2, 0x10a2, 0x10a2, 0x10a2, 
	0x10a2, 0x10a2, 0x10a2, 0x10a2, 0x10a2, 0x10a2, 0x10a2, 0x10a2, 0x10a2, 0x10a2, 0x10a2, 0x10a2, 0x10a2, 0x10a2, 0x10a2, 0x10a2, 
	0x10a2, 0x10a2, 0x10a2, 0x10a2, 0x10a2, 0x10a2, 0x10a2, 0x10a2, 0x10a2, 0x10a2, 0x10a2, 0x10a2, 0x10a2, 0x10a2, 0x10a2, 0x10a2, 
	0x10a2, 0x10a2, 0x10a2, 0x10a2, 0x10a2, 0x10a2, 0x10a2, 0x10a2, 0x10a2, 0x0861, 0x18c3, 0x4a69, 0x8430, 0x94b2, 0x9492, 0x8c51, 
	0x8c71, 0x8c71, 0x8c71, 0x8c71, 0x8c71, 0x8c71, 0x8c71, 0x8c71, 0x94b2, 0x94b2, 0x8c51, 0x6b6d, 0x528a, 0x31a6, 0x18e3, 0x10a2, 
	0x0861, 0x0861, 0x1082, 0x10a2, 0x10a2, 0x18c3, 0x18c3, 0x18c3, 0x18c3, 0x1082, 0x2965, 0x8c71, 0x8c71, 0x8c71, 0x8c71, 0x8c71, 
	0x8c51, 0x8c71, 0x94b2, 0x7bcf, 0x31a6, 0x0861, 0x10a2, 0x18c3, 0x10a2, 0x10a2, 0x10a2, 0x10a2, 0x10a2, 0x10a2, 0x10a2, 0x10a2, 
	0x10a2, 0x10a2, 0x10a2, 0x1082, 0x2965, 0x5acb, 0x738e, 0x8c31, 0x9492, 0x9492, 0x8c71, 0x8c51, 0x8c51, 0x8c71, 0x8c71, 0x8c71, 
	0x8c51, 0x8c51, 0x8c71, 0x94b2, 0x8c51, 0x5acb, 0x2104, 0x0861, 0x10a2, 0x18c3, 0x10a2, 0x10a2, 0x10a2, 0x10a2, 0x10a2, 0x10a2, 
	0x10a2, 0x10a2, 0x10a2, 0x10a2, 0x10a2, 0x10a2, 0x10a2, 0x10a2, 0x10a2, 0x10a2, 0x10a2, 0x10a2, 0x10a2, 0x10a2, 0x10a2, 0x10a2, 
	0x10a2, 0x10a2, 0x10a2, 0x10a2, 0x10a2, 0x10a2, 0x10a2, 0x10a2, 0x10a2, 0x10a2, 0x10a2, 0x10a2, 0x10a2, 0x10a2, 0x10a2, 0x10a2, 
	0x10a2, 0x10a2, 0x10a2, 0x10a2, 0x10a2, 0x10a2, 0x10a2, 0x10a2, 0x10a2, 0x10a2, 0x10a2, 0x10a2, 0x10a2, 0x10a2, 0x10a2, 0x10a2, 
	0x10a2, 0x10a2, 0x10a2, 0x10a2, 0x10a2, 0x10a2, 0x10a2, 0x10a2, 0x10a2, 0x10a2, 0x10a2, 0x10a2, 0x10a2, 0x10a2, 0x10a2, 0x10a2, 
	0x10a2, 0x10a2, 0x10a2, 0x10a2, 0x10a2, 0x10a2, 0x10a2, 0x10a2, 0x10a2, 0x10a2, 0x10a2, 0x10a2, 0x10a2, 0x10a2, 0x10a2, 0x10a2, 
	0x10a2, 0x10a2, 0x10a2, 0x10a2, 0x10a2, 0x10a2, 0x10a2, 0x10a2, 0x10a2, 0x10a2, 0x10a2, 0x10a2, 0x10a2, 0x10a2, 0x10a2, 0x10a2, 
	0x10a2, 0x10a2, 0x10a2, 0x10a2, 0x10a2, 0x10a2, 0x10a2, 0x10a2, 0x10a2, 0x10a2, 0x10a2, 0x10a2, 0x10a2, 0x10a2, 0x10a2, 0x10a2, 
	0x10a2, 0x10a2, 0x10a2, 0x10a2, 0x10a2, 0x10a2, 0x10a2, 0x10a2, 0x10a2, 0x10a2, 0x10a2, 0x10a2, 0x10a2, 0x10a2, 0x10a2, 0x10a2, 
	0x10a2, 0x10a2, 0x10a2, 0x10a2, 0x10a2, 0x10a2, 0x10a2, 0x10a2, 0x10a2, 0x10a2, 0x10a2, 0x10a2, 0x10a2, 0x10a2, 0x10a2, 0x10a2, 
	0x10a2, 0x10a2, 0x10a2, 0x10a2, 0x10a2, 0x10a2, 0x10a2, 0x10a2, 0x10a2, 0x18c2, 0x10a2, 0x0861, 0x18e3, 0x4a69, 0x7bef, 0x94b2, 
	0x9492, 0x8c71, 0x8c71, 0x8c71, 0x8c71, 0x8c71, 0x8c71, 0x8c71, 0x8c71, 0x8c71, 0x8c71, 0x9492, 0x94b2, 0x8c72, 0x8430, 0x738e, 
	0x5acb, 0x4208, 0x2945, 0x18c3, 0x1082, 0x0861, 0x0861, 0x0861, 0x1082, 0x0861, 0x2945, 0x8c71, 0x8c71, 0x8c71, 0x8c71, 0x8c71, 
	0x8c71, 0x8c71, 0x8c51, 0x9492, 0x9492, 0x630c, 0x2104, 0x0861, 0x18c3, 0x18c3, 0x10a2, 0x10a2, 0x10a2, 0x10a2, 0x10a2, 0x10a2, 
	0x10a2, 0x10a2, 0x18c3, 0x0861, 0x5aeb, 0x9cf3, 0x8c71, 0x8c71, 0x8c51, 0x8c51, 0x8c51, 0x8c71, 0x8c71, 0x8c71, 0x8c51, 0x8c51, 
	0x9492, 0x94b2, 0x8410, 0x52aa, 0x2124, 0x0861, 0x1082, 0x18c3, 0x10a2, 0x10a2, 0x10a2, 0x10a2, 0x10a2, 0x10a2, 0x10a2, 0x10a2, 
	0x10a2, 0x10a2, 0x10a2, 0x10a2, 0x10a2, 0x10a2, 0x10a2, 0x10a2, 0x10a2, 0x10a2, 0x10a2, 0x10a2, 0x10a2, 0x10a2, 0x10a2, 0x10a2, 
	0x10a2, 0x10a2, 0x10a2, 0x10a2, 0x10a2, 0x10a2, 0x10a2, 0x10a2, 0x10a2, 0x10a2, 0x10a2, 0x10a2, 0x10a2, 0x10a2, 0x10a2, 0x10a2, 
	0x10a2, 0x10a2, 0x10a2, 0x10a2, 0x10a2, 0x10a2, 0x10a2, 0x10a2, 0x10a2, 0x10a2, 0x10a2, 0x10a2, 0x10a2, 0x10a2, 0x10a2, 0x10a2, 
	0x10a2, 0x10a2, 0x10a2, 0x10a2, 0x10a2, 0x10a2, 0x10a2, 0x10a2, 0x10a2, 0x10a2, 0x10a2, 0x10a2, 0x10a2, 0x10a2, 0x10a2, 0x10a2, 
	0x10a2, 0x10a2, 0x10a2, 0x10a2, 0x10a2, 0x10a2, 0x10a2, 0x10a2, 0x10a2, 0x10a2, 0x10a2, 0x10a2, 0x10a2, 0x10a2, 0x10a2, 0x10a2, 
	0x10a2, 0x10a2, 0x10a2, 0x10a2, 0x10a2, 0x10a2, 0x10a2, 0x10a2, 0x10a2, 0x10a2, 0x10a2, 0x10a2, 0x10a2, 0x10a2, 0x10a2, 0x10a2, 
	0x10a2, 0x10a2, 0x10a2, 0x10a2, 0x10a2, 0x10a2, 0x10a2, 0x10a2, 0x10a2, 0x10a2, 0x10a2, 0x10a2, 0x10a2, 0x10a2, 0x10a2, 0x10a2, 
	0x10a2, 0x10a2, 0x10a2, 0x10a2, 0x10a2, 0x10a2, 0x10a2, 0x10a2, 0x10a2, 0x10a2, 0x10a2, 0x10a2, 0x10a2, 0x10a2, 0x10a2, 0x10a2, 
	0x10a2, 0x10a2, 0x10a2, 0x10a2, 0x10a2, 0x10a2, 0x10a2, 0x10a2, 0x10a2, 0x10a2, 0x10a2, 0x10a2, 0x10a2, 0x10a2, 0x10a2, 0x10a2, 
	0x10a2, 0x10a2, 0x10a2, 0x10a2, 0x10a2, 0x10a2, 0x10a2, 0x10a2, 0x10a2, 0x10a2, 0x10a2, 0x18c2, 0x10a2, 0x0861, 0x18c3, 0x4a49, 
	0x7bef, 0x94b2, 0x94b2, 0x8c72, 0x8c71, 0x8c71, 0x8c71, 0x8c71, 0x8c71, 0x8c71, 0x8c71, 0x8c71, 0x8c51, 0x8c51, 0x8c71, 0x9492, 
	0x94b2, 0x94b2, 0x8c71, 0x8410, 0x738e, 0x630c, 0x52aa, 0x4228, 0x39c7, 0x2945, 0x39e7, 0x8c71, 0x8c71, 0x8c71, 0x8c71, 0x8c71, 
	0x8c71, 0x8c71, 0x8c71, 0x8c51, 0x8c51, 0x94b2, 0x8430, 0x4208, 0x1082, 0x1082, 0x18c3, 0x10a2, 0x10a2, 0x10a2, 0x10a2, 0x10a2, 
	0x10a2, 0x10a2, 0x18c3, 0x0861, 0x52aa, 0x9492, 0x8c51, 0x8c71, 0x8c71, 0x8c71, 0x8c71, 0x8c51, 0x8c51, 0x8c71, 0x94b2, 0x9492, 
	0x7bcf, 0x4a49, 0x18e3, 0x0861, 0x1082, 0x18c3, 0x10a2, 0x10a2, 0x10a2, 0x10a2, 0x10a2, 0x10a2, 0x10a2, 0x10a2, 0x10a2, 0x10a2, 
	0x10a2, 0x10a2, 0x10a2, 0x10a2, 0x10a2, 0x10a2, 0x10a2, 0x10a2, 0x10a2, 0x10a2, 0x10a2, 0x10a2, 0x10a2, 0x10a2, 0x10a2, 0x10a2, 
	0x10a2, 0x10a2, 0x10a2, 0x10a2, 0x10a2, 0x10a2, 0x10a2, 0x10a2, 0x10a2, 0x10a2, 0x10a2, 0x10a2, 0x10a2, 0x10a2, 0x10a2, 0x10a2, 
	0x10a2, 0x10a2, 0x10a2, 0x10a2, 0x10a2, 0x10a2, 0x10a2, 0x10a2, 0x10a2, 0x10a2, 0x10a2, 0x10a2, 0x10a2, 0x10a2, 0x10a2, 0x10a2, 
	0x10a2, 0x10a2, 0x10a2, 0x10a2, 0x10a2, 0x10a2, 0x10a2, 0x10a2, 0x10a2, 0x10a2, 0x10a2, 0x10a2, 0x10a2, 0x10a2, 0x10a2, 0x10a2, 
	0x10a2, 0x10a2, 0x10a2, 0x10a2, 0x10a2, 0x10a2, 0x10a2, 0x10a2, 0x10a2, 0x10a2, 0x10a2, 0x10a2, 0x10a2, 0x10a2, 0x10a2, 0x10a2, 
	0x10a2, 0x10a2, 0x10a2, 0x10a2, 0x10a2, 0x10a2, 0x10a2, 0x10a2, 0x10a2, 0x10a2, 0x10a2, 0x10a2, 0x10a2, 0x10a2, 0x10a2, 0x10a2, 
	0x10a2, 0x10a2, 0x10a2, 0x10a2, 0x10a2, 0x10a2, 0x10a2, 0x10a2, 0x10a2, 0x10a2, 0x10a2, 0x10a2, 0x10a2, 0x10a2, 0x10a2, 0x10a2, 
	0x10a2, 0x10a2, 0x10a2, 0x10a2, 0x10a2, 0x10a2, 0x10a2, 0x10a2, 0x10a2, 0x10a2, 0x10a2, 0x10a2, 0x10a2, 0x10a2, 0x10a2, 0x10a2, 
	0x10a2, 0x10a2, 0x10a2, 0x10a2, 0x10a2, 0x10a2, 0x10a2, 0x10a2, 0x10a2, 0x10a2, 0x10a2, 0x10a2, 0x10a2, 0x10a2, 0x10a2, 0x10a2, 
	0x10a2, 0x10a2, 0x10a2, 0x10a2, 0x10a2, 0x10a2, 0x10a2, 0x10a2, 0x10a2, 0x10a2, 0x10a2, 0x10a2, 0x10a2, 0x18c3, 0x10a2, 0x0861, 
	0x10a2, 0x39c7, 0x6b4d, 0x8c71, 0x94b2, 0x9492, 0x8c71, 0x8c71, 0x8c71, 0x8c71, 0x8c71, 0x8c71, 0x8c71, 0x8c71, 0x8c71, 0x8c51, 
	0x8c51, 0x8c51, 0x8c71, 0x8c71, 0x9492, 0x94b2, 0x94b2, 0x94b2, 0x9492, 0x8c71, 0x8c71, 0x8c71, 0x8c71, 0x8c71, 0x8c71, 0x8c71, 
	0x8c71, 0x8c71, 0x8c71, 0x8c71, 0x8c71, 0x8c51, 0x8c71, 0x94b2, 0x6b6d, 0x2945, 0x0861, 0x10a2, 0x18c3, 0x10a2, 0x10a2, 0x10a2, 
	0x10a2, 0x10a2, 0x18c3, 0x0861, 0x5acb, 0x94b2, 0x8c51, 0x8c71, 0x8c71, 0x8c71, 0x8c71, 0x9492, 0x94b2, 0x8430, 0x632c, 0x39c7, 
	0x10c2, 0x0861, 0x10a2, 0x18c2, 0x10a2, 0x10a2, 0x10a2, 0x10a2, 0x10a2, 0x10a2, 0x10a2, 0x10a2, 0x10a2, 0x10a2, 0x10a2, 0x10a2, 
	0x10a2, 0x10a2, 0x10a2, 0x10a2, 0x10a2, 0x10a2, 0x10a2, 0x10a2, 0x10a2, 0x10a2, 0x10a2, 0x10a2, 0x10a2, 0x10a2, 0x10a2, 0x10a2, 
	0x10a2, 0x10a2, 0x10a2, 0x10a2, 0x10a2, 0x10a2, 0x10a2, 0x10a2, 0x10a2, 0x10a2, 0x10a2, 0x10a2, 0x10a2, 0x10a2, 0x10a2, 0x10a2, 
	0x10a2, 0x10a2, 0x10a2, 0x10a2, 0x10a2, 0x10a2, 0x10a2, 0x10a2, 0x10a2, 0x10a2, 0x10a2, 0x10a2, 0x10a2, 0x10a2, 0x10a2, 0x10a2, 
	0x10a2, 0x10a2, 0x10a2, 0x10a2, 0x10a2, 0x10a2, 0x10a2, 0x10a2, 0x10a2, 0x10a2, 0x10a2, 0x10a2, 0x10a2, 0x10a2, 0x10a2, 0x10a2, 
	0x10a2, 0x10a2, 0x10a2, 0x10a2, 0x10a2, 0x10a2, 0x10a2, 0x10a2, 0x10a2, 0x10a2, 0x10a2, 0x10a2, 0x10a2, 0x10a2, 0x10a2, 0x10a2, 
	0x10a2, 0x10a2, 0x10a2, 0x10a2, 0x10a2, 0x10a2, 0x10a2, 0x10a2, 0x10a2, 0x10a2, 0x10a2, 0x10a2, 0x10a2, 0x10a2, 0x10a2, 0x10a2, 
	0x10a2, 0x10a2, 0x10a2, 0x10a2, 0x10a2, 0x10a2, 0x10a2, 0x10a2, 0x10a2, 0x10a2, 0x10a2, 0x10a2, 0x10a2, 0x10a2, 0x10a2, 0x10a2, 
	0x10a2, 0x10a2, 0x10a2, 0x10a2, 0x10a2, 0x10a2, 0x10a2, 0x10a2, 0x10a2, 0x10a2, 0x10a2, 0x10a2, 0x10a2, 0x10a2, 0x10a2, 0x10a2, 
	0x10a2, 0x10a2, 0x10a2, 0x10a2, 0x10a2, 0x10a2, 0x10a2, 0x10a2, 0x10a2, 0x10a2, 0x10a2, 0x10a2, 0x10a2, 0x10a2, 0x10a2, 0x10a2, 
	0x10a2, 0x10a2, 0x10a2, 0x10a2, 0x10a2, 0x10a2, 0x10a2, 0x10a2, 0x10a2, 0x10a2, 0x10a2, 0x10a2, 0x10a2, 0x10a2, 0x10a2, 0x18c3, 
	0x10a2, 0x0861, 0x1082, 0x2124, 0x528a, 0x73cf, 0x8c72, 0x94b2, 0x9492, 0x8c71, 0x8c71, 0x8c71, 0x8c71, 0x8c71, 0x8c71, 0x8c71, 
	0x8c71, 0x8c71, 0x8c71, 0x8c71, 0x8c71, 0x8c51, 0x8c51, 0x8c51, 0x8c71, 0x8c71, 0x8c71, 0x8c71, 0x8c71, 0x8c71, 0x8c71, 0x8c71, 
	0x8c71, 0x8c71, 0x8c71, 0x8c71, 0x8c71, 0x8c71, 0x8c51, 0x8c51, 0x9492, 0x8c71, 0x52aa, 0x18c3, 0x1082, 0x18c2, 0x10a2, 0x10a2, 
	0x10a2, 0x10a2, 0x18c3, 0x0861, 0x5acb, 0x94b2, 0x8c71, 0x9492, 0x94b2, 0x94b2, 0x8430, 0x6b4d, 0x4208, 0x2104, 0x1081, 0x1081, 
	0x10a2, 0x18c2, 0x10a2, 0x10a2, 0x10a2, 0x10a2, 0x10a2, 0x10a2, 0x10a2, 0x10a2, 0x10a2, 0x10a2, 0x10a2, 0x10a2, 0x10a2, 0x10a2, 
	0x10a2, 0x10a2, 0x10a2, 0x10a2, 0x10a2, 0x10a2, 0x10a2, 0x10a2, 0x10a2, 0x10a2, 0x10a2, 0x10a2, 0x10a2, 0x10a2, 0x10a2, 0x10a2, 
	0x10a2, 0x10a2, 0x10a2, 0x10a2, 0x10a2, 0x10a2, 0x10a2, 0x10a2, 0x10a2, 0x10a2, 0x10a2, 0x10a2, 0x10a2, 0x10a2, 0x10a2, 0x10a2, 
	0x10a2, 0x10a2, 0x10a2, 0x10a2, 0x10a2, 0x10a2, 0x10a2, 0x10a2, 0x10a2, 0x10a2, 0x10a2, 0x10a2, 0x10a2, 0x10a2, 0x10a2, 0x10a2, 
	0x10a2, 0x10a2, 0x10a2, 0x10a2, 0x10a2, 0x10a2, 0x10a2, 0x10a2, 0x10a2, 0x10a2, 0x10a2, 0x10a2, 0x10a2, 0x10a2, 0x10a2, 0x10a2, 
	0x10a2, 0x10a2, 0x10a2, 0x10a2, 0x10a2, 0x10a2, 0x10a2, 0x10a2, 0x10a2, 0x10a2, 0x10a2, 0x10a2, 0x10a2, 0x10a2, 0x10a2, 0x10a2, 
	0x10a2, 0x10a2, 0x10a2, 0x10a2, 0x10a2, 0x10a2, 0x10a2, 0x10a2, 0x10a2, 0x10a2, 0x10a2, 0x10a2, 0x10a2, 0x10a2, 0x10a2, 0x10a2, 
	0x10a2, 0x10a2, 0x10a2, 0x10a2, 0x10a2, 0x10a2, 0x10a2, 0x10a2, 0x10a2, 0x10a2, 0x10a2, 0x10a2, 0x10a2, 0x10a2, 0x10a2, 0x10a2, 
	0x10a2, 0x10a2, 0x10a2, 0x10a2, 0x10a2, 0x10a2, 0x10a2, 0x10a2, 0x10a2, 0x10a2, 0x10a2, 0x10a2, 0x10a2, 0x10a2, 0x10a2, 0x10a2, 
	0x10a2, 0x10a2, 0x10a2, 0x10a2, 0x10a2, 0x10a2, 0x10a2, 0x10a2, 0x10a2, 0x10a2, 0x10a2, 0x10a2, 0x10a2, 0x10a2, 0x10a2, 0x10a2, 
	0x10a2, 0x10a2, 0x10a2, 0x10a2, 0x10a2, 0x10a2, 0x10a2, 0x10a2, 0x10a2, 0x10a2, 0x10a2, 0x10a2, 0x10a2, 0x10a2, 0x10a2, 0x10a2, 
	0x10a2, 0x18a3, 0x10a2, 0x1082, 0x0861, 0x10a2, 0x2985, 0x52aa, 0x73ae, 0x8c71, 0x94b2, 0x94b2, 0x9492, 0x8c71, 0x8c51, 0x8c51, 
	0x8c71, 0x8c71, 0x8c71, 0x8c71, 0x8c71, 0x8c71, 0x8c71, 0x8c71, 0x8c71, 0x8c71, 0x8c71, 0x8c71, 0x8c71, 0x8c71, 0x8c71, 0x8c71, 
	0x8c71, 0x8c71, 0x8c71, 0x8c71, 0x8c71, 0x8c71, 0x8c71, 0x8c71, 0x8c51, 0x8c71, 0x94b2, 0x83ef, 0x39c7, 0x1082, 0x10a2, 0x10a2, 
	0x10a2, 0x10a2, 0x18c3, 0x0861, 0x630c, 0xa514, 0x8c71, 0x7bef, 0x630c, 0x39e7, 0x1903, 0x1082, 0x0861, 0x10a2, 0x18c3, 0x10c3, 
	0x10a2, 0x10a2, 0x10a2, 0x10a2, 0x10a2, 0x10a2, 0x10a2, 0x10a2, 0x10a2, 0x10a2, 0x10a2, 0x10a2, 0x10a2, 0x10a2, 0x10a2, 0x10a2, 
	0x10a2, 0x10a2, 0x10a2, 0x10a2, 0x10a2, 0x10a2, 0x10a2, 0x10a2, 0x10a2, 0x10a2, 0x10a2, 0x10a2, 0x10a2, 0x10a2, 0x10a2, 0x10a2, 
	0x10a2, 0x10a2, 0x10a2, 0x10a2, 0x10a2, 0x10a2, 0x10a2, 0x10a2, 0x10a2, 0x10a2, 0x10a2, 0x10a2, 0x10a2, 0x10a2, 0x10a2, 0x10a2, 
	0x10a2, 0x10a2, 0x10a2, 0x10a2, 0x10a2, 0x10a2, 0x10a2, 0x10a2, 0x10a2, 0x10a2, 0x10a2, 0x10a2, 0x10a2, 0x10a2, 0x10a2, 0x10a2, 
	0x10a2, 0x10a2, 0x10a2, 0x10a2, 0x10a2, 0x10a2, 0x10a2, 0x10a2, 0x10a2, 0x10a2, 0x10a2, 0x10a2, 0x10a2, 0x10a2, 0x10a2, 0x10a2, 
	0x10a2, 0x10a2, 0x10a2, 0x10a2, 0x10a2, 0x10a2, 0x10a2, 0x10a2, 0x10a2, 0x10a2, 0x10a2, 0x10a2, 0x10a2, 0x10a2, 0x10a2, 0x10a2, 
	0x10a2, 0x10a2, 0x10a2, 0x10a2, 0x10a2, 0x10a2, 0x10a2, 0x10a2, 0x10a2, 0x10a2, 0x10a2, 0x10a2, 0x10a2, 0x10a2, 0x10a2, 0x10a2, 
	0x10a2, 0x10a2, 0x10a2, 0x10a2, 0x10a2, 0x10a2, 0x10a2, 0x10a2, 0x10a2, 0x10a2, 0x10a2, 0x10a2, 0x10a2, 0x10a2, 0x10a2, 0x10a2, 
	0x10a2, 0x10a2, 0x10a2, 0x10a2, 0x10a2, 0x10a2, 0x10a2, 0x10a2, 0x10a2, 0x10a2, 0x10a2, 0x10a2, 0x10a2, 0x10a2, 0x10a2, 0x10a2, 
	0x10a2, 0x10a2, 0x10a2, 0x10a2, 0x10a2, 0x10a2, 0x10a2, 0x10a2, 0x10a2, 0x10a2, 0x10a2, 0x10a2, 0x10a2, 0x10a2, 0x10a2, 0x10a2, 
	0x10a2, 0x10a2, 0x10a2, 0x10a2, 0x10a2, 0x10a2, 0x10a2, 0x10a2, 0x10a2, 0x10a2, 0x10a2, 0x10a2, 0x10a2, 0x10a2, 0x10a2, 0x10a2, 
	0x10a2, 0x10a2, 0x10a2, 0x10a2, 0x18c3, 0x10a2, 0x1082, 0x0861, 0x10a2, 0x2945, 0x4a69, 0x6b6d, 0x8430, 0x9492, 0x94b2, 0x94b2, 
	0x9492, 0x8c71, 0x8c51, 0x8c51, 0x8c51, 0x8c51, 0x8c71, 0x8c71, 0x8c71, 0x8c71, 0x8c71, 0x8c71, 0x8c71, 0x8c71, 0x8c71, 0x8c71, 
	0x8c71, 0x8c71, 0x8c71, 0x8c71, 0x8c71, 0x8c71, 0x8c71, 0x8c71, 0x8c51, 0x8c71, 0x9492, 0x8430, 0x39e7, 0x1082, 0x10a2, 0x10a2, 
	0x10a2, 0x10a2, 0x18c3, 0x1082, 0x4228, 0x52aa, 0x2965, 0x18c3, 0x0861, 0x0861, 0x10a2, 0x10a2, 0x18c3, 0x10a2, 0x10a2, 0x10a2, 
	0x10a2, 0x10a2, 0x10a2, 0x10a2, 0x10a2, 0x10a2, 0x10a2, 0x10a2, 0x10a2, 0x10a2, 0x10a2, 0x10a2, 0x10a2, 0x10a2, 0x10a2, 0x10a2, 
	0x10a2, 0x10a2, 0x10a2, 0x10a2, 0x10a2, 0x10a2, 0x10a2, 0x10a2, 0x10a2, 0x10a2, 0x10a2, 0x10a2, 0x10a2, 0x10a2, 0x10a2, 0x10a2, 
	0x10a2, 0x10a2, 0x10a2, 0x10a2, 0x10a2, 0x10a2, 0x10a2, 0x10a2, 0x10a2, 0x10a2, 0x10a2, 0x10a2, 0x10a2, 0x10a2, 0x10a2, 0x10a2, 
	0x10a2, 0x10a2, 0x10a2, 0x10a2, 0x10a2, 0x10a2, 0x10a2, 0x10a2, 0x10a2, 0x10a2, 0x10a2, 0x10a2, 0x10a2, 0x10a2, 0x10a2, 0x10a2, 
	0x10a2, 0x10a2, 0x10a2, 0x10a2, 0x10a2, 0x10a2, 0x10a2, 0x10a2, 0x10a2, 0x10a2, 0x10a2, 0x10a2, 0x10a2, 0x10a2, 0x10a2, 0x10a2, 
	0x10a2, 0x10a2, 0x10a2, 0x10a2, 0x10a2, 0x10a2, 0x10a2, 0x10a2, 0x10a2, 0x10a2, 0x10a2, 0x10a2, 0x10a2, 0x10a2, 0x10a2, 0x10a2, 
	0x10a2, 0x10a2, 0x10a2, 0x10a2, 0x10a2, 0x10a2, 0x10a2, 0x10a2, 0x10a2, 0x10a2, 0x10a2, 0x10a2, 0x10a2, 0x10a2, 0x10a2, 0x10a2, 
	0x10a2, 0x10a2, 0x10a2, 0x10a2, 0x10a2, 0x10a2, 0x10a2, 0x10a2, 0x10a2, 0x10a2, 0x10a2, 0x10a2, 0x10a2, 0x10a2, 0x10a2, 0x10a2, 
	0x10a2, 0x10a2, 0x10a2, 0x10a2, 0x10a2, 0x10a2, 0x10a2, 0x10a2, 0x10a2, 0x10a2, 0x10a2, 0x10a2, 0x10a2, 0x10a2, 0x10a2, 0x10a2, 
	0x10a2, 0x10a2, 0x10a2, 0x10a2, 0x10a2, 0x10a2, 0x10a2, 0x10a2, 0x10a2, 0x10a2, 0x10a2, 0x10a2, 0x10a2, 0x10a2, 0x10a2, 0x10a2, 
	0x10a2, 0x10a2, 0x10a2, 0x10a2, 0x10a2, 0x10a2, 0x10a2, 0x10a2, 0x10a2, 0x10a2, 0x10a2, 0x10a2, 0x10a2, 0x10a2, 0x10a2, 0x10a2, 
	0x10a2, 0x10a2, 0x10a2, 0x10a2, 0x10a2, 0x10a2, 0x10a2, 0x18c3, 0x10a2, 0x1082, 0x0861, 0x1082, 0x18e3, 0x3186, 0x4a69, 0x6b4d, 
	0x7bef, 0x8c51, 0x9492, 0x94b2, 0x94b2, 0x9492, 0x9492, 0x9492, 0x8c72, 0x8c71, 0x8c71, 0x8c71, 0x8c71, 0x8c71, 0x8c71, 0x8c71, 
	0x8c71, 0x8c71, 0x8c71, 0x8c71, 0x8c71, 0x8c71, 0x8c71, 0x8c51, 0x9492, 0x9492, 0x5aeb, 0x18e3, 0x0861, 0x10a2, 0x10a2, 0x10a2, 
	0x10a2, 0x10a2, 0x10a2, 0x18c3, 0x1082, 0x0861, 0x1082, 0x10a2, 0x18c3, 0x18c3, 0x10a2, 0x10a2, 0x10a2, 0x10a2, 0x10a2, 0x10a2, 
	0x10a2, 0x10a2, 0x10a2, 0x10a2, 0x10a2, 0x10a2, 0x10a2, 0x10a2, 0x10a2, 0x10a2, 0x10a2, 0x10a2, 0x10a2, 0x10a2, 0x10a2, 0x10a2, 
	0x10a2, 0x10a2, 0x10a2, 0x10a2, 0x10a2, 0x10a2, 0x10a2, 0x10a2, 0x10a2, 0x10a2, 0x10a2, 0x10a2, 0x10a2, 0x10a2, 0x10a2, 0x10a2, 
	0x10a2, 0x10a2, 0x10a2, 0x10a2, 0x10a2, 0x10a2, 0x10a2, 0x10a2, 0x10a2, 0x10a2, 0x10a2, 0x10a2, 0x10a2, 0x10a2, 0x10a2, 0x10a2, 
	0x10a2, 0x10a2, 0x10a2, 0x10a2, 0x10a2, 0x10a2, 0x10a2, 0x10a2, 0x10a2, 0x10a2, 0x10a2, 0x10a2, 0x10a2, 0x10a2, 0x10a2, 0x10a2, 
	0x10a2, 0x10a2, 0x10a2, 0x10a2, 0x10a2, 0x10a2, 0x10a2, 0x10a2, 0x10a2, 0x10a2, 0x10a2, 0x10a2, 0x10a2, 0x10a2, 0x10a2, 0x10a2, 
	0x10a2, 0x10a2, 0x10a2, 0x10a2, 0x10a2, 0x10a2, 0x10a2, 0x10a2, 0x10a2, 0x10a2, 0x10a2, 0x10a2, 0x10a2, 0x10a2, 0x10a2, 0x10a2, 
	0x10a2, 0x10a2, 0x10a2, 0x10a2, 0x10a2, 0x10a2, 0x10a2, 0x10a2, 0x10a2, 0x10a2, 0x10a2, 0x10a2, 0x10a2, 0x10a2, 0x10a2, 0x10a2, 
	0x10a2, 0x10a2, 0x10a2, 0x10a2, 0x10a2, 0x10a2, 0x10a2, 0x10a2, 0x10a2, 0x10a2, 0x10a2, 0x10a2, 0x10a2, 0x10a2, 0x10a2, 0x10a2, 
	0x10a2, 0x10a2, 0x10a2, 0x10a2, 0x10a2, 0x10a2, 0x10a2, 0x10a2, 0x10a2, 0x10a2, 0x10a2, 0x10a2, 0x10a2, 0x10a2, 0x10a2, 0x10a2, 
	0x10a2, 0x10a2, 0x10a2, 0x10a2, 0x10a2, 0x10a2, 0x10a2, 0x10a2, 0x10a2, 0x10a2, 0x10a2, 0x10a2, 0x10a2, 0x10a2, 0x10a2, 0x10a2, 
	0x10a2, 0x10a2, 0x10a2, 0x10a2, 0x10a2, 0x10a2, 0x10a2, 0x10a2, 0x10a2, 0x10a2, 0x10a2, 0x10a2, 0x10a2, 0x10a2, 0x10a2, 0x10a2, 
	0x10a2, 0x10a2, 0x10a2, 0x10a2, 0x10a2, 0x10a2, 0x10a2, 0x10a2, 0x10a2, 0x10a2, 0x18c3, 0x10a2, 0x10a2, 0x1082, 0x0861, 0x1082, 
	0x18c3, 0x2124, 0x39c7, 0x4a49, 0x5aeb, 0x6b6d, 0x7bef, 0x8430, 0x8c71, 0x9492, 0x9492, 0x8c71, 0x8c71, 0x8c71, 0x8c71, 0x8c71, 
	0x8c71, 0x8c71, 0x8c71, 0x8c71, 0x8c71, 0x8c51, 0x8c71, 0x94b2, 0x73ae, 0x31a6, 0x1081, 0x10a2, 0x18c3, 0x10a2, 0x10a2, 0x10a2, 
	0x10a2, 0x10a2, 0x10a2, 0x10a2, 0x18c2, 0x18c3, 0x10a2, 0x10a2, 0x10a2, 0x10a2, 0x10a2, 0x10a2, 0x10a2, 0x10a2, 0x10a2, 0x10a2, 
	0x10a2, 0x10a2, 0x10a2, 0x10a2, 0x10a2, 0x10a2, 0x10a2, 0x10a2, 0x10a2, 0x10a2, 0x10a2, 0x10a2, 0x10a2, 0x10a2, 0x10a2, 0x10a2, 
	0x10a2, 0x10a2, 0x10a2, 0x10a2, 0x10a2, 0x10a2, 0x10a2, 0x10a2, 0x10a2, 0x10a2, 0x10a2, 0x10a2, 0x10a2, 0x10a2, 0x10a2, 0x10a2, 
	0x10a2, 0x10a2, 0x10a2, 0x10a2, 0x10a2, 0x10a2, 0x10a2, 0x10a2, 0x10a2, 0x10a2, 0x10a2, 0x10a2, 0x10a2, 0x10a2, 0x10a2, 0x10a2, 
	0x10a2, 0x10a2, 0x10a2, 0x10a2, 0x10a2, 0x10a2, 0x10a2, 0x10a2, 0x10a2, 0x10a2, 0x10a2, 0x10a2, 0x10a2, 0x10a2, 0x10a2, 0x10a2, 
	0x10a2, 0x10a2, 0x10a2, 0x10a2, 0x10a2, 0x10a2, 0x10a2, 0x10a2, 0x10a2, 0x10a2, 0x10a2, 0x10a2, 0x10a2, 0x10a2, 0x10a2, 0x10a2, 
	0x10a2, 0x10a2, 0x10a2, 0x10a2, 0x10a2, 0x10a2, 0x10a2, 0x10a2, 0x10a2, 0x10a2, 0x10a2, 0x10a2, 0x10a2, 0x10a2, 0x10a2, 0x10a2, 
	0x10a2, 0x10a2, 0x10a2, 0x10a2, 0x10a2, 0x10a2, 0x10a2, 0x10a2, 0x10a2, 0x10a2, 0x10a2, 0x10a2, 0x10a2, 0x10a2, 0x10a2, 0x10a2, 
	0x10a2, 0x10a2, 0x10a2, 0x10a2, 0x10a2, 0x10a2, 0x10a2, 0x10a2, 0x10a2, 0x10a2, 0x10a2, 0x10a2, 0x10a2, 0x10a2, 0x10a2, 0x10a2, 
	0x10a2, 0x10a2, 0x10a2, 0x10a2, 0x10a2, 0x10a2, 0x10a2, 0x10a2, 0x10a2, 0x10a2, 0x10a2, 0x10a2, 0x10a2, 0x10a2, 0x10a2, 0x10a2, 
	0x10a2, 0x10a2, 0x10a2, 0x10a2, 0x10a2, 0x10a2, 0x10a2, 0x10a2, 0x10a2, 0x10a2, 0x10a2, 0x10a2, 0x10a2, 0x10a2, 0x10a2, 0x10a2, 
	0x10a2, 0x10a2, 0x10a2, 0x10a2, 0x10a2, 0x10a2, 0x10a2, 0x10a2, 0x10a2, 0x10a2, 0x10a2, 0x10a2, 0x10a2, 0x10a2, 0x10a2, 0x10a2, 
	0x10a2, 0x10a2, 0x10a2, 0x10a2, 0x10a2, 0x10a2, 0x10a2, 0x10a2, 0x10a2, 0x10a2, 0x10a2, 0x10a2, 0x10a2, 0x10a2, 0x18c3, 0x18c2, 
	0x10a2, 0x1082, 0x1081, 0x0861, 0x0861, 0x1082, 0x10c2, 0x1903, 0x2945, 0x2965, 0x4a49, 0x8c71, 0x8c71, 0x8c71, 0x8c71, 0x8c71, 
	0x8c71, 0x8c71, 0x8c71, 0x8c71, 0x8c51, 0x9492, 0x8c51, 0x4a69, 0x10a2, 0x1082, 0x18c3, 0x10a2, 0x10a2, 0x10a2, 0x10a2, 0x10a2, 
	0x10a2, 0x10a2, 0x10a2, 0x10a2, 0x10a2, 0x10a2, 0x10a2, 0x10a2, 0x10a2, 0x10a2, 0x10a2, 0x10a2, 0x10a2, 0x10a2, 0x10a2, 0x10a2, 
	0x10a2, 0x10a2, 0x10a2, 0x10a2, 0x10a2, 0x10a2, 0x10a2, 0x10a2, 0x10a2, 0x10a2, 0x10a2, 0x10a2, 0x10a2, 0x10a2, 0x10a2, 0x10a2, 
	0x10a2, 0x10a2, 0x10a2, 0x10a2, 0x10a2, 0x10a2, 0x10a2, 0x10a2, 0x10a2, 0x10a2, 0x10a2, 0x10a2, 0x10a2, 0x10a2, 0x10a2, 0x10a2, 
	0x10a2, 0x10a2, 0x10a2, 0x10a2, 0x10a2, 0x10a2, 0x10a2, 0x10a2, 0x10a2, 0x10a2, 0x10a2, 0x10a2, 0x10a2, 0x10a2, 0x10a2, 0x10a2, 
	0x10a2, 0x10a2, 0x10a2, 0x10a2, 0x10a2, 0x10a2, 0x10a2, 0x10a2, 0x10a2, 0x10a2, 0x10a2, 0x10a2, 0x10a2, 0x10a2, 0x10a2, 0x10a2, 
	0x10a2, 0x10a2, 0x10a2, 0x10a2, 0x10a2, 0x10a2, 0x10a2, 0x10a2, 0x10a2, 0x10a2, 0x10a2, 0x10a2, 0x10a2, 0x10a2, 0x10a2, 0x10a2, 
	0x10a2, 0x10a2, 0x10a2, 0x10a2, 0x10a2, 0x10a2, 0x10a2, 0x10a2, 0x10a2, 0x10a2, 0x10a2, 0x10a2, 0x10a2, 0x10a2, 0x10a2, 0x10a2, 
	0x10a2, 0x10a2, 0x10a2, 0x10a2, 0x10a2, 0x10a2, 0x10a2, 0x10a2, 0x10a2, 0x10a2, 0x10a2, 0x10a2, 0x10a2, 0x10a2, 0x10a2, 0x10a2, 
	0x10a2, 0x10a2, 0x10a2, 0x10a2, 0x10a2, 0x10a2, 0x10a2, 0x10a2, 0x10a2, 0x10a2, 0x10a2, 0x10a2, 0x10a2, 0x10a2, 0x10a2, 0x10a2, 
	0x10a2, 0x10a2, 0x10a2, 0x10a2, 0x10a2, 0x10a2, 0x10a2, 0x10a2, 0x10a2, 0x10a2, 0x10a2, 0x10a2, 0x10a2, 0x10a2, 0x10a2, 0x10a2, 
	0x10a2, 0x10a2, 0x10a2, 0x10a2, 0x10a2, 0x10a2, 0x10a2, 0x10a2, 0x10a2, 0x10a2, 0x10a2, 0x10a2, 0x10a2, 0x10a2, 0x10a2, 0x10a2, 
	0x10a2, 0x10a2, 0x10a2, 0x10a2, 0x10a2, 0x10a2, 0x10a2, 0x10a2, 0x10a2, 0x10a2, 0x10a2, 0x10a2, 0x10a2, 0x10a2, 0x10a2, 0x10a2, 
	0x10a2, 0x10a2, 0x10a2, 0x10a2, 0x10a2, 0x10a2, 0x10a2, 0x10a2, 0x10a2, 0x10a2, 0x10a2, 0x10a2, 0x10a2, 0x10a2, 0x10a2, 0x10a2, 
	0x10a2, 0x10a2, 0x10a2, 0x18c3, 0x18c3, 0x10a2, 0x10a2, 0x10a2, 0x10a2, 0x0841, 0x2945, 0x8c71, 0x8c71, 0x8c71, 0x8c71, 0x8c71, 
	0x8c71, 0x8c71, 0x8c71, 0x9492, 0x94b2, 0x6b6d, 0x2945, 0x0861, 0x10a2, 0x18c3, 0x10a2, 0x10a2, 0x10a2, 0x10a2, 0x10a2, 0x10a2, 
	0x10a2, 0x10a2, 0x10a2, 0x10a2, 0x10a2, 0x10a2, 0x10a2, 0x10a2, 0x10a2, 0x10a2, 0x10a2, 0x10a2, 0x10a2, 0x10a2, 0x10a2, 0x10a2, 
	0x10a2, 0x10a2, 0x10a2, 0x10a2, 0x10a2, 0x10a2, 0x10a2, 0x10a2, 0x10a2, 0x10a2, 0x10a2, 0x10a2, 0x10a2, 0x10a2, 0x10a2, 0x10a2, 
	0x10a2, 0x10a2, 0x10a2, 0x10a2, 0x10a2, 0x10a2, 0x10a2, 0x10a2, 0x10a2, 0x10a2, 0x10a2, 0x10a2, 0x10a2, 0x10a2, 0x10a2, 0x10a2, 
	0x10a2, 0x10a2, 0x10a2, 0x10a2, 0x10a2, 0x10a2, 0x10a2, 0x10a2, 0x10a2, 0x10a2, 0x10a2, 0x10a2, 0x10a2, 0x10a2, 0x10a2, 0x10a2, 
	0x10a2, 0x10a2, 0x10a2, 0x10a2, 0x10a2, 0x10a2, 0x10a2, 0x10a2, 0x10a2, 0x10a2, 0x10a2, 0x10a2, 0x10a2, 0x10a2, 0x10a2, 0x10a2, 
	0x10a2, 0x10a2, 0x10a2, 0x10a2, 0x10a2, 0x10a2, 0x10a2, 0x10a2, 0x10a2, 0x10a2, 0x10a2, 0x10a2, 0x10a2, 0x10a2, 0x10a2, 0x10a2, 
	0x10a2, 0x10a2, 0x10a2, 0x10a2, 0x10a2, 0x10a2, 0x10a2, 0x10a2, 0x10a2, 0x10a2, 0x10a2, 0x10a2, 0x10a2, 0x10a2, 0x10a2, 0x10a2, 
	0x10a2, 0x10a2, 0x10a2, 0x10a2, 0x10a2, 0x10a2, 0x10a2, 0x10a2, 0x10a2, 0x10a2, 0x10a2, 0x10a2, 0x10a2, 0x10a2, 0x10a2, 0x10a2, 
	0x10a2, 0x10a2, 0x10a2, 0x10a2, 0x10a2, 0x10a2, 0x10a2, 0x10a2, 0x10a2, 0x10a2, 0x10a2, 0x10a2, 0x10a2, 0x10a2, 0x10a2, 0x10a2, 
	0x10a2, 0x10a2, 0x10a2, 0x10a2, 0x10a2, 0x10a2, 0x10a2, 0x10a2, 0x10a2, 0x10a2, 0x10a2, 0x10a2, 0x10a2, 0x10a2, 0x10a2, 0x10a2, 
	0x10a2, 0x10a2, 0x10a2, 0x10a2, 0x10a2, 0x10a2, 0x10a2, 0x10a2, 0x10a2, 0x10a2, 0x10a2, 0x10a2, 0x10a2, 0x10a2, 0x10a2, 0x10a2, 
	0x10a2, 0x10a2, 0x10a2, 0x10a2, 0x10a2, 0x10a2, 0x10a2, 0x10a2, 0x10a2, 0x10a2, 0x10a2, 0x10a2, 0x10a2, 0x10a2, 0x10a2, 0x10a2, 
	0x10a2, 0x10a2, 0x10a2, 0x10a2, 0x10a2, 0x10a2, 0x10a2, 0x10a2, 0x10a2, 0x10a2, 0x10a2, 0x10a2, 0x10a2, 0x10a2, 0x10a2, 0x10a2, 
	0x10a2, 0x10a2, 0x10a2, 0x10a2, 0x10a2, 0x10a2, 0x10a2, 0x10a2, 0x18c3, 0x1082, 0x2965, 0x8c71, 0x8c71, 0x8c71, 0x8c71, 0x8c71, 
	0x8c71, 0x8c71, 0x9cd3, 0x8c51, 0x4228, 0x1082, 0x1082, 0x18c2, 0x10a2, 0x10a2, 0x10a2, 0x10a2, 0x10a2, 0x10a2, 0x10a2, 0x10a2, 
	0x10a2, 0x10a2, 0x10a2, 0x10a2, 0x10a2, 0x10a2, 0x10a2, 0x10a2, 0x10a2, 0x10a2, 0x10a2, 0x10a2, 0x10a2, 0x10a2, 0x10a2, 0x10a2, 
	0x10a2, 0x10a2, 0x10a2, 0x10a2, 0x10a2, 0x10a2, 0x10a2, 0x10a2, 0x10a2, 0x10a2, 0x10a2, 0x10a2, 0x10a2, 0x10a2, 0x10a2, 0x10a2, 
	0x10a2, 0x10a2, 0x10a2, 0x10a2, 0x10a2, 0x10a2, 0x10a2, 0x10a2, 0x10a2, 0x10a2, 0x10a2, 0x10a2, 0x10a2, 0x10a2, 0x10a2, 0x10a2, 
	0x10a2, 0x10a2, 0x10a2, 0x10a2, 0x10a2, 0x10a2, 0x10a2, 0x10a2, 0x10a2, 0x10a2, 0x10a2, 0x10a2, 0x10a2, 0x10a2, 0x10a2, 0x10a2, 
	0x10a2, 0x10a2, 0x10a2, 0x10a2, 0x10a2, 0x10a2, 0x10a2, 0x10a2, 0x10a2, 0x10a2, 0x10a2, 0x10a2, 0x10a2, 0x10a2, 0x10a2, 0x10a2, 
	0x10a2, 0x10a2, 0x10a2, 0x10a2, 0x10a2, 0x10a2, 0x10a2, 0x10a2, 0x10a2, 0x10a2, 0x10a2, 0x10a2, 0x10a2, 0x10a2, 0x10a2, 0x10a2, 
	0x10a2, 0x10a2, 0x10a2, 0x10a2, 0x10a2, 0x10a2, 0x10a2, 0x10a2, 0x10a2, 0x10a2, 0x10a2, 0x10a2, 0x10a2, 0x10a2, 0x10a2, 0x10a2, 
	0x10a2, 0x10a2, 0x10a2, 0x10a2, 0x10a2, 0x10a2, 0x10a2, 0x10a2, 0x10a2, 0x10a2, 0x10a2, 0x10a2, 0x10a2, 0x10a2, 0x10a2, 0x10a2, 
	0x10a2, 0x10a2, 0x10a2, 0x10a2, 0x10a2, 0x10a2, 0x10a2, 0x10a2, 0x10a2, 0x10a2, 0x10a2, 0x10a2, 0x10a2, 0x10a2, 0x10a2, 0x10a2, 
	0x10a2, 0x10a2, 0x10a2, 0x10a2, 0x10a2, 0x10a2, 0x10a2, 0x10a2, 0x10a2, 0x10a2, 0x10a2, 0x10a2, 0x10a2, 0x10a2, 0x10a2, 0x10a2, 
	0x10a2, 0x10a2, 0x10a2, 0x10a2, 0x10a2, 0x10a2, 0x10a2, 0x10a2, 0x10a2, 0x10a2, 0x10a2, 0x10a2, 0x10a2, 0x10a2, 0x10a2, 0x10a2, 
	0x10a2, 0x10a2, 0x10a2, 0x10a2, 0x10a2, 0x10a2, 0x10a2, 0x10a2, 0x10a2, 0x10a2, 0x10a2, 0x10a2, 0x10a2, 0x10a2, 0x10a2, 0x10a2, 
	0x10a2, 0x10a2, 0x10a2, 0x10a2, 0x10a2, 0x10a2, 0x10a2, 0x10a2, 0x10a2, 0x10a2, 0x10a2, 0x10a2, 0x10a2, 0x10a2, 0x10a2, 0x10a2, 
	0x10a2, 0x10a2, 0x10a2, 0x10a2, 0x10a2, 0x10a2, 0x10a2, 0x10a2, 0x10a2, 0x1082, 0x2945, 0x8c71, 0x8c71, 0x8c71, 0x8c71, 0x8c51, 
	0x9492, 0x94b2, 0x632c, 0x2104, 0x0861, 0x10a2, 0x10a2, 0x10a2, 0x10a2, 0x10a2, 0x10a2, 0x10a2, 0x10a2, 0x10a2, 0x10a2, 0x10a2, 
	0x10a2, 0x10a2, 0x10a2, 0x10a2, 0x10a2, 0x10a2, 0x10a2, 0x10a2, 0x10a2, 0x10a2, 0x10a2, 0x10a2, 0x10a2, 0x10a2, 0x10a2, 0x10a2, 
	0x10a2, 0x10a2, 0x10a2, 0x10a2, 0x10a2, 0x10a2, 0x10a2, 0x10a2, 0x10a2, 0x10a2, 0x10a2, 0x10a2, 0x10a2, 0x10a2, 0x10a2, 0x10a2, 
	0x10a2, 0x10a2, 0x10a2, 0x10a2, 0x10a2, 0x10a2, 0x10a2, 0x10a2, 0x10a2, 0x10a2, 0x10a2, 0x10a2, 0x10a2, 0x10a2, 0x10a2, 0x10a2, 
	0x10a2, 0x10a2, 0x10a2, 0x10a2, 0x10a2, 0x10a2, 0x10a2, 0x10a2, 0x10a2, 0x10a2, 0x10a2, 0x10a2, 0x10a2, 0x10a2, 0x10a2, 0x10a2, 
	0x10a2, 0x10a2, 0x10a2, 0x10a2, 0x10a2, 0x10a2, 0x10a2, 0x10a2, 0x10a2, 0x10a2, 0x10a2, 0x10a2, 0x10a2, 0x10a2, 0x10a2, 0x10a2, 
	0x10a2, 0x10a2, 0x10a2, 0x10a2, 0x10a2, 0x10a2, 0x10a2, 0x10a2, 0x10a2, 0x10a2, 0x10a2, 0x10a2, 0x10a2, 0x10a2, 0x10a2, 0x10a2, 
	0x10a2, 0x10a2, 0x10a2, 0x10a2, 0x10a2, 0x10a2, 0x10a2, 0x10a2, 0x10a2, 0x10a2, 0x10a2, 0x10a2, 0x10a2, 0x10a2, 0x10a2, 0x10a2, 
	0x10a2, 0x10a2, 0x10a2, 0x10a2, 0x10a2, 0x10a2, 0x10a2, 0x10a2, 0x10a2, 0x10a2, 0x10a2, 0x10a2, 0x10a2, 0x10a2, 0x10a2, 0x10a2, 
	0x10a2, 0x10a2, 0x10a2, 0x10a2, 0x10a2, 0x10a2, 0x10a2, 0x10a2, 0x10a2, 0x10a2, 0x10a2, 0x10a2, 0x10a2, 0x10a2, 0x10a2, 0x10a2, 
	0x10a2, 0x10a2, 0x10a2, 0x10a2, 0x10a2, 0x10a2, 0x10a2, 0x10a2, 0x10a2, 0x10a2, 0x10a2, 0x10a2, 0x10a2, 0x10a2, 0x10a2, 0x10a2, 
	0x10a2, 0x10a2, 0x10a2, 0x10a2, 0x10a2, 0x10a2, 0x10a2, 0x10a2, 0x10a2, 0x10a2, 0x10a2, 0x10a2, 0x10a2, 0x10a2, 0x10a2, 0x10a2, 
	0x10a2, 0x10a2, 0x10a2, 0x10a2, 0x10a2, 0x10a2, 0x10a2, 0x10a2, 0x10a2, 0x10a2, 0x10a2, 0x10a2, 0x10a2, 0x10a2, 0x10a2, 0x10a2, 
	0x10a2, 0x10a2, 0x10a2, 0x10a2, 0x10a2, 0x10a2, 0x10a2, 0x10a2, 0x10a2, 0x10a2, 0x10a2, 0x10a2, 0x10a2, 0x10a2, 0x10a2, 0x10a2, 
	0x10a2, 0x10a2, 0x10a2, 0x10a2, 0x10a2, 0x10a2, 0x10a2, 0x10a2, 0x10a2, 0x1082, 0x2965, 0x8c71, 0x8c71, 0x8c51, 0x8c71, 0x94b2, 
	0x8410, 0x39c7, 0x0861, 0x10a2, 0x18c3, 0x10a2, 0x10a2, 0x10a2, 0x10a2, 0x10a2, 0x10a2, 0x10a2, 0x10a2, 0x10a2, 0x10a2, 0x10a2, 
	0x10a2, 0x10a2, 0x10a2, 0x10a2, 0x10a2, 0x10a2, 0x10a2, 0x10a2, 0x10a2, 0x10a2, 0x10a2, 0x10a2, 0x10a2, 0x10a2, 0x10a2, 0x10a2, 
	0x10a2, 0x10a2, 0x10a2, 0x10a2, 0x10a2, 0x10a2, 0x10a2, 0x10a2, 0x10a2, 0x10a2, 0x10a2, 0x10a2, 0x10a2, 0x10a2, 0x10a2, 0x10a2, 
	0x10a2, 0x10a2, 0x10a2, 0x10a2, 0x10a2, 0x10a2, 0x10a2, 0x10a2, 0x10a2, 0x10a2, 0x10a2, 0x10a2, 0x10a2, 0x10a2, 0x10a2, 0x10a2, 
	0x10a2, 0x10a2, 0x10a2, 0x10a2, 0x10a2, 0x10a2, 0x10a2, 0x10a2, 0x10a2, 0x10a2, 0x10a2, 0x10a2, 0x10a2, 0x10a2, 0x10a2, 0x10a2, 
	0x10a2, 0x10a2, 0x10a2, 0x10a2, 0x10a2, 0x10a2, 0x10a2, 0x10a2, 0x10a2, 0x10a2, 0x10a2, 0x10a2, 0x10a2, 0x10a2, 0x10a2, 0x10a2, 
	0x10a2, 0x10a2, 0x10a2, 0x10a2, 0x10a2, 0x10a2, 0x10a2, 0x10a2, 0x10a2, 0x10a2, 0x10a2, 0x10a2, 0x10a2, 0x10a2, 0x10a2, 0x10a2, 
	0x10a2, 0x10a2, 0x10a2, 0x10a2, 0x10a2, 0x10a2, 0x10a2, 0x10a2, 0x10a2, 0x10a2, 0x10a2, 0x10a2, 0x10a2, 0x10a2, 0x10a2, 0x10a2, 
	0x10a2, 0x10a2, 0x10a2, 0x10a2, 0x10a2, 0x10a2, 0x10a2, 0x10a2, 0x10a2, 0x10a2, 0x10a2, 0x10a2, 0x10a2, 0x10a2, 0x10a2, 0x10a2, 
	0x10a2, 0x10a2, 0x10a2, 0x10a2, 0x10a2, 0x10a2, 0x10a2, 0x10a2, 0x10a2, 0x10a2, 0x10a2, 0x10a2, 0x10a2, 0x10a2, 0x10a2, 0x10a2, 
	0x10a2, 0x10a2, 0x10a2, 0x10a2, 0x10a2, 0x10a2, 0x10a2, 0x10a2, 0x10a2, 0x10a2, 0x10a2, 0x10a2, 0x10a2, 0x10a2, 0x10a2, 0x10a2, 
	0x10a2, 0x10a2, 0x10a2, 0x10a2, 0x10a2, 0x10a2, 0x10a2, 0x10a2, 0x10a2, 0x10a2, 0x10a2, 0x10a2, 0x10a2, 0x10a2, 0x10a2, 0x10a2, 
	0x10a2, 0x10a2, 0x10a2, 0x10a2, 0x10a2, 0x10a2, 0x10a2, 0x10a2, 0x10a2, 0x10a2, 0x10a2, 0x10a2, 0x10a2, 0x10a2, 0x10a2, 0x10a2, 
	0x10a2, 0x10a2, 0x10a2, 0x10a2, 0x10a2, 0x10a2, 0x10a2, 0x10a2, 0x10a2, 0x10a2, 0x10a2, 0x10a2, 0x10a2, 0x10a2, 0x10a2, 0x10a2, 
	0x10a2, 0x10a2, 0x10a2, 0x10a2, 0x10a2, 0x10a2, 0x10a2, 0x10a2, 0x10a2, 0x1082, 0x2965, 0x8c71, 0x8c71, 0x94b2, 0x9492, 0x5acb, 
	0x18e3, 0x1081, 0x18c3, 0x10a2, 0x10a2, 0x10a2, 0x10a2, 0x10a2, 0x10a2, 0x10a2, 0x10a2, 0x10a2, 0x10a2, 0x10a2, 0x10a2, 0x10a2, 
	0x10a2, 0x10a2, 0x10a2, 0x10a2, 0x10a2, 0x10a2, 0x10a2, 0x10a2, 0x10a2, 0x10a2, 0x10a2, 0x10a2, 0x10a2, 0x10a2, 0x10a2, 0x10a2, 
	0x10a2, 0x10a2, 0x10a2, 0x10a2, 0x10a2, 0x10a2, 0x10a2, 0x10a2, 0x10a2, 0x10a2, 0x10a2, 0x10a2, 0x10a2, 0x10a2, 0x10a2, 0x10a2, 
	0x10a2, 0x10a2, 0x10a2, 0x10a2, 0x10a2, 0x10a2, 0x10a2, 0x10a2, 0x10a2, 0x10a2, 0x10a2, 0x10a2, 0x10a2, 0x10a2, 0x10a2, 0x10a2, 
	0x10a2, 0x10a2, 0x10a2, 0x10a2, 0x10a2, 0x10a2, 0x10a2, 0x10a2, 0x10a2, 0x10a2, 0x10a2, 0x10a2, 0x10a2, 0x10a2, 0x10a2, 0x10a2, 
	0x10a2, 0x10a2, 0x10a2, 0x10a2, 0x10a2, 0x10a2, 0x10a2, 0x10a2, 0x10a2, 0x10a2, 0x10a2, 0x10a2, 0x10a2, 0x10a2, 0x10a2, 0x10a2, 
	0x10a2, 0x10a2, 0x10a2, 0x10a2, 0x10a2, 0x10a2, 0x10a2, 0x10a2, 0x10a2, 0x10a2, 0x10a2, 0x10a2, 0x10a2, 0x10a2, 0x10a2, 0x10a2, 
	0x10a2, 0x10a2, 0x10a2, 0x10a2, 0x10a2, 0x10a2, 0x10a2, 0x10a2, 0x10a2, 0x10a2, 0x10a2, 0x10a2, 0x10a2, 0x10a2, 0x10a2, 0x10a2, 
	0x10a2, 0x10a2, 0x10a2, 0x10a2, 0x10a2, 0x10a2, 0x10a2, 0x10a2, 0x10a2, 0x10a2, 0x10a2, 0x10a2, 0x10a2, 0x10a2, 0x10a2, 0x10a2, 
	0x10a2, 0x10a2, 0x10a2, 0x10a2, 0x10a2, 0x10a2, 0x10a2, 0x10a2, 0x10a2, 0x10a2, 0x10a2, 0x10a2, 0x10a2, 0x10a2, 0x10a2, 0x10a2, 
	0x10a2, 0x10a2, 0x10a2, 0x10a2, 0x10a2, 0x10a2, 0x10a2, 0x10a2, 0x10a2, 0x10a2, 0x10a2, 0x10a2, 0x10a2, 0x10a2, 0x10a2, 0x10a2, 
	0x10a2, 0x10a2, 0x10a2, 0x10a2, 0x10a2, 0x10a2, 0x10a2, 0x10a2, 0x10a2, 0x10a2, 0x10a2, 0x10a2, 0x10a2, 0x10a2, 0x10a2, 0x10a2, 
	0x10a2, 0x10a2, 0x10a2, 0x10a2, 0x10a2, 0x10a2, 0x10a2, 0x10a2, 0x10a2, 0x10a2, 0x10a2, 0x10a2, 0x10a2, 0x10a2, 0x10a2, 0x10a2, 
	0x10a2, 0x10a2, 0x10a2, 0x10a2, 0x10a2, 0x10a2, 0x10a2, 0x10a2, 0x10a2, 0x10a2, 0x10a2, 0x10a2, 0x10a2, 0x10a2, 0x10a2, 0x10a2, 
	0x10a2, 0x10a2, 0x10a2, 0x10a2, 0x10a2, 0x10a2, 0x10a2, 0x10a2, 0x10a2, 0x1082, 0x2945, 0x9492, 0x9cb3, 0x73ae, 0x3185, 0x0861, 
	0x10a2, 0x18c3, 0x10a2, 0x10a2, 0x10a2, 0x10a2, 0x10a2, 0x10a2, 0x10a2, 0x10a2, 0x10a2, 0x10a2, 0x10a2, 0x10a2, 0x10a2, 0x10a2, 
	0x10a2, 0x10a2, 0x10a2, 0x10a2, 0x10a2, 0x10a2, 0x10a2, 0x10a2, 0x10a2, 0x10a2, 0x10a2, 0x10a2, 0x10a2, 0x10a2, 0x10a2, 0x10a2, 
	0x10a2, 0x10a2, 0x10a2, 0x10a2, 0x10a2, 0x10a2, 0x10a2, 0x10a2, 0x10a2, 0x10a2, 0x10a2, 0x10a2, 0x10a2, 0x10a2, 0x10a2, 0x10a2, 
	0x10a2, 0x10a2, 0x10a2, 0x10a2, 0x10a2, 0x10a2, 0x10a2, 0x10a2, 0x10a2, 0x10a2, 0x10a2, 0x10a2, 0x10a2, 0x10a2, 0x10a2, 0x10a2, 
	0x10a2, 0x10a2, 0x10a2, 0x10a2, 0x10a2, 0x10a2, 0x10a2, 0x10a2, 0x10a2, 0x10a2, 0x10a2, 0x10a2, 0x10a2, 0x10a2, 0x10a2, 0x10a2, 
	0x10a2, 0x10a2, 0x10a2, 0x10a2, 0x10a2, 0x10a2, 0x10a2, 0x10a2, 0x10a2, 0x10a2, 0x10a2, 0x10a2, 0x10a2, 0x10a2, 0x10a2, 0x10a2, 
	0x10a2, 0x10a2, 0x10a2, 0x10a2, 0x10a2, 0x10a2, 0x10a2, 0x10a2, 0x10a2, 0x10a2, 0x10a2, 0x10a2, 0x10a2, 0x10a2, 0x10a2, 0x10a2, 
	0x10a2, 0x10a2, 0x10a2, 0x10a2, 0x10a2, 0x10a2, 0x10a2, 0x10a2, 0x10a2, 0x10a2, 0x10a2, 0x10a2, 0x10a2, 0x10a2, 0x10a2, 0x10a2, 
	0x10a2, 0x10a2, 0x10a2, 0x10a2, 0x10a2, 0x10a2, 0x10a2, 0x10a2, 0x10a2, 0x10a2, 0x10a2, 0x10a2, 0x10a2, 0x10a2, 0x10a2, 0x10a2, 
	0x10a2, 0x10a2, 0x10a2, 0x10a2, 0x10a2, 0x10a2, 0x10a2, 0x10a2, 0x10a2, 0x10a2, 0x10a2, 0x10a2, 0x10a2, 0x10a2, 0x10a2, 0x10a2, 
	0x10a2, 0x10a2, 0x10a2, 0x10a2, 0x10a2, 0x10a2, 0x10a2, 0x10a2, 0x10a2, 0x10a2, 0x10a2, 0x10a2, 0x10a2, 0x10a2, 0x10a2, 0x10a2, 
	0x10a2, 0x10a2, 0x10a2, 0x10a2, 0x10a2, 0x10a2, 0x10a2, 0x10a2, 0x10a2, 0x10a2, 0x10a2, 0x10a2, 0x10a2, 0x10a2, 0x10a2, 0x10a2, 
	0x10a2, 0x10a2, 0x10a2, 0x10a2, 0x10a2, 0x10a2, 0x10a2, 0x10a2, 0x10a2, 0x10a2, 0x10a2, 0x10a2, 0x10a2, 0x10a2, 0x10a2, 0x10a2, 
	0x10a2, 0x10a2, 0x10a2, 0x10a2, 0x10a2, 0x10a2, 0x10a2, 0x10a2, 0x10a2, 0x10a2, 0x10a2, 0x10a2, 0x10a2, 0x10a2, 0x10a2, 0x10a2, 
	0x10a2, 0x10a2, 0x10a2, 0x10a2, 0x10a2, 0x10a2, 0x10a2, 0x10a2, 0x10a2, 0x1082, 0x2965, 0x8c51, 0x4a49, 0x1082, 0x1082, 0x18c3, 
	0x10a2, 0x10a2, 0x10a2, 0x10a2, 0x10a2, 0x10a2, 0x10a2, 0x10a2, 0x10a2, 0x10a2, 0x10a2, 0x10a2, 0x10a2, 0x10a2, 0x10a2, 0x10a2, 
	0x10a2, 0x10a2, 0x10a2, 0x10a2, 0x10a2, 0x10a2, 0x10a2, 0x10a2, 0x10a2, 0x10a2, 0x10a2, 0x10a2, 0x10a2, 0x10a2, 0x10a2, 0x10a2, 
	0x10a2, 0x10a2, 0x10a2, 0x10a2, 0x10a2, 0x10a2, 0x10a2, 0x10a2, 0x10a2, 0x10a2, 0x10a2, 0x10a2, 0x10a2, 0x10a2, 0x10a2, 0x10a2, 
	0x10a2, 0x10a2, 0x10a2, 0x10a2, 0x10a2, 0x10a2, 0x10a2, 0x10a2, 0x10a2, 0x10a2, 0x10a2, 0x10a2, 0x10a2, 0x10a2, 0x10a2, 0x10a2, 
	0x10a2, 0x10a2, 0x10a2, 0x10a2, 0x10a2, 0x10a2, 0x10a2, 0x10a2, 0x10a2, 0x10a2, 0x10a2, 0x10a2, 0x10a2, 0x10a2, 0x10a2, 0x10a2, 
	0x10a2, 0x10a2, 0x10a2, 0x10a2, 0x10a2, 0x10a2, 0x10a2, 0x10a2, 0x10a2, 0x10a2, 0x10a2, 0x10a2, 0x10a2, 0x10a2, 0x10a2, 0x10a2, 
	0x10a2, 0x10a2, 0x10a2, 0x10a2, 0x10a2, 0x10a2, 0x10a2, 0x10a2, 0x10a2, 0x10a2, 0x10a2, 0x10a2, 0x10a2, 0x10a2, 0x10a2, 0x10a2, 
	0x10a2, 0x10a2, 0x10a2, 0x10a2, 0x10a2, 0x10a2, 0x10a2, 0x10a2, 0x10a2, 0x10a2, 0x10a2, 0x10a2, 0x10a2, 0x10a2, 0x10a2, 0x10a2, 
	0x10a2, 0x10a2, 0x10a2, 0x10a2, 0x10a2, 0x10a2, 0x10a2, 0x10a2, 0x10a2, 0x10a2, 0x10a2, 0x10a2, 0x10a2, 0x10a2, 0x10a2, 0x10a2, 
	0x10a2, 0x10a2, 0x10a2, 0x10a2, 0x10a2, 0x10a2, 0x10a2, 0x10a2, 0x10a2, 0x10a2, 0x10a2, 0x10a2, 0x10a2, 0x10a2, 0x10a2, 0x10a2, 
	0x10a2, 0x10a2, 0x10a2, 0x10a2, 0x10a2, 0x10a2, 0x10a2, 0x10a2, 0x10a2, 0x10a2, 0x10a2, 0x10a2, 0x10a2, 0x10a2, 0x10a2, 0x10a2, 
	0x10a2, 0x10a2, 0x10a2, 0x10a2, 0x10a2, 0x10a2, 0x10a2, 0x10a2, 0x10a2, 0x10a2, 0x10a2, 0x10a2, 0x10a2, 0x10a2, 0x10a2, 0x10a2, 
	0x10a2, 0x10a2, 0x10a2, 0x10a2, 0x10a2, 0x10a2, 0x10a2, 0x10a2, 0x10a2, 0x10a2, 0x10a2, 0x10a2, 0x10a2, 0x10a2, 0x10a2, 0x10a2, 
	0x10a2, 0x10a2, 0x10a2, 0x10a2, 0x10a2, 0x10a2, 0x10a2, 0x10a2, 0x10a2, 0x10a2, 0x10a2, 0x10a2, 0x10a2, 0x10a2, 0x10a2, 0x10a2, 
	0x10a2, 0x10a2, 0x10a2, 0x10a2, 0x10a2, 0x10a2, 0x10a2, 0x10a2, 0x10a2, 0x10a2, 0x2104, 0x2124, 0x0861, 0x10a2, 0x10a2, 0x10a2, 
	0x10a2, 0x10a2, 0x10a2, 0x10a2, 0x10a2, 0x10a2, 0x10a2, 0x10a2, 0x10a2, 0x10a2, 0x10a2, 0x10a2, 0x10a2, 0x10a2, 0x10a2, 0x10a2, 
	0x10a2, 0x10a2, 0x10a2, 0x10a2, 0x10a2, 0x10a2, 0x10a2, 0x10a2, 0x10a2, 0x10a2, 0x10a2, 0x10a2, 0x10a2, 0x10a2, 0x10a2, 0x10a2, 
	0x10a2, 0x10a2, 0x10a2, 0x10a2, 0x10a2, 0x10a2, 0x10a2, 0x10a2, 0x10a2, 0x10a2, 0x10a2, 0x10a2, 0x10a2, 0x10a2, 0x10a2, 0x10a2, 
	0x10a2, 0x10a2, 0x10a2, 0x10a2, 0x10a2, 0x10a2, 0x10a2, 0x10a2, 0x10a2, 0x10a2, 0x10a2, 0x10a2, 0x10a2, 0x10a2, 0x10a2, 0x10a2, 
	0x10a2, 0x10a2, 0x10a2, 0x10a2, 0x10a2, 0x10a2, 0x10a2, 0x10a2, 0x10a2, 0x10a2, 0x10a2, 0x10a2, 0x10a2, 0x10a2, 0x10a2, 0x10a2, 
	0x10a2, 0x10a2, 0x10a2, 0x10a2, 0x10a2, 0x10a2, 0x10a2, 0x10a2, 0x10a2, 0x10a2, 0x10a2, 0x10a2, 0x10a2, 0x10a2, 0x10a2, 0x10a2, 
	0x10a2, 0x10a2, 0x10a2, 0x10a2, 0x10a2, 0x10a2, 0x10a2, 0x10a2, 0x10a2, 0x10a2, 0x10a2, 0x10a2, 0x10a2, 0x10a2, 0x10a2, 0x10a2, 
	0x10a2, 0x10a2, 0x10a2, 0x10a2, 0x10a2, 0x10a2, 0x10a2, 0x10a2, 0x10a2, 0x10a2, 0x10a2, 0x10a2, 0x10a2, 0x10a2, 0x10a2, 0x10a2, 
	0x10a2, 0x10a2, 0x10a2, 0x10a2, 0x10a2, 0x10a2, 0x10a2, 0x10a2, 0x10a2, 0x10a2, 0x10a2, 0x10a2, 0x10a2, 0x10a2, 0x10a2, 0x10a2, 
	0x10a2, 0x10a2, 0x10a2, 0x10a2, 0x10a2, 0x10a2, 0x10a2, 0x10a2, 0x10a2, 0x10a2, 0x10a2, 0x10a2, 0x10a2, 0x10a2, 0x10a2, 0x10a2, 
	0x10a2, 0x10a2, 0x10a2, 0x10a2, 0x10a2, 0x10a2, 0x10a2, 0x10a2, 0x10a2, 0x10a2, 0x10a2, 0x10a2, 0x10a2, 0x10a2, 0x10a2, 0x10a2, 
	0x10a2, 0x10a2, 0x10a2, 0x10a2, 0x10a2, 0x10a2, 0x10a2, 0x10a2, 0x10a2, 0x10a2, 0x10a2, 0x10a2, 0x10a2, 0x10a2, 0x10a2, 0x10a2, 
	0x10a2, 0x10a2, 0x10a2, 0x10a2, 0x10a2, 0x10a2, 0x10a2, 0x10a2, 0x10a2, 0x10a2, 0x10a2, 0x10a2, 0x10a2, 0x10a2, 0x10a2, 0x10a2, 
	0x10a2, 0x10a2, 0x10a2, 0x10a2, 0x10a2, 0x10a2, 0x10a2, 0x10a2, 0x10a2, 0x10a2, 0x10a2, 0x10a2, 0x10a2, 0x10a2, 0x10a2, 0x10a2, 
	0x10a2, 0x10a2, 0x10a2, 0x10a2, 0x10a2, 0x10a2, 0x10a2, 0x10a2, 0x10a2, 0x10a2, 0x10a2, 0x1082, 0x18c3, 0x10a2, 0x10a2, 0x10a2, 
	0x10a2, 0x10a2, 0x10a2, 0x10a2, 0x10a2, 0x10a2, 0x10a2, 0x10a2, 0x10a2, 0x10a2, 0x10a2, 0x10a2, 0x10a2, 0x10a2, 0x10a2, 0x10a2, 
	0x10a2, 0x10a2, 0x10a2, 0x10a2, 0x10a2, 0x10a2, 0x10a2, 0x10a2, 0x10a2, 0x10a2, 0x10a2, 0x10a2, 0x10a2, 0x10a2, 0x10a2, 0x10a2, 
	0x10a2, 0x10a2, 0x10a2, 0x10a2, 0x10a2, 0x10a2, 0x10a2, 0x10a2, 0x10a2, 0x10a2, 0x10a2, 0x10a2, 0x10a2, 0x10a2, 0x10a2, 0x10a2, 
	0x10a2, 0x10a2, 0x10a2, 0x10a2, 0x10a2, 0x10a2, 0x10a2, 0x10a2, 0x10a2, 0x10a2, 0x10a2, 0x10a2, 0x10a2, 0x10a2, 0x10a2, 0x10a2, 
	0x10a2, 0x10a2, 0x10a2, 0x10a2, 0x10a2, 0x10a2, 0x10a2, 0x10a2, 0x10a2, 0x10a2, 0x10a2, 0x10a2, 0x10a2, 0x10a2, 0x10a2, 0x10a2, 
	0x10a2, 0x10a2, 0x10a2, 0x10a2, 0x10a2, 0x10a2, 0x10a2, 0x10a2, 0x10a2, 0x10a2, 0x10a2, 0x10a2, 0x10a2, 0x10a2, 0x10a2, 0x10a2, 
	0x10a2, 0x10a2, 0x10a2, 0x10a2, 0x10a2, 0x10a2, 0x10a2, 0x10a2, 0x10a2, 0x10a2, 0x10a2, 0x10a2, 0x10a2, 0x10a2, 0x10a2, 0x10a2, 
	0x10a2, 0x10a2, 0x10a2, 0x10a2, 0x10a2, 0x10a2, 0x10a2, 0x10a2, 0x10a2, 0x10a2, 0x10a2, 0x10a2, 0x10a2, 0x10a2, 0x10a2, 0x10a2, 
	0x10a2, 0x10a2, 0x10a2, 0x10a2, 0x10a2, 0x10a2, 0x10a2, 0x10a2, 0x10a2, 0x10a2, 0x10a2, 0x10a2, 0x10a2, 0x10a2, 0x10a2, 0x10a2, 
	0x10a2, 0x10a2, 0x10a2, 0x10a2, 0x10a2, 0x10a2, 0x10a2, 0x10a2, 0x10a2, 0x10a2, 0x10a2, 0x10a2, 0x10a2, 0x10a2, 0x10a2, 0x10a2, 
	0x10a2, 0x10a2, 0x10a2, 0x10a2, 0x10a2, 0x10a2, 0x10a2, 0x10a2, 0x10a2, 0x10a2, 0x10a2, 0x10a2, 0x10a2, 0x10a2, 0x10a2, 0x10a2, 
	0x10a2, 0x10a2, 0x10a2, 0x10a2, 0x10a2, 0x10a2, 0x10a2, 0x10a2, 0x10a2, 0x10a2, 0x10a2, 0x10a2, 0x10a2, 0x10a2, 0x10a2, 0x10a2, 
	0x10a2, 0x10a2, 0x10a2, 0x10a2, 0x10a2, 0x10a2, 0x10a2, 0x10a2, 0x10a2, 0x10a2, 0x10a2, 0x10a2, 0x10a2, 0x10a2, 0x10a2, 0x10a2, 
	0x10a2, 0x10a2, 0x10a2, 0x10a2, 0x10a2, 0x10a2, 0x10a2, 0x10a2, 0x10a2, 0x10a2, 0x10a2, 0x10a2, 0x10a2, 0x10a2, 0x10a2, 0x10a2, 
	0x10a2, 0x10a2, 0x10a2, 0x10a2, 0x10a2, 0x10a2, 0x10a2, 0x10a2, 0x10a2, 0x10a2, 0x10a2, 0x10a2, 0x10a2, 0x10a2, 0x10a2, 0x10a2, 
	0x10a2, 0x10a2, 0x10a2, 0x10a2, 0x10a2, 0x10a2, 0x10a2, 0x10a2, 0x10a2, 0x10a2, 0x10a2, 0x10a2, 0x10a2, 0x10a2, 0x10a2, 0x10a2, 
	0x10a2, 0x10a2, 0x10a2, 0x10a2, 0x10a2, 0x10a2, 0x10a2, 0x10a2, 0x10a2, 0x10a2, 0x10a2, 0x10a2, 0x10a2, 0x10a2, 0x10a2, 0x10a2, 
	0x10a2, 0x10a2, 0x10a2, 0x10a2, 0x10a2, 0x10a2, 0x10a2, 0x10a2, 0x10a2, 0x10a2, 0x10a2, 0x10a2, 0x10a2, 0x10a2, 0x10a2, 0x10a2, 
	0x10a2, 0x10a2, 0x10a2, 0x10a2, 0x10a2, 0x10a2, 0x10a2, 0x10a2, 0x10a2, 0x10a2, 0x10a2, 0x10a2, 0x10a2, 0x10a2, 0x10a2, 0x10a2, 
	0x10a2, 0x10a2, 0x10a2, 0x10a2, 0x10a2, 0x10a2, 0x10a2, 0x10a2, 0x10a2, 0x10a2, 0x10a2, 0x10a2, 0x10a2, 0x10a2, 0x10a2, 0x10a2, 
	0x10a2, 0x10a2, 0x10a2, 0x10a2, 0x10a2, 0x10a2, 0x10a2, 0x10a2, 0x10a2, 0x10a2, 0x10a2, 0x10a2, 0x10a2, 0x10a2, 0x10a2, 0x10a2, 
	0x10a2, 0x10a2, 0x10a2, 0x10a2, 0x10a2, 0x10a2, 0x10a2, 0x10a2, 0x10a2, 0x10a2, 0x10a2, 0x10a2, 0x10a2, 0x10a2, 0x10a2, 0x10a2, 
	0x10a2, 0x10a2, 0x10a2, 0x10a2, 0x10a2, 0x10a2, 0x10a2, 0x10a2, 0x10a2, 0x10a2, 0x10a2, 0x10a2, 0x10a2, 0x10a2, 0x10a2, 0x10a2, 
	0x10a2, 0x10a2, 0x10a2, 0x10a2, 0x10a2, 0x10a2, 0x10a2, 0x10a2, 0x10a2, 0x10a2, 0x10a2, 0x10a2, 0x10a2, 0x10a2, 0x10a2, 0x10a2, 
	0x10a2, 0x10a2, 0x10a2, 0x10a2, 0x10a2, 0x10a2, 0x10a2, 0x10a2, 0x10a2, 0x10a2, 0x10a2, 0x10a2, 0x10a2, 0x10a2, 0x10a2, 0x10a2, 
	0x10a2, 0x10a2, 0x10a2, 0x10a2, 0x10a2, 0x10a2, 0x10a2, 0x10a2, 0x10a2, 0x10a2, 0x10a2, 0x10a2, 0x10a2, 0x10a2, 0x10a2, 0x10a2, 
	0x10a2, 0x10a2, 0x10a2, 0x10a2, 0x10a2, 0x10a2, 0x10a2, 0x10a2, 0x10a2, 0x10a2, 0x10a2, 0x10a2, 0x10a2, 0x10a2, 0x10a2, 0x10a2, 
	0x10a2, 0x10a2, 0x10a2, 0x10a2, 0x10a2, 0x10a2, 0x10a2, 0x10a2, 0x10a2, 0x10a2, 0x10a2, 0x10a2, 0x10a2, 0x10a2, 0x10a2, 0x10a2, 
	0x10a2, 0x10a2, 0x10a2, 0x10a2, 0x10a2, 0x10a2, 0x10a2, 0x10a2, 0x10a2, 0x10a2, 0x10a2, 0x10a2, 0x10a2, 0x10a2, 0x10a2, 0x10a2, 
	0x10a2, 0x10a2, 0x10a2, 0x10a2, 0x10a2, 0x10a2, 0x10a2, 0x10a2, 0x10a2, 0x10a2, 0x10a2, 0x10a2, 0x10a2, 0x10a2, 0x10a2, 0x10a2, 
	0x10a2, 0x10a2, 0x10a2, 0x10a2, 0x10a2, 0x10a2, 0x10a2, 0x10a2, 0x10a2, 0x10a2, 0x10a2, 0x10a2, 0x10a2, 0x10a2, 0x10a2, 0x10a2, 
	0x10a2, 0x10a2, 0x10a2, 0x10a2, 0x10a2, 0x10a2, 0x10a2, 0x10a2, 0x10a2, 0x10a2, 0x10a2, 0x10a2, 0x10a2, 0x10a2, 0x10a2, 0x10a2, 
	0x10a2, 0x10a2, 0x10a2, 0x10a2, 0x10a2, 0x10a2, 0x10a2, 0x10a2, 0x10a2, 0x10a2, 0x10a2, 0x10a2, 0x10a2, 0x10a2, 0x10a2, 0x10a2, 
	0x10a2, 0x10a2, 0x10a2, 0x10a2, 0x10a2, 0x10a2, 0x10a2, 0x10a2, 0x10a2, 0x10a2, 0x10a2, 0x10a2, 0x10a2, 0x10a2, 0x10a2, 0x10a2, 
	0x10a2, 0x10a2, 0x10a2, 0x10a2, 0x10a2, 0x10a2, 0x10a2, 0x10a2, 0x10a2, 0x10a2, 0x10a2, 0x10a2, 0x10a2, 0x10a2, 0x10a2, 0x10a2, 
	0x10a2, 0x10a2, 0x10a2, 0x10a2, 0x10a2, 0x10a2, 0x10a2, 0x10a2, 0x10a2, 0x10a2, 0x10a2, 0x10a2, 0x10a2, 0x10a2, 0x10a2, 0x10a2, 
	0x10a2, 0x10a2, 0x10a2, 0x10a2, 0x10a2, 0x10a2, 0x10a2, 0x10a2, 0x10a2, 0x10a2, 0x10a2, 0x10a2, 0x10a2, 0x10a2, 0x10a2, 0x10a2, 
	0x10a2, 0x10a2, 0x10a2, 0x10a2, 0x10a2, 0x10a2, 0x10a2, 0x10a2, 0x10a2, 0x10a2, 0x10a2, 0x10a2, 0x10a2, 0x10a2, 0x10a2, 0x10a2, 
	0x10a2, 0x10a2, 0x10a2, 0x10a2, 0x10a2, 0x10a2, 0x10a2, 0x10a2, 0x10a2, 0x10a2, 0x10a2, 0x10a2, 0x10a2, 0x10a2, 0x10a2, 0x10a2, 
	0x10a2, 0x10a2, 0x10a2, 0x10a2, 0x10a2, 0x10a2, 0x10a2, 0x10a2, 0x10a2, 0x10a2, 0x10a2, 0x10a2, 0x10a2, 0x10a2, 0x10a2, 0x10a2, 
	0x10a2, 0x10a2, 0x10a2, 0x10a2, 0x10a2, 0x10a2, 0x10a2, 0x10a2, 0x10a2, 0x10a2, 0x10a2, 0x10a2, 0x10a2, 0x10a2, 0x10a2, 0x10a2, 
	0x10a2, 0x10a2, 0x10a2, 0x10a2, 0x10a2, 0x10a2, 0x10a2, 0x10a2, 0x10a2, 0x10a2, 0x10a2, 0x10a2, 0x10a2, 0x10a2, 0x10a2, 0x10a2, 
	0x10a2, 0x10a2, 0x10a2, 0x10a2, 0x10a2, 0x10a2, 0x10a2, 0x10a2, 0x10a2, 0x10a2, 0x10a2, 0x10a2, 0x10a2, 0x10a2, 0x10a2, 0x10a2, 
	0x10a2, 0x10a2, 0x10a2, 0x10a2, 0x10a2, 0x10a2, 0x10a2, 0x10a2, 0x10a2, 0x10a2, 0x10a2, 0x10a2, 0x10a2, 0x10a2, 0x10a2, 0x10a2, 
	0x10a2, 0x10a2, 0x10a2, 0x10a2, 0x10a2, 0x10a2, 0x10a2, 0x10a2, 0x10a2, 0x10a2, 0x10a2, 0x10a2, 0x10a2, 0x10a2, 0x10a2, 0x10a2, 
	0x10a2, 0x10a2, 0x10a2, 0x10a2, 0x10a2, 0x10a2, 0x10a2, 0x10a2, 0x10a2, 0x10a2, 0x10a2, 0x10a2, 0x10a2, 0x10a2, 0x10a2, 0x10a2, 
	0x10a2, 0x10a2, 0x10a2, 0x10a2, 0x10a2, 0x10a2, 0x10a2, 0x10a2, 0x10a2, 0x10a2, 0x10a2, 0x10a2, 0x10a2, 0x10a2, 0x10a2, 0x10a2, 
	0x10a2, 0x10a2, 0x10a2, 0x10a2, 0x10a2, 0x10a2, 0x10a2, 0x10a2, 0x10a2, 0x10a2, 0x10a2, 0x10a2, 0x10a2, 0x10a2, 0x10a2, 0x10a2, 
	0x10a2, 0x10a2, 0x10a2, 0x10a2, 0x10a2, 0x10a2, 0x10a2, 0x10a2, 0x10a2, 0x10a2, 0x10a2, 0x10a2, 0x10a2, 0x10a2, 0x10a2, 0x10a2, 
	0x10a2, 0x10a2, 0x10a2, 0x10a2, 0x10a2, 0x10a2, 0x10a2, 0x10a2, 0x10a2, 0x10a2, 0x10a2, 0x10a2, 0x10a2, 0x10a2, 0x10a2, 0x10a2, 
	0x10a2, 0x10a2, 0x10a2, 0x10a2, 0x10a2, 0x10a2, 0x10a2, 0x10a2, 0x10a2, 0x10a2, 0x10a2, 0x10a2, 0x10a2, 0x10a2, 0x10a2, 0x10a2, 
	0x10a2, 0x10a2, 0x10a2, 0x10a2, 0x10a2, 0x10a2, 0x10a2, 0x10a2, 0x10a2, 0x10a2, 0x10a2, 0x10a2, 0x10a2, 0x10a2, 0x10a2, 0x10a2, 
	0x10a2, 0x10a2, 0x10a2, 0x10a2, 0x10a2, 0x10a2, 0x10a2, 0x10a2, 0x10a2, 0x10a2, 0x10a2, 0x10a2, 0x10a2, 0x10a2, 0x10a2, 0x10a2, 
	0x10a2, 0x10a2, 0x10a2, 0x10a2, 0x10a2, 0x10a2, 0x10a2, 0x10a2, 0x10a2, 0x10a2, 0x10a2, 0x10a2, 0x10a2, 0x10a2, 0x10a2, 0x10a2, 
	0x10a2, 0x10a2, 0x10a2, 0x10a2, 0x10a2, 0x10a2, 0x10a2, 0x10a2, 0x10a2, 0x10a2, 0x10a2, 0x10a2, 0x10a2, 0x10a2, 0x10a2, 0x10a2, 
	0x10a2, 0x10a2, 0x10a2, 0x10a2, 0x10a2, 0x10a2, 0x10a2, 0x10a2, 0x10a2, 0x10a2, 0x10a2, 0x10a2, 0x10a2, 0x10a2, 0x10a2, 0x10a2, 
	0x10a2, 0x10a2, 0x10a2, 0x10a2, 0x10a2, 0x10a2, 0x10a2, 0x10a2, 0x10a2, 0x10a2, 0x10a2, 0x10a2, 0x10a2, 0x10a2, 0x10a2, 0x10a2, 
	0x10a2, 0x10a2, 0x10a2, 0x10a2, 0x10a2, 0x10a2, 0x10a2, 0x10a2, 0x10a2, 0x10a2, 0x10a2, 0x10a2, 0x10a2, 0x10a2, 0x10a2, 0x10a2, 
	0x10a2, 0x10a2, 0x10a2, 0x10a2, 0x10a2, 0x10a2, 0x10a2, 0x10a2, 0x10a2, 0x10a2, 0x10a2, 0x10a2, 0x10a2, 0x10a2, 0x10a2, 0x10a2, 
	0x10a2, 0x10a2, 0x10a2, 0x10a2, 0x10a2, 0x10a2, 0x10a2, 0x10a2, 0x10a2, 0x10a2, 0x10a2, 0x10a2, 0x10a2, 0x10a2, 0x10a2, 0x10a2, 
	0x10a2, 0x10a2, 0x10a2, 0x10a2, 0x10a2, 0x10a2, 0x10a2, 0x10a2, 0x10a2, 0x10a2, 0x10a2, 0x10a2, 0x10a2, 0x10a2, 0x10a2, 0x10a2, 
	0x10a2, 0x10a2, 0x10a2, 0x10a2, 0x10a2, 0x10a2, 0x10a2, 0x10a2, 0x10a2, 0x10a2, 0x10a2, 0x10a2, 0x10a2, 0x10a2, 0x10a2, 0x10a2, 
	0x10a2, 0x10a2, 0x10a2, 0x10a2, 0x10a2, 0x10a2, 0x10a2, 0x10a2, 0x10a2, 0x10a2, 0x10a2, 0x10a2, 0x10a2, 0x10a2, 0x10a2, 0x10a2, 
	0x10a2, 0x10a2, 0x10a2, 0x10a2, 0x10a2, 0x10a2, 0x10a2, 0x10a2, 0x10a2, 0x10a2, 0x10a2, 0x10a2, 0x10a2, 0x10a2, 0x10a2, 0x10a2, 
	0x10a2, 0x10a2, 0x10a2, 0x10a2, 0x10a2, 0x10a2, 0x10a2, 0x10a2, 0x10a2, 0x10a2, 0x10a2, 0x10a2, 0x10a2, 0x10a2, 0x10a2, 0x10a2, 
	0x10a2, 0x10a2, 0x10a2, 0x10a2, 0x10a2, 0x10a2, 0x10a2, 0x10a2, 0x10a2, 0x10a2, 0x10a2, 0x10a2, 0x10a2, 0x10a2, 0x10a2, 0x10a2, 
	0x10a2, 0x10a2, 0x10a2, 0x10a2, 0x10a2, 0x10a2, 0x10a2, 0x10a2, 0x10a2, 0x10a2, 0x10a2, 0x10a2, 0x10a2, 0x10a2, 0x10a2, 0x10a2, 
	0x10a2, 0x10a2, 0x10a2, 0x10a2, 0x10a2, 0x10a2, 0x10a2, 0x10a2, 0x10a2, 0x10a2, 0x10a2, 0x10a2, 0x10a2, 0x10a2, 0x10a2, 0x10a2, 
	0x10a2, 0x10a2, 0x10a2, 0x10a2, 0x10a2, 0x10a2, 0x10a2, 0x10a2, 0x10a2, 0x10a2, 0x10a2, 0x10a2, 0x10a2, 0x10a2, 0x10a2, 0x10a2, 
	0x10a2, 0x10a2, 0x10a2, 0x10a2, 0x10a2, 0x10a2, 0x10a2, 0x10a2, 0x10a2, 0x10a2, 0x10a2, 0x10a2, 0x10a2, 0x10a2, 0x10a2, 0x10a2, 
	0x10a2, 0x10a2, 0x10a2, 0x10a2, 0x10a2, 0x10a2, 0x10a2, 0x10a2, 0x10a2, 0x10a2, 0x10a2, 0x10a2, 0x10a2, 0x10a2, 0x10a2, 0x10a2, 
	0x10a2, 0x10a2, 0x10a2, 0x10a2, 0x10a2, 0x10a2, 0x10a2, 0x10a2, 0x10a2, 0x10a2, 0x10a2, 0x10a2, 0x10a2, 0x10a2, 0x10a2, 0x10a2, 
	0x10a2, 0x10a2, 0x10a2, 0x10a2, 0x10a2, 0x10a2, 0x10a2, 0x10a2, 0x10a2, 0x10a2, 0x10a2, 0x10a2, 0x10a2, 0x10a2, 0x10a2, 0x10a2, 
	0x10a2, 0x10a2, 0x10a2, 0x10a2, 0x10a2, 0x10a2, 0x10a2, 0x10a2, 0x10a2, 0x10a2, 0x10a2, 0x10a2, 0x10a2, 0x10a2, 0x10a2, 0x10a2, 
	0x10a2, 0x10a2, 0x10a2, 0x10a2, 0x10a2, 0x10a2, 0x10a2, 0x10a2, 0x10a2, 0x10a2, 0x10a2, 0x10a2, 0x10a2, 0x10a2, 0x10a2, 0x10a2, 
	0x10a2, 0x10a2, 0x10a2, 0x10a2, 0x10a2, 0x10a2, 0x10a2, 0x10a2, 0x10a2, 0x10a2, 0x10a2, 0x10a2, 0x10a2, 0x10a2, 0x10a2, 0x10a2, 
	0x10a2, 0x10a2, 0x10a2, 0x10a2, 0x10a2, 0x10a2, 0x10a2, 0x10a2, 0x10a2, 0x10a2, 0x10a2, 0x10a2, 0x10a2, 0x10a2, 0x10a2, 0x10a2, 
	0x10a2, 0x10a2, 0x10a2, 0x10a2, 0x10a2, 0x10a2, 0x10a2, 0x10a2, 0x10a2, 0x10a2, 0x10a2, 0x10a2, 0x10a2, 0x10a2, 0x10a2, 0x10a2, 
	0x10a2, 0x10a2, 0x10a2, 0x10a2, 0x10a2, 0x10a2, 0x10a2, 0x10a2, 0x10a2, 0x10a2, 0x10a2, 0x10a2, 0x10a2, 0x10a2, 0x10a2, 0x10a2, 
	0x10a2, 0x10a2, 0x10a2, 0x10a2, 0x10a2, 0x10a2, 0x10a2, 0x10a2, 0x10a2, 0x10a2, 0x10a2, 0x10a2, 0x10a2, 0x10a2, 0x10a2, 0x10a2, 
	0x10a2, 0x10a2, 0x10a2, 0x10a2, 0x10a2, 0x10a2, 0x10a2, 0x10a2, 0x10a2, 0x10a2, 0x10a2, 0x10a2, 0x10a2, 0x10a2, 0x10a2, 0x10a2, 
	0x10a2, 0x10a2, 0x10a2, 0x10a2, 0x10a2, 0x10a2, 0x10a2, 0x10a2, 0x10a2, 0x10a2, 0x10a2, 0x10a2, 0x10a2, 0x10a2, 0x10a2, 0x10a2, 
	0x10a2, 0x10a2, 0x10a2, 0x10a2, 0x10a2, 0x10a2, 0x10a2, 0x10a2, 0x10a2, 0x10a2, 0x10a2, 0x10a2, 0x10a2, 0x10a2, 0x10a2, 0x10a2, 
	0x10a2, 0x10a2, 0x10a2, 0x10a2, 0x10a2, 0x10a2, 0x10a2, 0x10a2, 0x10a2, 0x10a2, 0x10a2, 0x10a2, 0x10a2, 0x10a2, 0x10a2, 0x10a2, 
	0x10a2, 0x10a2, 0x10a2, 0x10a2, 0x10a2, 0x10a2, 0x10a2, 0x10a2, 0x10a2, 0x10a2, 0x10a2, 0x10a2, 0x10a2, 0x10a2, 0x10a2, 0x10a2, 
	0x10a2, 0x10a2, 0x10a2, 0x10a2, 0x10a2, 0x10a2, 0x10a2, 0x10a2, 0x10a2, 0x10a2, 0x10a2, 0x10a2, 0x10a2, 0x10a2, 0x10a2, 0x10a2, 
	0x10a2, 0x10a2, 0x10a2, 0x10a2, 0x10a2, 0x10a2, 0x10a2, 0x10a2, 0x10a2, 0x10a2, 0x10a2, 0x10a2, 0x10a2, 0x10a2, 0x10a2, 0x10a2, 
	0x10a2, 0x10a2, 0x10a2, 0x10a2, 0x10a2, 0x10a2, 0x10a2, 0x10a2, 0x10a2, 0x10a2, 0x10a2, 0x10a2, 0x10a2, 0x10a2, 0x10a2, 0x10a2, 
	0x10a2, 0x10a2, 0x10a2, 0x10a2, 0x10a2, 0x10a2, 0x10a2, 0x10a2, 0x10a2, 0x10a2, 0x10a2, 0x10a2, 0x10a2, 0x10a2, 0x10a2, 0x10a2, 
	0x10a2, 0x10a2, 0x10a2, 0x10a2, 0x10a2, 0x10a2, 0x10a2, 0x10a2, 0x10a2, 0x10a2, 0x10a2, 0x10a2, 0x10a2, 0x10a2, 0x10a2, 0x10a2, 
	0x10a2, 0x10a2, 0x10a2, 0x10a2, 0x10a2, 0x10a2, 0x10a2, 0x10a2, 0x10a2, 0x10a2, 0x10a2, 0x10a2, 0x10a2, 0x10a2, 0x10a2, 0x10a2, 
	0x10a2, 0x10a2, 0x10a2, 0x10a2, 0x10a2, 0x10a2, 0x10a2, 0x10a2, 0x10a2, 0x10a2, 0x10a2, 0x10a2, 0x10a2, 0x10a2, 0x10a2, 0x10a2, 
	0x10a2, 0x10a2, 0x10a2, 0x10a2, 0x10a2, 0x10a2, 0x10a2, 0x10a2, 0x10a2, 0x10a2, 0x10a2, 0x10a2, 0x10a2, 0x10a2, 0x10a2, 0x10a2, 
	0x10a2, 0x10a2, 0x10a2, 0x10a2, 0x10a2, 0x10a2, 0x10a2, 0x10a2, 0x10a2, 0x10a2, 0x10a2, 0x10a2, 0x10a2, 0x10a2, 0x10a2, 0x10a2, 
	0x10a2, 0x10a2, 0x10a2, 0x10a2, 0x10a2, 0x10a2, 0x10a2, 0x10a2, 0x10a2, 0x10a2, 0x10a2, 0x10a2, 0x10a2, 0x10a2, 0x10a2, 0x10a2, 
	0x10a2, 0x10a2, 0x10a2, 0x10a2, 0x10a2, 0x10a2, 0x10a2, 0x10a2, 0x10a2, 0x10a2, 0x10a2, 0x10a2, 0x10a2, 0x10a2, 0x10a2, 0x10a2, 
	0x10a2, 0x10a2, 0x10a2, 0x10a2, 0x10a2, 0x10a2, 0x10a2, 0x10a2, 0x10a2, 0x10a2, 0x10a2, 0x10a2, 0x10a2, 0x10a2, 0x10a2, 0x10a2, 
	0x10a2, 0x10a2, 0x10a2, 0x10a2, 0x10a2, 0x10a2, 0x10a2, 0x10a2, 0x10a2, 0x10a2, 0x10a2, 0x10a2, 0x10a2, 0x10a2, 0x10a2, 0x10a2, 
	0x10a2, 0x10a2, 0x10a2, 0x10a2, 0x10a2, 0x10a2, 0x10a2, 0x10a2, 0x10a2, 0x10a2, 0x10a2, 0x10a2, 0x10a2, 0x10a2, 0x10a2, 0x10a2, 
	0x10a2, 0x10a2, 0x10a2, 0x10a2, 0x10a2, 0x10a2, 0x10a2, 0x10a2, 0x10a2, 0x10a2, 0x10a2, 0x10a2, 0x10a2, 0x10a2, 0x10a2, 0x10a2, 
	0x10a2, 0x10a2, 0x10a2, 0x10a2, 0x10a2, 0x10a2, 0x10a2, 0x10a2, 0x10a2, 0x10a2, 0x10a2, 0x10a2, 0x10a2, 0x10a2, 0x10a2, 0x10a2, 
	0x10a2, 0x10a2, 0x10a2, 0x10a2, 0x10a2, 0x10a2, 0x10a2, 0x10a2, 0x10a2, 0x10a2, 0x10a2, 0x10a2, 0x10a2, 0x10a2, 0x10a2, 0x10a2, 
	0x10a2, 0x10a2, 0x10a2, 0x10a2, 0x10a2, 0x10a2, 0x10a2, 0x10a2, 0x10a2, 0x10a2, 0x10a2, 0x10a2, 0x10a2, 0x10a2, 0x10a2, 0x10a2, 
	0x10a2, 0x10a2, 0x10a2, 0x10a2, 0x10a2, 0x10a2, 0x10a2, 0x10a2, 0x10a2, 0x10a2, 0x10a2, 0x10a2, 0x10a2, 0x10a2, 0x10a2, 0x10a2, 
	0x10a2, 0x10a2, 0x10a2, 0x10a2, 0x10a2, 0x10a2, 0x10a2, 0x10a2, 0x10a2, 0x10a2, 0x10a2, 0x10a2, 0x10a2, 0x10a2, 0x10a2, 0x10a2, 
	0x10a2, 0x10a2, 0x10a2, 0x10a2, 0x10a2, 0x10a2, 0x10a2, 0x10a2, 0x10a2, 0x10a2, 0x10a2, 0x10a2, 0x10a2, 0x10a2, 0x10a2, 0x10a2, 
	0x10a2, 0x10a2, 0x10a2, 0x10a2, 0x10a2, 0x10a2, 0x10a2, 0x10a2, 0x10a2, 0x10a2, 0x10a2, 0x10a2, 0x10a2, 0x10a2, 0x10a2, 0x10a2, 
	0x10a2, 0x10a2, 0x10a2, 0x10a2, 0x10a2, 0x10a2, 0x10a2, 0x10a2, 0x10a2, 0x10a2, 0x10a2, 0x10a2, 0x10a2, 0x10a2, 0x10a2, 0x10a2, 
	0x10a2, 0x10a2, 0x10a2, 0x10a2, 0x10a2, 0x10a2, 0x10a2, 0x10a2, 0x10a2, 0x10a2, 0x10a2, 0x10a2, 0x10a2, 0x10a2, 0x10a2, 0x10a2, 
	0x10a2, 0x10a2, 0x10a2, 0x10a2, 0x10a2, 0x10a2, 0x10a2, 0x10a2, 0x10a2, 0x10a2, 0x10a2, 0x10a2, 0x10a2, 0x10a2, 0x10a2, 0x10a2, 
	0x10a2, 0x10a2, 0x10a2, 0x10a2, 0x10a2, 0x10a2, 0x10a2, 0x10a2, 0x10a2, 0x10a2, 0x10a2, 0x10a2, 0x10a2, 0x10a2, 0x10a2, 0x10a2, 
	0x10a2, 0x10a2, 0x10a2, 0x10a2, 0x10a2, 0x10a2, 0x10a2, 0x10a2, 0x10a2, 0x10a2, 0x10a2, 0x10a2, 0x10a2, 0x10a2, 0x10a2, 0x10a2, 
	0x10a2, 0x10a2, 0x10a2, 0x10a2, 0x10a2, 0x10a2, 0x10a2, 0x10a2, 0x10a2, 0x10a2, 0x10a2, 0x10a2, 0x10a2, 0x10a2, 0x10a2, 0x10a2, 
	0x10a2, 0x10a2, 0x10a2, 0x10a2, 0x10a2, 0x10a2, 0x10a2, 0x10a2, 0x10a2, 0x10a2, 0x10a2, 0x10a2, 0x10a2, 0x10a2, 0x10a2, 0x10a2, 
	0x10a2, 0x10a2, 0x10a2, 0x10a2, 0x10a2, 0x10a2, 0x10a2, 0x10a2, 0x10a2, 0x10a2, 0x10a2, 0x10a2, 0x10a2, 0x10a2, 0x10a2, 0x10a2, 
	0x10a2, 0x10a2, 0x10a2, 0x10a2, 0x10a2, 0x10a2, 0x10a2, 0x10a2, 0x10a2, 0x10a2, 0x10a2, 0x10a2, 0x10a2, 0x10a2, 0x10a2, 0x10a2, 
	0x10a2, 0x10a2, 0x10a2, 0x10a2, 0x10a2, 0x10a2, 0x10a2, 0x10a2, 0x10a2, 0x10a2, 0x10a2, 0x10a2, 0x10a2, 0x10a2, 0x10a2, 0x10a2, 
	0x10a2, 0x10a2, 0x10a2, 0x10a2, 0x10a2, 0x10a2, 0x10a2, 0x10a2, 0x10a2, 0x10a2, 0x10a2, 0x10a2, 0x10a2, 0x10a2, 0x10a2, 0x10a2, 
	0x10a2, 0x10a2, 0x10a2, 0x10a2, 0x10a2, 0x10a2, 0x10a2, 0x10a2, 0x10a2, 0x10a2, 0x10a2, 0x10a2, 0x10a2, 0x10a2, 0x10a2, 0x10a2, 
	0x10a2, 0x10a2, 0x10a2, 0x10a2, 0x10a2, 0x10a2, 0x10a2, 0x10a2, 0x10a2, 0x10a2, 0x10a2, 0x10a2, 0x10a2, 0x10a2, 0x10a2, 0x10a2, 
	0x10a2, 0x10a2, 0x10a2, 0x10a2, 0x10a2, 0x10a2, 0x10a2, 0x10a2, 0x10a2, 0x10a2, 0x10a2, 0x10a2, 0x10a2, 0x10a2, 0x10a2, 0x10a2, 
	0x10a2, 0x10a2, 0x10a2, 0x10a2, 0x10a2, 0x10a2, 0x10a2, 0x10a2, 0x10a2, 0x10a2, 0x10a2, 0x10a2, 0x10a2, 0x10a2, 0x10a2, 0x10a2, 
	0x10a2, 0x10a2, 0x10a2, 0x10a2, 0x10a2, 0x10a2, 0x10a2, 0x10a2, 0x10a2, 0x10a2, 0x10a2, 0x10a2, 0x10a2, 0x10a2, 0x10a2, 0x10a2, 
	0x10a2, 0x10a2, 0x10a2, 0x10a2, 0x10a2, 0x10a2, 0x10a2, 0x10a2, 0x10a2, 0x10a2, 0x10a2, 0x10a2, 0x10a2, 0x10a2, 0x10a2, 0x10a2, 
	0x10a2, 0x10a2, 0x10a2, 0x10a2, 0x10a2, 0x10a2, 0x10a2, 0x10a2, 0x10a2, 0x10a2, 0x10a2, 0x10a2, 0x10a2, 0x10a2, 0x10a2, 0x10a2, 
	0x10a2, 0x10a2, 0x10a2, 0x10a2, 0x10a2, 0x10a2, 0x10a2, 0x10a2, 0x10a2, 0x10a2, 0x10a2, 0x10a2, 0x10a2, 0x10a2, 0x10a2, 0x10a2, 
	0x10a2, 0x10a2, 0x10a2, 0x10a2, 0x10a2, 0x10a2, 0x10a2, 0x10a2, 0x10a2, 0x10a2, 0x10a2, 0x10a2, 0x10a2, 0x10a2, 0x10a2, 0x10a2, 
	0x10a2, 0x10a2, 0x10a2, 0x10a2, 0x10a2, 0x10a2, 0x10a2, 0x10a2, 0x10a2, 0x10a2, 0x10a2, 0x10a2, 0x10a2, 0x10a2, 0x10a2, 0x10a2, 
	0x10a2, 0x10a2, 0x10a2, 0x10a2, 0x10a2, 0x10a2, 0x10a2, 0x10a2, 0x10a2, 0x10a2, 0x10a2, 0x10a2, 0x10a2, 0x10a2, 0x10a2, 0x10a2, 
	0x10a2, 0x10a2, 0x10a2, 0x10a2, 0x10a2, 0x10a2, 0x10a2, 0x10a2, 0x10a2, 0x10a2, 0x10a2, 0x10a2, 0x10a2, 0x10a2, 0x10a2, 0x10a2, 
	0x10a2, 0x10a2, 0x10a2, 0x10a2, 0x10a2, 0x10a2, 0x10a2, 0x10a2, 0x10a2, 0x10a2, 0x10a2, 0x10a2, 0x10a2, 0x10a2, 0x10a2, 0x10a2, 
	0x10a2, 0x10a2, 0x10a2, 0x10a2, 0x10a2, 0x10a2, 0x10a2, 0x10a2, 0x10a2, 0x10a2, 0x10a2, 0x10a2, 0x10a2, 0x10a2, 0x10a2, 0x10a2, 
	0x10a2, 0x10a2, 0x10a2, 0x10a2, 0x10a2, 0x10a2, 0x10a2, 0x10a2, 0x10a2, 0x10a2, 0x10a2, 0x10a2, 0x10a2, 0x10a2, 0x10a2, 0x10a2, 
	0x10a2, 0x10a2, 0x10a2, 0x10a2, 0x10a2, 0x10a2, 0x10a2, 0x10a2, 0x10a2, 0x10a2, 0x10a2, 0x10a2, 0x10a2, 0x10a2, 0x10a2, 0x10a2, 
	0x10a2, 0x10a2, 0x10a2, 0x10a2, 0x10a2, 0x10a2, 0x10a2, 0x10a2, 0x10a2, 0x10a2, 0x10a2, 0x10a2, 0x10a2, 0x10a2, 0x10a2, 0x10a2, 
	0x10a2, 0x10a2, 0x10a2, 0x10a2, 0x10a2, 0x10a2, 0x10a2, 0x10a2, 0x10a2, 0x10a2, 0x10a2, 0x10a2, 0x10a2, 0x10a2, 0x10a2, 0x10a2, 
	0x10a2, 0x10a2, 0x10a2, 0x10a2, 0x10a2, 0x10a2, 0x10a2, 0x10a2, 0x10a2, 0x10a2, 0x10a2, 0x10a2, 0x10a2, 0x10a2, 0x10a2, 0x10a2, 
	0x10a2, 0x10a2, 0x10a2, 0x10a2, 0x10a2, 0x10a2, 0x10a2, 0x10a2, 0x10a2, 0x10a2, 0x10a2, 0x10a2, 0x10a2, 0x10a2, 0x10a2, 0x10a2, 
	0x10a2, 0x10a2, 0x10a2, 0x10a2, 0x10a2, 0x10a2, 0x10a2, 0x10a2, 0x10a2, 0x10a2, 0x10a2, 0x10a2, 0x10a2, 0x10a2, 0x10a2, 0x10a2, 
	0x10a2, 0x10a2, 0x10a2, 0x10a2, 0x10a2, 0x10a2, 0x10a2, 0x10a2, 0x10a2, 0x10a2, 0x10a2, 0x10a2, 0x10a2, 0x10a2, 0x10a2, 0x10a2, 
	0x10a2, 0x10a2, 0x10a2, 0x10a2, 0x10a2, 0x10a2, 0x10a2, 0x10a2, 0x10a2, 0x10a2, 0x10a2, 0x10a2, 0x10a2, 0x10a2, 0x10a2, 0x10a2, 
	0x10a2, 0x10a2, 0x10a2, 0x10a2, 0x10a2, 0x10a2, 0x10a2, 0x10a2, 0x10a2, 0x10a2, 0x10a2, 0x10a2, 0x10a2, 0x10a2, 0x10a2, 0x10a2, 
	0x10a2, 0x10a2, 0x10a2, 0x10a2, 0x10a2, 0x10a2, 0x10a2, 0x10a2, 0x10a2, 0x10a2, 0x10a2, 0x10a2, 0x10a2, 0x10a2, 0x10a2, 0x10a2, 
	0x10a2, 0x10a2, 0x10a2, 0x10a2, 0x10a2, 0x10a2, 0x10a2, 0x10a2, 0x10a2, 0x10a2, 0x10a2, 0x10a2, 0x10a2, 0x10a2, 0x10a2, 0x10a2, 
	0x10a2, 0x10a2, 0x10a2, 0x10a2, 0x10a2, 0x10a2, 0x10a2, 0x10a2, 0x10a2, 0x10a2, 0x10a2, 0x10a2, 0x10a2, 0x10a2, 0x10a2, 0x10a2, 
	0x10a2, 0x10a2, 0x10a2, 0x10a2, 0x10a2, 0x10a2, 0x10a2, 0x10a2, 0x10a2, 0x10a2, 0x10a2, 0x10a2, 0x10a2, 0x10a2, 0x10a2, 0x10a2, 
	0x10a2, 0x10a2, 0x10a2, 0x10a2, 0x10a2, 0x10a2, 0x10a2, 0x10a2, 0x10a2, 0x10a2, 0x10a2, 0x10a2, 0x10a2, 0x10a2, 0x10a2, 0x10a2, 
	0x10a2, 0x10a2, 0x10a2, 0x10a2, 0x10a2, 0x10a2, 0x10a2, 0x10a2, 0x10a2, 0x10a2, 0x10a2, 0x10a2, 0x10a2, 0x10a2, 0x10a2, 0x10a2, 
	0x10a2, 0x10a2, 0x10a2, 0x10a2, 0x10a2, 0x10a2, 0x10a2, 0x10a2, 0x10a2, 0x10a2, 0x10a2, 0x10a2, 0x10a2, 0x10a2, 0x10a2, 0x10a2, 
	0x10a2, 0x10a2, 0x10a2, 0x10a2, 0x10a2, 0x10a2, 0x10a2, 0x10a2, 0x10a2, 0x10a2, 0x10a2, 0x10a2, 0x10a2, 0x10a2, 0x10a2, 0x10a2, 
	0x10a2, 0x10a2, 0x10a2, 0x10a2, 0x10a2, 0x10a2, 0x10a2, 0x10a2, 0x10a2, 0x10a2, 0x10a2, 0x10a2, 0x10a2, 0x10a2, 0x10a2, 0x10a2, 
	0x10a2, 0x10a2, 0x10a2, 0x10a2, 0x10a2, 0x10a2, 0x10a2, 0x10a2, 0x10a2, 0x10a2, 0x10a2, 0x10a2, 0x10a2, 0x10a2, 0x10a2, 0x10a2, 
	0x10a2, 0x10a2, 0x10a2, 0x10a2, 0x10a2, 0x10a2, 0x10a2, 0x10a2, 0x10a2, 0x10a2, 0x10a2, 0x10a2, 0x10a2, 0x10a2, 0x10a2, 0x10a2, 
	0x10a2, 0x10a2, 0x10a2, 0x10a2, 0x10a2, 0x10a2, 0x10a2, 0x10a2, 0x10a2, 0x10a2, 0x10a2, 0x10a2, 0x10a2, 0x10a2, 0x10a2, 0x10a2, 
	0x10a2, 0x10a2, 0x10a2, 0x10a2, 0x10a2, 0x10a2, 0x10a2, 0x10a2, 0x10a2, 0x10a2, 0x10a2, 0x10a2, 0x10a2, 0x10a2, 0x10a2, 0x10a2, 
	0x10a2, 0x10a2, 0x10a2, 0x10a2, 0x10a2, 0x10a2, 0x10a2, 0x10a2, 0x10a2, 0x10a2, 0x10a2, 0x10a2, 0x10a2, 0x10a2, 0x10a2, 0x10a2, 
	0x10a2, 0x10a2, 0x10a2, 0x10a2, 0x10a2, 0x10a2, 0x10a2, 0x10a2, 0x10a2, 0x10a2, 0x10a2, 0x10a2, 0x10a2, 0x10a2, 0x10a2, 0x10a2, 
	0x10a2, 0x10a2, 0x10a2, 0x10a2, 0x10a2, 0x10a2, 0x10a2, 0x10a2, 0x10a2, 0x10a2, 0x10a2, 0x10a2, 0x10a2, 0x10a2, 0x10a2, 0x10a2, 
	0x10a2, 0x10a2, 0x10a2, 0x10a2, 0x10a2, 0x10a2, 0x10a2, 0x10a2, 0x10a2, 0x10a2, 0x10a2, 0x10a2, 0x10a2, 0x10a2, 0x10a2, 0x10a2, 
	0x10a2, 0x10a2, 0x10a2, 0x10a2, 0x10a2, 0x10a2, 0x10a2, 0x10a2, 0x10a2, 0x10a2, 0x10a2, 0x10a2, 0x10a2, 0x10a2, 0x10a2, 0x10a2, 
	0x10a2, 0x10a2, 0x10a2, 0x10a2, 0x10a2, 0x10a2, 0x10a2, 0x10a2, 0x10a2, 0x10a2, 0x10a2, 0x10a2, 0x10a2, 0x10a2, 0x10a2, 0x10a2, 
	0x10a2, 0x10a2, 0x10a2, 0x10a2, 0x10a2, 0x10a2, 0x10a2, 0x10a2, 0x10a2, 0x10a2, 0x10a2, 0x10a2, 0x10a2, 0x10a2, 0x10a2, 0x10a2, 
	0x10a2, 0x10a2, 0x10a2, 0x10a2, 0x10a2, 0x10a2, 0x10a2, 0x10a2, 0x10a2, 0x10a2, 0x10a2, 0x10a2, 0x10a2, 0x10a2, 0x10a2, 0x10a2, 
	0x10a2, 0x10a2, 0x10a2, 0x10a2, 0x10a2, 0x10a2, 0x10a2, 0x10a2, 0x10a2, 0x10a2, 0x10a2, 0x10a2, 0x10a2, 0x10a2, 0x10a2, 0x10a2, 
	0x10a2, 0x10a2, 0x10a2, 0x10a2, 0x10a2, 0x10a2, 0x10a2, 0x10a2, 0x10a2, 0x10a2, 0x10a2, 0x10a2, 0x10a2, 0x10a2, 0x10a2, 0x10a2, 
	0x10a2, 0x10a2, 0x10a2, 0x10a2, 0x10a2, 0x10a2, 0x10a2, 0x10a2, 0x10a2, 0x10a2, 0x10a2, 0x10a2, 0x10a2, 0x10a2, 0x10a2, 0x10a2, 
	0x10a2, 0x10a2, 0x10a2, 0x10a2, 0x10a2, 0x10a2, 0x10a2, 0x10a2, 0x10a2, 0x10a2, 0x10a2, 0x10a2, 0x10a2, 0x10a2, 0x10a2, 0x10a2, 
	0x10a2, 0x10a2, 0x10a2, 0x10a2, 0x10a2, 0x10a2, 0x10a2, 0x10a2, 0x10a2, 0x10a2, 0x10a2, 0x10a2, 0x10a2, 0x10a2, 0x10a2, 0x10a2, 
	0x10a2, 0x10a2, 0x10a2, 0x10a2, 0x10a2, 0x10a2, 0x10a2, 0x10a2, 0x10a2, 0x10a2, 0x10a2, 0x10a2, 0x10a2, 0x10a2, 0x10a2, 0x10a2, 
	0x10a2, 0x10a2, 0x10a2, 0x10a2, 0x10a2, 0x10a2, 0x10a2, 0x10a2, 0x10a2, 0x10a2, 0x10a2, 0x10a2, 0x10a2, 0x10a2, 0x10a2, 0x10a2, 
	0x10a2, 0x10a2, 0x10a2, 0x10a2, 0x10a2, 0x10a2, 0x10a2, 0x10a2, 0x10a2, 0x10a2, 0x10a2, 0x10a2, 0x10a2, 0x10a2, 0x10a2, 0x10a2, 
	0x10a2, 0x10a2, 0x10a2, 0x10a2, 0x10a2, 0x10a2, 0x10a2, 0x10a2, 0x10a2, 0x10a2, 0x10a2, 0x10a2, 0x10a2, 0x10a2, 0x10a2, 0x10a2, 
	0x10a2, 0x10a2, 0x10a2, 0x10a2, 0x10a2, 0x10a2, 0x10a2, 0x10a2, 0x10a2, 0x10a2, 0x10a2, 0x10a2, 0x10a2, 0x10a2, 0x10a2, 0x10a2, 
	0x10a2, 0x10a2, 0x10a2, 0x10a2, 0x10a2, 0x10a2, 0x10a2, 0x10a2, 0x10a2, 0x10a2, 0x10a2, 0x10a2, 0x10a2, 0x10a2, 0x10a2, 0x10a2, 
	0x10a2, 0x10a2, 0x10a2, 0x10a2, 0x10a2, 0x10a2, 0x10a2, 0x10a2, 0x10a2, 0x10a2, 0x10a2, 0x10a2, 0x10a2, 0x10a2, 0x10a2, 0x10a2, 
	0x10a2, 0x10a2, 0x10a2, 0x10a2, 0x10a2, 0x10a2, 0x10a2, 0x10a2, 0x10a2, 0x10a2, 0x10a2, 0x10a2, 0x10a2, 0x10a2, 0x10a2, 0x10a2, 
	0x10a2, 0x10a2, 0x10a2, 0x10a2, 0x10a2, 0x10a2, 0x10a2, 0x10a2, 0x10a2, 0x10a2, 0x10a2, 0x10a2, 0x10a2, 0x10a2, 0x10a2, 0x10a2, 
	0x10a2, 0x10a2, 0x10a2, 0x10a2, 0x10a2, 0x10a2, 0x10a2, 0x10a2, 0x10a2, 0x10a2, 0x10a2, 0x10a2, 0x10a2, 0x10a2, 0x10a2, 0x10a2, 
	0x10a2, 0x10a2, 0x10a2, 0x10a2, 0x10a2, 0x10a2, 0x10a2, 0x10a2, 0x10a2, 0x10a2, 0x10a2, 0x10a2, 0x10a2, 0x10a2, 0x10a2, 0x10a2, 
	0x10a2, 0x10a2, 0x10a2, 0x10a2, 0x10a2, 0x10a2, 0x10a2, 0x10a2, 0x10a2, 0x10a2, 0x10a2, 0x10a2, 0x10a2, 0x10a2, 0x10a2, 0x10a2, 
	0x10a2, 0x10a2, 0x10a2, 0x10a2, 0x10a2, 0x10a2, 0x10a2, 0x10a2, 0x10a2, 0x10a2, 0x10a2, 0x10a2, 0x10a2, 0x10a2, 0x10a2, 0x10a2, 
	0x10a2, 0x10a2, 0x10a2, 0x10a2, 0x10a2, 0x10a2, 0x10a2, 0x10a2, 0x10a2, 0x10a2, 0x10a2, 0x10a2, 0x10a2, 0x10a2, 0x10a2, 0x10a2, 
	0x10a2, 0x10a2, 0x10a2, 0x10a2, 0x10a2, 0x10a2, 0x10a2, 0x10a2, 0x10a2, 0x10a2, 0x10a2, 0x10a2, 0x10a2, 0x10a2, 0x10a2, 0x10a2, 
	0x10a2, 0x10a2, 0x10a2, 0x10a2, 0x10a2, 0x10a2, 0x10a2, 0x10a2, 0x10a2, 0x10a2, 0x10a2, 0x10a2, 0x10a2, 0x10a2, 0x10a2, 0x10a2, 
	0x10a2, 0x10a2, 0x10a2, 0x10a2, 0x10a2, 0x10a2, 0x10a2, 0x10a2, 0x10a2, 0x10a2, 0x10a2, 0x10a2, 0x10a2, 0x10a2, 0x10a2, 0x10a2, 
	0x10a2, 0x10a2, 0x10a2, 0x10a2, 0x10a2, 0x10a2, 0x10a2, 0x10a2, 0x10a2, 0x10a2, 0x10a2, 0x10a2, 0x10a2, 0x10a2, 0x10a2, 0x10a2, 
	0x10a2, 0x10a2, 0x10a2, 0x10a2, 0x10a2, 0x10a2, 0x10a2, 0x10a2, 0x10a2, 0x10a2, 0x10a2, 0x10a2, 0x10a2, 0x10a2, 0x10a2, 0x10a2, 
	0x10a2, 0x10a2, 0x10a2, 0x10a2, 0x10a2, 0x10a2, 0x10a2, 0x10a2, 0x10a2, 0x10a2, 0x10a2, 0x10a2, 0x10a2, 0x10a2, 0x10a2, 0x10a2, 
	0x10a2, 0x10a2, 0x10a2, 0x10a2, 0x10a2, 0x10a2, 0x10a2, 0x10a2, 0x10a2, 0x10a2, 0x10a2, 0x10a2, 0x10a2, 0x10a2, 0x10a2, 0x10a2, 
	0x10a2, 0x10a2, 0x10a2, 0x10a2, 0x10a2, 0x10a2, 0x10a2, 0x10a2, 0x10a2, 0x10a2, 0x10a2, 0x10a2, 0x10a2, 0x10a2, 0x10a2, 0x10a2, 
	0x10a2, 0x10a2, 0x10a2, 0x10a2, 0x10a2, 0x10a2, 0x10a2, 0x10a2, 0x10a2, 0x10a2, 0x10a2, 0x10a2, 0x10a2, 0x10a2, 0x10a2, 0x10a2, 
	0x10a2, 0x10a2, 0x10a2, 0x10a2, 0x10a2, 0x10a2, 0x10a2, 0x10a2, 0x10a2, 0x10a2, 0x10a2, 0x10a2, 0x10a2, 0x10a2, 0x10a2, 0x10a2, 
	0x10a2, 0x10a2, 0x10a2, 0x10a2, 0x10a2, 0x10a2, 0x10a2, 0x10a2, 0x10a2, 0x10a2, 0x10a2, 0x10a2, 0x10a2, 0x10a2, 0x10a2, 0x10a2, 
	0x10a2, 0x10a2, 0x10a2, 0x10a2, 0x10a2, 0x10a2, 0x10a2, 0x10a2, 0x10a2, 0x10a2, 0x10a2, 0x10a2, 0x10a2, 0x10a2, 0x10a2, 0x10a2, 
	0x10a2, 0x10a2, 0x10a2, 0x10a2, 0x10a2, 0x10a2, 0x10a2, 0x10a2, 0x10a2, 0x10a2, 0x10a2, 0x10a2, 0x10a2, 0x10a2, 0x10a2, 0x10a2, 
	0x10a2, 0x10a2, 0x10a2, 0x10a2, 0x10a2, 0x10a2, 0x10a2, 0x10a2, 0x10a2, 0x10a2, 0x10a2, 0x10a2, 0x10a2, 0x10a2, 0x10a2, 0x10a2, 
	0x10a2, 0x10a2, 0x10a2, 0x10a2, 0x10a2, 0x10a2, 0x10a2, 0x10a2, 0x10a2, 0x10a2, 0x10a2, 0x10a2, 0x10a2, 0x10a2, 0x10a2, 0x10a2, 
	0x10a2, 0x10a2, 0x10a2, 0x10a2, 0x10a2, 0x10a2, 0x10a2, 0x10a2, 0x10a2, 0x10a2, 0x10a2, 0x10a2, 0x10a2, 0x10a2, 0x10a2, 0x10a2, 
	0x10a2, 0x10a2, 0x10a2, 0x10a2, 0x10a2, 0x10a2, 0x10a2, 0x10a2, 0x10a2, 0x10a2, 0x10a2, 0x10a2, 0x10a2, 0x10a2, 0x10a2, 0x10a2, 
	0x10a2, 0x10a2, 0x10a2, 0x10a2, 0x10a2, 0x10a2, 0x10a2, 0x10a2, 0x10a2, 0x10a2, 0x10a2, 0x10a2, 0x10a2, 0x10a2, 0x10a2, 0x10a2, 
	0x10a2, 0x10a2, 0x10a2, 0x10a2, 0x10a2, 0x10a2, 0x10a2, 0x10a2, 0x10a2, 0x10a2, 0x10a2, 0x10a2, 0x10a2, 0x10a2, 0x10a2, 0x10a2, 
	0x10a2, 0x10a2, 0x10a2, 0x10a2, 0x10a2, 0x10a2, 0x10a2, 0x10a2, 0x10a2, 0x10a2, 0x10a2, 0x10a2, 0x10a2, 0x10a2, 0x10a2, 0x10a2, 
	0x10a2, 0x10a2, 0x10a2, 0x10a2, 0x10a2, 0x10a2, 0x10a2, 0x10a2, 0x10a2, 0x10a2, 0x10a2, 0x10a2, 0x10a2, 0x10a2, 0x10a2, 0x10a2, 
	0x10a2, 0x10a2, 0x10a2, 0x10a2, 0x10a2, 0x10a2, 0x10a2, 0x10a2, 0x10a2, 0x10a2, 0x10a2, 0x10a2, 0x10a2, 0x10a2, 0x10a2, 0x10a2, 
	0x10a2, 0x10a2, 0x10a2, 0x10a2, 0x10a2, 0x10a2, 0x10a2, 0x10a2, 0x10a2, 0x10a2, 0x10a2, 0x10a2, 0x10a2, 0x10a2, 0x10a2, 0x10a2, 
	0x10a2, 0x10a2, 0x10a2, 0x10a2, 0x10a2, 0x10a2, 0x10a2, 0x10a2, 0x10a2, 0x10a2, 0x10a2, 0x10a2, 0x10a2, 0x10a2, 0x10a2, 0x10a2, 
	0x10a2, 0x10a2, 0x10a2, 0x10a2, 0x10a2, 0x10a2, 0x10a2, 0x10a2, 0x10a2, 0x10a2, 0x10a2, 0x10a2, 0x10a2, 0x10a2, 0x10a2, 0x10a2, 
	0x10a2, 0x10a2, 0x10a2, 0x10a2, 0x10a2, 0x10a2, 0x10a2, 0x10a2, 0x10a2, 0x10a2, 0x10a2, 0x10a2, 0x10a2, 0x10a2, 0x10a2, 0x10a2, 
	0x10a2, 0x10a2, 0x10a2, 0x10a2, 0x10a2, 0x10a2, 0x10a2, 0x10a2, 0x10a2, 0x10a2, 0x10a2, 0x10a2, 0x10a2, 0x10a2, 0x10a2, 0x10a2, 
	0x10a2, 0x10a2, 0x10a2, 0x10a2, 0x10a2, 0x10a2, 0x10a2, 0x10a2, 0x10a2, 0x10a2, 0x10a2, 0x10a2, 0x10a2, 0x10a2, 0x10a2, 0x10a2, 
	0x10a2, 0x10a2, 0x10a2, 0x10a2, 0x10a2, 0x10a2, 0x10a2, 0x10a2, 0x10a2, 0x10a2, 0x10a2, 0x10a2, 0x10a2, 0x10a2, 0x10a2, 0x10a2, 
	0x10a2, 0x10a2, 0x10a2, 0x10a2, 0x10a2, 0x10a2, 0x10a2, 0x10a2, 0x10a2, 0x10a2, 0x10a2, 0x10a2, 0x10a2, 0x10a2, 0x10a2, 0x10a2, 
	0x10a2, 0x10a2, 0x10a2, 0x10a2, 0x10a2, 0x10a2, 0x10a2, 0x10a2, 0x10a2, 0x10a2, 0x10a2, 0x10a2, 0x10a2, 0x10a2, 0x10a2, 0x10a2, 
	0x10a2, 0x10a2, 0x10a2, 0x10a2, 0x10a2, 0x10a2, 0x10a2, 0x10a2, 0x10a2, 0x10a2, 0x10a2, 0x10a2, 0x10a2, 0x10a2, 0x10a2, 0x10a2, 
	0x10a2, 0x10a2, 0x10a2, 0x10a2, 0x10a2, 0x10a2, 0x10a2, 0x10a2, 0x10a2, 0x10a2, 0x10a2, 0x10a2, 0x10a2, 0x10a2, 0x10a2, 0x10a2, 
	0x10a2, 0x10a2, 0x10a2, 0x10a2, 0x10a2, 0x10a2, 0x10a2, 0x10a2, 0x10a2, 0x10a2, 0x10a2, 0x10a2, 0x10a2, 0x10a2, 0x10a2, 0x10a2, 
	0x10a2, 0x10a2, 0x10a2, 0x10a2, 0x10a2, 0x10a2, 0x10a2, 0x10a2, 0x10a2, 0x10a2, 0x10a2, 0x10a2, 0x10a2, 0x10a2, 0x10a2, 0x10a2, 
	0x10a2, 0x10a2, 0x10a2, 0x10a2, 0x10a2, 0x10a2, 0x10a2, 0x10a2, 0x10a2, 0x10a2, 0x10a2, 0x10a2, 0x10a2, 0x10a2, 0x10a2, 0x10a2, 
	0x10a2, 0x10a2, 0x10a2, 0x10a2, 0x10a2, 0x10a2, 0x10a2, 0x10a2, 0x10a2, 0x10a2, 0x10a2, 0x10a2, 0x10a2, 0x10a2, 0x10a2, 0x10a2, 
	0x10a2, 0x10a2, 0x10a2, 0x10a2, 0x10a2, 0x10a2, 0x10a2, 0x10a2, 0x10a2, 0x10a2, 0x10a2, 0x10a2, 0x10a2, 0x10a2, 0x10a2, 0x10a2, 
	0x10a2, 0x10a2, 0x10a2, 0x10a2, 0x10a2, 0x10a2, 0x10a2, 0x10a2, 0x10a2, 0x10a2, 0x10a2, 0x10a2, 0x10a2, 0x10a2, 0x10a2, 0x10a2, 
	0x10a2, 0x10a2, 0x10a2, 0x10a2, 0x10a2, 0x10a2, 0x10a2, 0x10a2, 0x10a2, 0x10a2, 0x10a2, 0x10a2, 0x10a2, 0x10a2, 0x10a2, 0x10a2, 
	0x10a2, 0x10a2, 0x10a2, 0x10a2, 0x10a2, 0x10a2, 0x10a2, 0x10a2, 0x10a2, 0x10a2, 0x10a2, 0x10a2, 0x10a2, 0x10a2, 0x10a2, 0x10a2, 
	0x10a2, 0x10a2, 0x10a2, 0x10a2, 0x10a2, 0x10a2, 0x10a2, 0x10a2, 0x10a2, 0x10a2, 0x10a2, 0x10a2, 0x10a2, 0x10a2, 0x10a2, 0x10a2, 
	0x10a2, 0x10a2, 0x10a2, 0x10a2, 0x10a2, 0x10a2, 0x10a2, 0x10a2, 0x10a2, 0x10a2, 0x10a2, 0x10a2, 0x10a2, 0x10a2, 0x10a2, 0x10a2, 
	0x10a2, 0x10a2, 0x10a2, 0x10a2, 0x10a2, 0x10a2, 0x10a2, 0x10a2, 0x10a2, 0x10a2, 0x10a2, 0x10a2, 0x10a2, 0x10a2, 0x10a2, 0x10a2, 
	0x10a2, 0x10a2, 0x10a2, 0x10a2, 0x10a2, 0x10a2, 0x10a2, 0x10a2, 0x10a2, 0x10a2, 0x10a2, 0x10a2, 0x10a2, 0x10a2, 0x10a2, 0x10a2, 
	0x10a2, 0x10a2, 0x10a2, 0x10a2, 0x10a2, 0x10a2, 0x10a2, 0x10a2, 0x10a2, 0x10a2, 0x10a2, 0x10a2, 0x10a2, 0x10a2, 0x10a2, 0x10a2, 
	0x10a2, 0x10a2, 0x10a2, 0x10a2, 0x10a2, 0x10a2, 0x10a2, 0x10a2, 0x10a2, 0x10a2, 0x10a2, 0x10a2, 0x10a2, 0x10a2, 0x10a2, 0x10a2, 
	0x10a2, 0x10a2, 0x10a2, 0x10a2, 0x10a2, 0x10a2, 0x10a2, 0x10a2, 0x10a2, 0x10a2, 0x10a2, 0x10a2, 0x10a2, 0x10a2, 0x10a2, 0x10a2, 
	0x10a2, 0x10a2, 0x10a2, 0x10a2, 0x10a2, 0x10a2, 0x10a2, 0x10a2, 0x10a2, 0x10a2, 0x10a2, 0x10a2, 0x10a2, 0x10a2, 0x10a2, 0x10a2, 
	0x10a2, 0x10a2, 0x10a2, 0x10a2, 0x10a2, 0x10a2, 0x10a2, 0x10a2, 0x10a2, 0x10a2, 0x10a2, 0x10a2, 0x10a2, 0x10a2, 0x10a2, 0x10a2, 
	0x10a2, 0x10a2, 0x10a2, 0x10a2, 0x10a2, 0x10a2, 0x10a2, 0x10a2, 0x10a2, 0x10a2, 0x10a2, 0x10a2, 0x10a2, 0x10a2, 0x10a2, 0x10a2, 
	0x10a2, 0x10a2, 0x10a2, 0x10a2, 0x10a2, 0x10a2, 0x10a2, 0x10a2, 0x10a2, 0x10a2, 0x10a2, 0x10a2, 0x10a2, 0x10a2, 0x10a2, 0x10a2, 
	0x10a2, 0x10a2, 0x10a2, 0x10a2, 0x10a2, 0x10a2, 0x10a2, 0x10a2, 0x10a2, 0x10a2, 0x10a2, 0x10a2, 0x10a2, 0x10a2, 0x10a2, 0x10a2, 
	0x10a2, 0x10a2, 0x10a2, 0x10a2, 0x10a2, 0x10a2, 0x10a2, 0x10a2, 0x10a2, 0x10a2, 0x10a2, 0x10a2, 0x10a2, 0x10a2, 0x10a2, 0x10a2, 
	0x10a2, 0x10a2, 0x10a2, 0x10a2, 0x10a2, 0x10a2, 0x10a2, 0x10a2, 0x10a2, 0x10a2, 0x10a2, 0x10a2, 0x10a2, 0x10a2, 0x10a2, 0x10a2, 
	0x10a2, 0x10a2, 0x10a2, 0x10a2, 0x10a2, 0x10a2, 0x10a2, 0x10a2, 0x10a2, 0x10a2, 0x10a2, 0x10a2, 0x10a2, 0x10a2, 0x10a2, 0x10a2, 
	0x10a2, 0x10a2, 0x10a2, 0x10a2, 0x10a2, 0x10a2, 0x10a2, 0x10a2, 0x10a2, 0x10a2, 0x10a2, 0x10a2, 0x10a2, 0x10a2, 0x10a2, 0x10a2, 
	0x10a2, 0x10a2, 0x10a2, 0x10a2, 0x10a2, 0x10a2, 0x10a2, 0x10a2, 0x10a2, 0x10a2, 0x10a2, 0x10a2, 0x10a2, 0x10a2, 0x10a2, 0x10a2, 
	0x10a2, 0x10a2, 0x10a2, 0x10a2, 0x10a2, 0x10a2, 0x10a2, 0x10a2, 0x10a2, 0x10a2, 0x10a2, 0x10a2, 0x10a2, 0x10a2, 0x10a2, 0x10a2, 
	0x10a2, 0x10a2, 0x10a2, 0x10a2, 0x10a2, 0x10a2, 0x10a2, 0x10a2, 0x10a2, 0x10a2, 0x10a2, 0x10a2, 0x10a2, 0x10a2, 0x10a2, 0x10a2, 
	0x10a2, 0x10a2, 0x10a2, 0x10a2, 0x10a2, 0x10a2, 0x10a2, 0x10a2, 0x10a2, 0x10a2, 0x10a2, 0x10a2, 0x10a2, 0x10a2, 0x10a2, 0x10a2, 
	0x10a2, 0x10a2, 0x10a2, 0x10a2, 0x10a2, 0x10a2, 0x10a2, 0x10a2, 0x10a2, 0x10a2, 0x10a2, 0x10a2, 0x10a2, 0x10a2, 0x10a2, 0x10a2, 
	0x10a2, 0x10a2, 0x10a2, 0x10a2, 0x10a2, 0x10a2, 0x10a2, 0x10a2, 0x10a2, 0x10a2, 0x10a2, 0x10a2, 0x10a2, 0x10a2, 0x10a2, 0x10a2, 
	0x10a2, 0x10a2, 0x10a2, 0x10a2, 0x10a2, 0x10a2, 0x10a2, 0x10a2, 0x10a2, 0x10a2, 0x10a2, 0x10a2, 0x10a2, 0x10a2, 0x10a2, 0x10a2, 
	0x10a2, 0x10a2, 0x10a2, 0x10a2, 0x10a2, 0x10a2, 0x10a2, 0x10a2, 0x10a2, 0x10a2, 0x10a2, 0x10a2, 0x10a2, 0x10a2, 0x10a2, 0x10a2, 
	0x10a2, 0x10a2, 0x10a2, 0x10a2, 0x10a2, 0x10a2, 0x10a2, 0x10a2, 0x10a2, 0x10a2, 0x10a2, 0x10a2, 0x10a2, 0x10a2, 0x10a2, 0x10a2, 
	0x10a2, 0x10a2, 0x10a2, 0x10a2, 0x10a2, 0x10a2, 0x10a2, 0x10a2, 0x10a2, 0x10a2, 0x10a2, 0x10a2, 0x10a2, 0x10a2, 0x10a2, 0x10a2, 
	0x10a2, 0x10a2, 0x10a2, 0x10a2, 0x10a2, 0x10a2, 0x10a2, 0x10a2, 0x10a2, 0x10a2, 0x10a2, 0x10a2, 0x10a2, 0x10a2, 0x10a2, 0x10a2, 
	0x10a2, 0x10a2, 0x10a2, 0x10a2, 0x10a2, 0x10a2, 0x10a2, 0x10a2, 0x10a2, 0x10a2, 0x10a2, 0x10a2, 0x10a2, 0x10a2, 0x10a2, 0x10a2, 
	0x10a2, 0x10a2, 0x10a2, 0x10a2, 0x10a2, 0x10a2, 0x10a2, 0x10a2, 0x10a2, 0x10a2, 0x10a2, 0x10a2, 0x10a2, 0x10a2, 0x10a2, 0x10a2, 
	0x10a2, 0x10a2, 0x10a2, 0x10a2, 0x10a2, 0x10a2, 0x10a2, 0x10a2, 0x10a2, 0x10a2, 0x10a2, 0x10a2, 0x10a2, 0x10a2, 0x10a2, 0x10a2, 
	0x10a2, 0x10a2, 0x10a2, 0x10a2, 0x10a2, 0x10a2, 0x10a2, 0x10a2, 0x10a2, 0x10a2, 0x10a2, 0x10a2, 0x10a2, 0x10a2, 0x10a2, 0x10a2, 
	0x10a2, 0x10a2, 0x10a2, 0x10a2, 0x10a2, 0x10a2, 0x10a2, 0x10a2, 0x10a2, 0x10a2, 0x10a2, 0x10a2, 0x10a2, 0x10a2, 0x10a2, 0x10a2, 
	0x10a2, 0x10a2, 0x10a2, 0x10a2, 0x10a2, 0x10a2, 0x10a2, 0x10a2, 0x10a2, 0x10a2, 0x10a2, 0x10a2, 0x10a2, 0x10a2, 0x10a2, 0x10a2, 
	0x10a2, 0x10a2, 0x10a2, 0x10a2, 0x10a2, 0x10a2, 0x10a2, 0x10a2, 0x10a2, 0x10a2, 0x10a2, 0x10a2, 0x10a2, 0x10a2, 0x10a2, 0x10a2, 
	0x10a2, 0x10a2, 0x10a2, 0x10a2, 0x10a2, 0x10a2, 0x10a2, 0x10a2, 0x10a2, 0x10a2, 0x10a2, 0x10a2, 0x10a2, 0x10a2, 0x10a2, 0x10a2, 
	0x10a2, 0x10a2, 0x10a2, 0x10a2, 0x10a2, 0x10a2, 0x10a2, 0x10a2, 0x10a2, 0x10a2, 0x10a2, 0x10a2, 0x10a2, 0x10a2, 0x10a2, 0x10a2, 
	0x10a2, 0x10a2, 0x10a2, 0x10a2, 0x10a2, 0x10a2, 0x10a2, 0x10a2, 0x10a2, 0x10a2, 0x10a2, 0x10a2, 0x10a2, 0x10a2, 0x10a2, 0x10a2, 
	0x10a2, 0x10a2, 0x10a2, 0x10a2, 0x10a2, 0x10a2, 0x10a2, 0x10a2, 0x10a2, 0x10a2, 0x10a2, 0x10a2, 0x10a2, 0x10a2, 0x10a2, 0x10a2, 
	0x10a2, 0x10a2, 0x10a2, 0x10a2, 0x10a2, 0x10a2, 0x10a2, 0x10a2, 0x10a2, 0x10a2, 0x10a2, 0x10a2, 0x10a2, 0x10a2, 0x10a2, 0x10a2, 
	0x10a2, 0x10a2, 0x10a2, 0x10a2, 0x10a2, 0x10a2, 0x10a2, 0x10a2, 0x10a2, 0x10a2, 0x10a2, 0x10a2, 0x10a2, 0x10a2, 0x10a2, 0x10a2, 
	0x10a2, 0x10a2, 0x10a2, 0x10a2, 0x10a2, 0x10a2, 0x10a2, 0x10a2, 0x10a2, 0x10a2, 0x10a2, 0x10a2, 0x10a2, 0x10a2, 0x10a2, 0x10a2, 
	0x10a2, 0x10a2, 0x10a2, 0x10a2, 0x10a2, 0x10a2, 0x10a2, 0x10a2, 0x10a2, 0x10a2, 0x10a2, 0x10a2, 0x10a2, 0x10a2, 0x10a2, 0x10a2, 
	0x10a2, 0x10a2, 0x10a2, 0x10a2, 0x10a2, 0x10a2, 0x10a2, 0x10a2, 0x10a2, 0x10a2, 0x10a2, 0x10a2, 0x10a2, 0x10a2, 0x10a2, 0x10a2, 
	0x10a2, 0x10a2, 0x10a2, 0x10a2, 0x10a2, 0x10a2, 0x10a2, 0x10a2, 0x10a2, 0x10a2, 0x10a2, 0x10a2, 0x10a2, 0x10a2, 0x10a2, 0x10a2, 
	0x10a2, 0x10a2, 0x10a2, 0x10a2, 0x10a2, 0x10a2, 0x10a2, 0x10a2, 0x10a2, 0x10a2, 0x10a2, 0x10a2, 0x10a2, 0x10a2, 0x10a2, 0x10a2, 
	0x10a2, 0x10a2, 0x10a2, 0x10a2, 0x10a2, 0x10a2, 0x10a2, 0x10a2, 0x10a2, 0x10a2, 0x10a2, 0x10a2, 0x10a2, 0x10a2, 0x10a2, 0x10a2, 
	0x10a2, 0x10a2, 0x10a2, 0x10a2, 0x10a2, 0x10a2, 0x10a2, 0x10a2, 0x10a2, 0x10a2, 0x10a2, 0x10a2, 0x10a2, 0x10a2, 0x10a2, 0x10a2, 
	0x10a2, 0x10a2, 0x10a2, 0x10a2, 0x10a2, 0x10a2, 0x10a2, 0x10a2, 0x10a2, 0x10a2, 0x10a2, 0x10a2, 0x10a2, 0x10a2, 0x10a2, 0x10a2, 
	0x10a2, 0x10a2, 0x10a2, 0x10a2, 0x10a2, 0x10a2, 0x10a2, 0x10a2, 0x10a2, 0x10a2, 0x10a2, 0x10a2, 0x10a2, 0x10a2, 0x10a2, 0x10a2, 
	0x10a2, 0x10a2, 0x10a2, 0x10a2, 0x10a2, 0x10a2, 0x10a2, 0x10a2, 0x10a2, 0x10a2, 0x10a2, 0x10a2, 0x10a2, 0x10a2, 0x10a2, 0x10a2, 
	0x10a2, 0x10a2, 0x10a2, 0x10a2, 0x10a2, 0x10a2, 0x10a2, 0x10a2, 0x10a2, 0x10a2, 0x10a2, 0x10a2, 0x10a2, 0x10a2, 0x10a2, 0x10a2, 
	0x10a2, 0x10a2, 0x10a2, 0x10a2, 0x10a2, 0x10a2, 0x10a2, 0x10a2, 0x10a2, 0x10a2, 0x10a2, 0x10a2, 0x10a2, 0x10a2, 0x10a2, 0x10a2, 
	0x10a2, 0x10a2, 0x10a2, 0x10a2, 0x10a2, 0x10a2, 0x10a2, 0x10a2, 0x10a2, 0x10a2, 0x10a2, 0x10a2, 0x10a2, 0x10a2, 0x10a2, 0x10a2, 
	0x10a2, 0x10a2, 0x10a2, 0x10a2, 0x10a2, 0x10a2, 0x10a2, 0x10a2, 0x10a2, 0x10a2, 0x10a2, 0x10a2, 0x10a2, 0x10a2, 0x10a2, 0x10a2, 
	0x10a2, 0x10a2, 0x10a2, 0x10a2, 0x10a2, 0x10a2, 0x10a2, 0x10a2, 0x10a2, 0x10a2, 0x10a2, 0x10a2, 0x10a2, 0x10a2, 0x10a2, 0x10a2, 
	0x10a2, 0x10a2, 0x10a2, 0x10a2, 0x10a2, 0x10a2, 0x10a2, 0x10a2, 0x10a2, 0x10a2, 0x10a2, 0x10a2, 0x10a2, 0x10a2, 0x10a2, 0x10a2, 
	0x10a2, 0x10a2, 0x10a2, 0x10a2, 0x10a2, 0x10a2, 0x10a2, 0x10a2, 0x10a2, 0x10a2, 0x10a2, 0x10a2, 0x10a2, 0x10a2, 0x10a2, 0x10a2, 
	0x10a2, 0x10a2, 0x10a2, 0x10a2, 0x10a2, 0x10a2, 0x10a2, 0x10a2, 0x10a2, 0x10a2, 0x10a2, 0x10a2, 0x10a2, 0x10a2, 0x10a2, 0x10a2, 
	0x10a2, 0x10a2, 0x10a2, 0x10a2, 0x10a2, 0x10a2, 0x10a2, 0x10a2, 0x10a2, 0x10a2, 0x10a2, 0x10a2, 0x10a2, 0x10a2, 0x10a2, 0x10a2, 
	0x10a2, 0x10a2, 0x10a2, 0x10a2, 0x10a2, 0x10a2, 0x10a2, 0x10a2, 0x10a2, 0x10a2, 0x10a2, 0x10a2, 0x10a2, 0x10a2, 0x10a2, 0x10a2, 
	0x10a2, 0x10a2, 0x10a2, 0x10a2, 0x10a2, 0x10a2, 0x10a2, 0x10a2, 0x10a2, 0x10a2, 0x10a2, 0x10a2, 0x10a2, 0x10a2, 0x10a2, 0x10a2, 
	0x10a2, 0x10a2, 0x10a2, 0x10a2, 0x10a2, 0x10a2, 0x10a2, 0x10a2, 0x10a2, 0x10a2, 0x10a2, 0x10a2, 0x10a2, 0x10a2, 0x10a2, 0x10a2, 
	0x10a2, 0x10a2, 0x10a2, 0x10a2, 0x10a2, 0x10a2, 0x10a2, 0x10a2, 0x10a2, 0x10a2, 0x10a2, 0x10a2, 0x10a2, 0x10a2, 0x10a2, 0x10a2, 
	0x10a2, 0x10a2, 0x10a2, 0x10a2, 0x10a2, 0x10a2, 0x10a2, 0x10a2, 0x10a2, 0x10a2, 0x10a2, 0x10a2, 0x10a2, 0x10a2, 0x10a2, 0x10a2, 
	0x10a2, 0x10a2, 0x10a2, 0x10a2, 0x10a2, 0x10a2, 0x10a2, 0x10a2, 0x10a2, 0x10a2, 0x10a2, 0x10a2, 0x10a2, 0x10a2, 0x10a2, 0x10a2, 
	0x10a2, 0x10a2, 0x10a2, 0x10a2, 0x10a2, 0x10a2, 0x10a2, 0x10a2, 0x10a2, 0x10a2, 0x10a2, 0x10a2, 0x10a2, 0x10a2, 0x10a2, 0x10a2, 
	0x10a2, 0x10a2, 0x10a2, 0x10a2, 0x10a2, 0x10a2, 0x10a2, 0x10a2, 0x10a2, 0x10a2, 0x10a2, 0x10a2, 0x10a2, 0x10a2, 0x10a2, 0x10a2, 
	0x10a2, 0x10a2, 0x10a2, 0x10a2, 0x10a2, 0x10a2, 0x10a2, 0x10a2, 0x10a2, 0x10a2, 0x10a2, 0x10a2, 0x10a2, 0x10a2, 0x10a2, 0x10a2, 
	0x10a2, 0x10a2, 0x10a2, 0x10a2, 0x10a2, 0x10a2, 0x10a2, 0x10a2, 0x10a2, 0x10a2, 0x10a2, 0x10a2, 0x10a2, 0x10a2, 0x10a2, 0x10a2, 
	0x10a2, 0x10a2, 0x10a2, 0x10a2, 0x10a2, 0x10a2, 0x10a2, 0x10a2, 0x10a2, 0x10a2, 0x10a2, 0x10a2, 0x10a2, 0x10a2, 0x10a2, 0x10a2, 
	0x10a2, 0x10a2, 0x10a2, 0x10a2, 0x10a2, 0x10a2, 0x10a2, 0x10a2, 0x10a2, 0x10a2, 0x10a2, 0x10a2, 0x10a2, 0x10a2, 0x10a2, 0x10a2, 
	0x10a2, 0x10a2, 0x10a2, 0x10a2, 0x10a2, 0x10a2, 0x10a2, 0x10a2, 0x10a2, 0x10a2, 0x10a2, 0x10a2, 0x10a2, 0x10a2, 0x10a2, 0x10a2, 
	0x10a2, 0x10a2, 0x10a2, 0x10a2, 0x10a2, 0x10a2, 0x10a2, 0x10a2, 0x10a2, 0x10a2, 0x10a2, 0x10a2, 0x10a2, 0x10a2, 0x10a2, 0x10a2, 
	0x10a2, 0x10a2, 0x10a2, 0x10a2, 0x10a2, 0x10a2, 0x10a2, 0x10a2, 0x10a2, 0x10a2, 0x10a2, 0x10a2, 0x10a2, 0x10a2, 0x10a2, 0x10a2, 
	0x10a2, 0x10a2, 0x10a2, 0x10a2, 0x10a2, 0x10a2, 0x10a2, 0x10a2, 0x10a2, 0x10a2, 0x10a2, 0x10a2, 0x10a2, 0x10a2, 0x10a2, 0x10a2, 
	0x10a2, 0x10a2, 0x10a2, 0x10a2, 0x10a2, 0x10a2, 0x10a2, 0x10a2, 0x10a2, 0x10a2, 0x10a2, 0x10a2, 0x10a2, 0x10a2, 0x10a2, 0x10a2, 
	0x10a2, 0x10a2, 0x10a2, 0x10a2, 0x10a2, 0x10a2, 0x10a2, 0x10a2, 0x10a2, 0x10a2, 0x10a2, 0x10a2, 0x10a2, 0x10a2, 0x10a2, 0x10a2, 
	0x10a2, 0x10a2, 0x10a2, 0x10a2, 0x10a2, 0x10a2, 0x10a2, 0x10a2, 0x10a2, 0x10a2, 0x10a2, 0x10a2, 0x10a2, 0x10a2, 0x10a2, 0x10a2, 
	0x10a2, 0x10a2, 0x10a2, 0x10a2, 0x10a2, 0x10a2, 0x10a2, 0x10a2, 0x10a2, 0x10a2, 0x10a2, 0x10a2, 0x10a2, 0x10a2, 0x10a2, 0x10a2, 
	0x10a2, 0x10a2, 0x10a2, 0x10a2, 0x10a2, 0x10a2, 0x10a2, 0x10a2, 0x10a2, 0x10a2, 0x10a2, 0x10a2, 0x10a2, 0x10a2, 0x10a2, 0x10a2, 
	0x10a2, 0x10a2, 0x10a2, 0x10a2, 0x10a2, 0x10a2, 0x10a2, 0x10a2, 0x10a2, 0x10a2, 0x10a2, 0x10a2, 0x10a2, 0x10a2, 0x10a2, 0x10a2, 
	0x10a2, 0x10a2, 0x10a2, 0x10a2, 0x10a2, 0x10a2, 0x10a2, 0x10a2, 0x10a2, 0x10a2, 0x10a2, 0x10a2, 0x10a2, 0x10a2, 0x10a2, 0x10a2, 
	0x10a2, 0x10a2, 0x10a2, 0x10a2, 0x10a2, 0x10a2, 0x10a2, 0x10a2, 0x10a2, 0x10a2, 0x10a2, 0x10a2, 0x10a2, 0x10a2, 0x10a2, 0x10a2, 
	0x10a2, 0x10a2, 0x10a2, 0x10a2, 0x10a2, 0x10a2, 0x10a2, 0x10a2, 0x10a2, 0x10a2, 0x10a2, 0x10a2, 0x10a2, 0x10a2, 0x10a2, 0x10a2, 
	0x10a2, 0x10a2, 0x10a2, 0x10a2, 0x10a2, 0x10a2, 0x10a2, 0x10a2, 0x10a2, 0x10a2, 0x10a2, 0x10a2, 0x10a2, 0x10a2, 0x10a2, 0x10a2, 
	0x10a2, 0x10a2, 0x10a2, 0x10a2, 0x10a2, 0x10a2, 0x10a2, 0x10a2, 0x10a2, 0x10a2, 0x10a2, 0x10a2, 0x10a2, 0x10a2, 0x10a2, 0x10a2, 
	0x10a2, 0x10a2, 0x10a2, 0x10a2, 0x10a2, 0x10a2, 0x10a2, 0x10a2, 0x10a2, 0x10a2, 0x10a2, 0x10a2, 0x10a2, 0x10a2, 0x10a2, 0x10a2, 
	0x10a2, 0x10a2, 0x10a2, 0x10a2, 0x10a2, 0x10a2, 0x10a2, 0x10a2, 0x10a2, 0x10a2, 0x10a2, 0x10a2, 0x10a2, 0x10a2, 0x10a2, 0x10a2, 
	0x10a2, 0x10a2, 0x10a2, 0x10a2, 0x10a2, 0x10a2, 0x10a2, 0x10a2, 0x10a2, 0x10a2, 0x10a2, 0x10a2, 0x10a2, 0x10a2, 0x10a2, 0x10a2, 
	0x10a2, 0x10a2, 0x10a2, 0x10a2, 0x10a2, 0x10a2, 0x10a2, 0x10a2, 0x10a2, 0x10a2, 0x10a2, 0x10a2, 0x10a2, 0x10a2, 0x10a2, 0x10a2, 
	0x10a2, 0x10a2, 0x10a2, 0x10a2, 0x10a2, 0x10a2, 0x10a2, 0x10a2, 0x10a2, 0x10a2, 0x10a2, 0x10a2, 0x10a2, 0x10a2, 0x10a2, 0x10a2, 
	0x10a2, 0x10a2, 0x10a2, 0x10a2, 0x10a2, 0x10a2, 0x10a2, 0x10a2, 0x10a2, 0x10a2, 0x10a2, 0x10a2, 0x10a2, 0x10a2, 0x10a2, 0x10a2, 
	0x10a2, 0x10a2, 0x10a2, 0x10a2, 0x10a2, 0x10a2, 0x10a2, 0x10a2, 0x10a2, 0x10a2, 0x10a2, 0x10a2, 0x10a2, 0x10a2, 0x10a2, 0x10a2, 
	0x10a2, 0x10a2, 0x10a2, 0x10a2, 0x10a2, 0x10a2, 0x10a2, 0x10a2, 0x10a2, 0x10a2, 0x10a2, 0x10a2, 0x10a2, 0x10a2, 0x10a2, 0x10a2, 
	0x10a2, 0x10a2, 0x10a2, 0x10a2, 0x10a2, 0x10a2, 0x10a2, 0x10a2, 0x10a2, 0x10a2, 0x10a2, 0x10a2, 0x10a2, 0x10a2, 0x10a2, 0x10a2, 
	0x10a2, 0x10a2, 0x10a2, 0x10a2, 0x10a2, 0x10a2, 0x10a2, 0x10a2, 0x10a2, 0x10a2, 0x10a2, 0x10a2, 0x10a2, 0x10a2, 0x10a2, 0x10a2, 
	0x10a2, 0x10a2, 0x10a2, 0x10a2, 0x10a2, 0x10a2, 0x10a2, 0x10a2, 0x10a2, 0x10a2, 0x10a2, 0x10a2, 0x10a2, 0x10a2, 0x10a2, 0x10a2, 
	0x10a2, 0x10a2, 0x10a2, 0x10a2, 0x10a2, 0x10a2, 0x10a2, 0x10a2, 0x10a2, 0x10a2, 0x10a2, 0x10a2, 0x10a2, 0x10a2, 0x10a2, 0x10a2, 
	0x10a2, 0x10a2, 0x10a2, 0x10a2, 0x10a2, 0x10a2, 0x10a2, 0x10a2, 0x10a2, 0x10a2, 0x10a2, 0x10a2, 0x10a2, 0x10a2, 0x10a2, 0x10a2, 
	0x10a2, 0x10a2, 0x10a2, 0x10a2, 0x10a2, 0x10a2, 0x10a2, 0x10a2, 0x10a2, 0x10a2, 0x10a2, 0x10a2, 0x10a2, 0x10a2, 0x10a2, 0x10a2, 
	0x10a2, 0x10a2, 0x10a2, 0x10a2, 0x10a2, 0x10a2, 0x10a2, 0x10a2, 0x10a2, 0x10a2, 0x10a2, 0x10a2, 0x10a2, 0x10a2, 0x10a2, 0x10a2, 
	0x10a2, 0x10a2, 0x10a2, 0x10a2, 0x10a2, 0x10a2, 0x10a2, 0x10a2, 0x10a2, 0x10a2, 0x10a2, 0x10a2, 0x10a2, 0x10a2, 0x10a2, 0x10a2, 
	0x10a2, 0x10a2, 0x10a2, 0x10a2, 0x10a2, 0x10a2, 0x10a2, 0x10a2, 0x10a2, 0x10a2, 0x10a2, 0x10a2, 0x10a2, 0x10a2, 0x10a2, 0x10a2, 
	0x10a2, 0x10a2, 0x10a2, 0x10a2, 0x10a2, 0x10a2, 0x10a2, 0x10a2, 0x10a2, 0x10a2, 0x10a2, 0x10a2, 0x10a2, 0x10a2, 0x10a2, 0x10a2, 
	0x10a2, 0x10a2, 0x10a2, 0x10a2, 0x10a2, 0x10a2, 0x10a2, 0x10a2, 0x10a2, 0x10a2, 0x10a2, 0x10a2, 0x10a2, 0x10a2, 0x10a2, 0x10a2, 
	0x10a2, 0x10a2, 0x10a2, 0x10a2, 0x10a2, 0x10a2, 0x10a2, 0x10a2, 0x10a2, 0x10a2, 0x10a2, 0x10a2, 0x10a2, 0x10a2, 0x10a2, 0x10a2, 
	0x10a2, 0x10a2, 0x10a2, 0x10a2, 0x10a2, 0x10a2, 0x10a2, 0x10a2, 0x10a2, 0x10a2, 0x10a2, 0x10a2, 0x10a2, 0x10a2, 0x10a2, 0x10a2, 
	0x10a2, 0x10a2, 0x10a2, 0x10a2, 0x10a2, 0x10a2, 0x10a2, 0x10a2, 0x10a2, 0x10a2, 0x10a2, 0x10a2, 0x10a2, 0x10a2, 0x10a2, 0x10a2, 
	0x10a2, 0x10a2, 0x10a2, 0x10a2, 0x10a2, 0x10a2, 0x10a2, 0x10a2, 0x10a2, 0x10a2, 0x10a2, 0x10a2, 0x10a2, 0x10a2, 0x10a2, 0x10a2, 
	0x10a2, 0x10a2, 0x10a2, 0x10a2, 0x10a2, 0x10a2, 0x10a2, 0x10a2, 0x10a2, 0x10a2, 0x10a2, 0x10a2, 0x10a2, 0x10a2, 0x10a2, 0x10a2, 
	0x10a2, 0x10a2, 0x10a2, 0x10a2, 0x10a2, 0x10a2, 0x10a2, 0x10a2, 0x10a2, 0x10a2, 0x10a2, 0x10a2, 0x10a2, 0x10a2, 0x10a2, 0x10a2, 
	0x10a2, 0x10a2, 0x10a2, 0x10a2, 0x10a2, 0x10a2, 0x10a2, 0x10a2, 0x10a2, 0x10a2, 0x10a2, 0x10a2, 0x10a2, 0x10a2, 0x10a2, 0x10a2, 
	0x10a2, 0x10a2, 0x10a2, 0x10a2, 0x10a2, 0x10a2, 0x10a2, 0x10a2, 0x10a2, 0x10a2, 0x10a2, 0x10a2, 0x10a2, 0x10a2, 0x10a2, 0x10a2, 
	0x10a2, 0x10a2, 0x10a2, 0x10a2, 0x10a2, 0x10a2, 0x10a2, 0x10a2, 0x10a2, 0x10a2, 0x10a2, 0x10a2, 0x10a2, 0x10a2, 0x10a2, 0x10a2, 
	0x10a2, 0x10a2, 0x10a2, 0x10a2, 0x10a2, 0x10a2, 0x10a2, 0x10a2, 0x10a2, 0x10a2, 0x10a2, 0x10a2, 0x10a2, 0x10a2, 0x10a2, 0x10a2, 
	0x10a2, 0x10a2, 0x10a2, 0x10a2, 0x10a2, 0x10a2, 0x10a2, 0x10a2, 0x10a2, 0x10a2, 0x10a2, 0x10a2, 0x10a2, 0x10a2, 0x10a2, 0x10a2, 
	0x10a2, 0x10a2, 0x10a2, 0x10a2, 0x10a2, 0x10a2, 0x10a2, 0x10a2, 0x10a2, 0x10a2, 0x10a2, 0x10a2, 0x10a2, 0x10a2, 0x10a2, 0x10a2, 
	0x10a2, 0x10a2, 0x10a2, 0x10a2, 0x10a2, 0x10a2, 0x10a2, 0x10a2, 0x10a2, 0x10a2, 0x10a2, 0x10a2, 0x10a2, 0x10a2, 0x10a2, 0x10a2, 
	0x10a2, 0x10a2, 0x10a2, 0x10a2, 0x10a2, 0x10a2, 0x10a2, 0x10a2, 0x10a2, 0x10a2, 0x10a2, 0x10a2, 0x10a2, 0x10a2, 0x10a2, 0x10a2, 
	0x10a2, 0x10a2, 0x10a2, 0x10a2, 0x10a2, 0x10a2, 0x10a2, 0x10a2, 0x10a2, 0x10a2, 0x10a2, 0x10a2, 0x10a2, 0x10a2, 0x10a2, 0x10a2, 
	0x10a2, 0x10a2, 0x10a2, 0x10a2, 0x10a2, 0x10a2, 0x10a2, 0x10a2, 0x10a2, 0x10a2, 0x10a2, 0x10a2, 0x10a2, 0x10a2, 0x10a2, 0x10a2, 
	0x10a2, 0x10a2, 0x10a2, 0x10a2, 0x10a2, 0x10a2, 0x10a2, 0x10a2, 0x10a2, 0x10a2, 0x10a2, 0x10a2, 0x10a2, 0x10a2, 0x10a2, 0x10a2, 
	0x10a2, 0x10a2, 0x10a2, 0x10a2, 0x10a2, 0x10a2, 0x10a2, 0x10a2, 0x10a2, 0x10a2, 0x10a2, 0x10a2, 0x10a2, 0x10a2, 0x10a2, 0x10a2, 
	0x10a2, 0x10a2, 0x10a2, 0x10a2, 0x10a2, 0x10a2, 0x10a2, 0x10a2, 0x10a2, 0x10a2, 0x10a2, 0x10a2, 0x10a2, 0x10a2, 0x10a2, 0x10a2, 
	0x10a2, 0x10a2, 0x10a2, 0x10a2, 0x10a2, 0x10a2, 0x10a2, 0x10a2, 0x10a2, 0x10a2, 0x10a2, 0x10a2, 0x10a2, 0x10a2, 0x10a2, 0x10a2, 
	0x10a2, 0x10a2, 0x10a2, 0x10a2, 0x10a2, 0x10a2, 0x10a2, 0x10a2, 0x10a2, 0x10a2, 0x10a2, 0x10a2, 0x10a2, 0x10a2, 0x10a2, 0x10a2, 
	0x10a2, 0x10a2, 0x10a2, 0x10a2, 0x10a2, 0x10a2, 0x10a2, 0x10a2, 0x10a2, 0x10a2, 0x10a2, 0x10a2, 0x10a2, 0x10a2, 0x10a2, 0x10a2, 
	0x10a2, 0x10a2, 0x10a2, 0x10a2, 0x10a2, 0x10a2, 0x10a2, 0x10a2, 0x10a2, 0x10a2, 0x10a2, 0x10a2, 0x10a2, 0x10a2, 0x10a2, 0x10a2, 
	0x10a2, 0x10a2, 0x10a2, 0x10a2, 0x10a2, 0x10a2, 0x10a2, 0x10a2, 0x10a2, 0x10a2, 0x10a2, 0x10a2, 0x10a2, 0x10a2, 0x10a2, 0x10a2, 
	0x10a2, 0x10a2, 0x10a2, 0x10a2, 0x10a2, 0x10a2, 0x10a2, 0x10a2, 0x10a2, 0x10a2, 0x10a2, 0x10a2, 0x10a2, 0x10a2, 0x10a2, 0x10a2, 
	0x10a2, 0x10a2, 0x10a2, 0x10a2, 0x10a2, 0x10a2, 0x10a2, 0x10a2, 0x10a2, 0x10a2, 0x10a2, 0x10a2, 0x10a2, 0x10a2, 0x10a2, 0x10a2, 
	0x10a2, 0x10a2, 0x10a2, 0x10a2, 0x10a2, 0x10a2, 0x10a2, 0x10a2, 0x10a2, 0x10a2, 0x10a2, 0x10a2, 0x10a2, 0x10a2, 0x10a2, 0x10a2, 
	0x10a2, 0x10a2, 0x10a2, 0x10a2, 0x10a2, 0x10a2, 0x10a2, 0x10a2, 0x10a2, 0x10a2, 0x10a2, 0x10a2, 0x10a2, 0x10a2, 0x10a2, 0x10a2, 
	0x10a2, 0x10a2, 0x10a2, 0x10a2, 0x10a2, 0x10a2, 0x10a2, 0x10a2, 0x10a2, 0x10a2, 0x10a2, 0x10a2, 0x10a2, 0x10a2, 0x10a2, 0x10a2, 
	0x10a2, 0x10a2, 0x10a2, 0x10a2, 0x10a2, 0x10a2, 0x10a2, 0x10a2, 0x10a2, 0x10a2, 0x10a2, 0x10a2, 0x10a2, 0x10a2, 0x10a2, 0x10a2, 
	0x10a2, 0x10a2, 0x10a2, 0x10a2, 0x10a2, 0x10a2, 0x10a2, 0x10a2, 0x10a2, 0x10a2, 0x10a2, 0x10a2, 0x10a2, 0x10a2, 0x10a2, 0x10a2, 
	0x10a2, 0x10a2, 0x10a2, 0x10a2, 0x10a2, 0x10a2, 0x10a2, 0x10a2, 0x10a2, 0x10a2, 0x10a2, 0x10a2, 0x10a2, 0x10a2, 0x10a2, 0x10a2, 
	0x10a2, 0x10a2, 0x10a2, 0x10a2, 0x10a2, 0x10a2, 0x10a2, 0x10a2, 0x10a2, 0x10a2, 0x10a2, 0x10a2, 0x10a2, 0x10a2, 0x10a2, 0x10a2, 
	0x10a2, 0x10a2, 0x10a2, 0x10a2, 0x10a2, 0x10a2, 0x10a2, 0x10a2, 0x10a2, 0x10a2, 0x10a2, 0x10a2, 0x10a2, 0x10a2, 0x10a2, 0x10a2, 
	0x10a2, 0x10a2, 0x10a2, 0x10a2, 0x10a2, 0x10a2, 0x10a2, 0x10a2, 0x10a2, 0x10a2, 0x10a2, 0x10a2, 0x10a2, 0x10a2, 0x10a2, 0x10a2, 
	0x10a2, 0x10a2, 0x10a2, 0x10a2, 0x10a2, 0x10a2, 0x10a2, 0x10a2, 0x10a2, 0x10a2, 0x10a2, 0x10a2, 0x10a2, 0x10a2, 0x10a2, 0x10a2, 
	0x10a2, 0x10a2, 0x10a2, 0x10a2, 0x10a2, 0x10a2, 0x10a2, 0x10a2, 0x10a2, 0x10a2, 0x10a2, 0x10a2, 0x10a2, 0x10a2, 0x10a2, 0x10a2, 
	0x10a2, 0x10a2, 0x10a2, 0x10a2, 0x10a2, 0x10a2, 0x10a2, 0x10a2, 0x10a2, 0x10a2, 0x10a2, 0x10a2, 0x10a2, 0x10a2, 0x10a2, 0x10a2, 
	0x10a2, 0x10a2, 0x10a2, 0x10a2, 0x10a2, 0x10a2, 0x10a2, 0x10a2, 0x10a2, 0x10a2, 0x10a2, 0x10a2, 0x10a2, 0x10a2, 0x10a2, 0x10a2, 
	0x10a2, 0x10a2, 0x10a2, 0x10a2, 0x10a2, 0x10a2, 0x10a2, 0x10a2, 0x10a2, 0x10a2, 0x10a2, 0x10a2, 0x10a2, 0x10a2, 0x10a2, 0x10a2, 
	0x10a2, 0x10a2, 0x10a2, 0x10a2, 0x10a2, 0x10a2, 0x10a2, 0x10a2, 0x10a2, 0x10a2, 0x10a2, 0x10a2, 0x10a2, 0x10a2, 0x10a2, 0x10a2, 
	0x10a2, 0x10a2, 0x10a2, 0x10a2, 0x10a2, 0x10a2, 0x10a2, 0x10a2, 0x10a2, 0x10a2, 0x10a2, 0x10a2, 0x10a2, 0x10a2, 0x10a2, 0x10a2, 
	0x10a2, 0x10a2, 0x10a2, 0x10a2, 0x10a2, 0x10a2, 0x10a2, 0x10a2, 0x10a2, 0x10a2, 0x10a2, 0x10a2, 0x10a2, 0x10a2, 0x10a2, 0x10a2, 
	0x10a2, 0x10a2, 0x10a2, 0x10a2, 0x10a2, 0x10a2, 0x10a2, 0x10a2, 0x10a2, 0x10a2, 0x10a2, 0x10a2, 0x10a2, 0x10a2, 0x10a2, 0x10a2, 
	0x10a2, 0x10a2, 0x10a2, 0x10a2, 0x10a2, 0x10a2, 0x10a2, 0x10a2, 0x10a2, 0x10a2, 0x10a2, 0x10a2, 0x10a2, 0x10a2, 0x10a2, 0x10a2, 
	0x10a2, 0x10a2, 0x10a2, 0x10a2, 0x10a2, 0x10a2, 0x10a2, 0x10a2, 0x10a2, 0x10a2, 0x10a2, 0x10a2, 0x10a2, 0x10a2, 0x10a2, 0x10a2, 
	0x10a2, 0x10a2, 0x10a2, 0x10a2, 0x10a2, 0x10a2, 0x10a2, 0x10a2, 0x10a2, 0x10a2, 0x10a2, 0x10a2, 0x10a2, 0x10a2, 0x10a2, 0x10a2, 
	0x10a2, 0x10a2, 0x10a2, 0x10a2, 0x10a2, 0x10a2, 0x10a2, 0x10a2, 0x10a2, 0x10a2, 0x10a2, 0x10a2, 0x10a2, 0x10a2, 0x10a2, 0x10a2, 
	0x10a2, 0x10a2, 0x10a2, 0x10a2, 0x10a2, 0x10a2, 0x10a2, 0x10a2, 0x10a2, 0x10a2, 0x10a2, 0x10a2, 0x10a2, 0x10a2, 0x10a2, 0x10a2, 
	0x10a2, 0x10a2, 0x10a2, 0x10a2, 0x10a2, 0x10a2, 0x10a2, 0x10a2, 0x10a2, 0x10a2, 0x10a2, 0x10a2, 0x10a2, 0x10a2, 0x10a2, 0x10a2, 
	0x10a2, 0x10a2, 0x10a2, 0x10a2, 0x10a2, 0x10a2, 0x10a2, 0x10a2, 0x10a2, 0x10a2, 0x10a2, 0x10a2, 0x10a2, 0x10a2, 0x10a2, 0x10a2, 
	0x10a2, 0x10a2, 0x10a2, 0x10a2, 0x10a2, 0x10a2, 0x10a2, 0x10a2, 0x10a2, 0x10a2, 0x10a2, 0x10a2, 0x10a2, 0x10a2, 0x10a2, 0x10a2, 
	0x10a2, 0x10a2, 0x10a2, 0x10a2, 0x10a2, 0x10a2, 0x10a2, 0x10a2, 0x10a2, 0x10a2, 0x10a2, 0x10a2, 0x10a2, 0x10a2, 0x10a2, 0x10a2, 
	0x10a2, 0x10a2, 0x10a2, 0x10a2, 0x10a2, 0x10a2, 0x10a2, 0x10a2, 0x10a2, 0x10a2, 0x10a2, 0x10a2, 0x10a2, 0x10a2, 0x10a2, 0x10a2, 
	0x10a2, 0x10a2, 0x10a2, 0x10a2, 0x10a2, 0x10a2, 0x10a2, 0x10a2, 0x10a2, 0x10a2, 0x10a2, 0x10a2, 0x10a2, 0x10a2, 0x10a2, 0x10a2, 
	0x10a2, 0x10a2, 0x10a2, 0x10a2, 0x10a2, 0x10a2, 0x10a2, 0x10a2, 0x10a2, 0x10a2, 0x10a2, 0x10a2, 0x10a2, 0x10a2, 0x10a2, 0x10a2, 
	0x10a2, 0x10a2, 0x10a2, 0x10a2, 0x10a2, 0x10a2, 0x10a2, 0x10a2, 0x10a2, 0x10a2, 0x10a2, 0x10a2, 0x10a2, 0x10a2, 0x10a2, 0x10a2, 
	0x10a2, 0x10a2, 0x10a2, 0x10a2, 0x10a2, 0x10a2, 0x10a2, 0x10a2, 0x10a2, 0x10a2, 0x10a2, 0x10a2, 0x10a2, 0x10a2, 0x10a2, 0x10a2, 
	0x10a2, 0x10a2, 0x10a2, 0x10a2, 0x10a2, 0x10a2, 0x10a2, 0x10a2, 0x10a2, 0x10a2, 0x10a2, 0x10a2, 0x10a2, 0x10a2, 0x10a2, 0x10a2, 
	0x10a2, 0x10a2, 0x10a2, 0x10a2, 0x10a2, 0x10a2, 0x10a2, 0x10a2, 0x10a2, 0x10a2, 0x10a2, 0x10a2, 0x10a2, 0x10a2, 0x10a2, 0x10a2, 
	0x10a2, 0x10a2, 0x10a2, 0x10a2, 0x10a2, 0x10a2, 0x10a2, 0x10a2, 0x10a2, 0x10a2, 0x10a2, 0x10a2, 0x10a2, 0x10a2, 0x10a2, 0x10a2, 
	0x10a2, 0x10a2, 0x10a2, 0x10a2, 0x10a2, 0x10a2, 0x10a2, 0x10a2, 0x10a2, 0x10a2, 0x10a2, 0x10a2, 0x10a2, 0x10a2, 0x10a2, 0x10a2, 
	0x10a2, 0x10a2, 0x10a2, 0x10a2, 0x10a2, 0x10a2, 0x10a2, 0x10a2, 0x10a2, 0x10a2, 0x10a2, 0x10a2, 0x10a2, 0x10a2, 0x10a2, 0x10a2, 
	0x10a2, 0x10a2, 0x10a2, 0x10a2, 0x10a2, 0x10a2, 0x10a2, 0x10a2, 0x10a2, 0x10a2, 0x10a2, 0x10a2, 0x10a2, 0x10a2, 0x10a2, 0x10a2, 
	0x10a2, 0x10a2, 0x10a2, 0x10a2, 0x10a2, 0x10a2, 0x10a2, 0x10a2, 0x10a2, 0x10a2, 0x10a2, 0x10a2, 0x10a2, 0x10a2, 0x10a2, 0x10a2, 
	0x10a2, 0x10a2, 0x10a2, 0x10a2, 0x10a2, 0x10a2, 0x10a2, 0x10a2, 0x10a2, 0x10a2, 0x10a2, 0x10a2, 0x10a2, 0x10a2, 0x10a2, 0x10a2, 
	0x10a2, 0x10a2, 0x10a2, 0x10a2, 0x10a2, 0x10a2, 0x10a2, 0x10a2, 0x10a2, 0x10a2, 0x10a2, 0x10a2, 0x10a2, 0x10a2, 0x10a2, 0x10a2, 
	0x10a2, 0x10a2, 0x10a2, 0x10a2, 0x10a2, 0x10a2, 0x10a2, 0x10a2, 0x10a2, 0x10a2, 0x10a2, 0x10a2, 0x10a2, 0x10a2, 0x10a2, 0x10a2, 
	0x10a2, 0x10a2, 0x10a2, 0x10a2, 0x10a2, 0x10a2, 0x10a2, 0x10a2, 0x10a2, 0x10a2, 0x10a2, 0x10a2, 0x10a2, 0x10a2, 0x10a2, 0x10a2, 
	0x10a2, 0x10a2, 0x10a2, 0x10a2, 0x10a2, 0x10a2, 0x10a2, 0x10a2, 0x10a2, 0x10a2, 0x10a2, 0x10a2, 0x10a2, 0x10a2, 0x10a2, 0x10a2, 
	0x10a2, 0x10a2, 0x10a2, 0x10a2, 0x10a2, 0x10a2, 0x10a2, 0x10a2, 0x10a2, 0x10a2, 0x10a2, 0x10a2, 0x10a2, 0x10a2, 0x10a2, 0x10a2, 
	0x10a2, 0x10a2, 0x10a2, 0x10a2, 0x10a2, 0x10a2, 0x10a2, 0x10a2, 0x10a2, 0x10a2, 0x10a2, 0x10a2, 0x10a2, 0x10a2, 0x10a2, 0x10a2, 
	0x10a2, 0x10a2, 0x10a2, 0x10a2, 0x10a2, 0x10a2, 0x10a2, 0x10a2, 0x10a2, 0x10a2, 0x10a2, 0x10a2, 0x10a2, 0x10a2, 0x10a2, 0x10a2, 
	0x10a2, 0x10a2, 0x10a2, 0x10a2, 0x10a2, 0x10a2, 0x10a2, 0x10a2, 0x10a2, 0x10a2, 0x10a2, 0x10a2, 0x10a2, 0x10a2, 0x10a2, 0x10a2, 
	0x10a2, 0x10a2, 0x10a2, 0x10a2, 0x10a2, 0x10a2, 0x10a2, 0x10a2, 0x10a2, 0x10a2, 0x10a2, 0x10a2, 0x10a2, 0x10a2, 0x10a2, 0x10a2, 
	0x10a2, 0x10a2, 0x10a2, 0x10a2, 0x10a2, 0x10a2, 0x10a2, 0x10a2, 0x10a2, 0x10a2, 0x10a2, 0x10a2, 0x10a2, 0x10a2, 0x10a2, 0x10a2, 
	0x10a2, 0x10a2, 0x10a2, 0x10a2, 0x10a2, 0x10a2, 0x10a2, 0x10a2, 0x10a2, 0x10a2, 0x10a2, 0x10a2, 0x10a2, 0x10a2, 0x10a2, 0x10a2, 
	0x10a2, 0x10a2, 0x10a2, 0x10a2, 0x10a2, 0x10a2, 0x10a2, 0x10a2, 0x10a2, 0x10a2, 0x10a2, 0x10a2, 0x10a2, 0x10a2, 0x10a2, 0x10a2, 
	0x10a2, 0x10a2, 0x10a2, 0x10a2, 0x10a2, 0x10a2, 0x10a2, 0x10a2, 0x10a2, 0x10a2, 0x10a2, 0x10a2, 0x10a2, 0x10a2, 0x10a2, 0x10a2, 
	0x10a2, 0x10a2, 0x10a2, 0x10a2, 0x10a2, 0x10a2, 0x10a2, 0x10a2, 0x10a2, 0x10a2, 0x10a2, 0x10a2, 0x10a2, 0x10a2, 0x10a2, 0x10a2, 
	0x10a2, 0x10a2, 0x10a2, 0x10a2, 0x10a2, 0x10a2, 0x10a2, 0x10a2, 0x10a2, 0x10a2, 0x10a2, 0x10a2, 0x10a2, 0x10a2, 0x10a2, 0x10a2, 
	0x10a2, 0x10a2, 0x10a2, 0x10a2, 0x10a2, 0x10a2, 0x10a2, 0x10a2, 0x10a2, 0x10a2, 0x10a2, 0x10a2, 0x10a2, 0x10a2, 0x10a2, 0x10a2, 
	0x10a2, 0x10a2, 0x10a2, 0x10a2, 0x10a2, 0x10a2, 0x10a2, 0x10a2, 0x10a2, 0x10a2, 0x10a2, 0x10a2, 0x10a2, 0x10a2, 0x10a2, 0x10a2, 
	0x10a2, 0x10a2, 0x10a2, 0x10a2, 0x10a2, 0x10a2, 0x10a2, 0x10a2, 0x10a2, 0x10a2, 0x10a2, 0x10a2, 0x10a2, 0x10a2, 0x10a2, 0x10a2, 
	0x10a2, 0x10a2, 0x10a2, 0x10a2, 0x10a2, 0x10a2, 0x10a2, 0x10a2, 0x10a2, 0x10a2, 0x10a2, 0x10a2, 0x10a2, 0x10a2, 0x10a2, 0x10a2, 
	0x10a2, 0x10a2, 0x10a2, 0x10a2, 0x10a2, 0x10a2, 0x10a2, 0x10a2, 0x10a2, 0x10a2, 0x10a2, 0x10a2, 0x10a2, 0x10a2, 0x10a2, 0x10a2, 
	0x10a2, 0x10a2, 0x10a2, 0x10a2, 0x10a2, 0x10a2, 0x10a2, 0x10a2, 0x10a2, 0x10a2, 0x10a2, 0x10a2, 0x10a2, 0x10a2, 0x10a2, 0x10a2, 
	0x10a2, 0x10a2, 0x10a2, 0x10a2, 0x10a2, 0x10a2, 0x10a2, 0x10a2, 0x10a2, 0x10a2, 0x10a2, 0x10a2, 0x10a2, 0x10a2, 0x10a2, 0x10a2, 
	0x10a2, 0x10a2, 0x10a2, 0x10a2, 0x10a2, 0x10a2, 0x10a2, 0x10a2, 0x10a2, 0x10a2, 0x10a2, 0x10a2, 0x10a2, 0x10a2, 0x10a2, 0x10a2, 
	0x10a2, 0x10a2, 0x10a2, 0x10a2, 0x10a2, 0x10a2, 0x10a2, 0x10a2, 0x10a2, 0x10a2, 0x10a2, 0x10a2, 0x10a2, 0x10a2, 0x10a2, 0x10a2, 
	0x10a2, 0x10a2, 0x10a2, 0x10a2, 0x10a2, 0x10a2, 0x10a2, 0x10a2, 0x10a2, 0x10a2, 0x10a2, 0x10a2, 0x10a2, 0x10a2, 0x10a2, 0x10a2, 
	0x10a2, 0x10a2, 0x10a2, 0x10a2, 0x10a2, 0x10a2, 0x10a2, 0x10a2, 0x10a2, 0x10a2, 0x10a2, 0x10a2, 0x10a2, 0x10a2, 0x10a2, 0x10a2, 
	0x10a2, 0x10a2, 0x10a2, 0x10a2, 0x10a2, 0x10a2, 0x10a2, 0x10a2, 0x10a2, 0x10a2, 0x10a2, 0x10a2, 0x10a2, 0x10a2, 0x10a2, 0x10a2, 
	0x10a2, 0x10a2, 0x10a2, 0x10a2, 0x10a2, 0x10a2, 0x10a2, 0x10a2, 0x10a2, 0x10a2, 0x10a2, 0x10a2, 0x10a2, 0x10a2, 0x10a2, 0x10a2, 
	0x10a2, 0x10a2, 0x10a2, 0x10a2, 0x10a2, 0x10a2, 0x10a2, 0x10a2, 0x10a2, 0x10a2, 0x10a2, 0x10a2, 0x10a2, 0x10a2, 0x10a2, 0x10a2, 
	0x10a2, 0x10a2, 0x10a2, 0x10a2, 0x10a2, 0x10a2, 0x10a2, 0x10a2, 0x10a2, 0x10a2, 0x10a2, 0x10a2, 0x10a2, 0x10a2, 0x10a2, 0x10a2, 
	0x10a2, 0x10a2, 0x10a2, 0x10a2, 0x10a2, 0x10a2, 0x10a2, 0x10a2, 0x10a2, 0x10a2, 0x10a2, 0x10a2, 0x10a2, 0x10a2, 0x10a2, 0x10a2, 
	0x10a2, 0x10a2, 0x10a2, 0x10a2, 0x10a2, 0x10a2, 0x10a2, 0x10a2, 0x10a2, 0x10a2, 0x10a2, 0x10a2, 0x10a2, 0x10a2, 0x10a2, 0x10a2, 
	0x10a2, 0x10a2, 0x10a2, 0x10a2, 0x10a2, 0x10a2, 0x10a2, 0x10a2, 0x10a2, 0x10a2, 0x10a2, 0x10a2, 0x10a2, 0x10a2, 0x10a2, 0x10a2, 
	0x10a2, 0x10a2, 0x10a2, 0x10a2, 0x10a2, 0x10a2, 0x10a2, 0x10a2, 0x10a2, 0x10a2, 0x10a2, 0x10a2, 0x10a2, 0x10a2, 0x10a2, 0x10a2, 
	0x10a2, 0x10a2, 0x10a2, 0x10a2, 0x10a2, 0x10a2, 0x10a2, 0x10a2, 0x10a2, 0x10a2, 0x10a2, 0x10a2, 0x10a2, 0x10a2, 0x10a2, 0x10a2, 
	0x10a2, 0x10a2, 0x10a2, 0x10a2, 0x10a2, 0x10a2, 0x10a2, 0x10a2, 0x10a2, 0x10a2, 0x10a2, 0x10a2, 0x10a2, 0x10a2, 0x10a2, 0x10a2, 
	0x10a2, 0x10a2, 0x10a2, 0x10a2, 0x10a2, 0x10a2, 0x10a2, 0x10a2, 0x10a2, 0x10a2, 0x10a2, 0x10a2, 0x10a2, 0x10a2, 0x10a2, 0x10a2, 
	0x10a2, 0x10a2, 0x10a2, 0x10a2, 0x10a2, 0x10a2, 0x10a2, 0x10a2, 0x10a2, 0x10a2, 0x10a2, 0x10a2, 0x10a2, 0x10a2, 0x10a2, 0x10a2, 
	0x10a2, 0x10a2, 0x10a2, 0x10a2, 0x10a2, 0x10a2, 0x10a2, 0x10a2, 0x10a2, 0x10a2, 0x10a2, 0x10a2, 0x10a2, 0x10a2, 0x10a2, 0x10a2, 
	0x10a2, 0x10a2, 0x10a2, 0x10a2, 0x10a2, 0x10a2, 0x10a2, 0x10a2, 0x10a2, 0x10a2, 0x10a2, 0x10a2, 0x10a2, 0x10a2, 0x10a2, 0x10a2, 
	0x10a2, 0x10a2, 0x10a2, 0x10a2, 0x10a2, 0x10a2, 0x10a2, 0x10a2, 0x10a2, 0x10a2, 0x10a2, 0x10a2, 0x10a2, 0x10a2, 0x10a2, 0x10a2, 
	0x10a2, 0x10a2, 0x10a2, 0x10a2, 0x10a2, 0x10a2, 0x10a2, 0x10a2, 0x10a2, 0x10a2, 0x10a2, 0x10a2, 0x10a2, 0x10a2, 0x10a2, 0x10a2, 
	0x10a2, 0x10a2, 0x10a2, 0x10a2, 0x10a2, 0x10a2, 0x10a2, 0x10a2, 0x10a2, 0x10a2, 0x10a2, 0x10a2, 0x10a2, 0x10a2, 0x10a2, 0x10a2, 
	0x10a2, 0x10a2, 0x10a2, 0x10a2, 0x10a2, 0x10a2, 0x10a2, 0x10a2, 0x10a2, 0x10a2, 0x10a2, 0x10a2, 0x10a2, 0x10a2, 0x10a2, 0x10a2, 
	0x10a2, 0x10a2, 0x10a2, 0x10a2, 0x10a2, 0x10a2, 0x10a2, 0x10a2, 0x10a2, 0x10a2, 0x10a2, 0x10a2, 0x10a2, 0x10a2, 0x10a2, 0x10a2, 
	0x10a2, 0x10a2, 0x10a2, 0x10a2, 0x10a2, 0x10a2, 0x10a2, 0x10a2, 0x10a2, 0x10a2, 0x10a2, 0x10a2, 0x10a2, 0x10a2, 0x10a2, 0x10a2, 
	0x10a2, 0x10a2, 0x10a2, 0x10a2, 0x10a2, 0x10a2, 0x10a2, 0x10a2, 0x10a2, 0x10a2, 0x10a2, 0x10a2, 0x10a2, 0x10a2, 0x10a2, 0x10a2, 
	0x10a2, 0x10a2, 0x10a2, 0x10a2, 0x10a2, 0x10a2, 0x10a2, 0x10a2, 0x10a2, 0x10a2, 0x10a2, 0x10a2, 0x10a2, 0x10a2, 0x10a2, 0x10a2, 
	0x10a2, 0x10a2, 0x10a2, 0x10a2, 0x10a2, 0x10a2, 0x10a2, 0x10a2, 0x10a2, 0x10a2, 0x10a2, 0x10a2, 0x10a2, 0x10a2, 0x10a2, 0x10a2, 
	0x10a2, 0x10a2, 0x10a2, 0x10a2, 0x10a2, 0x10a2, 0x10a2, 0x10a2, 0x10a2, 0x10a2, 0x10a2, 0x10a2, 0x10a2, 0x10a2, 0x10a2, 0x10a2, 
	0x10a2, 0x10a2, 0x10a2, 0x10a2, 0x10a2, 0x10a2, 0x10a2, 0x10a2, 0x10a2, 0x10a2, 0x10a2, 0x10a2, 0x10a2, 0x10a2, 0x10a2, 0x10a2, 
	0x10a2, 0x10a2, 0x10a2, 0x10a2, 0x10a2, 0x10a2, 0x10a2, 0x10a2, 0x10a2, 0x10a2, 0x10a2, 0x10a2, 0x10a2, 0x10a2, 0x10a2, 0x10a2, 
	0x10a2, 0x10a2, 0x10a2, 0x10a2, 0x10a2, 0x10a2, 0x10a2, 0x10a2, 0x10a2, 0x10a2, 0x10a2, 0x10a2, 0x10a2, 0x10a2, 0x10a2, 0x10a2, 
	0x10a2, 0x10a2, 0x10a2, 0x10a2, 0x10a2, 0x10a2, 0x10a2, 0x10a2, 0x10a2, 0x10a2, 0x10a2, 0x10a2, 0x10a2, 0x10a2, 0x10a2, 0x10a2, 
	0x10a2, 0x10a2, 0x10a2, 0x10a2, 0x10a2, 0x10a2, 0x10a2, 0x10a2, 0x10a2, 0x10a2, 0x10a2, 0x10a2, 0x10a2, 0x10a2, 0x10a2, 0x10a2, 
	0x10a2, 0x10a2, 0x10a2, 0x10a2, 0x10a2, 0x10a2, 0x10a2, 0x10a2, 0x10a2, 0x10a2, 0x10a2, 0x10a2, 0x10a2, 0x10a2, 0x10a2, 0x10a2, 
	0x10a2, 0x10a2, 0x10a2, 0x10a2, 0x10a2, 0x10a2, 0x10a2, 0x10a2, 0x10a2, 0x10a2, 0x10a2, 0x10a2, 0x10a2, 0x10a2, 0x10a2, 0x10a2, 
	0x10a2, 0x10a2, 0x10a2, 0x10a2, 0x10a2, 0x10a2, 0x10a2, 0x10a2, 0x10a2, 0x10a2, 0x10a2, 0x10a2, 0x10a2, 0x10a2, 0x10a2, 0x10a2, 
	0x10a2, 0x10a2, 0x10a2, 0x10a2, 0x10a2, 0x10a2, 0x10a2, 0x10a2, 0x10a2, 0x10a2, 0x10a2, 0x10a2, 0x10a2, 0x10a2, 0x10a2, 0x10a2, 
	0x10a2, 0x10a2, 0x10a2, 0x10a2, 0x10a2, 0x10a2, 0x10a2, 0x10a2, 0x10a2, 0x10a2, 0x10a2, 0x10a2, 0x10a2, 0x10a2, 0x10a2, 0x10a2, 
	0x10a2, 0x10a2, 0x10a2, 0x10a2, 0x10a2, 0x10a2, 0x10a2, 0x10a2, 0x10a2, 0x10a2, 0x10a2, 0x10a2, 0x10a2, 0x10a2, 0x10a2, 0x10a2, 
	0x10a2, 0x10a2, 0x10a2, 0x10a2, 0x10a2, 0x10a2, 0x10a2, 0x10a2, 0x10a2, 0x10a2, 0x10a2, 0x10a2, 0x10a2, 0x10a2, 0x10a2, 0x10a2, 
	0x10a2, 0x10a2, 0x10a2, 0x10a2, 0x10a2, 0x10a2, 0x10a2, 0x10a2, 0x10a2, 0x10a2, 0x10a2, 0x10a2, 0x10a2, 0x10a2, 0x10a2, 0x10a2, 
	0x10a2, 0x10a2, 0x10a2, 0x10a2, 0x10a2, 0x10a2, 0x10a2, 0x10a2, 0x10a2, 0x10a2, 0x10a2, 0x10a2, 0x10a2, 0x10a2, 0x10a2, 0x10a2, 
	0x10a2, 0x10a2, 0x10a2, 0x10a2, 0x10a2, 0x10a2, 0x10a2, 0x10a2, 0x10a2, 0x10a2, 0x10a2, 0x10a2, 0x10a2, 0x10a2, 0x10a2, 0x10a2, 
	0x10a2, 0x10a2, 0x10a2, 0x10a2, 0x10a2, 0x10a2, 0x10a2, 0x10a2, 0x10a2, 0x10a2, 0x10a2, 0x10a2, 0x10a2, 0x10a2, 0x10a2, 0x10a2, 
	0x10a2, 0x10a2, 0x10a2, 0x10a2, 0x10a2, 0x10a2, 0x10a2, 0x10a2, 0x10a2, 0x10a2, 0x10a2, 0x10a2, 0x10a2, 0x10a2, 0x10a2, 0x10a2, 
	0x10a2, 0x10a2, 0x10a2, 0x10a2, 0x10a2, 0x10a2, 0x10a2, 0x10a2, 0x10a2, 0x10a2, 0x10a2, 0x10a2, 0x10a2, 0x10a2, 0x10a2, 0x10a2, 
	0x10a2, 0x10a2, 0x10a2, 0x10a2, 0x10a2, 0x10a2, 0x10a2, 0x10a2, 0x10a2, 0x10a2, 0x10a2, 0x10a2, 0x10a2, 0x10a2, 0x10a2, 0x10a2, 
	0x10a2, 0x10a2, 0x10a2, 0x10a2, 0x10a2, 0x10a2, 0x10a2, 0x10a2, 0x10a2, 0x10a2, 0x10a2, 0x10a2, 0x10a2, 0x10a2, 0x10a2, 0x10a2, 
	0x10a2, 0x10a2, 0x10a2, 0x10a2, 0x10a2, 0x10a2, 0x10a2, 0x10a2, 0x10a2, 0x10a2, 0x10a2, 0x10a2, 0x10a2, 0x10a2, 0x10a2, 0x10a2, 
	0x10a2, 0x10a2, 0x10a2, 0x10a2, 0x10a2, 0x10a2, 0x10a2, 0x10a2, 0x10a2, 0x10a2, 0x10a2, 0x10a2, 0x10a2, 0x10a2, 0x10a2, 0x10a2, 
	0x10a2, 0x10a2, 0x10a2, 0x10a2, 0x10a2, 0x10a2, 0x10a2, 0x10a2, 0x10a2, 0x10a2, 0x10a2, 0x10a2, 0x10a2, 0x10a2, 0x10a2, 0x10a2, 
	0x10a2, 0x10a2, 0x10a2, 0x10a2, 0x10a2, 0x10a2, 0x10a2, 0x10a2, 0x10a2, 0x10a2, 0x10a2, 0x10a2, 0x10a2, 0x10a2, 0x10a2, 0x10a2, 
	0x10a2, 0x10a2, 0x10a2, 0x10a2, 0x10a2, 0x10a2, 0x10a2, 0x10a2, 0x10a2, 0x10a2, 0x10a2, 0x10a2, 0x10a2, 0x10a2, 0x10a2, 0x10a2, 
	0x10a2, 0x10a2, 0x10a2, 0x10a2, 0x10a2, 0x10a2, 0x10a2, 0x10a2, 0x10a2, 0x10a2, 0x10a2, 0x10a2, 0x10a2, 0x10a2, 0x10a2, 0x10a2, 
	0x10a2, 0x10a2, 0x10a2, 0x10a2, 0x10a2, 0x10a2, 0x10a2, 0x10a2, 0x10a2, 0x10a2, 0x10a2, 0x10a2, 0x10a2, 0x10a2, 0x10a2, 0x10a2, 
	0x10a2, 0x10a2, 0x10a2, 0x10a2, 0x10a2, 0x10a2, 0x10a2, 0x10a2, 0x10a2, 0x10a2, 0x10a2, 0x10a2, 0x10a2, 0x10a2, 0x10a2, 0x10a2, 
	0x10a2, 0x10a2, 0x10a2, 0x10a2, 0x10a2, 0x10a2, 0x10a2, 0x10a2, 0x10a2, 0x10a2, 0x10a2, 0x10a2, 0x10a2, 0x10a2, 0x10a2, 0x10a2, 
	0x10a2, 0x10a2, 0x10a2, 0x10a2, 0x10a2, 0x10a2, 0x10a2, 0x10a2, 0x10a2, 0x10a2, 0x10a2, 0x10a2, 0x10a2, 0x10a2, 0x10a2, 0x10a2, 
	0x10a2, 0x10a2, 0x10a2, 0x10a2, 0x10a2, 0x10a2, 0x10a2, 0x10a2, 0x10a2, 0x10a2, 0x10a2, 0x10a2, 0x10a2, 0x10a2, 0x10a2, 0x10a2, 
	0x10a2, 0x10a2, 0x10a2, 0x10a2, 0x10a2, 0x10a2, 0x10a2, 0x10a2, 0x10a2, 0x10a2, 0x10a2, 0x10a2, 0x10a2, 0x10a2, 0x10a2, 0x10a2, 
	0x10a2, 0x10a2, 0x10a2, 0x10a2, 0x10a2, 0x10a2, 0x10a2, 0x10a2, 0x10a2, 0x10a2, 0x10a2, 0x10a2, 0x10a2, 0x10a2, 0x10a2, 0x10a2, 
	0x10a2, 0x10a2, 0x10a2, 0x10a2, 0x10a2, 0x10a2, 0x10a2, 0x10a2, 0x10a2, 0x10a2, 0x10a2, 0x10a2, 0x10a2, 0x10a2, 0x10a2, 0x10a2, 
	0x10a2, 0x10a2, 0x10a2, 0x10a2, 0x10a2, 0x10a2, 0x10a2, 0x10a2, 0x10a2, 0x10a2, 0x10a2, 0x10a2, 0x10a2, 0x10a2, 0x10a2, 0x10a2, 
	0x10a2, 0x10a2, 0x10a2, 0x10a2, 0x10a2, 0x10a2, 0x10a2, 0x10a2, 0x10a2, 0x10a2, 0x10a2, 0x10a2, 0x10a2, 0x10a2, 0x10a2, 0x10a2, 
	0x10a2, 0x10a2, 0x10a2, 0x10a2, 0x10a2, 0x10a2, 0x10a2, 0x10a2, 0x10a2, 0x10a2, 0x10a2, 0x10a2, 0x10a2, 0x10a2, 0x10a2, 0x10a2, 
	0x10a2, 0x10a2, 0x10a2, 0x10a2, 0x10a2, 0x10a2, 0x10a2, 0x10a2, 0x10a2, 0x10a2, 0x10a2, 0x10a2, 0x10a2, 0x10a2, 0x10a2, 0x10a2, 
	0x10a2, 0x10a2, 0x10a2, 0x10a2, 0x10a2, 0x10a2, 0x10a2, 0x10a2, 0x10a2, 0x10a2, 0x10a2, 0x10a2, 0x10a2, 0x10a2, 0x10a2, 0x10a2, 
	0x10a2, 0x10a2, 0x10a2, 0x10a2, 0x10a2, 0x10a2, 0x10a2, 0x10a2, 0x10a2, 0x10a2, 0x10a2, 0x10a2, 0x10a2, 0x10a2, 0x10a2, 0x10a2, 
	0x10a2, 0x10a2, 0x10a2, 0x10a2, 0x10a2, 0x10a2, 0x10a2, 0x10a2, 0x10a2, 0x10a2, 0x10a2, 0x10a2, 0x10a2, 0x10a2, 0x10a2, 0x10a2, 
	0x10a2, 0x10a2, 0x10a2, 0x10a2, 0x10a2, 0x10a2, 0x10a2, 0x10a2, 0x10a2, 0x10a2, 0x10a2, 0x10a2, 0x10a2, 0x10a2, 0x10a2, 0x10a2, 
	0x10a2, 0x10a2, 0x10a2, 0x10a2, 0x10a2, 0x10a2, 0x10a2, 0x10a2, 0x10a2, 0x10a2, 0x10a2, 0x10a2, 0x10a2, 0x10a2, 0x10a2, 0x10a2, 
	0x10a2, 0x10a2, 0x10a2, 0x10a2, 0x10a2, 0x10a2, 0x10a2, 0x10a2, 0x10a2, 0x10a2, 0x10a2, 0x10a2, 0x10a2, 0x10a2, 0x10a2, 0x10a2, 
	0x10a2, 0x10a2, 0x10a2, 0x10a2, 0x10a2, 0x10a2, 0x10a2, 0x10a2, 0x10a2, 0x10a2, 0x10a2, 0x10a2, 0x10a2, 0x10a2, 0x10a2, 0x10a2, 
	0x10a2, 0x10a2, 0x10a2, 0x10a2, 0x10a2, 0x10a2, 0x10a2, 0x10a2, 0x10a2, 0x10a2, 0x10a2, 0x10a2, 0x10a2, 0x10a2, 0x10a2, 0x10a2, 
	0x10a2, 0x10a2, 0x10a2, 0x10a2, 0x10a2, 0x10a2, 0x10a2, 0x10a2, 0x10a2, 0x10a2, 0x10a2, 0x10a2, 0x10a2, 0x10a2, 0x10a2, 0x10a2, 
	0x10a2, 0x10a2, 0x10a2, 0x10a2, 0x10a2, 0x10a2, 0x10a2, 0x10a2, 0x10a2, 0x10a2, 0x10a2, 0x10a2, 0x10a2, 0x10a2, 0x10a2, 0x10a2, 
	0x10a2, 0x10a2, 0x10a2, 0x10a2, 0x10a2, 0x10a2, 0x10a2, 0x10a2, 0x10a2, 0x10a2, 0x10a2, 0x10a2, 0x10a2, 0x10a2, 0x10a2, 0x10a2, 
	0x10a2, 0x10a2, 0x10a2, 0x10a2, 0x10a2, 0x10a2, 0x10a2, 0x10a2, 0x10a2, 0x10a2, 0x10a2, 0x10a2, 0x10a2, 0x10a2, 0x10a2, 0x10a2, 
	0x10a2, 0x10a2, 0x10a2, 0x10a2, 0x10a2, 0x10a2, 0x10a2, 0x10a2, 0x10a2, 0x10a2, 0x10a2, 0x10a2, 0x10a2, 0x10a2, 0x10a2, 0x10a2, 
	0x10a2, 0x10a2, 0x10a2, 0x10a2, 0x10a2, 0x10a2, 0x10a2, 0x10a2, 0x10a2, 0x10a2, 0x10a2, 0x10a2, 0x10a2, 0x10a2, 0x10a2, 0x10a2, 
	0x10a2, 0x10a2, 0x10a2, 0x10a2, 0x10a2, 0x10a2, 0x10a2, 0x10a2, 0x10a2, 0x10a2, 0x10a2, 0x10a2, 0x10a2, 0x10a2, 0x10a2, 0x10a2, 
	0x10a2, 0x10a2, 0x10a2, 0x10a2, 0x10a2, 0x10a2, 0x10a2, 0x10a2, 0x10a2, 0x10a2, 0x10a2, 0x10a2, 0x10a2, 0x10a2, 0x10a2, 0x10a2, 
	0x10a2, 0x10a2, 0x10a2, 0x10a2, 0x10a2, 0x10a2, 0x10a2, 0x10a2, 0x10a2, 0x10a2, 0x10a2, 0x10a2, 0x10a2, 0x10a2, 0x10a2, 0x10a2, 
	0x10a2, 0x10a2, 0x10a2, 0x10a2, 0x10a2, 0x10a2, 0x10a2, 0x10a2, 0x10a2, 0x10a2, 0x10a2, 0x10a2, 0x10a2, 0x10a2, 0x10a2, 0x10a2, 
	0x10a2, 0x10a2, 0x10a2, 0x10a2, 0x10a2, 0x10a2, 0x10a2, 0x10a2, 0x10a2, 0x10a2, 0x10a2, 0x10a2, 0x10a2, 0x10a2, 0x10a2, 0x10a2, 
	0x10a2, 0x10a2, 0x10a2, 0x10a2, 0x10a2, 0x10a2, 0x10a2, 0x10a2, 0x10a2, 0x10a2, 0x10a2, 0x10a2, 0x10a2, 0x10a2, 0x10a2, 0x10a2, 
	0x10a2, 0x10a2, 0x10a2, 0x10a2, 0x10a2, 0x10a2, 0x10a2, 0x10a2, 0x10a2, 0x10a2, 0x10a2, 0x10a2, 0x10a2, 0x10a2, 0x10a2, 0x10a2, 
	0x10a2, 0x10a2, 0x10a2, 0x10a2, 0x10a2, 0x10a2, 0x10a2, 0x10a2, 0x10a2, 0x10a2, 0x10a2, 0x10a2, 0x10a2, 0x10a2, 0x10a2, 0x10a2, 
	0x10a2, 0x10a2, 0x10a2, 0x10a2, 0x10a2, 0x10a2, 0x10a2, 0x10a2, 0x10a2, 0x10a2, 0x10a2, 0x10a2, 0x10a2, 0x10a2, 0x10a2, 0x10a2, 
	0x10a2, 0x10a2, 0x10a2, 0x10a2, 0x10a2, 0x10a2, 0x10a2, 0x10a2, 0x10a2, 0x10a2, 0x10a2, 0x10a2, 0x10a2, 0x10a2, 0x10a2, 0x10a2, 
	0x10a2, 0x10a2, 0x10a2, 0x10a2, 0x10a2, 0x10a2, 0x10a2, 0x10a2, 0x10a2, 0x10a2, 0x10a2, 0x10a2, 0x10a2, 0x10a2, 0x10a2, 0x10a2, 
	0x10a2, 0x10a2, 0x10a2, 0x10a2, 0x10a2, 0x10a2, 0x10a2, 0x10a2, 0x10a2, 0x10a2, 0x10a2, 0x10a2, 0x10a2, 0x10a2, 0x10a2, 0x10a2, 
	0x10a2, 0x10a2, 0x10a2, 0x10a2, 0x10a2, 0x10a2, 0x10a2, 0x10a2, 0x10a2, 0x10a2, 0x10a2, 0x10a2, 0x10a2, 0x10a2, 0x10a2, 0x10a2, 
	0x10a2, 0x10a2, 0x10a2, 0x10a2, 0x10a2, 0x10a2, 0x10a2, 0x10a2, 0x10a2, 0x10a2, 0x10a2, 0x10a2, 0x10a2, 0x10a2, 0x10a2, 0x10a2, 
	0x10a2, 0x10a2, 0x10a2, 0x10a2, 0x10a2, 0x10a2, 0x10a2, 0x10a2, 0x10a2, 0x10a2, 0x10a2, 0x10a2, 0x10a2, 0x10a2, 0x10a2, 0x10a2, 
	0x10a2, 0x10a2, 0x10a2, 0x10a2, 0x10a2, 0x10a2, 0x10a2, 0x10a2, 0x10a2, 0x10a2, 0x10a2, 0x10a2, 0x10a2, 0x10a2, 0x10a2, 0x10a2, 
	0x10a2, 0x10a2, 0x10a2, 0x10a2, 0x10a2, 0x10a2, 0x10a2, 0x10a2, 0x10a2, 0x10a2, 0x10a2, 0x10a2, 0x10a2, 0x10a2, 0x10a2, 0x10a2, 
	0x10a2, 0x10a2, 0x10a2, 0x10a2, 0x10a2, 0x10a2, 0x10a2, 0x10a2, 0x10a2, 0x10a2, 0x10a2, 0x10a2, 0x10a2, 0x10a2, 0x10a2, 0x10a2, 
	0x10a2, 0x10a2, 0x10a2, 0x10a2, 0x10a2, 0x10a2, 0x10a2, 0x10a2, 0x10a2, 0x10a2, 0x10a2, 0x10a2, 0x10a2, 0x10a2, 0x10a2, 0x10a2, 
	0x10a2, 0x10a2, 0x10a2, 0x10a2, 0x10a2, 0x10a2, 0x10a2, 0x10a2, 0x10a2, 0x10a2, 0x10a2, 0x10a2, 0x10a2, 0x10a2, 0x10a2, 0x10a2, 
	0x10a2, 0x10a2, 0x10a2, 0x10a2, 0x10a2, 0x10a2, 0x10a2, 0x10a2, 0x10a2, 0x10a2, 0x10a2, 0x10a2, 0x10a2, 0x10a2, 0x10a2, 0x10a2, 
	0x10a2, 0x10a2, 0x10a2, 0x10a2, 0x10a2, 0x10a2, 0x10a2, 0x10a2, 0x10a2, 0x10a2, 0x10a2, 0x10a2, 0x10a2, 0x10a2, 0x10a2, 0x10a2, 
	0x10a2, 0x10a2, 0x10a2, 0x10a2, 0x10a2, 0x10a2, 0x10a2, 0x10a2, 0x10a2, 0x10a2, 0x10a2, 0x10a2, 0x10a2, 0x10a2, 0x10a2, 0x10a2, 
	0x10a2, 0x10a2, 0x10a2, 0x10a2, 0x10a2, 0x10a2, 0x10a2, 0x10a2, 0x10a2, 0x10a2, 0x10a2, 0x10a2, 0x10a2, 0x10a2, 0x10a2, 0x10a2, 
	0x10a2, 0x10a2, 0x10a2, 0x10a2, 0x10a2, 0x10a2, 0x10a2, 0x10a2, 0x10a2, 0x10a2, 0x10a2, 0x10a2, 0x10a2, 0x10a2, 0x10a2, 0x10a2, 
	0x10a2, 0x10a2, 0x10a2, 0x10a2, 0x10a2, 0x10a2, 0x10a2, 0x10a2, 0x10a2, 0x10a2, 0x10a2, 0x10a2, 0x10a2, 0x10a2, 0x10a2, 0x10a2, 
	0x10a2, 0x10a2, 0x10a2, 0x10a2, 0x10a2, 0x10a2, 0x10a2, 0x10a2, 0x10a2, 0x10a2, 0x10a2, 0x10a2, 0x10a2, 0x10a2, 0x10a2, 0x10a2, 
	0x10a2, 0x10a2, 0x10a2, 0x10a2, 0x10a2, 0x10a2, 0x10a2, 0x10a2, 0x10a2, 0x10a2, 0x10a2, 0x10a2, 0x10a2, 0x10a2, 0x10a2, 0x10a2, 
	0x10a2, 0x10a2, 0x10a2, 0x10a2, 0x10a2, 0x10a2, 0x10a2, 0x10a2, 0x10a2, 0x10a2, 0x10a2, 0x10a2, 0x10a2, 0x10a2, 0x10a2, 0x10a2, 
	0x10a2, 0x10a2, 0x10a2, 0x10a2, 0x10a2, 0x10a2, 0x10a2, 0x10a2, 0x10a2, 0x10a2, 0x10a2, 0x10a2, 0x10a2, 0x10a2, 0x10a2, 0x10a2, 
	0x10a2, 0x10a2, 0x10a2, 0x10a2, 0x10a2, 0x10a2, 0x10a2, 0x10a2, 0x10a2, 0x10a2, 0x10a2, 0x10a2, 0x10a2, 0x10a2, 0x10a2, 0x10a2, 
	0x10a2, 0x10a2, 0x10a2, 0x10a2, 0x10a2, 0x10a2, 0x10a2, 0x10a2, 0x10a2, 0x10a2, 0x10a2, 0x10a2, 0x10a2, 0x10a2, 0x10a2, 0x10a2, 
	0x10a2, 0x10a2, 0x10a2, 0x10a2, 0x10a2, 0x10a2, 0x10a2, 0x10a2, 0x10a2, 0x10a2, 0x10a2, 0x10a2, 0x10a2, 0x10a2, 0x10a2, 0x10a2, 
	0x10a2, 0x10a2, 0x10a2, 0x10a2, 0x10a2, 0x10a2, 0x10a2, 0x10a2, 0x10a2, 0x10a2, 0x10a2, 0x10a2, 0x10a2, 0x10a2, 0x10a2, 0x10a2, 
	0x10a2, 0x10a2, 0x10a2, 0x10a2, 0x10a2, 0x10a2, 0x10a2, 0x10a2, 0x10a2, 0x10a2, 0x10a2, 0x10a2, 0x10a2, 0x10a2, 0x10a2, 0x10a2, 
	0x10a2, 0x10a2, 0x10a2, 0x10a2, 0x10a2, 0x10a2, 0x10a2, 0x10a2, 0x10a2, 0x10a2, 0x10a2, 0x10a2, 0x10a2, 0x10a2, 0x10a2, 0x10a2, 
	0x10a2, 0x10a2, 0x10a2, 0x10a2, 0x10a2, 0x10a2, 0x10a2, 0x10a2, 0x10a2, 0x10a2, 0x10a2, 0x10a2, 0x10a2, 0x10a2, 0x10a2, 0x10a2, 
	0x10a2, 0x10a2, 0x10a2, 0x10a2, 0x10a2, 0x10a2, 0x10a2, 0x10a2, 0x10a2, 0x10a2, 0x10a2, 0x10a2, 0x10a2, 0x10a2, 0x10a2, 0x10a2, 
	0x10a2, 0x10a2, 0x10a2, 0x10a2, 0x10a2, 0x10a2, 0x10a2, 0x10a2, 0x10a2, 0x10a2, 0x10a2, 0x10a2, 0x10a2, 0x10a2, 0x10a2, 0x10a2, 
	0x10a2, 0x10a2, 0x10a2, 0x10a2, 0x10a2, 0x10a2, 0x10a2, 0x10a2, 0x10a2, 0x10a2, 0x10a2, 0x10a2, 0x10a2, 0x10a2, 0x10a2, 0x10a2, 
	0x10a2, 0x10a2, 0x10a2, 0x10a2, 0x10a2, 0x10a2, 0x10a2, 0x10a2, 0x10a2, 0x10a2, 0x10a2, 0x10a2, 0x10a2, 0x10a2, 0x10a2, 0x10a2, 
	0x10a2, 0x10a2, 0x10a2, 0x10a2, 0x10a2, 0x10a2, 0x10a2, 0x10a2, 0x10a2, 0x10a2, 0x10a2, 0x10a2, 0x10a2, 0x10a2, 0x10a2, 0x10a2, 
	0x10a2, 0x10a2, 0x10a2, 0x10a2, 0x10a2, 0x10a2, 0x10a2, 0x10a2, 0x10a2, 0x10a2, 0x10a2, 0x10a2, 0x10a2, 0x10a2, 0x10a2, 0x10a2, 
	0x10a2, 0x10a2, 0x10a2, 0x10a2, 0x10a2, 0x10a2, 0x10a2, 0x10a2, 0x10a2, 0x10a2, 0x10a2, 0x10a2, 0x10a2, 0x10a2, 0x10a2, 0x10a2, 
	0x10a2, 0x10a2, 0x10a2, 0x10a2, 0x10a2, 0x10a2, 0x10a2, 0x10a2, 0x10a2, 0x10a2, 0x10a2, 0x10a2, 0x10a2, 0x10a2, 0x10a2, 0x10a2, 
	0x10a2, 0x10a2, 0x10a2, 0x10a2, 0x10a2, 0x10a2, 0x10a2, 0x10a2, 0x10a2, 0x10a2, 0x10a2, 0x10a2, 0x10a2, 0x10a2, 0x10a2, 0x10a2, 
	0x10a2, 0x10a2, 0x10a2, 0x10a2, 0x10a2, 0x10a2, 0x10a2, 0x10a2, 0x10a2, 0x10a2, 0x10a2, 0x10a2, 0x10a2, 0x10a2, 0x10a2, 0x10a2, 
	0x10a2, 0x10a2, 0x10a2, 0x10a2, 0x10a2, 0x10a2, 0x10a2, 0x10a2, 0x10a2, 0x10a2, 0x10a2, 0x10a2, 0x10a2, 0x10a2, 0x10a2, 0x10a2, 
	0x10a2, 0x10a2, 0x10a2, 0x10a2, 0x10a2, 0x10a2, 0x10a2, 0x10a2, 0x10a2, 0x10a2, 0x10a2, 0x10a2, 0x10a2, 0x10a2, 0x10a2, 0x10a2, 
	0x10a2, 0x10a2, 0x10a2, 0x10a2, 0x10a2, 0x10a2, 0x10a2, 0x10a2, 0x10a2, 0x10a2, 0x10a2, 0x10a2, 0x10a2, 0x10a2, 0x10a2, 0x10a2, 
	0x10a2, 0x10a2, 0x10a2, 0x10a2, 0x10a2, 0x10a2, 0x10a2, 0x10a2, 0x10a2, 0x10a2, 0x10a2, 0x10a2, 0x10a2, 0x10a2, 0x10a2, 0x10a2, 
	0x10a2, 0x10a2, 0x10a2, 0x10a2, 0x10a2, 0x10a2, 0x10a2, 0x10a2, 0x10a2, 0x10a2, 0x10a2, 0x10a2, 0x10a2, 0x10a2, 0x10a2, 0x10a2, 
	0x10a2, 0x10a2, 0x10a2, 0x10a2, 0x10a2, 0x10a2, 0x10a2, 0x10a2, 0x10a2, 0x10a2, 0x10a2, 0x10a2, 0x10a2, 0x10a2, 0x10a2, 0x10a2, 
	0x10a2, 0x10a2, 0x10a2, 0x10a2, 0x10a2, 0x10a2, 0x10a2, 0x10a2, 0x10a2, 0x10a2, 0x10a2, 0x10a2, 0x10a2, 0x10a2, 0x10a2, 0x10a2, 
	0x10a2, 0x10a2, 0x10a2, 0x10a2, 0x10a2, 0x10a2, 0x10a2, 0x10a2, 0x10a2, 0x10a2, 0x10a2, 0x10a2, 0x10a2, 0x10a2, 0x10a2, 0x10a2, 
	0x10a2, 0x10a2, 0x10a2, 0x10a2, 0x10a2, 0x10a2, 0x10a2, 0x10a2, 0x10a2, 0x10a2, 0x10a2, 0x10a2, 0x10a2, 0x10a2, 0x10a2, 0x10a2, 
	0x10a2, 0x10a2, 0x10a2, 0x10a2, 0x10a2, 0x10a2, 0x10a2, 0x10a2, 0x10a2, 0x10a2, 0x10a2, 0x10a2, 0x10a2, 0x10a2, 0x10a2, 0x10a2, 
	0x10a2, 0x10a2, 0x10a2, 0x10a2, 0x10a2, 0x10a2, 0x10a2, 0x10a2, 0x10a2, 0x10a2, 0x10a2, 0x10a2, 0x10a2, 0x10a2, 0x10a2, 0x10a2, 
	0x10a2, 0x10a2, 0x10a2, 0x10a2, 0x10a2, 0x10a2, 0x10a2, 0x10a2, 0x10a2, 0x10a2, 0x10a2, 0x10a2, 0x10a2, 0x10a2, 0x10a2, 0x10a2, 
	0x10a2, 0x10a2, 0x10a2, 0x10a2, 0x10a2, 0x10a2, 0x10a2, 0x10a2, 0x10a2, 0x10a2, 0x10a2, 0x10a2, 0x10a2, 0x10a2, 0x10a2, 0x10a2, 
	0x10a2, 0x10a2, 0x10a2, 0x10a2, 0x10a2, 0x10a2, 0x10a2, 0x10a2, 0x10a2, 0x10a2, 0x10a2, 0x10a2, 0x10a2, 0x10a2, 0x10a2, 0x10a2, 
	0x10a2, 0x10a2, 0x10a2, 0x10a2, 0x10a2, 0x10a2, 0x10a2, 0x10a2, 0x10a2, 0x10a2, 0x10a2, 0x10a2, 0x10a2, 0x10a2, 0x10a2, 0x10a2, 
	0x10a2, 0x10a2, 0x10a2, 0x10a2, 0x10a2, 0x10a2, 0x10a2, 0x10a2, 0x10a2, 0x10a2, 0x10a2, 0x10a2, 0x10a2, 0x10a2, 0x10a2, 0x10a2, 
	0x10a2, 0x10a2, 0x10a2, 0x10a2, 0x10a2, 0x10a2, 0x10a2, 0x10a2, 0x10a2, 0x10a2, 0x10a2, 0x10a2, 0x10a2, 0x10a2, 0x10a2, 0x10a2, 
	0x10a2, 0x10a2, 0x10a2, 0x10a2, 0x10a2, 0x10a2, 0x10a2, 0x10a2, 0x10a2, 0x10a2, 0x10a2, 0x10a2, 0x10a2, 0x10a2, 0x10a2, 0x10a2, 
	0x10a2, 0x10a2, 0x10a2, 0x10a2, 0x10a2, 0x10a2, 0x10a2, 0x10a2, 0x10a2, 0x10a2, 0x10a2, 0x10a2, 0x10a2, 0x10a2, 0x10a2, 0x10a2, 
	0x10a2, 0x10a2, 0x10a2, 0x10a2, 0x10a2, 0x10a2, 0x10a2, 0x10a2, 0x10a2, 0x10a2, 0x10a2, 0x10a2, 0x10a2, 0x10a2, 0x10a2, 0x10a2, 
	0x10a2, 0x10a2, 0x10a2, 0x10a2, 0x10a2, 0x10a2, 0x10a2, 0x10a2, 0x10a2, 0x10a2, 0x10a2, 0x10a2, 0x10a2, 0x10a2, 0x10a2, 0x10a2, 
	0x10a2, 0x10a2, 0x10a2, 0x10a2, 0x10a2, 0x10a2, 0x10a2, 0x10a2, 0x10a2, 0x10a2, 0x10a2, 0x10a2, 0x10a2, 0x10a2, 0x10a2, 0x10a2, 
	0x10a2, 0x10a2, 0x10a2, 0x10a2, 0x10a2, 0x10a2, 0x10a2, 0x10a2, 0x10a2, 0x10a2, 0x10a2, 0x10a2, 0x10a2, 0x10a2, 0x10a2, 0x10a2, 
	0x10a2, 0x10a2, 0x10a2, 0x10a2, 0x10a2, 0x10a2, 0x10a2, 0x10a2, 0x10a2, 0x10a2, 0x10a2, 0x10a2, 0x10a2, 0x10a2, 0x10a2, 0x10a2, 
	0x10a2, 0x10a2, 0x10a2, 0x10a2, 0x10a2, 0x10a2, 0x10a2, 0x10a2, 0x10a2, 0x10a2, 0x10a2, 0x10a2, 0x10a2, 0x10a2, 0x10a2, 0x10a2, 
	0x10a2, 0x10a2, 0x10a2, 0x10a2, 0x10a2, 0x10a2, 0x10a2, 0x10a2, 0x10a2, 0x10a2, 0x10a2, 0x10a2, 0x10a2, 0x10a2, 0x10a2, 0x10a2, 
	0x10a2, 0x10a2, 0x10a2, 0x10a2, 0x10a2, 0x10a2, 0x10a2, 0x10a2, 0x10a2, 0x10a2, 0x10a2, 0x10a2, 0x10a2, 0x10a2, 0x10a2, 0x10a2, 
	0x10a2, 0x10a2, 0x10a2, 0x10a2, 0x10a2, 0x10a2, 0x10a2, 0x10a2, 0x10a2, 0x10a2, 0x10a2, 0x10a2, 0x10a2, 0x10a2, 0x10a2, 0x10a2, 
	0x10a2, 0x10a2, 0x10a2, 0x10a2, 0x10a2, 0x10a2, 0x10a2, 0x10a2, 0x10a2, 0x10a2, 0x10a2, 0x10a2, 0x10a2, 0x10a2, 0x10a2, 0x10a2, 
	0x10a2, 0x10a2, 0x10a2, 0x10a2, 0x10a2, 0x10a2, 0x10a2, 0x10a2, 0x10a2, 0x10a2, 0x10a2, 0x10a2, 0x10a2, 0x10a2, 0x10a2, 0x10a2, 
	0x10a2, 0x10a2, 0x10a2, 0x10a2, 0x10a2, 0x10a2, 0x10a2, 0x10a2, 0x10a2, 0x10a2, 0x10a2, 0x10a2, 0x10a2, 0x10a2, 0x10a2, 0x10a2, 
	0x10a2, 0x10a2, 0x10a2, 0x10a2, 0x10a2, 0x10a2, 0x10a2, 0x10a2, 0x10a2, 0x10a2, 0x10a2, 0x10a2, 0x10a2, 0x10a2, 0x10a2, 0x10a2, 
	0x10a2, 0x10a2, 0x10a2, 0x10a2, 0x10a2, 0x10a2, 0x10a2, 0x10a2, 0x10a2, 0x10a2, 0x10a2, 0x10a2, 0x10a2, 0x10a2, 0x10a2, 0x10a2, 
	0x10a2, 0x10a2, 0x10a2, 0x10a2, 0x10a2, 0x10a2, 0x10a2, 0x10a2, 0x10a2, 0x10a2, 0x10a2, 0x10a2, 0x10a2, 0x10a2, 0x10a2, 0x10a2, 
	0x10a2, 0x10a2, 0x10a2, 0x10a2, 0x10a2, 0x10a2, 0x10a2, 0x10a2, 0x10a2, 0x10a2, 0x10a2, 0x10a2, 0x10a2, 0x10a2, 0x10a2, 0x10a2, 
	0x10a2, 0x10a2, 0x10a2, 0x10a2, 0x10a2, 0x10a2, 0x10a2, 0x10a2, 0x10a2, 0x10a2, 0x10a2, 0x10a2, 0x10a2, 0x10a2, 0x10a2, 0x10a2, 
	0x10a2, 0x10a2, 0x10a2, 0x10a2, 0x10a2, 0x10a2, 0x10a2, 0x10a2, 0x10a2, 0x10a2, 0x10a2, 0x10a2, 0x10a2, 0x10a2, 0x10a2, 0x10a2, 
	0x10a2, 0x10a2, 0x10a2, 0x10a2, 0x10a2, 0x10a2, 0x10a2, 0x10a2, 0x10a2, 0x10a2, 0x10a2, 0x10a2, 0x10a2, 0x10a2, 0x10a2, 0x10a2, 
	0x10a2, 0x10a2, 0x10a2, 0x10a2, 0x10a2, 0x10a2, 0x10a2, 0x10a2, 0x10a2, 0x10a2, 0x10a2, 0x10a2, 0x10a2, 0x10a2, 0x10a2, 0x10a2, 
	0x10a2, 0x10a2, 0x10a2, 0x10a2, 0x10a2, 0x10a2, 0x10a2, 0x10a2, 0x10a2, 0x10a2, 0x10a2, 0x10a2, 0x10a2, 0x10a2, 0x10a2, 0x10a2, 
	0x10a2, 0x10a2, 0x10a2, 0x10a2, 0x10a2, 0x10a2, 0x10a2, 0x10a2, 0x10a2, 0x10a2, 0x10a2, 0x10a2, 0x10a2, 0x10a2, 0x10a2, 0x10a2, 
	0x10a2, 0x10a2, 0x10a2, 0x10a2, 0x10a2, 0x10a2, 0x10a2, 0x10a2, 0x10a2, 0x10a2, 0x10a2, 0x10a2, 0x10a2, 0x10a2, 0x10a2, 0x10a2, 
	0x10a2, 0x10a2, 0x10a2, 0x10a2, 0x10a2, 0x10a2, 0x10a2, 0x10a2, 0x10a2, 0x10a2, 0x10a2, 0x10a2, 0x10a2, 0x10a2, 0x10a2, 0x10a2, 
	0x10a2, 0x10a2, 0x10a2, 0x10a2, 0x10a2, 0x10a2, 0x10a2, 0x10a2, 0x10a2, 0x10a2, 0x10a2, 0x10a2, 0x10a2, 0x10a2, 0x10a2, 0x10a2, 
	0x10a2, 0x10a2, 0x10a2, 0x10a2, 0x10a2, 0x10a2, 0x10a2, 0x10a2, 0x10a2, 0x10a2, 0x10a2, 0x10a2, 0x10a2, 0x10a2, 0x10a2, 0x10a2, 
	0x10a2, 0x10a2, 0x10a2, 0x10a2, 0x10a2, 0x10a2, 0x10a2, 0x10a2, 0x10a2, 0x10a2, 0x10a2, 0x10a2, 0x10a2, 0x10a2, 0x10a2, 0x10a2, 
	0x10a2, 0x10a2, 0x10a2, 0x10a2, 0x10a2, 0x10a2, 0x10a2, 0x10a2, 0x10a2, 0x10a2, 0x10a2, 0x10a2, 0x10a2, 0x10a2, 0x10a2, 0x10a2, 
	0x10a2, 0x10a2, 0x10a2, 0x10a2, 0x10a2, 0x10a2, 0x10a2, 0x10a2, 0x10a2, 0x10a2, 0x10a2, 0x10a2, 0x10a2, 0x10a2, 0x10a2, 0x10a2, 
	0x10a2, 0x10a2, 0x10a2, 0x10a2, 0x10a2, 0x10a2, 0x10a2, 0x10a2, 0x10a2, 0x10a2, 0x10a2, 0x10a2, 0x10a2, 0x10a2, 0x10a2, 0x10a2, 
	0x10a2, 0x10a2, 0x10a2, 0x10a2, 0x10a2, 0x10a2, 0x10a2, 0x10a2, 0x10a2, 0x10a2, 0x10a2, 0x10a2, 0x10a2, 0x10a2, 0x10a2, 0x10a2, 
	0x10a2, 0x10a2, 0x10a2, 0x10a2, 0x10a2, 0x10a2, 0x10a2, 0x10a2, 0x10a2, 0x10a2, 0x10a2, 0x10a2, 0x10a2, 0x10a2, 0x10a2, 0x10a2, 
	0x10a2, 0x10a2, 0x10a2, 0x10a2, 0x10a2, 0x10a2, 0x10a2, 0x10a2, 0x10a2, 0x10a2, 0x10a2, 0x10a2, 0x10a2, 0x10a2, 0x10a2, 0x10a2, 
	0x10a2, 0x10a2, 0x10a2, 0x10a2, 0x10a2, 0x10a2, 0x10a2, 0x10a2, 0x10a2, 0x10a2, 0x10a2, 0x10a2, 0x10a2, 0x10a2, 0x10a2, 0x10a2, 
	0x10a2, 0x10a2, 0x10a2, 0x10a2, 0x10a2, 0x10a2, 0x10a2, 0x10a2, 0x10a2, 0x10a2, 0x10a2, 0x10a2, 0x10a2, 0x10a2, 0x10a2, 0x10a2, 
	0x10a2, 0x10a2, 0x10a2, 0x10a2, 0x10a2, 0x10a2, 0x10a2, 0x10a2, 0x10a2, 0x10a2, 0x10a2, 0x10a2, 0x10a2, 0x10a2, 0x10a2, 0x10a2, 
	0x10a2, 0x10a2, 0x10a2, 0x10a2, 0x10a2, 0x10a2, 0x10a2, 0x10a2, 0x10a2, 0x10a2, 0x10a2, 0x10a2, 0x10a2, 0x10a2, 0x10a2, 0x10a2, 
	0x10a2, 0x10a2, 0x10a2, 0x10a2, 0x10a2, 0x10a2, 0x10a2, 0x10a2, 0x10a2, 0x10a2, 0x10a2, 0x10a2, 0x10a2, 0x10a2, 0x10a2, 0x10a2, 
	0x10a2, 0x10a2, 0x10a2, 0x10a2, 0x10a2, 0x10a2, 0x10a2, 0x10a2, 0x10a2, 0x10a2, 0x10a2, 0x10a2, 0x10a2, 0x10a2, 0x10a2, 0x10a2, 
	0x10a2, 0x10a2, 0x10a2, 0x10a2, 0x10a2, 0x10a2, 0x10a2, 0x10a2, 0x10a2, 0x10a2, 0x10a2, 0x10a2, 0x10a2, 0x10a2, 0x10a2, 0x10a2, 
	0x10a2, 0x10a2, 0x10a2, 0x10a2, 0x10a2, 0x10a2, 0x10a2, 0x10a2, 0x10a2, 0x10a2, 0x10a2, 0x10a2, 0x10a2, 0x10a2, 0x10a2, 0x10a2, 
	0x10a2, 0x10a2, 0x10a2, 0x10a2, 0x10a2, 0x10a2, 0x10a2, 0x10a2, 0x10a2, 0x10a2, 0x10a2, 0x10a2, 0x10a2, 0x10a2, 0x10a2, 0x10a2, 
	0x10a2, 0x10a2, 0x10a2, 0x10a2, 0x10a2, 0x10a2, 0x10a2, 0x10a2, 0x10a2, 0x10a2, 0x10a2, 0x10a2, 0x10a2, 0x10a2, 0x10a2, 0x10a2, 
	0x10a2, 0x10a2, 0x10a2, 0x10a2, 0x10a2, 0x10a2, 0x10a2, 0x10a2, 0x10a2, 0x10a2, 0x10a2, 0x10a2, 0x10a2, 0x10a2, 0x10a2, 0x10a2, 
	0x10a2, 0x10a2, 0x10a2, 0x10a2, 0x10a2, 0x10a2, 0x10a2, 0x10a2, 0x10a2, 0x10a2, 0x10a2, 0x10a2, 0x10a2, 0x10a2, 0x10a2, 0x10a2, 
	0x10a2, 0x10a2, 0x10a2, 0x10a2, 0x10a2, 0x10a2, 0x10a2, 0x10a2, 0x10a2, 0x10a2, 0x10a2, 0x10a2, 0x10a2, 0x10a2, 0x10a2, 0x10a2, 
	0x10a2, 0x10a2, 0x10a2, 0x10a2, 0x10a2, 0x10a2, 0x10a2, 0x10a2, 0x10a2, 0x10a2, 0x10a2, 0x10a2, 0x10a2, 0x10a2, 0x10a2, 0x10a2, 
	0x10a2, 0x10a2, 0x10a2, 0x10a2, 0x10a2, 0x10a2, 0x10a2, 0x10a2, 0x10a2, 0x10a2, 0x10a2, 0x10a2, 0x10a2, 0x10a2, 0x10a2, 0x10a2, 
	0x10a2, 0x10a2, 0x10a2, 0x10a2, 0x10a2, 0x10a2, 0x10a2, 0x10a2, 0x10a2, 0x10a2, 0x10a2, 0x10a2, 0x10a2, 0x10a2, 0x10a2, 0x10a2, 
	0x10a2, 0x10a2, 0x10a2, 0x10a2, 0x10a2, 0x10a2, 0x10a2, 0x10a2, 0x10a2, 0x10a2, 0x10a2, 0x10a2, 0x10a2, 0x10a2, 0x10a2, 0x10a2, 
	0x10a2, 0x10a2, 0x10a2, 0x10a2, 0x10a2, 0x10a2, 0x10a2, 0x10a2, 0x10a2, 0x10a2, 0x10a2, 0x10a2, 0x10a2, 0x10a2, 0x10a2, 0x10a2, 
	0x10a2, 0x10a2, 0x10a2, 0x10a2, 0x10a2, 0x10a2, 0x10a2, 0x10a2, 0x10a2, 0x10a2, 0x10a2, 0x10a2, 0x10a2, 0x10a2, 0x10a2, 0x10a2, 
	0x10a2, 0x10a2, 0x10a2, 0x10a2, 0x10a2, 0x10a2, 0x10a2, 0x10a2, 0x10a2, 0x10a2, 0x10a2, 0x10a2, 0x10a2, 0x10a2, 0x10a2, 0x10a2, 
	0x10a2, 0x10a2, 0x10a2, 0x10a2, 0x10a2, 0x10a2, 0x10a2, 0x10a2, 0x10a2, 0x10a2, 0x10a2, 0x10a2, 0x10a2, 0x10a2, 0x10a2, 0x10a2, 
	0x10a2, 0x10a2, 0x10a2, 0x10a2, 0x10a2, 0x10a2, 0x10a2, 0x10a2, 0x10a2, 0x10a2, 0x10a2, 0x10a2, 0x10a2, 0x10a2, 0x10a2, 0x10a2, 
	0x10a2, 0x10a2, 0x10a2, 0x10a2, 0x10a2, 0x10a2, 0x10a2, 0x10a2, 0x10a2, 0x10a2, 0x10a2, 0x10a2, 0x10a2, 0x10a2, 0x10a2, 0x10a2, 
	0x10a2, 0x10a2, 0x10a2, 0x10a2, 0x10a2, 0x10a2, 0x10a2, 0x10a2, 0x10a2, 0x10a2, 0x10a2, 0x10a2, 0x10a2, 0x10a2, 0x10a2, 0x10a2, 
	0x10a2, 0x10a2, 0x10a2, 0x10a2, 0x10a2, 0x10a2, 0x10a2, 0x10a2, 0x10a2, 0x10a2, 0x10a2, 0x10a2, 0x10a2, 0x10a2, 0x10a2, 0x10a2, 
	0x10a2, 0x10a2, 0x10a2, 0x10a2, 0x10a2, 0x10a2, 0x10a2, 0x10a2, 0x10a2, 0x10a2, 0x10a2, 0x10a2, 0x10a2, 0x10a2, 0x10a2, 0x10a2, 
	0x10a2, 0x10a2, 0x10a2, 0x10a2, 0x10a2, 0x10a2, 0x10a2, 0x10a2, 0x10a2, 0x10a2, 0x10a2, 0x10a2, 0x10a2, 0x10a2, 0x10a2, 0x10a2, 
	0x10a2, 0x10a2, 0x10a2, 0x10a2, 0x10a2, 0x10a2, 0x10a2, 0x10a2, 0x10a2, 0x10a2, 0x10a2, 0x10a2, 0x10a2, 0x10a2, 0x10a2, 0x10a2, 
	0x10a2, 0x10a2, 0x10a2, 0x10a2, 0x10a2, 0x10a2, 0x10a2, 0x10a2, 0x10a2, 0x10a2, 0x10a2, 0x10a2, 0x10a2, 0x10a2, 0x10a2, 0x10a2, 
	0x10a2, 0x10a2, 0x10a2, 0x10a2, 0x10a2, 0x10a2, 0x10a2, 0x10a2, 0x10a2, 0x10a2, 0x10a2, 0x10a2, 0x10a2, 0x10a2, 0x10a2, 0x10a2, 
	0x10a2, 0x10a2, 0x10a2, 0x10a2, 0x10a2, 0x10a2, 0x10a2, 0x10a2, 0x10a2, 0x10a2, 0x10a2, 0x10a2, 0x10a2, 0x10a2, 0x10a2, 0x10a2, 
	0x10a2, 0x10a2, 0x10a2, 0x10a2, 0x10a2, 0x10a2, 0x10a2, 0x10a2, 0x10a2, 0x10a2, 0x10a2, 0x10a2, 0x10a2, 0x10a2, 0x10a2, 0x10a2, 
	0x10a2, 0x10a2, 0x10a2, 0x10a2, 0x10a2, 0x10a2, 0x10a2, 0x10a2, 0x10a2, 0x10a2, 0x10a2, 0x10a2, 0x10a2, 0x10a2, 0x10a2, 0x10a2, 
	0x10a2, 0x10a2, 0x10a2, 0x10a2, 0x10a2, 0x10a2, 0x10a2, 0x10a2, 0x10a2, 0x10a2, 0x10a2, 0x10a2, 0x10a2, 0x10a2, 0x10a2, 0x10a2, 
	0x10a2, 0x10a2, 0x10a2, 0x10a2, 0x10a2, 0x10a2, 0x10a2, 0x10a2, 0x10a2, 0x10a2, 0x10a2, 0x10a2, 0x10a2, 0x10a2, 0x10a2, 0x10a2, 
	0x10a2, 0x10a2, 0x10a2, 0x10a2, 0x10a2, 0x10a2, 0x10a2, 0x10a2, 0x10a2, 0x10a2, 0x10a2, 0x10a2, 0x10a2, 0x10a2, 0x10a2, 0x10a2, 
	0x10a2, 0x10a2, 0x10a2, 0x10a2, 0x10a2, 0x10a2, 0x10a2, 0x10a2, 0x10a2, 0x10a2, 0x10a2, 0x10a2, 0x10a2, 0x10a2, 0x10a2, 0x10a2, 
	0x10a2, 0x10a2, 0x10a2, 0x10a2, 0x10a2, 0x10a2, 0x10a2, 0x10a2, 0x10a2, 0x10a2, 0x10a2, 0x10a2, 0x10a2, 0x10a2, 0x10a2, 0x10a2, 
	0x10a2, 0x10a2, 0x10a2, 0x10a2, 0x10a2, 0x10a2, 0x10a2, 0x10a2, 0x10a2, 0x10a2, 0x10a2, 0x10a2, 0x10a2, 0x10a2, 0x10a2, 0x10a2, 
	0x10a2, 0x10a2, 0x10a2, 0x10a2, 0x10a2, 0x10a2, 0x10a2, 0x10a2, 0x10a2, 0x10a2, 0x10a2, 0x10a2, 0x10a2, 0x10a2, 0x10a2, 0x10a2, 
	0x10a2, 0x10a2, 0x10a2, 0x10a2, 0x10a2, 0x10a2, 0x10a2, 0x10a2, 0x10a2, 0x10a2, 0x10a2, 0x10a2, 0x10a2, 0x10a2, 0x10a2, 0x10a2, 
	0x10a2, 0x10a2, 0x10a2, 0x10a2, 0x10a2, 0x10a2, 0x10a2, 0x10a2, 0x10a2, 0x10a2, 0x10a2, 0x10a2, 0x10a2, 0x10a2, 0x10a2, 0x10a2, 
	0x10a2, 0x10a2, 0x10a2, 0x10a2, 0x10a2, 0x10a2, 0x10a2, 0x10a2, 0x10a2, 0x10a2, 0x10a2, 0x10a2, 0x10a2, 0x10a2, 0x10a2, 0x10a2, 
	0x10a2, 0x10a2, 0x10a2, 0x10a2, 0x10a2, 0x10a2, 0x10a2, 0x10a2, 0x10a2, 0x10a2, 0x10a2, 0x10a2, 0x10a2, 0x10a2, 0x10a2, 0x10a2, 
	0x10a2, 0x10a2, 0x10a2, 0x10a2, 0x10a2, 0x10a2, 0x10a2, 0x10a2, 0x10a2, 0x10a2, 0x10a2, 0x10a2, 0x10a2, 0x10a2, 0x10a2, 0x10a2, 
	0x10a2, 0x10a2, 0x10a2, 0x10a2, 0x10a2, 0x10a2, 0x10a2, 0x10a2, 0x10a2, 0x10a2, 0x10a2, 0x10a2, 0x10a2, 0x10a2, 0x10a2, 0x10a2, 
	0x10a2, 0x10a2, 0x10a2, 0x10a2, 0x10a2, 0x10a2, 0x10a2, 0x10a2, 0x10a2, 0x10a2, 0x10a2, 0x10a2, 0x10a2, 0x10a2, 0x10a2, 0x10a2, 
	0x10a2, 0x10a2, 0x10a2, 0x10a2, 0x10a2, 0x10a2, 0x10a2, 0x10a2, 0x10a2, 0x10a2, 0x10a2, 0x10a2, 0x10a2, 0x10a2, 0x10a2, 0x10a2, 
	0x10a2, 0x10a2, 0x10a2, 0x10a2, 0x10a2, 0x10a2, 0x10a2, 0x10a2, 0x10a2, 0x10a2, 0x10a2, 0x10a2, 0x10a2, 0x10a2, 0x10a2, 0x10a2, 
	0x10a2, 0x10a2, 0x10a2, 0x10a2, 0x10a2, 0x10a2, 0x10a2, 0x10a2, 0x10a2, 0x10a2, 0x10a2, 0x10a2, 0x10a2, 0x10a2, 0x10a2, 0x10a2, 
	0x10a2, 0x10a2, 0x10a2, 0x10a2, 0x10a2, 0x10a2, 0x10a2, 0x10a2, 0x10a2, 0x10a2, 0x10a2, 0x10a2, 0x10a2, 0x10a2, 0x10a2, 0x10a2, 
	0x10a2, 0x10a2, 0x10a2, 0x10a2, 0x10a2, 0x10a2, 0x10a2, 0x10a2, 0x10a2, 0x10a2, 0x10a2, 0x10a2, 0x10a2, 0x10a2, 0x10a2, 0x10a2, 
	0x10a2, 0x10a2, 0x10a2, 0x10a2, 0x10a2, 0x10a2, 0x10a2, 0x10a2, 0x10a2, 0x10a2, 0x10a2, 0x10a2, 0x10a2, 0x10a2, 0x10a2, 0x10a2, 
	0x10a2, 0x10a2, 0x10a2, 0x10a2, 0x10a2, 0x10a2, 0x10a2, 0x10a2, 0x10a2, 0x10a2, 0x10a2, 0x10a2, 0x10a2, 0x10a2, 0x10a2, 0x10a2, 
	0x10a2, 0x10a2, 0x10a2, 0x10a2, 0x10a2, 0x10a2, 0x10a2, 0x10a2, 0x10a2, 0x10a2, 0x10a2, 0x10a2, 0x10a2, 0x10a2, 0x10a2, 0x10a2, 
	0x10a2, 0x10a2, 0x10a2, 0x10a2, 0x10a2, 0x10a2, 0x10a2, 0x10a2, 0x10a2, 0x10a2, 0x10a2, 0x10a2, 0x10a2, 0x10a2, 0x10a2, 0x10a2, 
	0x10a2, 0x10a2, 0x10a2, 0x10a2, 0x10a2, 0x10a2, 0x10a2, 0x10a2, 0x10a2, 0x10a2, 0x10a2, 0x10a2, 0x10a2, 0x10a2, 0x10a2, 0x10a2, 
	0x10a2, 0x10a2, 0x10a2, 0x10a2, 0x10a2, 0x10a2, 0x10a2, 0x10a2, 0x10a2, 0x10a2, 0x10a2, 0x10a2, 0x10a2, 0x10a2, 0x10a2, 0x10a2, 
	0x10a2, 0x10a2, 0x10a2, 0x10a2, 0x10a2, 0x10a2, 0x10a2, 0x10a2, 0x10a2, 0x10a2, 0x10a2, 0x10a2, 0x10a2, 0x10a2, 0x10a2, 0x10a2, 
	0x10a2, 0x10a2, 0x10a2, 0x10a2, 0x10a2, 0x10a2, 0x10a2, 0x10a2, 0x10a2, 0x10a2, 0x10a2, 0x10a2, 0x10a2, 0x10a2, 0x10a2, 0x10a2, 
	0x10a2, 0x10a2, 0x10a2, 0x10a2, 0x10a2, 0x10a2, 0x10a2, 0x10a2, 0x10a2, 0x10a2, 0x10a2, 0x10a2, 0x10a2, 0x10a2, 0x10a2, 0x10a2, 
	0x10a2, 0x10a2, 0x10a2, 0x10a2, 0x10a2, 0x10a2, 0x10a2, 0x10a2, 0x10a2, 0x10a2, 0x10a2, 0x10a2, 0x10a2, 0x10a2, 0x10a2, 0x10a2, 
	0x10a2, 0x10a2, 0x10a2, 0x10a2, 0x10a2, 0x10a2, 0x10a2, 0x10a2, 0x10a2, 0x10a2, 0x10a2, 0x10a2, 0x10a2, 0x10a2, 0x10a2, 0x10a2, 
	0x10a2, 0x10a2, 0x10a2, 0x10a2, 0x10a2, 0x10a2, 0x10a2, 0x10a2, 0x10a2, 0x10a2, 0x10a2, 0x10a2, 0x10a2, 0x10a2, 0x10a2, 0x10a2, 
	0x10a2, 0x10a2, 0x10a2, 0x10a2, 0x10a2, 0x10a2, 0x10a2, 0x10a2, 0x10a2, 0x10a2, 0x10a2, 0x10a2, 0x10a2, 0x10a2, 0x10a2, 0x10a2, 
	0x10a2, 0x10a2, 0x10a2, 0x10a2, 0x10a2, 0x10a2, 0x10a2, 0x10a2, 0x10a2, 0x10a2, 0x10a2, 0x10a2, 0x10a2, 0x10a2, 0x10a2, 0x10a2, 
	0x10a2, 0x10a2, 0x10a2, 0x10a2, 0x10a2, 0x10a2, 0x10a2, 0x10a2, 0x10a2, 0x10a2, 0x10a2, 0x10a2, 0x10a2, 0x10a2, 0x10a2, 0x10a2, 
	0x10a2, 0x10a2, 0x10a2, 0x10a2, 0x10a2, 0x10a2, 0x10a2, 0x10a2, 0x10a2, 0x10a2, 0x10a2, 0x10a2, 0x10a2, 0x10a2, 0x10a2, 0x10a2, 
	0x10a2, 0x10a2, 0x10a2, 0x10a2, 0x10a2, 0x10a2, 0x10a2, 0x10a2, 0x10a2, 0x10a2, 0x10a2, 0x10a2, 0x10a2, 0x10a2, 0x10a2, 0x10a2, 
	0x10a2, 0x10a2, 0x10a2, 0x10a2, 0x10a2, 0x10a2, 0x10a2, 0x10a2, 0x10a2, 0x10a2, 0x10a2, 0x10a2, 0x10a2, 0x10a2, 0x10a2, 0x10a2, 
	0x10a2, 0x10a2, 0x10a2, 0x10a2, 0x10a2, 0x10a2, 0x10a2, 0x10a2, 0x10a2, 0x10a2, 0x10a2, 0x10a2, 0x10a2, 0x10a2, 0x10a2, 0x10a2, 
	0x10a2, 0x10a2, 0x10a2, 0x10a2, 0x10a2, 0x10a2, 0x10a2, 0x10a2, 0x10a2, 0x10a2, 0x10a2, 0x10a2, 0x10a2, 0x10a2, 0x10a2, 0x10a2, 
	0x10a2, 0x10a2, 0x10a2, 0x10a2, 0x10a2, 0x10a2, 0x10a2, 0x10a2, 0x10a2, 0x10a2, 0x10a2, 0x10a2, 0x10a2, 0x10a2, 0x10a2, 0x10a2, 
	0x10a2, 0x10a2, 0x10a2, 0x10a2, 0x10a2, 0x10a2, 0x10a2, 0x10a2, 0x10a2, 0x10a2, 0x10a2, 0x10a2, 0x10a2, 0x10a2, 0x10a2, 0x10a2, 
	0x10a2, 0x10a2, 0x10a2, 0x10a2, 0x10a2, 0x10a2, 0x10a2, 0x10a2, 0x10a2, 0x10a2, 0x10a2, 0x10a2, 0x10a2, 0x10a2, 0x10a2, 0x10a2, 
	0x10a2, 0x10a2, 0x10a2, 0x10a2, 0x10a2, 0x10a2, 0x10a2, 0x10a2, 0x10a2, 0x10a2, 0x10a2, 0x10a2, 0x10a2, 0x10a2, 0x10a2, 0x10a2, 
	0x10a2, 0x10a2, 0x10a2, 0x10a2, 0x10a2, 0x10a2, 0x10a2, 0x10a2, 0x10a2, 0x10a2, 0x10a2, 0x10a2, 0x10a2, 0x10a2, 0x10a2, 0x10a2, 
	0x10a2, 0x10a2, 0x10a2, 0x10a2, 0x10a2, 0x10a2, 0x10a2, 0x10a2, 0x10a2, 0x10a2, 0x10a2, 0x10a2, 0x10a2, 0x10a2, 0x10a2, 0x10a2, 
	0x10a2, 0x10a2, 0x10a2, 0x10a2, 0x10a2, 0x10a2, 0x10a2, 0x10a2, 0x10a2, 0x10a2, 0x10a2, 0x10a2, 0x10a2, 0x10a2, 0x10a2, 0x10a2, 
	0x10a2, 0x10a2, 0x10a2, 0x10a2, 0x10a2, 0x10a2, 0x10a2, 0x10a2, 0x10a2, 0x10a2, 0x10a2, 0x10a2, 0x10a2, 0x10a2, 0x10a2, 0x10a2, 
	0x10a2, 0x10a2, 0x10a2, 0x10a2, 0x10a2, 0x10a2, 0x10a2, 0x10a2, 0x10a2, 0x10a2, 0x10a2, 0x10a2, 0x10a2, 0x10a2, 0x10a2, 0x10a2, 
	0x10a2, 0x10a2, 0x10a2, 0x10a2, 0x10a2, 0x10a2, 0x10a2, 0x10a2, 0x10a2, 0x10a2, 0x10a2, 0x10a2, 0x10a2, 0x10a2, 0x10a2, 0x10a2, 
	0x10a2, 0x10a2, 0x10a2, 0x10a2, 0x10a2, 0x10a2, 0x10a2, 0x10a2, 0x10a2, 0x10a2, 0x10a2, 0x10a2, 0x10a2, 0x10a2, 0x10a2, 0x10a2, 
	0x10a2, 0x10a2, 0x10a2, 0x10a2, 0x10a2, 0x10a2, 0x10a2, 0x10a2, 0x10a2, 0x10a2, 0x10a2, 0x10a2, 0x10a2, 0x10a2, 0x10a2, 0x10a2, 
	0x10a2, 0x10a2, 0x10a2, 0x10a2, 0x10a2, 0x10a2, 0x10a2, 0x10a2, 0x10a2, 0x10a2, 0x10a2, 0x10a2, 0x10a2, 0x10a2, 0x10a2, 0x10a2, 
	0x10a2, 0x10a2, 0x10a2, 0x10a2, 0x10a2, 0x10a2, 0x10a2, 0x10a2, 0x10a2, 0x10a2, 0x10a2, 0x10a2, 0x10a2, 0x10a2, 0x10a2, 0x10a2, 
	0x10a2, 0x10a2, 0x10a2, 0x10a2, 0x10a2, 0x10a2, 0x10a2, 0x10a2, 0x10a2, 0x10a2, 0x10a2, 0x10a2, 0x10a2, 0x10a2, 0x10a2, 0x10a2, 
	0x10a2, 0x10a2, 0x10a2, 0x10a2, 0x10a2, 0x10a2, 0x10a2, 0x10a2, 0x10a2, 0x10a2, 0x10a2, 0x10a2, 0x10a2, 0x10a2, 0x10a2, 0x10a2, 
	0x10a2, 0x10a2, 0x10a2, 0x10a2, 0x10a2, 0x10a2, 0x10a2, 0x10a2, 0x10a2, 0x10a2, 0x10a2, 0x10a2, 0x10a2, 0x10a2, 0x10a2, 0x10a2, 
	0x10a2, 0x10a2, 0x10a2, 0x10a2, 0x10a2, 0x10a2, 0x10a2, 0x10a2, 0x10a2, 0x10a2, 0x10a2, 0x10a2, 0x10a2, 0x10a2, 0x10a2, 0x10a2, 
	0x10a2, 0x10a2, 0x10a2, 0x10a2, 0x10a2, 0x10a2, 0x10a2, 0x10a2, 0x10a2, 0x10a2, 0x10a2, 0x10a2, 0x10a2, 0x10a2, 0x10a2, 0x10a2, 
	0x10a2, 0x10a2, 0x10a2, 0x10a2, 0x10a2, 0x10a2, 0x10a2, 0x10a2, 0x10a2, 0x10a2, 0x10a2, 0x10a2, 0x10a2, 0x10a2, 0x10a2, 0x10a2, 
	0x10a2, 0x10a2, 0x10a2, 0x10a2, 0x10a2, 0x10a2, 0x10a2, 0x10a2, 0x10a2, 0x10a2, 0x10a2, 0x10a2, 0x10a2, 0x10a2, 0x10a2, 0x10a2, 
	0x10a2, 0x10a2, 0x10a2, 0x10a2, 0x10a2, 0x10a2, 0x10a2, 0x10a2, 0x10a2, 0x10a2, 0x10a2, 0x10a2, 0x10a2, 0x10a2, 0x10a2, 0x10a2, 
	0x10a2, 0x10a2, 0x10a2, 0x10a2, 0x10a2, 0x10a2, 0x10a2, 0x10a2, 0x10a2, 0x10a2, 0x10a2, 0x10a2, 0x10a2, 0x10a2, 0x10a2, 0x10a2, 
	0x10a2, 0x10a2, 0x10a2, 0x10a2, 0x10a2, 0x10a2, 0x10a2, 0x10a2, 0x10a2, 0x10a2, 0x10a2, 0x10a2, 0x10a2, 0x10a2, 0x10a2, 0x10a2, 
	0x10a2, 0x10a2, 0x10a2, 0x10a2, 0x10a2, 0x10a2, 0x10a2, 0x10a2, 0x10a2, 0x10a2, 0x10a2, 0x10a2, 0x10a2, 0x10a2, 0x10a2, 0x10a2, 
	0x10a2, 0x10a2, 0x10a2, 0x10a2, 0x10a2, 0x10a2, 0x10a2, 0x10a2, 0x10a2, 0x10a2, 0x10a2, 0x10a2, 0x10a2, 0x10a2, 0x10a2, 0x10a2, 
	0x10a2, 0x10a2, 0x10a2, 0x10a2, 0x10a2, 0x10a2, 0x10a2, 0x10a2, 0x10a2, 0x10a2, 0x10a2, 0x10a2, 0x10a2, 0x10a2, 0x10a2, 0x10a2, 
	0x10a2, 0x10a2, 0x10a2, 0x10a2, 0x10a2, 0x10a2, 0x10a2, 0x10a2, 0x10a2, 0x10a2, 0x10a2, 0x10a2, 0x10a2, 0x10a2, 0x10a2, 0x10a2, 
	0x10a2, 0x10a2, 0x10a2, 0x10a2, 0x10a2, 0x10a2, 0x10a2, 0x10a2, 0x10a2, 0x10a2, 0x10a2, 0x10a2, 0x10a2, 0x10a2, 0x10a2, 0x10a2, 
	0x10a2, 0x10a2, 0x10a2, 0x10a2, 0x10a2, 0x10a2, 0x10a2, 0x10a2, 0x10a2, 0x10a2, 0x10a2, 0x10a2, 0x10a2, 0x10a2, 0x10a2, 0x10a2, 
	0x10a2, 0x10a2, 0x10a2, 0x10a2, 0x10a2, 0x10a2, 0x10a2, 0x10a2, 0x10a2, 0x10a2, 0x10a2, 0x10a2, 0x10a2, 0x10a2, 0x10a2, 0x10a2, 
	0x10a2, 0x10a2, 0x10a2, 0x10a2, 0x10a2, 0x10a2, 0x10a2, 0x10a2, 0x10a2, 0x10a2, 0x10a2, 0x10a2, 0x10a2, 0x10a2, 0x10a2, 0x10a2, 
	0x10a2, 0x10a2, 0x10a2, 0x10a2, 0x10a2, 0x10a2, 0x10a2, 0x10a2, 0x10a2, 0x10a2, 0x10a2, 0x10a2, 0x10a2, 0x10a2, 0x10a2, 0x10a2, 
	0x10a2, 0x10a2, 0x10a2, 0x10a2, 0x10a2, 0x10a2, 0x10a2, 0x10a2, 0x10a2, 0x10a2, 0x10a2, 0x10a2, 0x10a2, 0x10a2, 0x10a2, 0x10a2, 
	0x10a2, 0x10a2, 0x10a2, 0x10a2, 0x10a2, 0x10a2, 0x10a2, 0x10a2, 0x10a2, 0x10a2, 0x10a2, 0x10a2, 0x10a2, 0x10a2, 0x10a2, 0x10a2, 
	0x10a2, 0x10a2, 0x10a2, 0x10a2, 0x10a2, 0x10a2, 0x10a2, 0x10a2, 0x10a2, 0x10a2, 0x10a2, 0x10a2, 0x10a2, 0x10a2, 0x10a2, 0x10a2, 
	0x10a2, 0x10a2, 0x10a2, 0x10a2, 0x10a2, 0x10a2, 0x10a2, 0x10a2, 0x10a2, 0x10a2, 0x10a2, 0x10a2, 0x10a2, 0x10a2, 0x10a2, 0x10a2, 
	0x10a2, 0x10a2, 0x10a2, 0x10a2, 0x10a2, 0x10a2, 0x10a2, 0x10a2, 0x10a2, 0x10a2, 0x10a2, 0x10a2, 0x10a2, 0x10a2, 0x10a2, 0x10a2, 
	0x10a2, 0x10a2, 0x10a2, 0x10a2, 0x10a2, 0x10a2, 0x10a2, 0x10a2, 0x10a2, 0x10a2, 0x10a2, 0x10a2, 0x10a2, 0x10a2, 0x10a2, 0x10a2, 
	0x10a2, 0x10a2, 0x10a2, 0x10a2, 0x10a2, 0x10a2, 0x10a2, 0x10a2, 0x10a2, 0x10a2, 0x10a2, 0x10a2, 0x10a2, 0x10a2, 0x10a2, 0x10a2, 
	0x10a2, 0x10a2, 0x10a2, 0x10a2, 0x10a2, 0x10a2, 0x10a2, 0x10a2, 0x10a2, 0x10a2, 0x10a2, 0x10a2, 0x10a2, 0x10a2, 0x10a2, 0x10a2, 
	0x10a2, 0x10a2, 0x10a2, 0x10a2, 0x10a2, 0x10a2, 0x10a2, 0x10a2, 0x10a2, 0x10a2, 0x10a2, 0x10a2, 0x10a2, 0x10a2, 0x10a2, 0x10a2, 
	0x10a2, 0x10a2, 0x10a2, 0x10a2, 0x10a2, 0x10a2, 0x10a2, 0x10a2, 0x10a2, 0x10a2, 0x10a2, 0x10a2, 0x10a2, 0x10a2, 0x10a2, 0x10a2, 
	0x10a2, 0x10a2, 0x10a2, 0x10a2, 0x10a2, 0x10a2, 0x10a2, 0x10a2, 0x10a2, 0x10a2, 0x10a2, 0x10a2, 0x10a2, 0x10a2, 0x10a2, 0x10a2, 
	0x10a2, 0x10a2, 0x10a2, 0x10a2, 0x10a2, 0x10a2, 0x10a2, 0x10a2, 0x10a2, 0x10a2, 0x10a2, 0x10a2, 0x10a2, 0x10a2, 0x10a2, 0x10a2, 
	0x10a2, 0x10a2, 0x10a2, 0x10a2, 0x10a2, 0x10a2, 0x10a2, 0x10a2, 0x10a2, 0x10a2, 0x10a2, 0x10a2, 0x10a2, 0x10a2, 0x10a2, 0x10a2, 
	0x10a2, 0x10a2, 0x10a2, 0x10a2, 0x10a2, 0x10a2, 0x10a2, 0x10a2, 0x10a2, 0x10a2, 0x10a2, 0x10a2, 0x10a2, 0x10a2, 0x10a2, 0x10a2
};


