// icon_j2.h
#pragma once
#include <stdint.h>

#define ICON_W 240
#define ICON_H 240

const uint16_t icon_j2[ICON_W * ICON_H] PROGMEM = {
	0x2104, 0x2104, 0x2104, 0x2104, 0x2104, 0x2104, 0x2104, 0x2104, 0x2104, 0x2104, 0x2104, 0x2104, 0x2104, 0x2104, 0x2104, 0x2104, 
	0x2104, 0x2104, 0x2104, 0x2104, 0x2104, 0x2104, 0x2104, 0x2104, 0x2104, 0x2104, 0x2104, 0x2104, 0x2104, 0x2104, 0x2104, 0x2104, 
	0x2104, 0x2104, 0x2104, 0x2104, 0x2104, 0x2104, 0x2104, 0x2104, 0x2104, 0x2104, 0x2104, 0x2104, 0x2104, 0x2104, 0x2104, 0x2104, 
	0x2104, 0x2104, 0x2104, 0x2104, 0x2104, 0x2104, 0x2104, 0x2104, 0x2104, 0x2104, 0x2104, 0x2104, 0x2104, 0x2104, 0x2104, 0x2104, 
	0x2104, 0x2104, 0x2104, 0x2104, 0x2104, 0x2104, 0x2104, 0x2104, 0x2104, 0x2104, 0x2104, 0x2104, 0x2104, 0x2104, 0x2104, 0x2104, 
	0x2104, 0x2104, 0x2104, 0x2104, 0x2104, 0x2104, 0x2104, 0x2104, 0x2104, 0x2104, 0x2104, 0x2104, 0x2104, 0x2104, 0x2104, 0x2104, 
	0x2104, 0x2104, 0x2104, 0x2104, 0x20e4, 0x20e4, 0x20e4, 0x20e4, 0x20e4, 0x2104, 0x2104, 0x2104, 0x2104, 0x2104, 0x2104, 0x2104, 
	0x2104, 0x2104, 0x2104, 0x2104, 0x2104, 0x2104, 0x2104, 0x2104, 0x2104, 0x2104, 0x2104, 0x2104, 0x2104, 0x2104, 0x2104, 0x2104, 
	0x2104, 0x2104, 0x2104, 0x2104, 0x2104, 0x2104, 0x2104, 0x2104, 0x2104, 0x2104, 0x2104, 0x2104, 0x2104, 0x2104, 0x2104, 0x2104, 
	0x2104, 0x2104, 0x2104, 0x2104, 0x2104, 0x2104, 0x2104, 0x2104, 0x2104, 0x2104, 0x2104, 0x2104, 0x2104, 0x2104, 0x2104, 0x2104, 
	0x2104, 0x2104, 0x2104, 0x2104, 0x2104, 0x2104, 0x2104, 0x2104, 0x2104, 0x2104, 0x2104, 0x2104, 0x2104, 0x2104, 0x2104, 0x2104, 
	0x2104, 0x2104, 0x2104, 0x2104, 0x2104, 0x2104, 0x2104, 0x2104, 0x2104, 0x2104, 0x2104, 0x2104, 0x2104, 0x2104, 0x2104, 0x2104, 
	0x2104, 0x2104, 0x2104, 0x2104, 0x2104, 0x2104, 0x2104, 0x2104, 0x2104, 0x2104, 0x2104, 0x2104, 0x2104, 0x2104, 0x2104, 0x2104, 
	0x2104, 0x2104, 0x2104, 0x2104, 0x2104, 0x2104, 0x2104, 0x2104, 0x2104, 0x2104, 0x2104, 0x2104, 0x2104, 0x2104, 0x2104, 0x2104, 
	0x2104, 0x2104, 0x2104, 0x2104, 0x2104, 0x2104, 0x2104, 0x2104, 0x2104, 0x2104, 0x2104, 0x2104, 0x2104, 0x2104, 0x2104, 0x2104, 
	0x2104, 0x2104, 0x2104, 0x2104, 0x2104, 0x2104, 0x2104, 0x2104, 0x2104, 0x2104, 0x2104, 0x2104, 0x2104, 0x2104, 0x2104, 0x2104, 
	0x2104, 0x2104, 0x2104, 0x2104, 0x2104, 0x2104, 0x2104, 0x2104, 0x2104, 0x2104, 0x2104, 0x2104, 0x2104, 0x2104, 0x2104, 0x2104, 
	0x2104, 0x2104, 0x2104, 0x2104, 0x2104, 0x2104, 0x2104, 0x2104, 0x2104, 0x2104, 0x2104, 0x2104, 0x2104, 0x2104, 0x2104, 0x2104, 
	0x2104, 0x2104, 0x2104, 0x2104, 0x2104, 0x2104, 0x2104, 0x2104, 0x2104, 0x2104, 0x2104, 0x2104, 0x2104, 0x2104, 0x2104, 0x2104, 
	0x2104, 0x2104, 0x2104, 0x2104, 0x2104, 0x2104, 0x2104, 0x2104, 0x2104, 0x2104, 0x2104, 0x2104, 0x2104, 0x2104, 0x2104, 0x2104, 
	0x2104, 0x2104, 0x2104, 0x2104, 0x2104, 0x2104, 0x2104, 0x2104, 0x2104, 0x2104, 0x2104, 0x2104, 0x2104, 0x2104, 0x2104, 0x2104, 
	0x2104, 0x2104, 0x2104, 0x20e4, 0x20e4, 0x20e4, 0x20e4, 0x20e4, 0x20e4, 0x2104, 0x2104, 0x2104, 0x2104, 0x2104, 0x2104, 0x2104, 
	0x2104, 0x2104, 0x2104, 0x2104, 0x2104, 0x2104, 0x2104, 0x2104, 0x2104, 0x2104, 0x2104, 0x2104, 0x2104, 0x2104, 0x2104, 0x2104, 
	0x2104, 0x2104, 0x2104, 0x2104, 0x2104, 0x2104, 0x2104, 0x2104, 0x2104, 0x2104, 0x2104, 0x2104, 0x2104, 0x2104, 0x2104, 0x2104, 
	0x2104, 0x2104, 0x2104, 0x2104, 0x2104, 0x2104, 0x2104, 0x2104, 0x2104, 0x2104, 0x2104, 0x2104, 0x2104, 0x2104, 0x2104, 0x2104, 
	0x2104, 0x2104, 0x2104, 0x2104, 0x2104, 0x2104, 0x2104, 0x2104, 0x2104, 0x2104, 0x2104, 0x2104, 0x2104, 0x2104, 0x2104, 0x2104, 
	0x2104, 0x2104, 0x2104, 0x2104, 0x2104, 0x2104, 0x2104, 0x2104, 0x2104, 0x2104, 0x2104, 0x2104, 0x2104, 0x2104, 0x2104, 0x2104, 
	0x2104, 0x2104, 0x2104, 0x2104, 0x2104, 0x2104, 0x2104, 0x2104, 0x2104, 0x2104, 0x2104, 0x2104, 0x2104, 0x2104, 0x2104, 0x2104, 
	0x2104, 0x2104, 0x2104, 0x2104, 0x2104, 0x2104, 0x2104, 0x2104, 0x2104, 0x2104, 0x2104, 0x2104, 0x2104, 0x2104, 0x2104, 0x2104, 
	0x2104, 0x2104, 0x2104, 0x2104, 0x2104, 0x2104, 0x2104, 0x2104, 0x2104, 0x2104, 0x2104, 0x2104, 0x2104, 0x2104, 0x2104, 0x2104, 
	0x2104, 0x2104, 0x2104, 0x2104, 0x2104, 0x2104, 0x2104, 0x2104, 0x2104, 0x2104, 0x2104, 0x2104, 0x2104, 0x2104, 0x2104, 0x2104, 
	0x2104, 0x2104, 0x2104, 0x2104, 0x2104, 0x2104, 0x2104, 0x2104, 0x2104, 0x2104, 0x2104, 0x2104, 0x2104, 0x2104, 0x2104, 0x2104, 
	0x2104, 0x2104, 0x2104, 0x2104, 0x2104, 0x2104, 0x2104, 0x2104, 0x2104, 0x2104, 0x2104, 0x2104, 0x2104, 0x2104, 0x2104, 0x2104, 
	0x2104, 0x2104, 0x2104, 0x2104, 0x2104, 0x2104, 0x2104, 0x2104, 0x2104, 0x2104, 0x2104, 0x2104, 0x2104, 0x2104, 0x2104, 0x2104, 
	0x2104, 0x2104, 0x2104, 0x2104, 0x2104, 0x2104, 0x2104, 0x2104, 0x2104, 0x2104, 0x2104, 0x2104, 0x2104, 0x2104, 0x2104, 0x2104, 
	0x2104, 0x2104, 0x2104, 0x2104, 0x2104, 0x2104, 0x2104, 0x2104, 0x2104, 0x2104, 0x2104, 0x2104, 0x2104, 0x2104, 0x2104, 0x2104, 
	0x2104, 0x2104, 0x20e4, 0x20e4, 0x20e4, 0x20e4, 0x20e4, 0x20e4, 0x20e4, 0x2104, 0x2104, 0x2104, 0x2104, 0x2104, 0x2104, 0x2104, 
	0x2104, 0x2104, 0x2104, 0x2104, 0x2104, 0x2104, 0x2104, 0x2104, 0x2104, 0x2104, 0x2104, 0x2104, 0x2104, 0x2104, 0x2104, 0x2104, 
	0x2104, 0x2104, 0x2104, 0x2104, 0x2104, 0x2104, 0x2104, 0x2104, 0x2104, 0x2104, 0x2104, 0x2104, 0x2104, 0x2104, 0x2104, 0x2104, 
	0x2104, 0x2104, 0x2104, 0x2104, 0x2104, 0x2104, 0x2104, 0x2104, 0x2104, 0x2104, 0x2104, 0x2104, 0x2104, 0x2104, 0x2104, 0x2104, 
	0x2104, 0x2104, 0x2104, 0x2104, 0x2104, 0x2104, 0x2104, 0x2104, 0x2104, 0x2104, 0x2104, 0x2104, 0x2104, 0x2104, 0x2104, 0x2104, 
	0x2104, 0x2104, 0x2104, 0x2104, 0x2104, 0x2104, 0x2104, 0x2104, 0x2104, 0x2104, 0x2104, 0x2104, 0x2104, 0x2104, 0x2104, 0x2104, 
	0x2104, 0x2104, 0x2104, 0x2104, 0x2104, 0x2104, 0x2104, 0x2104, 0x2104, 0x2104, 0x2104, 0x2104, 0x2104, 0x20e4, 0x20e4, 0x20e4, 
	0x2104, 0x2104, 0x2104, 0x2104, 0x2104, 0x2104, 0x2104, 0x2104, 0x2104, 0x2104, 0x2104, 0x2104, 0x2104, 0x2104, 0x2104, 0x2104, 
	0x2104, 0x2104, 0x2104, 0x2104, 0x2104, 0x2104, 0x2104, 0x2104, 0x2104, 0x2104, 0x2104, 0x2104, 0x2104, 0x2104, 0x2104, 0x2104, 
	0x2104, 0x2104, 0x2104, 0x2104, 0x2104, 0x2104, 0x2104, 0x2104, 0x2104, 0x2104, 0x2104, 0x2104, 0x2104, 0x2104, 0x2104, 0x2104, 
	0x2104, 0x2104, 0x2104, 0x2104, 0x2104, 0x2104, 0x2104, 0x2104, 0x2104, 0x2104, 0x2104, 0x2104, 0x2104, 0x2104, 0x2104, 0x2104, 
	0x2104, 0x2104, 0x2104, 0x2104, 0x2104, 0x2104, 0x2104, 0x2104, 0x2104, 0x2104, 0x2104, 0x2104, 0x20e4, 0x2104, 0x2104, 0x2104, 
	0x2104, 0x2104, 0x2104, 0x2104, 0x2104, 0x2104, 0x2104, 0x2104, 0x2104, 0x2104, 0x2104, 0x2104, 0x2104, 0x2104, 0x2104, 0x2104, 
	0x2104, 0x2104, 0x2104, 0x2104, 0x2104, 0x2104, 0x2104, 0x2104, 0x2104, 0x2104, 0x2104, 0x2104, 0x2104, 0x2104, 0x2104, 0x2104, 
	0x2104, 0x2104, 0x2104, 0x2104, 0x2104, 0x2104, 0x2104, 0x2104, 0x2104, 0x2104, 0x2104, 0x2104, 0x2104, 0x2104, 0x2104, 0x2104, 
	0x2104, 0x20e4, 0x20e4, 0x20e4, 0x20e4, 0x20e4, 0x20e4, 0x20e4, 0x20e4, 0x20e4, 0x20e4, 0x20e4, 0x20e4, 0x2104, 0x2104, 0x2104, 
	0x2104, 0x2104, 0x2104, 0x2104, 0x2104, 0x2104, 0x2104, 0x2104, 0x2104, 0x2104, 0x2104, 0x2104, 0x2104, 0x2104, 0x2104, 0x2104, 
	0x2104, 0x2104, 0x2104, 0x2104, 0x2104, 0x2104, 0x2104, 0x2104, 0x2104, 0x2104, 0x2104, 0x2104, 0x2104, 0x2104, 0x2104, 0x2104, 
	0x2104, 0x2104, 0x2104, 0x2104, 0x2104, 0x2104, 0x2104, 0x2104, 0x2104, 0x2104, 0x2104, 0x2104, 0x2104, 0x2104, 0x2104, 0x2104, 
	0x2104, 0x2104, 0x2104, 0x2104, 0x2104, 0x2104, 0x2104, 0x2104, 0x2104, 0x2104, 0x2104, 0x2104, 0x2104, 0x2104, 0x2104, 0x2104, 
	0x2104, 0x2104, 0x2104, 0x2104, 0x2104, 0x2104, 0x2104, 0x2104, 0x2104, 0x2104, 0x2104, 0x2104, 0x2104, 0x2104, 0x2104, 0x20e4, 
	0x20e4, 0x20e4, 0x20e4, 0x20e4, 0x20e4, 0x20e4, 0x20e4, 0x20e4, 0x20e4, 0x2104, 0x2104, 0x2104, 0x20e4, 0x20e4, 0x20e4, 0x20e4, 
	0x20e4, 0x20e4, 0x2104, 0x2104, 0x2104, 0x20e4, 0x20e4, 0x20e4, 0x20e4, 0x2104, 0x2104, 0x2104, 0x2104, 0x2104, 0x2104, 0x2104, 
	0x2104, 0x2104, 0x2104, 0x2104, 0x2104, 0x2104, 0x2104, 0x2104, 0x2104, 0x2104, 0x2104, 0x2104, 0x2104, 0x2104, 0x2104, 0x2104, 
	0x2104, 0x2104, 0x2104, 0x2104, 0x2104, 0x2104, 0x2104, 0x20e4, 0x20e4, 0x20e4, 0x20e4, 0x20e4, 0x20e4, 0x20e4, 0x20e4, 0x20e4, 
	0x20e4, 0x20e4, 0x20e4, 0x20e4, 0x20e4, 0x20e4, 0x20e4, 0x20e4, 0x20e4, 0x20e4, 0x20e4, 0x2104, 0x2104, 0x2104, 0x2104, 0x2104, 
	0x2104, 0x2104, 0x2104, 0x20e4, 0x2104, 0x2104, 0x2104, 0x20e4, 0x20e4, 0x20e4, 0x20e4, 0x20e4, 0x20e4, 0x20e4, 0x20e4, 0x20e4, 
	0x20e4, 0x20e4, 0x20e4, 0x20e4, 0x20e4, 0x20e4, 0x20e4, 0x20e4, 0x20e4, 0x20e4, 0x20e4, 0x20e4, 0x2104, 0x2104, 0x20e4, 0x20e4, 
	0x2104, 0x2104, 0x2104, 0x2104, 0x2104, 0x2104, 0x2104, 0x2104, 0x2104, 0x2104, 0x2104, 0x2104, 0x2104, 0x2104, 0x2104, 0x2104, 
	0x2104, 0x20e4, 0x20e4, 0x20e4, 0x20e4, 0x20e4, 0x20e4, 0x20e4, 0x20e4, 0x20e4, 0x20e4, 0x20e4, 0x20e4, 0x20e4, 0x20e4, 0x20e4, 
	0x20e4, 0x20e4, 0x20e4, 0x20e4, 0x20e4, 0x20e4, 0x20e4, 0x20e4, 0x20e4, 0x20e4, 0x20e4, 0x20e4, 0x20e4, 0x20e4, 0x20e4, 0x20e4, 
	0x20e4, 0x2104, 0x2104, 0x2104, 0x2104, 0x2104, 0x2104, 0x2104, 0x2104, 0x2104, 0x2104, 0x2104, 0x2104, 0x2104, 0x2104, 0x2104, 
	0x2104, 0x2104, 0x2104, 0x2104, 0x2104, 0x2104, 0x2104, 0x2104, 0x2104, 0x20e4, 0x20e4, 0x20e4, 0x20e4, 0x20e4, 0x20e4, 0x20e4, 
	0x20e4, 0x2104, 0x2104, 0x2104, 0x2104, 0x2104, 0x20e4, 0x20e4, 0x20e4, 0x20e4, 0x2104, 0x2104, 0x20e4, 0x20e4, 0x20e4, 0x20e4, 
	0x20e4, 0x20e4, 0x20e4, 0x20e4, 0x2104, 0x2104, 0x2104, 0x2104, 0x2104, 0x2104, 0x2104, 0x2104, 0x2104, 0x2104, 0x2104, 0x2104, 
	0x2104, 0x2104, 0x2104, 0x2104, 0x2104, 0x2104, 0x2104, 0x2104, 0x2104, 0x2104, 0x20e4, 0x20e4, 0x20e4, 0x20e4, 0x20e4, 0x20e4, 
	0x20e4, 0x20e4, 0x20e4, 0x20e4, 0x20e4, 0x20e4, 0x20e4, 0x20e4, 0x20e4, 0x20e4, 0x20e4, 0x20e4, 0x20e4, 0x20e4, 0x20e4, 0x20e4, 
	0x20e4, 0x20e4, 0x20e4, 0x20e4, 0x20e4, 0x20e4, 0x20e4, 0x20e4, 0x20e4, 0x20e4, 0x20e4, 0x20e4, 0x20e4, 0x20e4, 0x20e4, 0x20e4, 
	0x20e4, 0x20e4, 0x20e4, 0x20e4, 0x2104, 0x2104, 0x2104, 0x2104, 0x2104, 0x2104, 0x2104, 0x2104, 0x2104, 0x2104, 0x2104, 0x2104, 
	0x2104, 0x2104, 0x2104, 0x2104, 0x2104, 0x2104, 0x20e4, 0x20e4, 0x20e4, 0x20e4, 0x20e4, 0x20e4, 0x20e4, 0x20e4, 0x20e4, 0x20e4, 
	0x20e4, 0x20e4, 0x20e4, 0x20e4, 0x20e4, 0x20e4, 0x20e4, 0x20e4, 0x20e4, 0x20e4, 0x20e4, 0x20e4, 0x20e4, 0x20e4, 0x20e4, 0x20e4, 
	0x20e4, 0x20e4, 0x20e4, 0x20e4, 0x20e4, 0x20e4, 0x20e4, 0x20e4, 0x20e4, 0x20e4, 0x20e4, 0x20e4, 0x20e4, 0x20e4, 0x20e4, 0x20e4, 
	0x20e4, 0x20e4, 0x20e4, 0x20e4, 0x20e4, 0x20e4, 0x20e4, 0x20e4, 0x20e4, 0x20e4, 0x20e4, 0x20e4, 0x20e4, 0x20e4, 0x20e4, 0x20e4, 
	0x20e4, 0x20e4, 0x20e4, 0x20e4, 0x2104, 0x2104, 0x2104, 0x2104, 0x2104, 0x2104, 0x2104, 0x2104, 0x2104, 0x2104, 0x20e4, 0x20e4, 
	0x20e4, 0x20e4, 0x20e4, 0x20e4, 0x20e4, 0x20e4, 0x20e4, 0x20e4, 0x20e4, 0x20e4, 0x20e4, 0x20e4, 0x20e4, 0x20e4, 0x20e4, 0x20e4, 
	0x20e4, 0x20e4, 0x20e4, 0x20e4, 0x20e4, 0x20e4, 0x20e4, 0x20e4, 0x20e4, 0x20e4, 0x20e4, 0x20e4, 0x20e4, 0x20e4, 0x20e4, 0x20e4, 
	0x20e4, 0x20e4, 0x20e4, 0x2104, 0x2104, 0x2104, 0x2104, 0x2104, 0x2104, 0x2104, 0x2104, 0x2104, 0x2104, 0x2104, 0x2104, 0x2104, 
	0x2104, 0x2104, 0x2104, 0x2104, 0x2104, 0x2104, 0x2104, 0x20e4, 0x20e4, 0x20e4, 0x20e4, 0x20e4, 0x20e4, 0x20e4, 0x20e4, 0x20e4, 
	0x20e4, 0x20e4, 0x2104, 0x2104, 0x20e4, 0x20e4, 0x20e4, 0x20e4, 0x20e4, 0x20e4, 0x20e4, 0x20e4, 0x20e4, 0x20e4, 0x20e4, 0x20e4, 
	0x20e4, 0x20e4, 0x20e4, 0x20e4, 0x20e4, 0x20e4, 0x20e4, 0x20e4, 0x20e4, 0x20e4, 0x20e4, 0x20e4, 0x2104, 0x2104, 0x2104, 0x2104, 
	0x2104, 0x2104, 0x2104, 0x2104, 0x20e4, 0x20e4, 0x20e4, 0x20e4, 0x20e4, 0x20e4, 0x20e4, 0x20e4, 0x20e4, 0x20e4, 0x20e4, 0x20e4, 
	0x20e4, 0x20e4, 0x20e4, 0x20e4, 0x20e4, 0x20e4, 0x20e4, 0x20e4, 0x20e4, 0x20e4, 0x20e4, 0x20e4, 0x20e4, 0x20e4, 0x20e4, 0x20e4, 
	0x20e4, 0x20e4, 0x20e4, 0x20e4, 0x20e4, 0x20e4, 0x20e4, 0x20e4, 0x20e4, 0x20e4, 0x20e4, 0x20e4, 0x20e4, 0x20e4, 0x20e4, 0x20e4, 
	0x20e4, 0x20e4, 0x20e4, 0x20e4, 0x20e4, 0x2104, 0x2104, 0x2104, 0x2104, 0x2104, 0x2104, 0x2104, 0x2104, 0x2104, 0x2104, 0x2104, 
	0x2104, 0x2104, 0x2104, 0x2104, 0x2104, 0x20e4, 0x20e4, 0x20e4, 0x20e4, 0x20e4, 0x20e4, 0x20e4, 0x20e4, 0x20e4, 0x20e4, 0x20e4, 
	0x20e4, 0x20e4, 0x20e4, 0x20e4, 0x20e4, 0x20e4, 0x20e4, 0x20e4, 0x20e4, 0x20e4, 0x20e4, 0x20e4, 0x20e4, 0x20e4, 0x20e4, 0x20e4, 
	0x20e4, 0x20e4, 0x20e4, 0x20e4, 0x20e4, 0x20e4, 0x20e4, 0x20e4, 0x20e4, 0x20e4, 0x20e4, 0x20e4, 0x20e4, 0x20e4, 0x20e4, 0x20e4, 
	0x20e4, 0x20e4, 0x20e4, 0x20e4, 0x20e4, 0x20e4, 0x20e4, 0x20e4, 0x20e4, 0x20e4, 0x20e4, 0x20e4, 0x20e4, 0x20e4, 0x20e4, 0x20e4, 
	0x20e4, 0x20e4, 0x20e4, 0x20e4, 0x20e4, 0x20e4, 0x2104, 0x2104, 0x2104, 0x2104, 0x2104, 0x2104, 0x20e4, 0x20e4, 0x20e4, 0x20e4, 
	0x20e4, 0x20e4, 0x20e4, 0x20e4, 0x20e4, 0x20e4, 0x20e4, 0x20e4, 0x20e4, 0x20e4, 0x20e4, 0x20e4, 0x20e4, 0x20e4, 0x20e4, 0x20e4, 
	0x20e4, 0x20e4, 0x20e4, 0x20e4, 0x20e4, 0x20e4, 0x20e4, 0x20e4, 0x20e4, 0x20e4, 0x20e4, 0x20e4, 0x20e4, 0x20e4, 0x20e4, 0x20e4, 
	0x20e4, 0x20e4, 0x20e4, 0x20e4, 0x20e4, 0x20e4, 0x20e4, 0x20e4, 0x2104, 0x2104, 0x2104, 0x2104, 0x2104, 0x2104, 0x2104, 0x2104, 
	0x2104, 0x2104, 0x2104, 0x2104, 0x2104, 0x20e4, 0x20e4, 0x20e4, 0x20e4, 0x20e4, 0x20e4, 0x20e4, 0x20e4, 0x20e4, 0x20e4, 0x20e4, 
	0x20e4, 0x20e4, 0x2104, 0x2104, 0x20e4, 0x20e4, 0x20e4, 0x20e4, 0x20e4, 0x20e4, 0x20e4, 0x20e4, 0x20e4, 0x20e4, 0x20e4, 0x20e4, 
	0x20e4, 0x20e4, 0x20e4, 0x20e4, 0x20e4, 0x20e4, 0x20e4, 0x20e4, 0x20e4, 0x20e4, 0x20e4, 0x20e4, 0x20e4, 0x2104, 0x2104, 0x2104, 
	0x2104, 0x20e4, 0x20e4, 0x20e4, 0x20e4, 0x20e4, 0x20e4, 0x20e4, 0x20e4, 0x20e4, 0x20e4, 0x20e4, 0x20e4, 0x20e4, 0x20e4, 0x20e4, 
	0x20e4, 0x20e4, 0x20e4, 0x20e4, 0x20e4, 0x20e4, 0x20e4, 0x20e4, 0x20e4, 0x20e4, 0x20e4, 0x20e4, 0x20e4, 0x20e4, 0x20e4, 0x20e4, 
	0x20e4, 0x20e4, 0x20e4, 0x20e4, 0x20e4, 0x20e4, 0x20e4, 0x20e4, 0x20e4, 0x20e4, 0x20e4, 0x20e4, 0x20e4, 0x20e4, 0x20e4, 0x20e4, 
	0x20e4, 0x20e4, 0x20e4, 0x20e4, 0x20e4, 0x20e4, 0x2104, 0x2104, 0x2104, 0x2104, 0x2104, 0x2104, 0x2104, 0x2104, 0x2104, 0x2104, 
	0x2104, 0x2104, 0x2104, 0x2104, 0x20e4, 0x20e4, 0x20e4, 0x20e4, 0x20e4, 0x20e4, 0x20e4, 0x20e4, 0x20e4, 0x20e4, 0x20e4, 0x20e4, 
	0x20e4, 0x20e4, 0x20e4, 0x20e4, 0x20e4, 0x20e4, 0x20e4, 0x20e4, 0x20e4, 0x20e4, 0x20e4, 0x20e4, 0x20e4, 0x20e4, 0x20e4, 0x20e4, 
	0x20e4, 0x20e4, 0x20e4, 0x20e4, 0x20e4, 0x20e4, 0x20e4, 0x20e4, 0x20e4, 0x20e4, 0x20e4, 0x20e4, 0x20e4, 0x20e4, 0x20e4, 0x20e4, 
	0x20e4, 0x20e4, 0x20e4, 0x20e4, 0x20e4, 0x20e4, 0x20e4, 0x20e4, 0x20e4, 0x20e4, 0x20e4, 0x20e4, 0x20e4, 0x20e4, 0x20e4, 0x20e4, 
	0x20e4, 0x20e4, 0x20e4, 0x20e4, 0x20e4, 0x20e4, 0x20e4, 0x20e4, 0x20e4, 0x20e4, 0x20e4, 0x20e4, 0x20e4, 0x20e4, 0x20e4, 0x20e4, 
	0x20e4, 0x20e4, 0x20e4, 0x20e4, 0x20e4, 0x20e4, 0x20e4, 0x20e4, 0x20e4, 0x20e4, 0x20e4, 0x20e4, 0x20e4, 0x20e4, 0x20e4, 0x20e4, 
	0x20e4, 0x20e4, 0x20e4, 0x20e4, 0x20e4, 0x20e4, 0x20e4, 0x20e4, 0x20e4, 0x20e4, 0x20e4, 0x20e4, 0x20e4, 0x20e4, 0x20e4, 0x20e4, 
	0x20e4, 0x20e4, 0x20e4, 0x20e4, 0x20e4, 0x20e4, 0x20e4, 0x20e4, 0x2104, 0x2104, 0x2104, 0x2104, 0x2104, 0x2104, 0x2104, 0x2104, 
	0x2104, 0x2104, 0x2104, 0x20e4, 0x20e4, 0x20e4, 0x20e4, 0x20e4, 0x20e4, 0x20e4, 0x20e4, 0x20e4, 0x20e4, 0x20e4, 0x20e4, 0x20e4, 
	0x20e4, 0x20e4, 0x20e4, 0x2104, 0x20e4, 0x20e4, 0x20e4, 0x20e4, 0x20e4, 0x20e4, 0x20e4, 0x20e4, 0x20e4, 0x20e4, 0x20e4, 0x20e4, 
	0x20e4, 0x20e4, 0x20e4, 0x20e4, 0x20e4, 0x20e4, 0x20e4, 0x20e4, 0x20e4, 0x20e4, 0x20e4, 0x20e4, 0x20e4, 0x20e4, 0x20e4, 0x20e4, 
	0x20e4, 0x20e4, 0x20e4, 0x20e4, 0x20e4, 0x20e4, 0x20e4, 0x20e4, 0x20e4, 0x20e4, 0x20e4, 0x20e4, 0x20e4, 0x20e4, 0x20e4, 0x20e4, 
	0x20e4, 0x20e4, 0x20e4, 0x20e4, 0x20e4, 0x18e4, 0x18e4, 0x20e4, 0x20e4, 0x20e4, 0x20e4, 0x20e4, 0x20e4, 0x20e4, 0x20e4, 0x20e4, 
	0x20e4, 0x20e4, 0x20e4, 0x20e4, 0x20e4, 0x20e4, 0x20e4, 0x20e4, 0x20e4, 0x20e4, 0x20e4, 0x20e4, 0x20e4, 0x20e4, 0x20e4, 0x20e4, 
	0x20e4, 0x20e4, 0x20e4, 0x20e4, 0x20e4, 0x20e4, 0x20e4, 0x20e4, 0x20e4, 0x20e4, 0x20e4, 0x2104, 0x2104, 0x2104, 0x2104, 0x2104, 
	0x2104, 0x2104, 0x2104, 0x2104, 0x20e4, 0x20e4, 0x20e4, 0x20e4, 0x20e4, 0x20e4, 0x20e4, 0x20e4, 0x20e4, 0x20e4, 0x20e4, 0x20e4, 
	0x20e4, 0x20e4, 0x20e4, 0x20e4, 0x20e4, 0x20e4, 0x20e4, 0x20e4, 0x20e4, 0x20e4, 0x20e4, 0x20e4, 0x20e4, 0x20e4, 0x20e4, 0x20e4, 
	0x20e4, 0x20e4, 0x20e4, 0x20e4, 0x20e4, 0x20e4, 0x20e4, 0x20e4, 0x20e4, 0x20e4, 0x20e4, 0x20e4, 0x20e4, 0x20e4, 0x20e4, 0x20e4, 
	0x20e4, 0x20e4, 0x20e4, 0x20e4, 0x20e4, 0x20e4, 0x20e4, 0x20e4, 0x20e4, 0x20e4, 0x20e4, 0x20e4, 0x20e4, 0x20e4, 0x20e4, 0x20e4, 
	0x20e4, 0x20e4, 0x20e4, 0x20e4, 0x20e4, 0x20e4, 0x20e4, 0x20e4, 0x20e4, 0x20e4, 0x20e4, 0x20e4, 0x20e4, 0x20e4, 0x20e4, 0x20e4, 
	0x20e4, 0x20e4, 0x20e4, 0x20e4, 0x20e4, 0x20e4, 0x20e4, 0x20e4, 0x20e4, 0x20e4, 0x20e4, 0x20e4, 0x20e4, 0x20e4, 0x20e4, 0x20e4, 
	0x20e4, 0x20e4, 0x20e4, 0x20e4, 0x20e4, 0x20e4, 0x20e4, 0x20e4, 0x20e4, 0x20e4, 0x20e4, 0x20e4, 0x20e4, 0x20e4, 0x20e4, 0x20e4, 
	0x20e4, 0x20e4, 0x20e4, 0x20e4, 0x20e4, 0x20e4, 0x20e4, 0x20e4, 0x20e4, 0x20e4, 0x2104, 0x20e4, 0x20e4, 0x20e4, 0x20e4, 0x2104, 
	0x2104, 0x2104, 0x20e4, 0x20e4, 0x20e4, 0x20e4, 0x20e4, 0x20e4, 0x20e4, 0x20e4, 0x20e4, 0x20e4, 0x20e4, 0x20e4, 0x20e4, 0x20e4, 
	0x20e4, 0x20e4, 0x20e4, 0x20e4, 0x20e4, 0x20e4, 0x20e4, 0x20e4, 0x20e4, 0x20e4, 0x20e4, 0x20e4, 0x20e4, 0x20e4, 0x20e4, 0x20e4, 
	0x20e4, 0x20e4, 0x20e4, 0x20e4, 0x20e4, 0x20e4, 0x20e4, 0x20e4, 0x20e4, 0x20e4, 0x20e4, 0x20e4, 0x20e4, 0x20e4, 0x20e4, 0x20e4, 
	0x20e4, 0x20e4, 0x20e4, 0x20e4, 0x20e4, 0x20e4, 0x20e4, 0x20e4, 0x20e4, 0x20e4, 0x20e4, 0x20e4, 0x20e4, 0x20e4, 0x20e4, 0x20e4, 
	0x20e4, 0x20e4, 0x20e4, 0x20e4, 0x18e4, 0x18e4, 0x18e4, 0x18e4, 0x18e4, 0x20e4, 0x20e4, 0x20e4, 0x20e4, 0x20e4, 0x20e4, 0x20e4, 
	0x20e4, 0x20e4, 0x20e4, 0x20e4, 0x20e4, 0x20e4, 0x20e4, 0x20e4, 0x20e4, 0x20e4, 0x20e4, 0x20e4, 0x20e4, 0x20e4, 0x20e4, 0x20e4, 
	0x20e4, 0x20e4, 0x20e4, 0x20e4, 0x20e4, 0x20e4, 0x20e4, 0x20e4, 0x20e4, 0x20e4, 0x20e4, 0x20e4, 0x2104, 0x2104, 0x2104, 0x2104, 
	0x2104, 0x2104, 0x2104, 0x2104, 0x20e4, 0x20e4, 0x20e4, 0x20e4, 0x20e4, 0x20e4, 0x20e4, 0x20e4, 0x20e4, 0x20e4, 0x20e4, 0x20e4, 
	0x20e4, 0x20e4, 0x20e4, 0x20e4, 0x20e4, 0x20e4, 0x20e4, 0x20e4, 0x20e4, 0x20e4, 0x20e4, 0x20e4, 0x20e4, 0x20e4, 0x20e4, 0x20e4, 
	0x20e4, 0x20e4, 0x20e4, 0x20e4, 0x20e4, 0x20e4, 0x20e4, 0x20e4, 0x20e4, 0x20e4, 0x20e4, 0x20e4, 0x20e4, 0x20e4, 0x20e4, 0x20e4, 
	0x20e4, 0x20e4, 0x20e4, 0x20e4, 0x20e4, 0x20e4, 0x20e4, 0x20e4, 0x20e4, 0x20e4, 0x20e4, 0x20e4, 0x20e4, 0x20e4, 0x20e4, 0x20e4, 
	0x20e4, 0x20e4, 0x20e4, 0x20e4, 0x20e4, 0x20e4, 0x20e4, 0x20e4, 0x20e4, 0x20e4, 0x20e4, 0x20e4, 0x20e4, 0x20e4, 0x20e4, 0x20e4, 
	0x20e4, 0x20e4, 0x20e4, 0x20e4, 0x20e4, 0x20e4, 0x20e4, 0x20e4, 0x20e4, 0x20e4, 0x20e4, 0x20e4, 0x20e4, 0x20e4, 0x20e4, 0x20e4, 
	0x20e4, 0x20e4, 0x20e4, 0x20e4, 0x20e4, 0x20e4, 0x20e4, 0x20e4, 0x20e4, 0x20e4, 0x20e4, 0x20e4, 0x20e4, 0x20e4, 0x20e4, 0x20e4, 
	0x20e4, 0x20e4, 0x20e4, 0x20e4, 0x20e4, 0x20e4, 0x20e4, 0x20e4, 0x20e4, 0x20e4, 0x20e4, 0x20e4, 0x20e4, 0x20e4, 0x20e4, 0x20e4, 
	0x2104, 0x20e4, 0x20e4, 0x20e4, 0x20e4, 0x20e4, 0x20e4, 0x20e4, 0x20e4, 0x20e4, 0x20e4, 0x20e4, 0x20e4, 0x20e4, 0x20e4, 0x20e4, 
	0x20e4, 0x20e4, 0x20e4, 0x20e4, 0x20e4, 0x20e4, 0x20e4, 0x20e4, 0x20e4, 0x20e4, 0x20e4, 0x20e4, 0x20e4, 0x20e4, 0x20e4, 0x20e4, 
	0x20e4, 0x20e4, 0x20e4, 0x20e4, 0x20e4, 0x20e4, 0x20e4, 0x20e4, 0x20e4, 0x20e4, 0x20e4, 0x20e4, 0x20e4, 0x20e4, 0x20e4, 0x20e4, 
	0x20e4, 0x20e4, 0x20e4, 0x20e4, 0x20e4, 0x20e4, 0x20e4, 0x20e4, 0x20e4, 0x20e4, 0x20e4, 0x20e4, 0x20e4, 0x20e4, 0x20e4, 0x20e4, 
	0x20e4, 0x20e4, 0x20e4, 0x20e4, 0x20e4, 0x18e4, 0x18e4, 0x18e4, 0x18e4, 0x20e4, 0x20e4, 0x20e4, 0x20e4, 0x20e4, 0x20e4, 0x20e4, 
	0x20e4, 0x20e4, 0x20e4, 0x20e4, 0x20e4, 0x20e4, 0x20e4, 0x20e4, 0x20e4, 0x20e4, 0x20e4, 0x20e4, 0x20e4, 0x20e4, 0x20e4, 0x20e4, 
	0x20e4, 0x20e4, 0x20e4, 0x20e4, 0x20e4, 0x20e4, 0x20e4, 0x20e4, 0x20e4, 0x20e4, 0x20e4, 0x20e4, 0x2104, 0x2104, 0x2104, 0x2104, 
	0x2104, 0x2104, 0x2104, 0x20e4, 0x20e4, 0x20e4, 0x20e4, 0x20e4, 0x20e4, 0x20e4, 0x20e4, 0x20e4, 0x20e4, 0x20e4, 0x20e4, 0x20e4, 
	0x20e4, 0x20e4, 0x20e4, 0x20e4, 0x20e4, 0x20e4, 0x20e4, 0x20e4, 0x20e4, 0x20e4, 0x20e4, 0x20e4, 0x20e4, 0x20e4, 0x20e4, 0x20e4, 
	0x20e4, 0x20e4, 0x20e4, 0x20e4, 0x20e4, 0x20e4, 0x20e4, 0x20e4, 0x20e4, 0x20e4, 0x20e4, 0x20e4, 0x20e4, 0x20e4, 0x20e4, 0x20e4, 
	0x20e4, 0x20e4, 0x20e4, 0x20e4, 0x20e4, 0x20e4, 0x20e4, 0x20e4, 0x20e4, 0x20e4, 0x20e4, 0x20e4, 0x20e4, 0x20e4, 0x20e4, 0x20e4, 
	0x20e4, 0x20e4, 0x20e4, 0x20e4, 0x20e4, 0x20e4, 0x20e4, 0x20e4, 0x20e4, 0x20e4, 0x20e4, 0x20e4, 0x20e4, 0x20e4, 0x20e4, 0x20e4, 
	0x20e4, 0x20e4, 0x20e4, 0x20e4, 0x20e4, 0x20e4, 0x20e4, 0x20e4, 0x20e4, 0x20e4, 0x20e4, 0x20e4, 0x20e4, 0x20e4, 0x20e4, 0x20e4, 
	0x20e4, 0x20e4, 0x20e4, 0x20e4, 0x20e4, 0x20e4, 0x20e4, 0x20e4, 0x20e4, 0x20e4, 0x20e4, 0x20e4, 0x20e4, 0x20e4, 0x20e4, 0x20e4, 
	0x20e4, 0x20e4, 0x20e4, 0x20e4, 0x20e4, 0x20e4, 0x20e4, 0x20e4, 0x20e4, 0x20e4, 0x20e4, 0x20e4, 0x20e4, 0x20e4, 0x20e4, 0x20e4, 
	0x20e4, 0x20e4, 0x20e4, 0x20e4, 0x20e4, 0x20e4, 0x20e4, 0x20e4, 0x20e4, 0x20e4, 0x20e4, 0x20e4, 0x20e4, 0x20e4, 0x20e4, 0x20e4, 
	0x20e4, 0x20e4, 0x20e4, 0x20e4, 0x20e4, 0x20e4, 0x20e4, 0x20e4, 0x20e4, 0x20e4, 0x20e4, 0x20e4, 0x20e4, 0x20e4, 0x20e4, 0x20e4, 
	0x20e4, 0x20e4, 0x20e4, 0x20e4, 0x20e4, 0x20e4, 0x20e4, 0x20e4, 0x20e4, 0x20e4, 0x20e4, 0x20e4, 0x20e4, 0x20e4, 0x20e4, 0x20e4, 
	0x20e4, 0x20e4, 0x20e4, 0x20e4, 0x20e4, 0x20e4, 0x20e4, 0x20e4, 0x20e4, 0x20e4, 0x20e4, 0x20e4, 0x20e4, 0x20e4, 0x20e4, 0x20e4, 
	0x20e4, 0x20e4, 0x20e4, 0x20e4, 0x20e4, 0x20e4, 0x18e4, 0x18e4, 0x18e4, 0x18e4, 0x20e4, 0x20e4, 0x20e4, 0x20e4, 0x20e4, 0x20e4, 
	0x20e4, 0x20e4, 0x20e4, 0x20e4, 0x20e4, 0x20e4, 0x20e4, 0x20e4, 0x20e4, 0x20e4, 0x20e4, 0x20e4, 0x20e4, 0x20e4, 0x20e4, 0x20e4, 
	0x20e4, 0x20e4, 0x20e4, 0x20e4, 0x20e4, 0x20e4, 0x20e4, 0x20e4, 0x20e4, 0x20e4, 0x20e4, 0x20e4, 0x2104, 0x2104, 0x2104, 0x2104, 
	0x2104, 0x2104, 0x2104, 0x20e4, 0x20e4, 0x20e4, 0x20e4, 0x20e4, 0x20e4, 0x20e4, 0x20e4, 0x20e4, 0x20e4, 0x20e4, 0x20e4, 0x20e4, 
	0x20e4, 0x20e4, 0x20e4, 0x20e4, 0x20e4, 0x20e4, 0x20e4, 0x20e4, 0x20e4, 0x20e4, 0x20e4, 0x20e4, 0x20e4, 0x20e4, 0x20e4, 0x20e4, 
	0x20e4, 0x20e4, 0x20e4, 0x20e4, 0x20e4, 0x20e4, 0x20e4, 0x20e4, 0x20e4, 0x20e4, 0x20e4, 0x20e4, 0x20e4, 0x20e4, 0x20e4, 0x20e4, 
	0x20e4, 0x20e4, 0x20e4, 0x20e4, 0x20e4, 0x20e4, 0x20e4, 0x20e4, 0x20e4, 0x20e4, 0x20e4, 0x20e4, 0x20e4, 0x20e4, 0x20e4, 0x20e4, 
	0x20e4, 0x20e4, 0x20e4, 0x20e4, 0x20e4, 0x20e4, 0x20e4, 0x20e4, 0x20e4, 0x20e4, 0x20e4, 0x20e4, 0x20e4, 0x20e4, 0x20e4, 0x20e4, 
	0x20e4, 0x20e4, 0x20e4, 0x20e4, 0x20e4, 0x20e4, 0x20e4, 0x20e4, 0x20e4, 0x20e4, 0x20e4, 0x20e4, 0x20e4, 0x20e4, 0x20e4, 0x20e4, 
	0x20e4, 0x20e4, 0x20e4, 0x20e4, 0x20e4, 0x20e4, 0x20e4, 0x20e4, 0x20e4, 0x20e4, 0x20e4, 0x20e4, 0x20e4, 0x20e4, 0x20e4, 0x20e4, 
	0x20e4, 0x20e4, 0x20e4, 0x20e4, 0x20e4, 0x20e4, 0x20e4, 0x20e4, 0x20e4, 0x20e4, 0x20e4, 0x20e4, 0x20e4, 0x20e4, 0x20e4, 0x20e4, 
	0x20e4, 0x20e4, 0x20e4, 0x20e4, 0x20e4, 0x20e4, 0x20e4, 0x20e4, 0x20e4, 0x20e4, 0x20e4, 0x20e4, 0x20e4, 0x20e4, 0x20e4, 0x20e4, 
	0x20e4, 0x20e4, 0x20e4, 0x20e4, 0x20e4, 0x20e4, 0x20e4, 0x20e4, 0x20e4, 0x20e4, 0x20e4, 0x20e4, 0x20e4, 0x20e4, 0x20e4, 0x20e4, 
	0x20e4, 0x20e4, 0x20e4, 0x20e4, 0x20e4, 0x20e4, 0x20e4, 0x20e4, 0x20e4, 0x20e4, 0x20e4, 0x20e4, 0x20e4, 0x20e4, 0x20e4, 0x20e4, 
	0x20e4, 0x20e4, 0x20e4, 0x20e4, 0x20e4, 0x20e4, 0x20e4, 0x20e4, 0x20e4, 0x20e4, 0x20e4, 0x20e4, 0x20e4, 0x20e4, 0x20e4, 0x20e4, 
	0x20e4, 0x20e4, 0x20e4, 0x20e4, 0x20e4, 0x20e4, 0x20e4, 0x18e4, 0x18e4, 0x18e4, 0x20e4, 0x20e4, 0x20e4, 0x20e4, 0x20e4, 0x20e4, 
	0x20e4, 0x20e4, 0x20e4, 0x20e4, 0x20e4, 0x20e4, 0x20e4, 0x20e4, 0x20e4, 0x20e4, 0x20e4, 0x20e4, 0x20e4, 0x20e4, 0x20e4, 0x20e4, 
	0x20e4, 0x20e4, 0x18e4, 0x18e4, 0x20e4, 0x20e4, 0x20e4, 0x20e4, 0x20e4, 0x20e4, 0x20e4, 0x20e4, 0x2104, 0x2104, 0x2104, 0x2104, 
	0x2104, 0x2104, 0x2104, 0x20e4, 0x20e4, 0x20e4, 0x20e4, 0x20e4, 0x20e4, 0x20e4, 0x20e4, 0x20e4, 0x20e4, 0x20e4, 0x20e4, 0x20e4, 
	0x20e4, 0x20e4, 0x20e4, 0x20e4, 0x20e4, 0x20e4, 0x20e4, 0x20e4, 0x20e4, 0x20e4, 0x20e4, 0x20e4, 0x20e4, 0x20e4, 0x20e4, 0x20e4, 
	0x20e4, 0x20e4, 0x20e4, 0x20e4, 0x20e4, 0x20e4, 0x20e4, 0x20e4, 0x20e4, 0x20e4, 0x20e4, 0x20e4, 0x20e4, 0x20e4, 0x20e4, 0x20e4, 
	0x20e4, 0x20e4, 0x20e4, 0x20e4, 0x20e4, 0x20e4, 0x20e4, 0x20e4, 0x20e4, 0x20e4, 0x20e4, 0x20e4, 0x20e4, 0x20e4, 0x20e4, 0x20e4, 
	0x20e4, 0x20e4, 0x20e4, 0x20e4, 0x20e4, 0x20e4, 0x20e4, 0x20e4, 0x20e4, 0x20e4, 0x20e4, 0x20e4, 0x20e4, 0x20e4, 0x20e4, 0x20e4, 
	0x20e4, 0x20e4, 0x20e4, 0x20e4, 0x20e4, 0x20e4, 0x20e4, 0x20e4, 0x20e4, 0x20e4, 0x20e4, 0x20e4, 0x20e4, 0x20e4, 0x20e4, 0x20e4, 
	0x20e4, 0x20e4, 0x20e4, 0x20e4, 0x20e4, 0x20e4, 0x20e4, 0x20e4, 0x20e4, 0x20e4, 0x20e4, 0x20e4, 0x20e4, 0x20e4, 0x20e4, 0x20e4, 
	0x20e4, 0x20e4, 0x20e4, 0x20e4, 0x20e4, 0x20e4, 0x20e4, 0x20e4, 0x20e4, 0x20e4, 0x20e4, 0x20e4, 0x20e4, 0x20e4, 0x20e4, 0x20e4, 
	0x20e4, 0x20e4, 0x20e4, 0x20e4, 0x20e4, 0x20e4, 0x20e4, 0x20e4, 0x20e4, 0x20e4, 0x20e4, 0x20e4, 0x20e4, 0x20e4, 0x20e4, 0x20e4, 
	0x20e4, 0x20e4, 0x20e4, 0x20e4, 0x20e4, 0x20e4, 0x20e4, 0x20e4, 0x20e4, 0x20e4, 0x20e4, 0x20e4, 0x20e4, 0x20e4, 0x20e4, 0x20e4, 
	0x20e4, 0x20e4, 0x20e4, 0x20e4, 0x20e4, 0x20e4, 0x20e4, 0x20e4, 0x20e4, 0x20e4, 0x20e4, 0x20e4, 0x20e4, 0x20e4, 0x20e4, 0x20e4, 
	0x20e4, 0x20e4, 0x20e4, 0x20e4, 0x20e4, 0x20e4, 0x20e4, 0x20e4, 0x20e4, 0x20e4, 0x20e4, 0x20e4, 0x20e4, 0x20e4, 0x20e4, 0x20e4, 
	0x20e4, 0x20e4, 0x20e4, 0x20e4, 0x20e4, 0x20e4, 0x20e4, 0x18e4, 0x18e4, 0x18e4, 0x20e4, 0x20e4, 0x20e4, 0x20e4, 0x20e4, 0x20e4, 
	0x20e4, 0x20e4, 0x20e4, 0x20e4, 0x20e4, 0x20e4, 0x20e4, 0x20e4, 0x20e4, 0x20e4, 0x20e4, 0x20e4, 0x20e4, 0x20e4, 0x20e4, 0x20e4, 
	0x20e4, 0x20e4, 0x20e4, 0x18e4, 0x20e4, 0x20e4, 0x20e4, 0x20e4, 0x20e4, 0x20e4, 0x20e4, 0x20e4, 0x2104, 0x2104, 0x2104, 0x2104, 
	0x2104, 0x2104, 0x20e4, 0x20e4, 0x20e4, 0x20e4, 0x20e4, 0x20e4, 0x20e4, 0x20e4, 0x20e4, 0x20e4, 0x20e4, 0x20e4, 0x20e4, 0x20e4, 
	0x20e4, 0x20e4, 0x20e4, 0x20e4, 0x20e4, 0x20e4, 0x20e4, 0x20e4, 0x20e4, 0x20e4, 0x20e4, 0x20e4, 0x20e4, 0x20e4, 0x20e4, 0x20e4, 
	0x20e4, 0x20e4, 0x20e4, 0x20e4, 0x20e4, 0x20e4, 0x20e4, 0x20e4, 0x20e4, 0x20e4, 0x20e4, 0x20e4, 0x20e4, 0x20e4, 0x20e4, 0x20e4, 
	0x20e4, 0x20e4, 0x20e4, 0x20e4, 0x20e4, 0x20e4, 0x20e4, 0x20e4, 0x20e4, 0x20e4, 0x20e4, 0x20e4, 0x20e4, 0x20e4, 0x20e4, 0x20e4, 
	0x20e4, 0x20e4, 0x20e4, 0x20e4, 0x20e4, 0x20e4, 0x20e4, 0x20e4, 0x20e4, 0x20e4, 0x20e4, 0x20e4, 0x20e4, 0x20e4, 0x20e4, 0x20e4, 
	0x20e4, 0x20e4, 0x20e4, 0x20e4, 0x20e4, 0x20e4, 0x20e4, 0x20e4, 0x20e4, 0x20e4, 0x20e4, 0x20e4, 0x20e4, 0x20e4, 0x20e4, 0x20e4, 
	0x20e4, 0x20e4, 0x20e4, 0x20e4, 0x20e4, 0x20e4, 0x20e4, 0x20e4, 0x20e4, 0x20e4, 0x20e4, 0x20e4, 0x20e4, 0x20e4, 0x20e4, 0x20e4, 
	0x20e4, 0x20e4, 0x20e4, 0x20e4, 0x20e4, 0x20e4, 0x20e4, 0x20e4, 0x20e4, 0x20e4, 0x20e4, 0x20e4, 0x20e4, 0x20e4, 0x20e4, 0x20e4, 
	0x20e4, 0x20e4, 0x20e4, 0x20e4, 0x20e4, 0x20e4, 0x20e4, 0x20e4, 0x20e4, 0x20e4, 0x20e4, 0x20e4, 0x20e4, 0x20e4, 0x20e4, 0x20e4, 
	0x20e4, 0x20e4, 0x20e4, 0x20e4, 0x20e4, 0x20e4, 0x20e4, 0x20e4, 0x20e4, 0x20e4, 0x20e4, 0x20e4, 0x20e4, 0x20e4, 0x20e4, 0x20e4, 
	0x20e4, 0x20e4, 0x20e4, 0x20e4, 0x20e4, 0x20e4, 0x20e4, 0x20e4, 0x20e4, 0x20e4, 0x20e4, 0x20e4, 0x20e4, 0x20e4, 0x20e4, 0x20e4, 
	0x20e4, 0x20e4, 0x20e4, 0x20e4, 0x20e4, 0x20e4, 0x20e4, 0x20e4, 0x20e4, 0x20e4, 0x20e4, 0x20e4, 0x20e4, 0x20e4, 0x20e4, 0x20e4, 
	0x20e4, 0x20e4, 0x20e4, 0x20e4, 0x20e4, 0x20e4, 0x20e4, 0x20e4, 0x20e4, 0x20e4, 0x20e4, 0x20e4, 0x20e4, 0x20e4, 0x20e4, 0x20e4, 
	0x20e4, 0x20e4, 0x20e4, 0x20e4, 0x20e4, 0x20e4, 0x20e4, 0x20e4, 0x20e4, 0x20e4, 0x20e4, 0x20e4, 0x20e4, 0x20e4, 0x20e4, 0x20e4, 
	0x20e4, 0x20e4, 0x20e4, 0x20e4, 0x20e4, 0x20e4, 0x20e4, 0x20e4, 0x20e4, 0x20e4, 0x20e4, 0x20e4, 0x2104, 0x2104, 0x2104, 0x2104, 
	0x2104, 0x2104, 0x20e4, 0x20e4, 0x20e4, 0x20e4, 0x20e4, 0x20e4, 0x20e4, 0x20e4, 0x20e4, 0x20e4, 0x20e4, 0x20e4, 0x20e4, 0x20e4, 
	0x20e4, 0x20e4, 0x20e4, 0x20e4, 0x20e4, 0x20e4, 0x20e4, 0x20e4, 0x20e4, 0x20e4, 0x20e4, 0x20e4, 0x20e4, 0x20e4, 0x20e4, 0x20e4, 
	0x20e4, 0x20e4, 0x20e4, 0x20e4, 0x20e4, 0x20e4, 0x20e4, 0x20e4, 0x20e4, 0x20e4, 0x20e4, 0x20e4, 0x20e4, 0x20e4, 0x20e4, 0x20e4, 
	0x20e4, 0x20e4, 0x20e4, 0x20e4, 0x20e4, 0x20e4, 0x20e4, 0x20e4, 0x20e4, 0x20e4, 0x20e4, 0x20e4, 0x20e4, 0x20e4, 0x20e4, 0x20e4, 
	0x20e4, 0x20e4, 0x20e4, 0x20e4, 0x20e4, 0x20e4, 0x20e4, 0x20e4, 0x20e4, 0x20e4, 0x20e4, 0x20e4, 0x20e4, 0x20e4, 0x20e4, 0x20e4, 
	0x20e4, 0x20e4, 0x20e4, 0x20e4, 0x20e4, 0x20e4, 0x20e4, 0x20e4, 0x20e4, 0x20e4, 0x20e4, 0x20e4, 0x20e4, 0x20e4, 0x20e4, 0x20e4, 
	0x20e4, 0x20e4, 0x20e4, 0x20e4, 0x20e4, 0x20e4, 0x20e4, 0x20e4, 0x20e4, 0x20e4, 0x20e4, 0x20e4, 0x20e4, 0x20e4, 0x20e4, 0x20e4, 
	0x20e4, 0x20e4, 0x20e4, 0x20e4, 0x20e4, 0x20e4, 0x20e4, 0x20e4, 0x20e4, 0x20e4, 0x20e4, 0x20e4, 0x20e4, 0x20e4, 0x20e4, 0x20e4, 
	0x20e4, 0x20e4, 0x20e4, 0x20e4, 0x20e4, 0x20e4, 0x20e4, 0x20e4, 0x20e4, 0x20e4, 0x20e4, 0x20e4, 0x20e4, 0x20e4, 0x20e4, 0x20e4, 
	0x20e4, 0x20e4, 0x20e4, 0x20e4, 0x20e4, 0x20e4, 0x20e4, 0x20e4, 0x20e4, 0x20e4, 0x20e4, 0x20e4, 0x20e4, 0x20e4, 0x20e4, 0x20e4, 
	0x20e4, 0x20e4, 0x20e4, 0x20e4, 0x20e4, 0x20e4, 0x20e4, 0x20e4, 0x20e4, 0x20e4, 0x20e4, 0x20e4, 0x20e4, 0x20e4, 0x20e4, 0x20e4, 
	0x20e4, 0x20e4, 0x20e4, 0x20e4, 0x20e4, 0x20e4, 0x20e4, 0x20e4, 0x20e4, 0x20e4, 0x20e4, 0x20e4, 0x20e4, 0x20e4, 0x20e4, 0x20e4, 
	0x20e4, 0x20e4, 0x20e4, 0x20e4, 0x20e4, 0x20e4, 0x20e4, 0x20e4, 0x20e4, 0x20e4, 0x20e4, 0x20e4, 0x20e4, 0x20e4, 0x20e4, 0x20e4, 
	0x20e4, 0x20e4, 0x20e4, 0x20e4, 0x20e4, 0x20e4, 0x20e4, 0x20e4, 0x20e4, 0x20e4, 0x20e4, 0x20e4, 0x20e4, 0x20e4, 0x20e4, 0x20e4, 
	0x20e4, 0x20e4, 0x20e4, 0x20e4, 0x20e4, 0x20e4, 0x20e4, 0x20e4, 0x20e4, 0x20e4, 0x20e4, 0x20e4, 0x2104, 0x2104, 0x2104, 0x2104, 
	0x2104, 0x2104, 0x2104, 0x20e4, 0x20e4, 0x20e4, 0x20e4, 0x20e4, 0x20e4, 0x20e4, 0x20e4, 0x20e4, 0x20e4, 0x20e4, 0x20e4, 0x20e4, 
	0x20e4, 0x20e4, 0x20e4, 0x20e4, 0x20e4, 0x20e4, 0x20e4, 0x20e4, 0x20e4, 0x20e4, 0x20e4, 0x20e4, 0x20e4, 0x20e4, 0x20e4, 0x20e4, 
	0x20e4, 0x20e4, 0x20e4, 0x20e4, 0x20e4, 0x20e4, 0x20e4, 0x20e4, 0x20e4, 0x20e4, 0x20e4, 0x20e4, 0x20e4, 0x20e4, 0x20e4, 0x20e4, 
	0x20e4, 0x20e4, 0x20e4, 0x20e4, 0x20e4, 0x20e4, 0x20e4, 0x20e4, 0x20e4, 0x20e4, 0x20e4, 0x20e4, 0x20e4, 0x20e4, 0x20e4, 0x20e4, 
	0x20e4, 0x20e4, 0x20e4, 0x20e4, 0x20e4, 0x20e4, 0x20e4, 0x20e4, 0x20e4, 0x20e4, 0x20e4, 0x20e4, 0x20e4, 0x20e4, 0x20e4, 0x20e4, 
	0x20e4, 0x20e4, 0x20e4, 0x20e4, 0x20e4, 0x20e4, 0x20e4, 0x20e4, 0x20e4, 0x20e4, 0x20e4, 0x20e4, 0x20e4, 0x20e4, 0x20e4, 0x20e4, 
	0x20e4, 0x20e4, 0x20e4, 0x20e4, 0x20e4, 0x20e4, 0x20e4, 0x20e4, 0x20e4, 0x20e4, 0x20e4, 0x20e4, 0x20e4, 0x20e4, 0x20e4, 0x20e4, 
	0x20e4, 0x20e4, 0x20e4, 0x20e4, 0x20e4, 0x20e4, 0x20e4, 0x20e4, 0x20e4, 0x20e4, 0x20e4, 0x20e4, 0x20e4, 0x20e4, 0x20e4, 0x20e4, 
	0x20e4, 0x20e4, 0x20e4, 0x20e4, 0x20e4, 0x20e4, 0x20e4, 0x20e4, 0x20e4, 0x20e4, 0x20e4, 0x20e4, 0x20e4, 0x20e4, 0x20e4, 0x20e4, 
	0x20e4, 0x20e4, 0x20e4, 0x20e4, 0x20e4, 0x20e4, 0x20e4, 0x20e4, 0x20e4, 0x20e4, 0x20e4, 0x20e4, 0x20e4, 0x20e4, 0x20e4, 0x20e4, 
	0x20e4, 0x20e4, 0x20e4, 0x20e4, 0x20e4, 0x20e4, 0x20e4, 0x20e4, 0x20e4, 0x20e4, 0x20e4, 0x20e4, 0x20e4, 0x20e4, 0x20e4, 0x20e4, 
	0x20e4, 0x20e4, 0x20e4, 0x20e4, 0x20e4, 0x20e4, 0x20e4, 0x20e4, 0x20e4, 0x20e4, 0x20e4, 0x20e4, 0x20e4, 0x20e4, 0x20e4, 0x20e4, 
	0x20e4, 0x20e4, 0x20e4, 0x20e4, 0x20e4, 0x20e4, 0x20e4, 0x20e4, 0x20e4, 0x20e4, 0x20e4, 0x20e4, 0x20e4, 0x20e4, 0x20e4, 0x20e4, 
	0x20e4, 0x20e4, 0x20e4, 0x20e4, 0x20e4, 0x20e4, 0x20e4, 0x18e4, 0x18e4, 0x18e4, 0x18e4, 0x18e4, 0x18e4, 0x20e4, 0x20e4, 0x20e4, 
	0x20e4, 0x20e4, 0x20e4, 0x20e4, 0x20e4, 0x20e4, 0x20e4, 0x20e4, 0x20e4, 0x20e4, 0x20e4, 0x20e4, 0x20e4, 0x2104, 0x2104, 0x2104, 
	0x2104, 0x2104, 0x2104, 0x20e4, 0x20e4, 0x20e4, 0x20e4, 0x20e4, 0x20e4, 0x20e4, 0x20e4, 0x20e4, 0x20e4, 0x20e4, 0x20e4, 0x20e4, 
	0x20e4, 0x20e4, 0x20e4, 0x20e4, 0x20e4, 0x20e4, 0x20e4, 0x20e4, 0x20e4, 0x20e4, 0x20e4, 0x20e4, 0x20e4, 0x20e4, 0x20e4, 0x20e4, 
	0x20e4, 0x20e4, 0x20e4, 0x20e4, 0x20e4, 0x20e4, 0x20e4, 0x20e4, 0x20e4, 0x20e4, 0x20e4, 0x20e4, 0x20e4, 0x20e4, 0x20e4, 0x20e4, 
	0x20e4, 0x20e4, 0x20e4, 0x20e4, 0x20e4, 0x20e4, 0x20e4, 0x20e4, 0x20e4, 0x20e4, 0x20e4, 0x20e4, 0x20e4, 0x20e4, 0x20e4, 0x20e4, 
	0x20e4, 0x20e4, 0x20e4, 0x20e4, 0x20e4, 0x20e4, 0x20e4, 0x20e4, 0x20e4, 0x20e4, 0x20e4, 0x20e4, 0x20e4, 0x20e4, 0x20e4, 0x20e4, 
	0x20e4, 0x20e4, 0x20e4, 0x20e4, 0x20e4, 0x20e4, 0x20e4, 0x20e4, 0x20e4, 0x20e4, 0x20e4, 0x20e4, 0x20e4, 0x20e4, 0x20e4, 0x20e4, 
	0x20e4, 0x20e4, 0x20e4, 0x20e4, 0x20e4, 0x20e4, 0x20e4, 0x20e4, 0x20e4, 0x20e4, 0x20e4, 0x20e4, 0x20e4, 0x20e4, 0x20e4, 0x20e4, 
	0x20e4, 0x20e4, 0x20e4, 0x20e4, 0x20e4, 0x20e4, 0x20e4, 0x20e4, 0x20e4, 0x20e4, 0x20e4, 0x20e4, 0x20e4, 0x20e4, 0x20e4, 0x20e4, 
	0x20e4, 0x20e4, 0x20e4, 0x20e4, 0x20e4, 0x20e4, 0x20e4, 0x20e4, 0x20e4, 0x20e4, 0x20e4, 0x20e4, 0x20e4, 0x20e4, 0x20e4, 0x20e4, 
	0x20e4, 0x20e4, 0x20e4, 0x20e4, 0x20e4, 0x20e4, 0x20e4, 0x20e4, 0x20e4, 0x20e4, 0x20e4, 0x20e4, 0x20e4, 0x20e4, 0x20e4, 0x20e4, 
	0x20e4, 0x20e4, 0x20e4, 0x20e4, 0x20e4, 0x20e4, 0x20e4, 0x20e4, 0x20e4, 0x20e4, 0x20e4, 0x20e4, 0x20e4, 0x20e4, 0x20e4, 0x20e4, 
	0x20e4, 0x20e4, 0x20e4, 0x20e4, 0x20e4, 0x20e4, 0x20e4, 0x20e4, 0x20e4, 0x20e4, 0x20e4, 0x20e4, 0x20e4, 0x20e4, 0x20e4, 0x20e4, 
	0x20e4, 0x20e4, 0x20e4, 0x20e4, 0x20e4, 0x20e4, 0x20e4, 0x20e4, 0x20e4, 0x20e4, 0x20e4, 0x20e4, 0x20e4, 0x20e4, 0x20e4, 0x20e4, 
	0x20e4, 0x20e4, 0x20e4, 0x20e4, 0x20e4, 0x18e4, 0x18e4, 0x18e4, 0x18e4, 0x18e4, 0x18e4, 0x18e4, 0x18e4, 0x18e4, 0x20e4, 0x20e4, 
	0x20e4, 0x20e4, 0x20e4, 0x20e4, 0x20e4, 0x20e4, 0x20e4, 0x20e4, 0x20e4, 0x20e4, 0x20e4, 0x20e4, 0x20e4, 0x2104, 0x2104, 0x2104, 
	0x2104, 0x2104, 0x2104, 0x2104, 0x20e4, 0x20e4, 0x20e4, 0x20e4, 0x20e4, 0x20e4, 0x20e4, 0x20e4, 0x20e4, 0x20e4, 0x20e4, 0x20e4, 
	0x20e4, 0x20e4, 0x20e4, 0x20e4, 0x20e4, 0x20e4, 0x20e4, 0x20e4, 0x20e4, 0x20e4, 0x20e4, 0x20e4, 0x20e4, 0x20e4, 0x20e4, 0x20e4, 
	0x20e4, 0x20e4, 0x20e4, 0x20e4, 0x20e4, 0x20e4, 0x20e4, 0x20e4, 0x20e4, 0x20e4, 0x20e4, 0x20e4, 0x20e4, 0x20e4, 0x20e4, 0x20e4, 
	0x20e4, 0x20e4, 0x20e4, 0x20e4, 0x20e4, 0x20e4, 0x20e4, 0x20e4, 0x20e4, 0x20e4, 0x20e4, 0x20e4, 0x20e4, 0x20e4, 0x20e4, 0x20e4, 
	0x20e4, 0x20e4, 0x20e4, 0x20e4, 0x20e4, 0x20e4, 0x20e4, 0x20e4, 0x20e4, 0x20e4, 0x20e4, 0x20e4, 0x20e4, 0x20e4, 0x20e4, 0x20e4, 
	0x20e4, 0x20e4, 0x20e4, 0x20e4, 0x20e4, 0x20e4, 0x20e4, 0x20e4, 0x20e4, 0x20e4, 0x20e4, 0x20e4, 0x20e4, 0x20e4, 0x20e4, 0x20e4, 
	0x20e4, 0x20e4, 0x20e4, 0x20e4, 0x20e4, 0x20e4, 0x20e4, 0x20e4, 0x20e4, 0x20e4, 0x20e4, 0x20e4, 0x20e4, 0x20e4, 0x20e4, 0x20e4, 
	0x20e4, 0x20e4, 0x20e4, 0x20e4, 0x20e4, 0x20e4, 0x20e4, 0x20e4, 0x20e4, 0x20e4, 0x20e4, 0x20e4, 0x20e4, 0x20e4, 0x20e4, 0x20e4, 
	0x20e4, 0x20e4, 0x20e4, 0x20e4, 0x20e4, 0x20e4, 0x20e4, 0x20e4, 0x20e4, 0x20e4, 0x20e4, 0x20e4, 0x20e4, 0x20e4, 0x20e4, 0x20e4, 
	0x20e4, 0x20e4, 0x20e4, 0x20e4, 0x20e4, 0x20e4, 0x20e4, 0x20e4, 0x20e4, 0x20e4, 0x20e4, 0x20e4, 0x20e4, 0x20e4, 0x20e4, 0x20e4, 
	0x20e4, 0x20e4, 0x20e4, 0x20e4, 0x20e4, 0x20e4, 0x20e4, 0x20e4, 0x20e4, 0x20e4, 0x20e4, 0x20e4, 0x20e4, 0x20e4, 0x20e4, 0x20e4, 
	0x20e4, 0x20e4, 0x20e4, 0x20e4, 0x20e4, 0x20e4, 0x20e4, 0x20e4, 0x20e4, 0x20e4, 0x20e4, 0x20e4, 0x20e4, 0x20e4, 0x20e4, 0x20e4, 
	0x20e4, 0x20e4, 0x20e4, 0x20e4, 0x20e4, 0x20e4, 0x20e4, 0x20e4, 0x20e4, 0x20e4, 0x20e4, 0x20e4, 0x20e4, 0x20e4, 0x20e4, 0x20e4, 
	0x20e4, 0x20e4, 0x20e4, 0x20e4, 0x20e4, 0x18e4, 0x18e4, 0x18e4, 0x18e4, 0x18e4, 0x18e4, 0x18e4, 0x18e4, 0x20e4, 0x20e4, 0x20e4, 
	0x20e4, 0x20e4, 0x20e4, 0x20e4, 0x20e4, 0x20e4, 0x20e4, 0x20e4, 0x20e4, 0x20e4, 0x20e4, 0x20e4, 0x20e4, 0x20e4, 0x2104, 0x20e4, 
	0x2104, 0x2104, 0x2104, 0x2104, 0x20e4, 0x20e4, 0x20e4, 0x20e4, 0x20e4, 0x20e4, 0x20e4, 0x20e4, 0x20e4, 0x20e4, 0x20e4, 0x20e4, 
	0x20e4, 0x20e4, 0x20e4, 0x20e4, 0x20e4, 0x20e4, 0x20e4, 0x20e4, 0x20e4, 0x20e4, 0x20e4, 0x20e4, 0x20e4, 0x20e4, 0x20e4, 0x20e4, 
	0x20e4, 0x20e4, 0x20e4, 0x20e4, 0x20e4, 0x20e4, 0x20e4, 0x20e4, 0x20e4, 0x20e4, 0x20e4, 0x20e4, 0x20e4, 0x20e4, 0x20e4, 0x20e4, 
	0x20e4, 0x20e4, 0x20e4, 0x20e4, 0x20e4, 0x20e4, 0x20e4, 0x20e4, 0x20e4, 0x20e4, 0x20e4, 0x20e4, 0x20e4, 0x20e4, 0x20e4, 0x20e4, 
	0x20e4, 0x20e4, 0x20e4, 0x20e4, 0x20e4, 0x20e4, 0x20e4, 0x20e4, 0x20e4, 0x20e4, 0x20e4, 0x20e4, 0x20e4, 0x20e4, 0x20e4, 0x20e4, 
	0x20e4, 0x20e4, 0x20e4, 0x18e4, 0x18e4, 0x18e4, 0x18e4, 0x18e4, 0x20e4, 0x20e4, 0x20e4, 0x20e4, 0x20e4, 0x20e4, 0x20e4, 0x20e4, 
	0x20e4, 0x20e4, 0x20e4, 0x20e4, 0x20e4, 0x20e4, 0x20e4, 0x20e4, 0x20e4, 0x20e4, 0x20e4, 0x20e4, 0x20e4, 0x20e4, 0x20e4, 0x20e4, 
	0x20e4, 0x20e4, 0x20e4, 0x20e4, 0x20e4, 0x20e4, 0x20e4, 0x20e4, 0x20e4, 0x20e4, 0x20e4, 0x20e4, 0x20e4, 0x20e4, 0x20e4, 0x20e4, 
	0x20e4, 0x20e4, 0x20e4, 0x20e4, 0x20e4, 0x20e4, 0x20e4, 0x20e4, 0x20e4, 0x20e4, 0x20e4, 0x20e4, 0x20e4, 0x20e4, 0x20e4, 0x20e4, 
	0x20e4, 0x20e4, 0x20e4, 0x20e4, 0x20e4, 0x20e4, 0x20e4, 0x20e4, 0x20e4, 0x20e4, 0x20e4, 0x20e4, 0x20e4, 0x20e4, 0x20e4, 0x20e4, 
	0x20e4, 0x20e4, 0x20e4, 0x20e4, 0x20e4, 0x20e4, 0x20e4, 0x20e4, 0x20e4, 0x20e4, 0x20e4, 0x20e4, 0x20e4, 0x20e4, 0x20e4, 0x20e4, 
	0x20e4, 0x20e4, 0x20e4, 0x20e4, 0x20e4, 0x20e4, 0x20e4, 0x20e4, 0x20e4, 0x20e4, 0x20e4, 0x20e4, 0x20e4, 0x20e4, 0x20e4, 0x20e4, 
	0x20e4, 0x20e4, 0x20e4, 0x20e4, 0x20e4, 0x20e4, 0x20e4, 0x20e4, 0x20e4, 0x20e4, 0x20e4, 0x20e4, 0x20e4, 0x20e4, 0x20e4, 0x20e4, 
	0x20e4, 0x20e4, 0x20e4, 0x20e4, 0x20e4, 0x18e4, 0x18e4, 0x18e4, 0x18e4, 0x18e4, 0x18e4, 0x18e4, 0x18e4, 0x20e4, 0x20e4, 0x20e4, 
	0x20e4, 0x20e4, 0x20e4, 0x20e4, 0x20e4, 0x20e4, 0x20e4, 0x20e4, 0x20e4, 0x20e4, 0x20e4, 0x20e4, 0x20e4, 0x20e4, 0x20e4, 0x20e4, 
	0x2104, 0x2104, 0x2104, 0x2104, 0x20e4, 0x20e4, 0x20e4, 0x20e4, 0x20e4, 0x20e4, 0x20e4, 0x20e4, 0x20e4, 0x20e4, 0x20e4, 0x20e4, 
	0x20e4, 0x20e4, 0x20e4, 0x20e4, 0x20e4, 0x20e4, 0x20e4, 0x20e4, 0x20e4, 0x20e4, 0x20e4, 0x20e4, 0x20e4, 0x20e4, 0x20e4, 0x20e4, 
	0x20e4, 0x20e4, 0x20e4, 0x20e4, 0x20e4, 0x20e4, 0x20e4, 0x20e4, 0x20e4, 0x20e4, 0x20e4, 0x20e4, 0x20e4, 0x20e4, 0x20e4, 0x20e4, 
	0x20e4, 0x20e4, 0x20e4, 0x20e4, 0x20e4, 0x20e4, 0x20e4, 0x20e4, 0x20e4, 0x20e4, 0x20e4, 0x20e4, 0x20e4, 0x20e4, 0x20e4, 0x20e4, 
	0x20e4, 0x20e4, 0x20e4, 0x20e4, 0x20e4, 0x20e4, 0x20e4, 0x20e4, 0x20e4, 0x20e4, 0x20e4, 0x20e4, 0x20e4, 0x20e4, 0x20e4, 0x20e4, 
	0x20e4, 0x20e4, 0x20e4, 0x18e4, 0x18e4, 0x18e4, 0x18e4, 0x18e4, 0x20e4, 0x20e4, 0x20e4, 0x20e4, 0x20e4, 0x20e4, 0x20e4, 0x20e4, 
	0x20e4, 0x20e4, 0x20e4, 0x20e4, 0x20e4, 0x20e4, 0x20e4, 0x20e4, 0x20e4, 0x20e4, 0x20e4, 0x20e4, 0x20e4, 0x20e4, 0x20e4, 0x20e4, 
	0x20e4, 0x20e4, 0x20e4, 0x20e4, 0x20e4, 0x20e4, 0x20e4, 0x20e4, 0x20e4, 0x20e4, 0x20e4, 0x20e4, 0x20e4, 0x20e4, 0x20e4, 0x20e4, 
	0x20e4, 0x20e4, 0x20e4, 0x20e4, 0x20e4, 0x20e4, 0x20e4, 0x20e4, 0x20e4, 0x20e4, 0x20e4, 0x20e4, 0x20e4, 0x20e4, 0x20e4, 0x20e4, 
	0x20e4, 0x20e4, 0x20e4, 0x20e4, 0x20e4, 0x20e4, 0x20e4, 0x20e4, 0x20e4, 0x20e4, 0x20e4, 0x20e4, 0x20e4, 0x20e4, 0x20e4, 0x20e4, 
	0x20e4, 0x20e4, 0x20e4, 0x20e4, 0x20e4, 0x20e4, 0x20e4, 0x20e4, 0x20e4, 0x20e4, 0x20e4, 0x20e4, 0x20e4, 0x20e4, 0x20e4, 0x20e4, 
	0x20e4, 0x20e4, 0x20e4, 0x20e4, 0x20e4, 0x20e4, 0x20e4, 0x20e4, 0x20e4, 0x20e4, 0x20e4, 0x20e4, 0x20e4, 0x20e4, 0x20e4, 0x20e4, 
	0x20e4, 0x20e4, 0x20e4, 0x20e4, 0x20e4, 0x20e4, 0x20e4, 0x20e4, 0x20e4, 0x20e4, 0x20e4, 0x20e4, 0x20e4, 0x20e4, 0x20e4, 0x20e4, 
	0x20e4, 0x20e4, 0x20e4, 0x20e4, 0x20e4, 0x20e4, 0x18e4, 0x18e4, 0x18e4, 0x18e4, 0x18e4, 0x18e4, 0x18e4, 0x20e4, 0x20e4, 0x20e4, 
	0x20e4, 0x20e4, 0x20e4, 0x20e4, 0x20e4, 0x20e4, 0x20e4, 0x20e4, 0x20e4, 0x20e4, 0x20e4, 0x20e4, 0x20e4, 0x20e4, 0x20e4, 0x20e4, 
	0x2104, 0x2104, 0x2104, 0x20e4, 0x20e4, 0x20e4, 0x20e4, 0x20e4, 0x20e4, 0x20e4, 0x20e4, 0x20e4, 0x20e4, 0x20e4, 0x20e4, 0x20e4, 
	0x20e4, 0x20e4, 0x20e4, 0x20e4, 0x20e4, 0x20e4, 0x20e4, 0x20e4, 0x20e4, 0x20e4, 0x20e4, 0x20e4, 0x20e4, 0x20e4, 0x20e4, 0x20e4, 
	0x20e4, 0x20e4, 0x20e4, 0x20e4, 0x20e4, 0x20e4, 0x20e4, 0x20e4, 0x20e4, 0x20e4, 0x20e4, 0x20e4, 0x20e4, 0x20e4, 0x20e4, 0x20e4, 
	0x20e4, 0x20e4, 0x20e4, 0x20e4, 0x20e4, 0x20e4, 0x20e4, 0x20e4, 0x20e4, 0x20e4, 0x20e4, 0x20e4, 0x20e4, 0x20e4, 0x20e4, 0x20e4, 
	0x20e4, 0x20e4, 0x20e4, 0x20e4, 0x2104, 0x20e4, 0x20e4, 0x20e4, 0x20e4, 0x20e4, 0x20e4, 0x20e4, 0x20e4, 0x20e4, 0x20e4, 0x20e4, 
	0x20e4, 0x20e4, 0x20e4, 0x20e4, 0x18e4, 0x18e4, 0x20e4, 0x20e4, 0x20e4, 0x20e4, 0x20e4, 0x20e4, 0x20e4, 0x20e4, 0x20e4, 0x20e4, 
	0x20e4, 0x20e4, 0x20e4, 0x20e4, 0x20e4, 0x20e4, 0x20e4, 0x20e4, 0x20e4, 0x20e4, 0x20e4, 0x20e4, 0x20e4, 0x20e4, 0x20e4, 0x20e4, 
	0x20e4, 0x20e4, 0x20e4, 0x20e4, 0x20e4, 0x20e4, 0x20e4, 0x20e4, 0x20e4, 0x20e4, 0x20e4, 0x20e4, 0x20e4, 0x20e4, 0x20e4, 0x20e4, 
	0x20e4, 0x20e4, 0x20e4, 0x20e4, 0x20e4, 0x20e4, 0x20e4, 0x20e4, 0x20e4, 0x20e4, 0x20e4, 0x20e4, 0x20e4, 0x20e4, 0x20e4, 0x20e4, 
	0x20e4, 0x20e4, 0x20e4, 0x20e4, 0x20e4, 0x20e4, 0x20e4, 0x20e4, 0x20e4, 0x20e4, 0x20e4, 0x20e4, 0x20e4, 0x20e4, 0x20e4, 0x20e4, 
	0x20e4, 0x20e4, 0x20e4, 0x20e4, 0x20e4, 0x20e4, 0x20e4, 0x20e4, 0x20e4, 0x20e4, 0x20e4, 0x20e4, 0x20e4, 0x20e4, 0x20e4, 0x20e4, 
	0x20e4, 0x20e4, 0x20e4, 0x20e4, 0x20e4, 0x20e4, 0x20e4, 0x20e4, 0x20e4, 0x20e4, 0x20e4, 0x20e4, 0x20e4, 0x20e4, 0x20e4, 0x20e4, 
	0x20e4, 0x20e4, 0x20e4, 0x20e4, 0x20e4, 0x20e4, 0x20e4, 0x20e4, 0x20e4, 0x20e4, 0x20e4, 0x20e4, 0x20e4, 0x20e4, 0x20e4, 0x20e4, 
	0x20e4, 0x20e4, 0x20e4, 0x20e4, 0x20e4, 0x20e4, 0x20e4, 0x20e4, 0x18e4, 0x18e4, 0x18e4, 0x18e4, 0x18e4, 0x20e4, 0x20e4, 0x20e4, 
	0x20e4, 0x20e4, 0x20e4, 0x20e4, 0x20e4, 0x20e4, 0x20e4, 0x20e4, 0x20e4, 0x20e4, 0x20e4, 0x20e4, 0x20e4, 0x20e4, 0x20e4, 0x20e4, 
	0x2104, 0x2104, 0x20e4, 0x20e4, 0x20e4, 0x20e4, 0x20e4, 0x20e4, 0x20e4, 0x20e4, 0x20e4, 0x20e4, 0x20e4, 0x20e4, 0x20e4, 0x20e4, 
	0x20e4, 0x20e4, 0x20e4, 0x20e4, 0x20e4, 0x20e4, 0x20e4, 0x20e4, 0x20e4, 0x20e4, 0x20e4, 0x20e4, 0x20e4, 0x20e4, 0x20e4, 0x20e4, 
	0x20e4, 0x20e4, 0x20e4, 0x20e4, 0x20e4, 0x20e4, 0x20e4, 0x20e4, 0x20e4, 0x20e4, 0x20e4, 0x20e4, 0x20e4, 0x20e4, 0x20e4, 0x20e4, 
	0x20e4, 0x20e4, 0x20e4, 0x20e4, 0x20e4, 0x20e4, 0x20e4, 0x20e4, 0x20e4, 0x20e4, 0x20e4, 0x20e4, 0x20e4, 0x20e4, 0x20e4, 0x20e4, 
	0x20e4, 0x20e4, 0x20e4, 0x20e4, 0x20e4, 0x20e4, 0x20e4, 0x20e4, 0x20e4, 0x20e4, 0x20e4, 0x20e4, 0x20e4, 0x20e4, 0x20e4, 0x20e4, 
	0x20e4, 0x20e4, 0x20e4, 0x20e4, 0x20e4, 0x20e4, 0x20e4, 0x20e4, 0x20e4, 0x20e4, 0x20e4, 0x20e4, 0x20e4, 0x20e4, 0x20e4, 0x20e4, 
	0x20e4, 0x20e4, 0x20e4, 0x20e4, 0x20e4, 0x20e4, 0x20e4, 0x20e4, 0x20e4, 0x20e4, 0x20e4, 0x20e4, 0x20e4, 0x20e4, 0x20e4, 0x20e4, 
	0x20e4, 0x20e4, 0x20e4, 0x20e4, 0x20e4, 0x20e4, 0x20e4, 0x20e4, 0x20e4, 0x20e4, 0x20e4, 0x20e4, 0x20e4, 0x20e4, 0x20e4, 0x20e4, 
	0x20e4, 0x20e4, 0x20e4, 0x20e4, 0x20e4, 0x20e4, 0x20e4, 0x20e4, 0x20e4, 0x20e4, 0x20e4, 0x20e4, 0x20e4, 0x20e4, 0x20e4, 0x20e4, 
	0x20e4, 0x20e4, 0x20e4, 0x20e4, 0x20e4, 0x20e4, 0x20e4, 0x20e4, 0x20e4, 0x20e4, 0x20e4, 0x20e4, 0x20e4, 0x20e4, 0x20e4, 0x20e4, 
	0x20e4, 0x20e4, 0x20e4, 0x20e4, 0x20e4, 0x20e4, 0x20e4, 0x20e4, 0x20e4, 0x20e4, 0x20e4, 0x20e4, 0x20e4, 0x20e4, 0x20e4, 0x20e4, 
	0x20e4, 0x20e4, 0x20e4, 0x20e4, 0x20e4, 0x20e4, 0x20e4, 0x20e4, 0x20e4, 0x20e4, 0x20e4, 0x20e4, 0x20e4, 0x20e4, 0x20e4, 0x20e4, 
	0x20e4, 0x20e4, 0x20e4, 0x20e4, 0x20e4, 0x20e4, 0x20e4, 0x20e4, 0x20e4, 0x20e4, 0x20e4, 0x20e4, 0x20e4, 0x20e4, 0x20e4, 0x20e4, 
	0x20e4, 0x20e4, 0x20e4, 0x20e4, 0x20e4, 0x20e4, 0x20e4, 0x20e4, 0x20e4, 0x20e4, 0x20e4, 0x20e4, 0x20e4, 0x20e4, 0x20e4, 0x20e4, 
	0x20e4, 0x20e4, 0x20e4, 0x20e4, 0x20e4, 0x20e4, 0x20e4, 0x20e4, 0x20e4, 0x20e4, 0x20e4, 0x20e4, 0x20e4, 0x20e4, 0x20e4, 0x20e4, 
	0x2104, 0x20e4, 0x20e4, 0x20e4, 0x20e4, 0x20e4, 0x20e4, 0x20e4, 0x20e4, 0x20e4, 0x20e4, 0x20e4, 0x20e4, 0x20e4, 0x20e4, 0x20e4, 
	0x20e4, 0x20e4, 0x20e4, 0x20e4, 0x20e4, 0x20e4, 0x20e4, 0x20e4, 0x20e4, 0x20e4, 0x20e4, 0x20e4, 0x20e4, 0x20e4, 0x20e4, 0x20e4, 
	0x20e4, 0x20e4, 0x20e4, 0x20e4, 0x20e4, 0x20e4, 0x20e4, 0x20e4, 0x20e4, 0x20e4, 0x20e4, 0x20e4, 0x20e4, 0x20e4, 0x20e4, 0x20e4, 
	0x20e4, 0x20e4, 0x20e4, 0x20e4, 0x20e4, 0x20e4, 0x20e4, 0x20e4, 0x20e4, 0x20e4, 0x20e4, 0x20e4, 0x20e4, 0x20e4, 0x20e4, 0x20e4, 
	0x20e4, 0x20e4, 0x20e4, 0x20e4, 0x20e4, 0x20e4, 0x20e4, 0x20e4, 0x20e4, 0x20e4, 0x20e4, 0x20e4, 0x20e4, 0x20e4, 0x20e4, 0x20e4, 
	0x20e4, 0x20e4, 0x20e4, 0x20e4, 0x20e4, 0x20e4, 0x20e4, 0x20e4, 0x20e4, 0x20e4, 0x20e4, 0x20e4, 0x20e4, 0x20e4, 0x20e4, 0x20e4, 
	0x20e4, 0x20e4, 0x20e4, 0x20e4, 0x20e4, 0x20e4, 0x20e4, 0x20e4, 0x20e4, 0x20e4, 0x20e4, 0x20e4, 0x20e4, 0x20e4, 0x20e4, 0x20e4, 
	0x20e4, 0x20e4, 0x20e4, 0x20e4, 0x20e4, 0x20e4, 0x20e4, 0x20e4, 0x20e4, 0x20e4, 0x20e4, 0x20e4, 0x20e4, 0x20e4, 0x20e4, 0x20e4, 
	0x20e4, 0x20e4, 0x20e4, 0x20e4, 0x20e4, 0x20e4, 0x20e4, 0x20e4, 0x20e4, 0x20e4, 0x20e4, 0x20e4, 0x20e4, 0x20e4, 0x20e4, 0x20e4, 
	0x20e4, 0x20e4, 0x20e4, 0x20e4, 0x20e4, 0x20e4, 0x20e4, 0x20e4, 0x20e4, 0x20e4, 0x20e4, 0x20e4, 0x20e4, 0x20e4, 0x20e4, 0x20e4, 
	0x20e4, 0x20e4, 0x20e4, 0x20e4, 0x20e4, 0x20e4, 0x20e4, 0x20e4, 0x20e4, 0x20e4, 0x20e4, 0x20e4, 0x20e4, 0x20e4, 0x20e4, 0x20e4, 
	0x20e4, 0x20e4, 0x20e4, 0x20e4, 0x20e4, 0x20e4, 0x20e4, 0x20e4, 0x20e4, 0x20e4, 0x20e4, 0x20e4, 0x20e4, 0x20e4, 0x20e4, 0x20e4, 
	0x20e4, 0x20e4, 0x20e4, 0x20e4, 0x20e4, 0x20e4, 0x20e4, 0x20e4, 0x20e4, 0x20e4, 0x20e4, 0x20e4, 0x20e4, 0x20e4, 0x20e4, 0x20e4, 
	0x20e4, 0x20e4, 0x20e4, 0x20e4, 0x20e4, 0x20e4, 0x20e4, 0x20e4, 0x20e4, 0x20e4, 0x20e4, 0x20e4, 0x20e4, 0x20e4, 0x20e4, 0x20e4, 
	0x20e4, 0x20e4, 0x20e4, 0x20e4, 0x20e4, 0x20e4, 0x20e4, 0x20e4, 0x20e4, 0x20e4, 0x20e4, 0x20e4, 0x2104, 0x2104, 0x20e4, 0x20e4, 
	0x20e4, 0x20e4, 0x20e4, 0x20e4, 0x20e4, 0x20e4, 0x20e4, 0x20e4, 0x20e4, 0x20e4, 0x20e4, 0x20e4, 0x20e4, 0x20e4, 0x20e4, 0x20e4, 
	0x20e4, 0x20e4, 0x20e4, 0x20e4, 0x20e4, 0x20e4, 0x20e4, 0x20e4, 0x20e4, 0x20e4, 0x20e4, 0x20e4, 0x20e4, 0x20e4, 0x20e4, 0x20e4, 
	0x20e4, 0x20e4, 0x20e4, 0x20e4, 0x20e4, 0x20e4, 0x20e4, 0x20e4, 0x20e4, 0x20e4, 0x20e4, 0x20e4, 0x20e4, 0x20e4, 0x20e4, 0x20e4, 
	0x20e4, 0x20e4, 0x20e4, 0x20e4, 0x20e4, 0x20e4, 0x20e4, 0x20e4, 0x20e4, 0x20e4, 0x20e4, 0x20e4, 0x20e4, 0x20e4, 0x20e4, 0x20e4, 
	0x20e4, 0x20e4, 0x20e4, 0x20e4, 0x20e4, 0x20e4, 0x20e4, 0x20e4, 0x20e4, 0x20e4, 0x20e4, 0x20e4, 0x20e4, 0x20e4, 0x20e4, 0x20e4, 
	0x20e4, 0x20e4, 0x20e4, 0x20e4, 0x20e4, 0x20e4, 0x20e4, 0x20e4, 0x20e4, 0x20e4, 0x20e4, 0x20e4, 0x20e4, 0x20e4, 0x20e4, 0x20e4, 
	0x20e4, 0x20e4, 0x20e4, 0x20e4, 0x20e4, 0x20e4, 0x20e4, 0x20e4, 0x20e4, 0x20e4, 0x20e4, 0x20e4, 0x20e4, 0x20e4, 0x20e4, 0x20e4, 
	0x20e4, 0x20e4, 0x20e4, 0x20e4, 0x20e4, 0x20e4, 0x20e4, 0x20e4, 0x20e4, 0x20e4, 0x20e4, 0x20e4, 0x20e4, 0x20e4, 0x20e4, 0x20e4, 
	0x20e4, 0x20e4, 0x20e4, 0x20e4, 0x20e4, 0x20e4, 0x20e4, 0x20e4, 0x20e4, 0x20e4, 0x20e4, 0x20e4, 0x20e4, 0x20e4, 0x20e4, 0x20e4, 
	0x20e4, 0x20e4, 0x20e4, 0x20e4, 0x20e4, 0x20e4, 0x20e4, 0x20e4, 0x20e4, 0x20e4, 0x20e4, 0x20e4, 0x20e4, 0x20e4, 0x20e4, 0x20e4, 
	0x20e4, 0x20e4, 0x20e4, 0x20e4, 0x20e4, 0x20e4, 0x20e4, 0x20e4, 0x20e4, 0x20e4, 0x20e4, 0x20e4, 0x20e4, 0x20e4, 0x20e4, 0x20e4, 
	0x20e4, 0x20e4, 0x20e4, 0x20e4, 0x20e4, 0x20e4, 0x20e4, 0x20e4, 0x20e4, 0x20e4, 0x20e4, 0x20e4, 0x20e4, 0x20e4, 0x20e4, 0x20e4, 
	0x20e4, 0x20e4, 0x20e4, 0x20e4, 0x20e4, 0x20e4, 0x20e4, 0x20e4, 0x20e4, 0x20e4, 0x20e4, 0x20e4, 0x20e4, 0x20e4, 0x20e4, 0x20e4, 
	0x20e4, 0x20e4, 0x20e4, 0x20e4, 0x20e4, 0x20e4, 0x20e4, 0x20e4, 0x20e4, 0x20e4, 0x20e4, 0x20e4, 0x20e4, 0x20e4, 0x20e4, 0x20e4, 
	0x20e4, 0x20e4, 0x20e4, 0x20e4, 0x20e4, 0x20e4, 0x20e4, 0x20e4, 0x20e4, 0x20e4, 0x20e4, 0x20e4, 0x2104, 0x2104, 0x20e4, 0x20e4, 
	0x20e4, 0x20e4, 0x20e4, 0x20e4, 0x20e4, 0x20e4, 0x20e4, 0x20e4, 0x20e4, 0x20e4, 0x20e4, 0x20e4, 0x20e4, 0x20e4, 0x20e4, 0x20e4, 
	0x20e4, 0x20e4, 0x20e4, 0x20e4, 0x20e4, 0x20e4, 0x20e4, 0x20e4, 0x20e4, 0x20e4, 0x20e4, 0x20e4, 0x20e4, 0x20e4, 0x20e4, 0x20e4, 
	0x20e4, 0x20e4, 0x20e4, 0x20e4, 0x20e4, 0x20e4, 0x20e4, 0x20e4, 0x20e4, 0x20e4, 0x20e4, 0x20e4, 0x20e4, 0x20e4, 0x20e4, 0x20e4, 
	0x20e4, 0x20e4, 0x20e4, 0x20e4, 0x20e4, 0x20e4, 0x20e4, 0x20e4, 0x20e4, 0x20e4, 0x20e4, 0x20e4, 0x20e4, 0x20e4, 0x20e4, 0x20e4, 
	0x20e4, 0x20e4, 0x20e4, 0x20e4, 0x20e4, 0x20e4, 0x20e4, 0x20e4, 0x20e4, 0x20e4, 0x20e4, 0x20e4, 0x20e4, 0x20e4, 0x20e4, 0x20e4, 
	0x20e4, 0x20e4, 0x20e4, 0x20e4, 0x20e4, 0x20e4, 0x20e4, 0x20e4, 0x20e4, 0x20e4, 0x20e4, 0x20e4, 0x20e4, 0x20e4, 0x20e4, 0x20e4, 
	0x20e4, 0x20e4, 0x20e4, 0x20e4, 0x20e4, 0x20e4, 0x20e4, 0x20e4, 0x20e4, 0x20e4, 0x20e4, 0x20e4, 0x20e4, 0x20e4, 0x20e4, 0x20e4, 
	0x20e4, 0x20e4, 0x20e4, 0x20e4, 0x20e4, 0x20e4, 0x20e4, 0x20e4, 0x20e4, 0x20e4, 0x20e4, 0x20e4, 0x20e4, 0x20e4, 0x20e4, 0x20e4, 
	0x20e4, 0x20e4, 0x20e4, 0x20e4, 0x20e4, 0x20e4, 0x20e4, 0x20e4, 0x20e4, 0x20e4, 0x20e4, 0x20e4, 0x20e4, 0x20e4, 0x20e4, 0x20e4, 
	0x20e4, 0x20e4, 0x20e4, 0x20e4, 0x20e4, 0x20e4, 0x20e4, 0x20e4, 0x20e4, 0x20e4, 0x20e4, 0x20e4, 0x20e4, 0x20e4, 0x20e4, 0x20e4, 
	0x20e4, 0x20e4, 0x20e4, 0x20e4, 0x20e4, 0x20e4, 0x20e4, 0x20e4, 0x20e4, 0x20e4, 0x20e4, 0x20e4, 0x20e4, 0x20e4, 0x20e4, 0x20e4, 
	0x20e4, 0x20e4, 0x20e4, 0x20e4, 0x20e4, 0x20e4, 0x20e4, 0x20e4, 0x20e4, 0x20e4, 0x20e4, 0x20e4, 0x20e4, 0x20e4, 0x20e4, 0x20e4, 
	0x20e4, 0x20e4, 0x20e4, 0x20e4, 0x20e4, 0x20e4, 0x20e4, 0x20e4, 0x20e4, 0x20e4, 0x20e4, 0x20e4, 0x20e4, 0x20e4, 0x20e4, 0x20e4, 
	0x20e4, 0x20e4, 0x20e4, 0x20e4, 0x20e4, 0x20e4, 0x20e4, 0x20e4, 0x20e4, 0x20e4, 0x20e4, 0x20e4, 0x20e4, 0x20e4, 0x20e4, 0x20e4, 
	0x20e4, 0x20e4, 0x20e4, 0x20e4, 0x20e4, 0x20e4, 0x20e4, 0x20e4, 0x20e4, 0x20e4, 0x20e4, 0x20e4, 0x2104, 0x2104, 0x20e4, 0x20e4, 
	0x20e4, 0x20e4, 0x20e4, 0x20e4, 0x20e4, 0x20e4, 0x20e4, 0x20e4, 0x20e4, 0x20e4, 0x20e4, 0x20e4, 0x20e4, 0x20e4, 0x20e4, 0x20e4, 
	0x20e4, 0x20e4, 0x20e4, 0x20e4, 0x20e4, 0x20e4, 0x20e4, 0x20e4, 0x20e4, 0x20e4, 0x20e4, 0x20e4, 0x20e4, 0x20e4, 0x20e4, 0x20e4, 
	0x20e4, 0x20e4, 0x20e4, 0x20e4, 0x20e4, 0x20e4, 0x20e4, 0x20e4, 0x20e4, 0x20e4, 0x20e4, 0x20e4, 0x20e4, 0x20e4, 0x20e4, 0x20e4, 
	0x20e4, 0x20e4, 0x20e4, 0x20e4, 0x20e4, 0x20e4, 0x20e4, 0x20e4, 0x20e4, 0x20e4, 0x20e4, 0x20e4, 0x20e4, 0x20e4, 0x20e4, 0x20e4, 
	0x20e4, 0x20e4, 0x20e4, 0x20e4, 0x20e4, 0x20e4, 0x20e4, 0x20e4, 0x20e4, 0x20e4, 0x20e4, 0x20e4, 0x20e4, 0x20e4, 0x20e4, 0x20e4, 
	0x20e4, 0x20e4, 0x20e4, 0x20e4, 0x20e4, 0x20e4, 0x20e4, 0x20e4, 0x20e4, 0x20e4, 0x20e4, 0x20e4, 0x20e4, 0x20e4, 0x20e4, 0x20e4, 
	0x20e4, 0x20e4, 0x20e4, 0x20e4, 0x20e4, 0x20e4, 0x20e4, 0x20e4, 0x20e4, 0x20e4, 0x20e4, 0x20e4, 0x20e4, 0x20e4, 0x20e4, 0x20e4, 
	0x20e4, 0x20e4, 0x20e4, 0x20e4, 0x20e4, 0x20e4, 0x20e4, 0x20e4, 0x20e4, 0x20e4, 0x20e4, 0x20e4, 0x20e4, 0x20e4, 0x20e4, 0x20e4, 
	0x20e4, 0x20e4, 0x20e4, 0x20e4, 0x20e4, 0x20e4, 0x20e4, 0x20e4, 0x20e4, 0x20e4, 0x20e4, 0x20e4, 0x20e4, 0x20e4, 0x20e4, 0x20e4, 
	0x20e4, 0x20e4, 0x20e4, 0x20e4, 0x20e4, 0x20e4, 0x20e4, 0x20e4, 0x20e4, 0x20e4, 0x20e4, 0x20e4, 0x20e4, 0x20e4, 0x20e4, 0x20e4, 
	0x20e4, 0x20e4, 0x20e4, 0x20e4, 0x20e4, 0x20e4, 0x20e4, 0x20e4, 0x20e4, 0x20e4, 0x20e4, 0x20e4, 0x20e4, 0x20e4, 0x20e4, 0x20e4, 
	0x20e4, 0x20e4, 0x20e4, 0x20e4, 0x20e4, 0x20e4, 0x20e4, 0x20e4, 0x20e4, 0x20e4, 0x20e4, 0x20e4, 0x20e4, 0x20e4, 0x20e4, 0x20e4, 
	0x20e4, 0x20e4, 0x20e4, 0x20e4, 0x20e4, 0x20e4, 0x20e4, 0x20e4, 0x20e4, 0x20e4, 0x20e4, 0x20e4, 0x20e4, 0x20e4, 0x20e4, 0x20e4, 
	0x20e4, 0x20e4, 0x20e4, 0x20e4, 0x20e4, 0x20e4, 0x20e4, 0x20e4, 0x20e4, 0x20e4, 0x20e4, 0x20e4, 0x20e4, 0x20e4, 0x20e4, 0x20e4, 
	0x20e4, 0x20e4, 0x20e4, 0x20e4, 0x20e4, 0x20e4, 0x20e4, 0x20e4, 0x20e4, 0x20e4, 0x20e4, 0x20e4, 0x2104, 0x2104, 0x2104, 0x20e4, 
	0x2104, 0x2104, 0x20e4, 0x20e4, 0x20e4, 0x20e4, 0x20e4, 0x20e4, 0x20e4, 0x20e4, 0x20e4, 0x20e4, 0x20e4, 0x20e4, 0x20e4, 0x20e4, 
	0x20e4, 0x20e4, 0x20e4, 0x20e4, 0x20e4, 0x20e4, 0x20e4, 0x20e4, 0x20e4, 0x20e4, 0x20e4, 0x20e4, 0x20e4, 0x20e4, 0x20e4, 0x20e4, 
	0x20e4, 0x20e4, 0x20e4, 0x20e4, 0x20e4, 0x20e4, 0x20e4, 0x20e4, 0x20e4, 0x20e4, 0x20e4, 0x20e4, 0x20e4, 0x20e4, 0x20e4, 0x20e4, 
	0x20e4, 0x20e4, 0x20e4, 0x20e4, 0x20e4, 0x20e4, 0x20e4, 0x20e4, 0x20e4, 0x20e4, 0x20e4, 0x20e4, 0x20e4, 0x20e4, 0x20e4, 0x20e4, 
	0x20e4, 0x20e4, 0x20e4, 0x20e4, 0x20e4, 0x20e4, 0x20e4, 0x20e4, 0x20e4, 0x20e4, 0x20e4, 0x20e4, 0x20e4, 0x20e4, 0x20e4, 0x20e4, 
	0x20e4, 0x20e4, 0x20e4, 0x20e4, 0x20e4, 0x20e4, 0x20e4, 0x20e4, 0x20e4, 0x20e4, 0x20e4, 0x20e4, 0x20e4, 0x20e4, 0x20e4, 0x20e4, 
	0x20e4, 0x20e4, 0x20e4, 0x20e4, 0x20e4, 0x20e4, 0x20e4, 0x20e4, 0x20e4, 0x20e4, 0x20e4, 0x20e4, 0x20e4, 0x20e4, 0x20e4, 0x20e4, 
	0x20e4, 0x20e4, 0x20e4, 0x20e4, 0x20e4, 0x20e4, 0x20e4, 0x20e4, 0x20e4, 0x20e4, 0x20e4, 0x20e4, 0x20e4, 0x20e4, 0x20e4, 0x20e4, 
	0x20e4, 0x20e4, 0x20e4, 0x20e4, 0x20e4, 0x20e4, 0x20e4, 0x20e4, 0x20e4, 0x20e4, 0x20e4, 0x20e4, 0x20e4, 0x20e4, 0x20e4, 0x20e4, 
	0x20e4, 0x20e4, 0x20e4, 0x20e4, 0x20e4, 0x20e4, 0x20e4, 0x20e4, 0x20e4, 0x20e4, 0x20e4, 0x20e4, 0x20e4, 0x20e4, 0x20e4, 0x20e4, 
	0x20e4, 0x20e4, 0x20e4, 0x20e4, 0x20e4, 0x20e4, 0x20e4, 0x20e4, 0x20e4, 0x20e4, 0x20e4, 0x20e4, 0x20e4, 0x20e4, 0x20e4, 0x20e4, 
	0x20e4, 0x20e4, 0x20e4, 0x20e4, 0x20e4, 0x20e4, 0x20e4, 0x20e4, 0x20e4, 0x20e4, 0x20e4, 0x20e4, 0x20e4, 0x20e4, 0x20e4, 0x20e4, 
	0x20e4, 0x20e4, 0x20e4, 0x20e4, 0x20e4, 0x20e4, 0x20e4, 0x20e4, 0x20e4, 0x20e4, 0x20e4, 0x20e4, 0x20e4, 0x20e4, 0x20e4, 0x20e4, 
	0x20e4, 0x20e4, 0x20e4, 0x20e4, 0x20e4, 0x20e4, 0x20e4, 0x20e4, 0x20e4, 0x20e4, 0x20e4, 0x20e4, 0x20e4, 0x20e4, 0x20e4, 0x20e4, 
	0x20e4, 0x20e4, 0x20e4, 0x20e4, 0x20e4, 0x20e4, 0x20e4, 0x20e4, 0x20e4, 0x20e4, 0x20e4, 0x20e4, 0x2104, 0x2104, 0x2104, 0x2104, 
	0x2104, 0x2104, 0x2104, 0x2104, 0x20e4, 0x20e4, 0x20e4, 0x20e4, 0x20e4, 0x20e4, 0x20e4, 0x20e4, 0x20e4, 0x20e4, 0x20e4, 0x20e4, 
	0x20e4, 0x20e4, 0x20e4, 0x20e4, 0x20e4, 0x20e4, 0x20e4, 0x20e4, 0x20e4, 0x20e4, 0x20e4, 0x20e4, 0x20e4, 0x20e4, 0x20e4, 0x20e4, 
	0x20e4, 0x20e4, 0x20e4, 0x20e4, 0x20e4, 0x20e4, 0x20e4, 0x20e4, 0x20e4, 0x20e4, 0x20e4, 0x20e4, 0x20e4, 0x20e4, 0x20e4, 0x20e4, 
	0x20e4, 0x20e4, 0x20e4, 0x20e4, 0x20e4, 0x20e4, 0x20e4, 0x20e4, 0x20e4, 0x20e4, 0x20e4, 0x20e4, 0x20e4, 0x20e4, 0x20e4, 0x20e4, 
	0x20e4, 0x20e4, 0x20e4, 0x20e4, 0x20e4, 0x20e4, 0x20e4, 0x20e4, 0x20e4, 0x20e4, 0x20e4, 0x20e4, 0x20e4, 0x20e4, 0x20e4, 0x20e4, 
	0x20e4, 0x20e4, 0x20e4, 0x20e4, 0x20e4, 0x20e4, 0x20e4, 0x20e4, 0x20e4, 0x20e4, 0x20e4, 0x20e4, 0x20e4, 0x20e4, 0x20e4, 0x20e4, 
	0x20e4, 0x20e4, 0x20e4, 0x20e4, 0x20e4, 0x20e4, 0x20e4, 0x20e4, 0x20e4, 0x20e4, 0x20e4, 0x20e4, 0x20e4, 0x20e4, 0x20e4, 0x20e4, 
	0x20e4, 0x20e4, 0x20e4, 0x20e4, 0x20e4, 0x20e4, 0x20e4, 0x20e4, 0x20e4, 0x20e4, 0x20e4, 0x20e4, 0x20e4, 0x20e4, 0x20e4, 0x20e4, 
	0x20e4, 0x20e4, 0x20e4, 0x20e4, 0x20e4, 0x20e4, 0x20e4, 0x20e4, 0x20e4, 0x20e4, 0x20e4, 0x20e4, 0x20e4, 0x20e4, 0x20e4, 0x20e4, 
	0x20e4, 0x20e4, 0x20e4, 0x20e4, 0x20e4, 0x20e4, 0x20e4, 0x20e4, 0x20e4, 0x20e4, 0x20e4, 0x20e4, 0x20e4, 0x20e4, 0x20e4, 0x20e4, 
	0x20e4, 0x20e4, 0x20e4, 0x20e4, 0x20e4, 0x20e4, 0x20e4, 0x20e4, 0x20e4, 0x20e4, 0x20e4, 0x20e4, 0x20e4, 0x20e4, 0x20e4, 0x20e4, 
	0x20e4, 0x20e4, 0x20e4, 0x20e4, 0x20e4, 0x20e4, 0x20e4, 0x20e4, 0x20e4, 0x20e4, 0x20e4, 0x20e4, 0x20e4, 0x20e4, 0x20e4, 0x20e4, 
	0x20e4, 0x20e4, 0x20e4, 0x20e4, 0x20e4, 0x20e4, 0x20e4, 0x20e4, 0x20e4, 0x20e4, 0x20e4, 0x20e4, 0x20e4, 0x20e4, 0x20e4, 0x20e4, 
	0x20e4, 0x20e4, 0x20e4, 0x20e4, 0x20e4, 0x20e4, 0x20e4, 0x20e4, 0x20e4, 0x20e4, 0x20e4, 0x20e4, 0x20e4, 0x20e4, 0x20e4, 0x20e4, 
	0x20e4, 0x20e4, 0x20e4, 0x20e4, 0x20e4, 0x20e4, 0x20e4, 0x20e4, 0x20e4, 0x20e4, 0x20e4, 0x20e4, 0x2104, 0x2104, 0x2104, 0x2104, 
	0x2104, 0x2104, 0x2104, 0x2104, 0x20e4, 0x20e4, 0x20e4, 0x20e4, 0x20e4, 0x20e4, 0x20e4, 0x20e4, 0x20e4, 0x20e4, 0x20e4, 0x20e4, 
	0x20e4, 0x20e4, 0x20e4, 0x20e4, 0x20e4, 0x20e4, 0x20e4, 0x20e4, 0x20e4, 0x20e4, 0x20e4, 0x20e4, 0x20e4, 0x20e4, 0x20e4, 0x20e4, 
	0x20e4, 0x20e4, 0x20e4, 0x20e4, 0x20e4, 0x20e4, 0x20e4, 0x20e4, 0x20e4, 0x20e4, 0x20e4, 0x20e4, 0x20e4, 0x20e4, 0x20e4, 0x20e4, 
	0x20e4, 0x20e4, 0x20e4, 0x20e4, 0x20e4, 0x20e4, 0x20e4, 0x20e4, 0x20e4, 0x20e4, 0x20e4, 0x20e4, 0x20e4, 0x20e4, 0x20e4, 0x20e4, 
	0x20e4, 0x20e4, 0x20e4, 0x20e4, 0x20e4, 0x20e4, 0x20e4, 0x20e4, 0x20e4, 0x20e4, 0x20e4, 0x20e4, 0x20e4, 0x20e4, 0x20e4, 0x20e4, 
	0x20e4, 0x20e4, 0x20e4, 0x20e4, 0x20e4, 0x20e4, 0x20e4, 0x20e4, 0x20e4, 0x20e4, 0x20e4, 0x20e4, 0x20e4, 0x20e4, 0x20e4, 0x20e4, 
	0x20e4, 0x20e4, 0x20e4, 0x20e4, 0x20e4, 0x20e4, 0x20e4, 0x20e4, 0x20e4, 0x20e4, 0x20e4, 0x20e4, 0x20e4, 0x20e4, 0x20e4, 0x20e4, 
	0x20e4, 0x20e4, 0x20e4, 0x20e4, 0x20e4, 0x20e4, 0x20e4, 0x20e4, 0x20e4, 0x20e4, 0x20e4, 0x20e4, 0x20e4, 0x20e4, 0x20e4, 0x20e4, 
	0x20e4, 0x20e4, 0x20e4, 0x20e4, 0x20e4, 0x20e4, 0x20e4, 0x20e4, 0x20e4, 0x20e4, 0x20e4, 0x20e4, 0x20e4, 0x20e4, 0x20e4, 0x20e4, 
	0x20e4, 0x20e4, 0x20e4, 0x20e4, 0x20e4, 0x20e4, 0x20e4, 0x20e4, 0x20e4, 0x20e4, 0x20e4, 0x20e4, 0x20e4, 0x20e4, 0x20e4, 0x20e4, 
	0x20e4, 0x20e4, 0x20e4, 0x20e4, 0x20e4, 0x20e4, 0x20e4, 0x20e4, 0x20e4, 0x20e4, 0x20e4, 0x20e4, 0x20e4, 0x20e4, 0x20e4, 0x20e4, 
	0x20e4, 0x20e4, 0x20e4, 0x20e4, 0x20e4, 0x20e4, 0x20e4, 0x20e4, 0x20e4, 0x20e4, 0x20e4, 0x20e4, 0x20e4, 0x20e4, 0x20e4, 0x20e4, 
	0x20e4, 0x20e4, 0x20e4, 0x20e4, 0x20e4, 0x20e4, 0x20e4, 0x20e4, 0x20e4, 0x20e4, 0x20e4, 0x20e4, 0x20e4, 0x20e4, 0x20e4, 0x20e4, 
	0x20e4, 0x20e4, 0x20e4, 0x20e4, 0x20e4, 0x20e4, 0x20e4, 0x20e4, 0x20e4, 0x20e4, 0x20e4, 0x20e4, 0x20e4, 0x20e4, 0x20e4, 0x20e4, 
	0x20e4, 0x20e4, 0x20e4, 0x20e4, 0x20e4, 0x20e4, 0x20e4, 0x20e4, 0x20e4, 0x20e4, 0x20e4, 0x20e4, 0x2104, 0x2104, 0x2104, 0x2104, 
	0x2104, 0x2104, 0x2104, 0x2104, 0x20e4, 0x20e4, 0x20e4, 0x20e4, 0x20e4, 0x20e4, 0x20e4, 0x20e4, 0x20e4, 0x20e4, 0x20e4, 0x20e4, 
	0x20e4, 0x20e4, 0x20e4, 0x20e4, 0x20e4, 0x20e4, 0x20e4, 0x20e4, 0x20e4, 0x20e4, 0x20e4, 0x20e4, 0x20e4, 0x20e4, 0x20e4, 0x20e4, 
	0x20e4, 0x20e4, 0x20e4, 0x20e4, 0x20e4, 0x20e4, 0x20e4, 0x20e4, 0x20e4, 0x20e4, 0x20e4, 0x20e4, 0x20e4, 0x20e4, 0x20e4, 0x20e4, 
	0x20e4, 0x20e4, 0x20e4, 0x20e4, 0x20e4, 0x20e4, 0x20e4, 0x20e4, 0x20e4, 0x20e4, 0x20e4, 0x20e4, 0x20e4, 0x20e4, 0x20e4, 0x20e4, 
	0x20e4, 0x20e4, 0x20e4, 0x20e4, 0x20e4, 0x20e4, 0x20e4, 0x20e4, 0x20e4, 0x20e4, 0x20e4, 0x20e4, 0x20e4, 0x20e4, 0x20e4, 0x20e4, 
	0x20e4, 0x20e4, 0x20e4, 0x20e4, 0x20e4, 0x20e4, 0x20e4, 0x20e4, 0x20e4, 0x20e4, 0x20e4, 0x20e4, 0x20e4, 0x20e4, 0x20e4, 0x20e4, 
	0x20e4, 0x20e4, 0x20e4, 0x20e4, 0x20e4, 0x20e4, 0x20e4, 0x20e4, 0x20e4, 0x20e4, 0x20e4, 0x20e4, 0x20e4, 0x20e4, 0x20e4, 0x20e4, 
	0x20e4, 0x20e4, 0x20e4, 0x20e4, 0x20e4, 0x20e4, 0x20e4, 0x20e4, 0x20e4, 0x20e4, 0x20e4, 0x20e4, 0x20e4, 0x20e4, 0x20e4, 0x20e4, 
	0x20e4, 0x20e4, 0x20e4, 0x20e4, 0x20e4, 0x20e4, 0x20e4, 0x20e4, 0x20e4, 0x20e4, 0x20e4, 0x20e4, 0x20e4, 0x20e4, 0x20e4, 0x20e4, 
	0x20e4, 0x20e4, 0x20e4, 0x20e4, 0x20e4, 0x20e4, 0x20e4, 0x20e4, 0x20e4, 0x20e4, 0x20e4, 0x20e4, 0x20e4, 0x20e4, 0x20e4, 0x20e4, 
	0x20e4, 0x20e4, 0x20e4, 0x20e4, 0x20e4, 0x20e4, 0x20e4, 0x20e4, 0x20e4, 0x20e4, 0x20e4, 0x20e4, 0x20e4, 0x20e4, 0x20e4, 0x20e4, 
	0x20e4, 0x20e4, 0x20e4, 0x20e4, 0x20e4, 0x20e4, 0x20e4, 0x20e4, 0x20e4, 0x20e4, 0x20e4, 0x20e4, 0x20e4, 0x20e4, 0x20e4, 0x20e4, 
	0x20e4, 0x20e4, 0x20e4, 0x20e4, 0x20e4, 0x20e4, 0x20e4, 0x20e4, 0x20e4, 0x20e4, 0x20e4, 0x20e4, 0x20e4, 0x20e4, 0x20e4, 0x20e4, 
	0x20e4, 0x20e4, 0x20e4, 0x20e4, 0x20e4, 0x20e4, 0x20e4, 0x20e4, 0x20e4, 0x20e4, 0x20e4, 0x20e4, 0x20e4, 0x20e4, 0x20e4, 0x20e4, 
	0x20e4, 0x20e4, 0x20e4, 0x20e4, 0x20e4, 0x20e4, 0x20e4, 0x20e4, 0x20e4, 0x20e4, 0x20e4, 0x2104, 0x2104, 0x2104, 0x2104, 0x2104, 
	0x2104, 0x2104, 0x2104, 0x2104, 0x20e4, 0x20e4, 0x20e4, 0x20e4, 0x20e4, 0x20e4, 0x20e4, 0x20e4, 0x20e4, 0x20e4, 0x20e4, 0x20e4, 
	0x20e4, 0x20e4, 0x20e4, 0x20e4, 0x20e4, 0x20e4, 0x20e4, 0x20e4, 0x20e4, 0x20e4, 0x20e4, 0x20e4, 0x20e4, 0x20e4, 0x20e4, 0x20e4, 
	0x20e4, 0x20e4, 0x20e4, 0x20e4, 0x20e4, 0x20e4, 0x20e4, 0x20e4, 0x20e4, 0x20e4, 0x20e4, 0x20e4, 0x20e4, 0x20e4, 0x20e4, 0x20e4, 
	0x20e4, 0x20e4, 0x20e4, 0x20e4, 0x20e4, 0x20e4, 0x20e4, 0x20e4, 0x20e4, 0x20e4, 0x20e4, 0x20e4, 0x20e4, 0x20e4, 0x20e4, 0x20e4, 
	0x20e4, 0x20e4, 0x20e4, 0x20e4, 0x20e4, 0x20e4, 0x20e4, 0x20e4, 0x20e4, 0x20e4, 0x20e4, 0x20e4, 0x20e4, 0x20e4, 0x20e4, 0x20e4, 
	0x20e4, 0x20e4, 0x20e4, 0x20e4, 0x20e4, 0x20e4, 0x20e4, 0x20e4, 0x20e4, 0x20e4, 0x20e4, 0x20e4, 0x20e4, 0x20e4, 0x20e4, 0x20e4, 
	0x20e4, 0x20e4, 0x20e4, 0x20e4, 0x20e4, 0x20e4, 0x20e4, 0x20e4, 0x20e4, 0x20e4, 0x20e4, 0x20e4, 0x20e4, 0x20e4, 0x20e4, 0x20e4, 
	0x20e4, 0x20e4, 0x20e4, 0x20e4, 0x20e4, 0x20e4, 0x20e4, 0x20e4, 0x20e4, 0x20e4, 0x20e4, 0x20e4, 0x20e4, 0x20e4, 0x20e4, 0x20e4, 
	0x20e4, 0x20e4, 0x20e4, 0x20e4, 0x20e4, 0x20e4, 0x20e4, 0x20e4, 0x20e4, 0x20e4, 0x20e4, 0x20e4, 0x20e4, 0x20e4, 0x20e4, 0x20e4, 
	0x20e4, 0x20e4, 0x20e4, 0x20e4, 0x20e4, 0x20e4, 0x20e4, 0x20e4, 0x20e4, 0x20e4, 0x20e4, 0x20e4, 0x20e4, 0x20e4, 0x20e4, 0x20e4, 
	0x20e4, 0x20e4, 0x20e4, 0x20e4, 0x20e4, 0x20e4, 0x20e4, 0x20e4, 0x20e4, 0x20e4, 0x20e4, 0x20e4, 0x20e4, 0x20e4, 0x20e4, 0x20e4, 
	0x20e4, 0x20e4, 0x20e4, 0x20e4, 0x20e4, 0x20e4, 0x20e4, 0x20e4, 0x20e4, 0x20e4, 0x20e4, 0x20e4, 0x20e4, 0x20e4, 0x20e4, 0x20e4, 
	0x20e4, 0x20e4, 0x20e4, 0x20e4, 0x20e4, 0x20e4, 0x20e4, 0x20e4, 0x20e4, 0x20e4, 0x20e4, 0x20e4, 0x20e4, 0x20e4, 0x20e4, 0x20e4, 
	0x20e4, 0x20e4, 0x20e4, 0x20e4, 0x20e4, 0x20e4, 0x20e4, 0x20e4, 0x20e4, 0x20e4, 0x20e4, 0x20e4, 0x20e4, 0x20e4, 0x20e4, 0x20e4, 
	0x20e4, 0x20e4, 0x20e4, 0x20e4, 0x20e4, 0x20e4, 0x20e4, 0x20e4, 0x20e4, 0x20e4, 0x20e4, 0x2104, 0x2104, 0x2104, 0x2104, 0x2104, 
	0x2104, 0x2104, 0x2104, 0x2104, 0x20e4, 0x20e4, 0x20e4, 0x20e4, 0x20e4, 0x20e4, 0x20e4, 0x20e4, 0x20e4, 0x20e4, 0x20e4, 0x20e4, 
	0x20e4, 0x20e4, 0x20e4, 0x20e4, 0x20e4, 0x20e4, 0x20e4, 0x20e4, 0x20e4, 0x20e4, 0x20e4, 0x20e4, 0x20e4, 0x20e4, 0x20e4, 0x20e4, 
	0x20e4, 0x20e4, 0x20e4, 0x20e4, 0x20e4, 0x20e4, 0x20e4, 0x20e4, 0x20e4, 0x20e4, 0x20e4, 0x20e4, 0x20e4, 0x20e4, 0x20e4, 0x20e4, 
	0x20e4, 0x20e4, 0x20e4, 0x20e4, 0x20e4, 0x20e4, 0x20e4, 0x20e4, 0x20e4, 0x20e4, 0x20e4, 0x20e4, 0x20e4, 0x20e4, 0x20e4, 0x20e4, 
	0x20e4, 0x20e4, 0x20e4, 0x20e4, 0x20e4, 0x20e4, 0x20e4, 0x20e4, 0x20e4, 0x20e4, 0x20e4, 0x20e4, 0x20e4, 0x20e4, 0x20e4, 0x20e4, 
	0x20e4, 0x20e4, 0x20e4, 0x20e4, 0x20e4, 0x20e4, 0x20e4, 0x20e4, 0x20e4, 0x20e4, 0x20e4, 0x20e4, 0x20e4, 0x20e4, 0x20e4, 0x20e4, 
	0x20e4, 0x20e4, 0x20e4, 0x20e4, 0x20e4, 0x20e4, 0x20e4, 0x20e4, 0x20e4, 0x20e4, 0x20e4, 0x20e4, 0x20e4, 0x20e4, 0x20e4, 0x20e4, 
	0x20e4, 0x20e4, 0x20e4, 0x20e4, 0x20e4, 0x20e4, 0x20e4, 0x20e4, 0x20e4, 0x20e4, 0x20e4, 0x20e4, 0x20e4, 0x20e4, 0x20e4, 0x20e4, 
	0x20e4, 0x20e4, 0x20e4, 0x20e4, 0x20e4, 0x20e4, 0x20e4, 0x20e4, 0x20e4, 0x20e4, 0x20e4, 0x20e4, 0x20e4, 0x20e4, 0x20e4, 0x20e4, 
	0x20e4, 0x20e4, 0x20e4, 0x20e4, 0x20e4, 0x20e4, 0x20e4, 0x20e4, 0x20e4, 0x20e4, 0x20e4, 0x20e4, 0x20e4, 0x20e4, 0x20e4, 0x20e4, 
	0x20e4, 0x20e4, 0x20e4, 0x20e4, 0x20e4, 0x20e4, 0x20e4, 0x20e4, 0x20e4, 0x20e4, 0x20e4, 0x20e4, 0x20e4, 0x20e4, 0x20e4, 0x20e4, 
	0x20e4, 0x20e4, 0x20e4, 0x20e4, 0x20e4, 0x20e4, 0x20e4, 0x20e4, 0x20e4, 0x20e4, 0x20e4, 0x20e4, 0x18e4, 0x18e4, 0x18e4, 0x20e4, 
	0x20e4, 0x20e4, 0x20e4, 0x20e4, 0x20e4, 0x20e4, 0x20e4, 0x20e4, 0x20e4, 0x20e4, 0x20e4, 0x20e4, 0x20e4, 0x20e4, 0x20e4, 0x20e4, 
	0x20e4, 0x20e4, 0x20e4, 0x20e4, 0x20e4, 0x20e4, 0x20e4, 0x20e4, 0x20e4, 0x20e4, 0x20e4, 0x20e4, 0x20e4, 0x20e4, 0x20e4, 0x20e4, 
	0x20e4, 0x20e4, 0x20e4, 0x20e4, 0x20e4, 0x20e4, 0x20e4, 0x20e4, 0x20e4, 0x20e4, 0x20e4, 0x2104, 0x2104, 0x2104, 0x2104, 0x2104, 
	0x2104, 0x2104, 0x2104, 0x2104, 0x20e4, 0x20e4, 0x20e4, 0x20e4, 0x20e4, 0x20e4, 0x20e4, 0x20e4, 0x20e4, 0x20e4, 0x20e4, 0x20e4, 
	0x20e4, 0x20e4, 0x20e4, 0x20e4, 0x20e4, 0x20e4, 0x20e4, 0x20e4, 0x20e4, 0x20e4, 0x20e4, 0x20e4, 0x20e4, 0x20e4, 0x20e4, 0x20e4, 
	0x20e4, 0x20e4, 0x20e4, 0x20e4, 0x20e4, 0x20e4, 0x20e4, 0x20e4, 0x20e4, 0x20e4, 0x20e4, 0x20e4, 0x20e4, 0x20e4, 0x20e4, 0x20e4, 
	0x20e4, 0x20e4, 0x20e4, 0x20e4, 0x20e4, 0x20e4, 0x20e4, 0x20e4, 0x20e4, 0x20e4, 0x20e4, 0x20e4, 0x20e4, 0x20e4, 0x20e4, 0x20e4, 
	0x20e4, 0x20e4, 0x20e4, 0x20e4, 0x20e4, 0x20e4, 0x20e4, 0x20e4, 0x20e4, 0x20e4, 0x20e4, 0x20e4, 0x20e4, 0x20e4, 0x20e4, 0x20e4, 
	0x20e4, 0x20e4, 0x20e4, 0x20e4, 0x20e4, 0x20e4, 0x20e4, 0x20e4, 0x20e4, 0x20e4, 0x20e4, 0x20e4, 0x20e4, 0x20e4, 0x20e4, 0x20e4, 
	0x20e4, 0x20e4, 0x20e4, 0x20e4, 0x20e4, 0x20e4, 0x20e4, 0x20e4, 0x20e4, 0x20e4, 0x20e4, 0x20e4, 0x20e4, 0x20e4, 0x20e4, 0x20e4, 
	0x20e4, 0x20e4, 0x20e4, 0x20e4, 0x20e4, 0x20e4, 0x20e4, 0x20e4, 0x20e4, 0x20e4, 0x20e4, 0x20e4, 0x20e4, 0x20e4, 0x20e4, 0x20e4, 
	0x20e4, 0x20e4, 0x20e4, 0x20e4, 0x20e4, 0x20e4, 0x20e4, 0x20e4, 0x20e4, 0x20e4, 0x20e4, 0x20e4, 0x20e4, 0x20e4, 0x20e4, 0x20e4, 
	0x20e4, 0x20e4, 0x20e4, 0x20e4, 0x20e4, 0x20e4, 0x20e4, 0x20e4, 0x20e4, 0x20e4, 0x20e4, 0x20e4, 0x20e4, 0x20e4, 0x20e4, 0x20e4, 
	0x20e4, 0x20e4, 0x20e4, 0x20e4, 0x20e4, 0x20e4, 0x20e4, 0x20e4, 0x20e4, 0x20e4, 0x20e4, 0x20e4, 0x20e4, 0x20e4, 0x20e4, 0x20e4, 
	0x20e4, 0x20e4, 0x20e4, 0x20e4, 0x20e4, 0x20e4, 0x20e4, 0x20e4, 0x20e4, 0x20e4, 0x20e4, 0x20e4, 0x20e4, 0x20e4, 0x20e4, 0x20e4, 
	0x20e4, 0x20e4, 0x20e4, 0x20e4, 0x20e4, 0x20e4, 0x20e4, 0x20e4, 0x20e4, 0x20e4, 0x20e4, 0x20e4, 0x20e4, 0x20e4, 0x20e4, 0x20e4, 
	0x20e4, 0x20e4, 0x20e4, 0x20e4, 0x20e4, 0x20e4, 0x20e4, 0x20e4, 0x20e4, 0x20e4, 0x20e4, 0x20e4, 0x20e4, 0x20e4, 0x20e4, 0x20e4, 
	0x20e4, 0x20e4, 0x20e4, 0x20e4, 0x20e4, 0x20e4, 0x20e4, 0x20e4, 0x20e4, 0x20e4, 0x20e4, 0x2104, 0x2104, 0x2104, 0x2104, 0x2104, 
	0x2104, 0x2104, 0x2104, 0x2104, 0x2104, 0x2104, 0x20e4, 0x20e4, 0x20e4, 0x20e4, 0x20e4, 0x20e4, 0x20e4, 0x20e4, 0x20e4, 0x20e4, 
	0x20e4, 0x20e4, 0x20e4, 0x20e4, 0x20e4, 0x20e4, 0x20e4, 0x20e4, 0x20e4, 0x20e4, 0x20e4, 0x20e4, 0x20e4, 0x20e4, 0x20e4, 0x20e4, 
	0x20e4, 0x20e4, 0x20e4, 0x20e4, 0x20e4, 0x20e4, 0x20e4, 0x20e4, 0x20e4, 0x20e4, 0x20e4, 0x20e4, 0x20e4, 0x20e4, 0x20e4, 0x20e4, 
	0x20e4, 0x20e4, 0x20e4, 0x20e4, 0x20e4, 0x20e4, 0x20e4, 0x20e4, 0x20e4, 0x20e4, 0x20e4, 0x20e4, 0x20e4, 0x20e4, 0x20e4, 0x20e4, 
	0x20e4, 0x20e4, 0x20e4, 0x20e4, 0x20e4, 0x20e4, 0x20e4, 0x20e4, 0x20e4, 0x20e4, 0x20e4, 0x20e4, 0x20e4, 0x20e4, 0x20e4, 0x20e4, 
	0x20e4, 0x20e4, 0x20e4, 0x20e4, 0x20e4, 0x20e4, 0x20e4, 0x20e4, 0x20e4, 0x20e4, 0x20e4, 0x20e4, 0x20e4, 0x20e4, 0x20e4, 0x20e4, 
	0x20e4, 0x20e4, 0x20e4, 0x20e4, 0x20e4, 0x20e4, 0x20e4, 0x20e4, 0x20e4, 0x20e4, 0x20e4, 0x20e4, 0x20e4, 0x20e4, 0x20e4, 0x20e4, 
	0x20e4, 0x20e4, 0x20e4, 0x20e4, 0x20e4, 0x20e4, 0x20e4, 0x20e4, 0x20e4, 0x20e4, 0x20e4, 0x20e4, 0x20e4, 0x20e4, 0x20e4, 0x20e4, 
	0x20e4, 0x20e4, 0x20e4, 0x20e4, 0x20e4, 0x20e4, 0x20e4, 0x20e4, 0x20e4, 0x20e4, 0x20e4, 0x20e4, 0x20e4, 0x20e4, 0x20e4, 0x20e4, 
	0x20e4, 0x20e4, 0x20e4, 0x20e4, 0x20e4, 0x20e4, 0x20e4, 0x20e4, 0x20e4, 0x20e4, 0x20e4, 0x20e4, 0x20e4, 0x20e4, 0x20e4, 0x20e4, 
	0x20e4, 0x20e4, 0x20e4, 0x20e4, 0x20e4, 0x20e4, 0x20e4, 0x20e4, 0x20e4, 0x20e4, 0x20e4, 0x20e4, 0x20e4, 0x20e4, 0x20e4, 0x20e4, 
	0x20e4, 0x20e4, 0x20e4, 0x20e4, 0x20e4, 0x20e4, 0x20e4, 0x20e4, 0x20e4, 0x20e4, 0x20e4, 0x20e4, 0x20e4, 0x20e4, 0x20e4, 0x20e4, 
	0x20e4, 0x20e4, 0x20e4, 0x20e4, 0x20e4, 0x20e4, 0x20e4, 0x20e4, 0x20e4, 0x20e4, 0x20e4, 0x20e4, 0x20e4, 0x20e4, 0x20e4, 0x20e4, 
	0x20e4, 0x20e4, 0x20e4, 0x20e4, 0x20e4, 0x20e4, 0x20e4, 0x20e4, 0x20e4, 0x20e4, 0x20e4, 0x20e4, 0x20e4, 0x20e4, 0x20e4, 0x20e4, 
	0x20e4, 0x20e4, 0x20e4, 0x20e4, 0x20e4, 0x20e4, 0x20e4, 0x20e4, 0x20e4, 0x20e4, 0x20e4, 0x20e4, 0x2104, 0x2104, 0x2104, 0x2104, 
	0x2104, 0x2104, 0x2104, 0x2104, 0x2104, 0x2104, 0x20e4, 0x20e4, 0x20e4, 0x20e4, 0x20e4, 0x20e4, 0x20e4, 0x20e4, 0x20e4, 0x20e4, 
	0x20e4, 0x20e4, 0x20e4, 0x20e4, 0x20e4, 0x20e4, 0x20e4, 0x20e4, 0x20e4, 0x20e4, 0x20e4, 0x20e4, 0x20e4, 0x20e4, 0x20e4, 0x20e4, 
	0x20e4, 0x20e4, 0x20e4, 0x20e4, 0x20e4, 0x20e4, 0x20e4, 0x20e4, 0x20e4, 0x20e4, 0x20e4, 0x20e4, 0x20e4, 0x20e4, 0x20e4, 0x20e4, 
	0x20e4, 0x20e4, 0x20e4, 0x20e4, 0x20e4, 0x20e4, 0x20e4, 0x20e4, 0x20e4, 0x20e4, 0x20e4, 0x20e4, 0x20e4, 0x20e4, 0x20e4, 0x20e4, 
	0x20e4, 0x20e4, 0x20e4, 0x20e4, 0x20e4, 0x20e4, 0x20e4, 0x20e4, 0x20e4, 0x20e4, 0x20e4, 0x20e4, 0x20e4, 0x20e4, 0x20e4, 0x20e4, 
	0x20e4, 0x20e4, 0x20e4, 0x20e4, 0x20e4, 0x20e4, 0x20e4, 0x20e4, 0x20e4, 0x20e4, 0x20e4, 0x20e4, 0x20e4, 0x20e4, 0x20e4, 0x20e4, 
	0x20e4, 0x20e4, 0x20e4, 0x20e4, 0x20e4, 0x20e4, 0x20e4, 0x20e4, 0x20e4, 0x20e4, 0x20e4, 0x20e4, 0x20e4, 0x20e4, 0x20e4, 0x20e4, 
	0x20e4, 0x20e4, 0x20e4, 0x20e4, 0x20e4, 0x20e4, 0x20e4, 0x20e4, 0x20e4, 0x20e4, 0x20e4, 0x20e4, 0x20e4, 0x20e4, 0x20e4, 0x20e4, 
	0x20e4, 0x20e4, 0x20e4, 0x20e4, 0x20e4, 0x20e4, 0x20e4, 0x20e4, 0x20e4, 0x20e4, 0x20e4, 0x20e4, 0x20e4, 0x20e4, 0x20e4, 0x20e4, 
	0x20e4, 0x20e4, 0x20e4, 0x20e4, 0x20e4, 0x20e4, 0x20e4, 0x20e4, 0x20e4, 0x20e4, 0x20e4, 0x20e4, 0x20e4, 0x20e4, 0x20e4, 0x20e4, 
	0x20e4, 0x20e4, 0x20e4, 0x20e4, 0x20e4, 0x20e4, 0x20e4, 0x20e4, 0x20e4, 0x20e4, 0x20e4, 0x20e4, 0x20e4, 0x20e4, 0x20e4, 0x20e4, 
	0x20e4, 0x20e4, 0x20e4, 0x20e4, 0x20e4, 0x20e4, 0x20e4, 0x20e4, 0x20e4, 0x20e4, 0x20e4, 0x20e4, 0x18e4, 0x20e4, 0x20e4, 0x20e4, 
	0x20e4, 0x20e4, 0x20e4, 0x20e4, 0x20e4, 0x20e4, 0x20e4, 0x20e4, 0x20e4, 0x20e4, 0x20e4, 0x20e4, 0x20e4, 0x20e4, 0x20e4, 0x20e4, 
	0x20e4, 0x20e4, 0x20e4, 0x20e4, 0x20e4, 0x20e4, 0x20e4, 0x20e4, 0x20e4, 0x20e4, 0x20e4, 0x20e4, 0x20e4, 0x20e4, 0x20e4, 0x20e4, 
	0x20e4, 0x20e4, 0x20e4, 0x20e4, 0x20e4, 0x20e4, 0x20e4, 0x20e4, 0x20e4, 0x20e4, 0x20e4, 0x20e4, 0x2104, 0x2104, 0x2104, 0x2104, 
	0x2104, 0x2104, 0x2104, 0x2104, 0x2104, 0x2104, 0x20e4, 0x20e4, 0x20e4, 0x20e4, 0x20e4, 0x20e4, 0x20e4, 0x20e4, 0x20e4, 0x20e4, 
	0x20e4, 0x20e4, 0x20e4, 0x20e4, 0x20e4, 0x20e4, 0x20e4, 0x20e4, 0x20e4, 0x20e4, 0x20e4, 0x20e4, 0x20e4, 0x20e4, 0x20e4, 0x20e4, 
	0x20e4, 0x20e4, 0x20e4, 0x20e4, 0x20e4, 0x20e4, 0x20e4, 0x20e4, 0x20e4, 0x20e4, 0x20e4, 0x20e4, 0x20e4, 0x20e4, 0x20e4, 0x20e4, 
	0x20e4, 0x20e4, 0x20e4, 0x20e4, 0x20e4, 0x20e4, 0x20e4, 0x20e4, 0x20e4, 0x20e4, 0x20e4, 0x20e4, 0x20e4, 0x20e4, 0x20e4, 0x20e4, 
	0x20e4, 0x20e4, 0x20e4, 0x20e4, 0x20e4, 0x20e4, 0x20e4, 0x20e4, 0x20e4, 0x20e4, 0x20e4, 0x20e4, 0x20e4, 0x20e4, 0x20e4, 0x20e4, 
	0x20e4, 0x20e4, 0x20e4, 0x20e4, 0x20e4, 0x20e4, 0x20e4, 0x20e4, 0x20e4, 0x20e4, 0x20e4, 0x20e4, 0x20e4, 0x20e4, 0x20e4, 0x20e4, 
	0x20e4, 0x20e4, 0x20e4, 0x20e4, 0x20e4, 0x20e4, 0x20e4, 0x20e4, 0x20e4, 0x20e4, 0x20e4, 0x20e4, 0x20e4, 0x20e4, 0x20e4, 0x20e4, 
	0x20e4, 0x20e4, 0x20e4, 0x20e4, 0x20e4, 0x20e4, 0x20e4, 0x20e4, 0x20e4, 0x20e4, 0x20e4, 0x20e4, 0x20e4, 0x20e4, 0x20e4, 0x20e4, 
	0x20e4, 0x20e4, 0x20e4, 0x20e4, 0x20e4, 0x20e4, 0x20e4, 0x20e4, 0x20e4, 0x20e4, 0x20e4, 0x20e4, 0x20e4, 0x20e4, 0x20e4, 0x20e4, 
	0x20e4, 0x20e4, 0x20e4, 0x20e4, 0x20e4, 0x20e4, 0x20e4, 0x20e4, 0x20e4, 0x20e4, 0x20e4, 0x20e4, 0x20e4, 0x20e4, 0x20e4, 0x20e4, 
	0x20e4, 0x20e4, 0x20e4, 0x20e4, 0x20e4, 0x20e4, 0x20e4, 0x20e4, 0x20e4, 0x20e4, 0x20e4, 0x20e4, 0x20e4, 0x20e4, 0x20e4, 0x20e4, 
	0x20e4, 0x20e4, 0x20e4, 0x20e4, 0x20e4, 0x20e4, 0x20e4, 0x20e4, 0x20e4, 0x20e4, 0x20e4, 0x20e4, 0x18e4, 0x20e4, 0x20e4, 0x20e4, 
	0x20e4, 0x20e4, 0x20e4, 0x20e4, 0x20e4, 0x20e4, 0x20e4, 0x20e4, 0x20e4, 0x20e4, 0x20e4, 0x20e4, 0x20e4, 0x20e4, 0x20e4, 0x20e4, 
	0x20e4, 0x20e4, 0x20e4, 0x20e4, 0x20e4, 0x20e4, 0x20e4, 0x20e4, 0x20e4, 0x20e4, 0x20e4, 0x20e4, 0x20e4, 0x20e4, 0x20e4, 0x20e4, 
	0x20e4, 0x20e4, 0x20e4, 0x20e4, 0x20e4, 0x20e4, 0x20e4, 0x20e4, 0x20e4, 0x20e4, 0x20e4, 0x20e4, 0x2104, 0x2104, 0x2104, 0x2104, 
	0x2104, 0x2104, 0x2104, 0x2104, 0x2104, 0x2104, 0x20e4, 0x20e4, 0x20e4, 0x20e4, 0x20e4, 0x20e4, 0x20e4, 0x20e4, 0x20e4, 0x20e4, 
	0x20e4, 0x20e4, 0x20e4, 0x20e4, 0x20e4, 0x20e4, 0x20e4, 0x20e4, 0x20e4, 0x20e4, 0x20e4, 0x20e4, 0x20e4, 0x20e4, 0x20e4, 0x20e4, 
	0x20e4, 0x20e4, 0x20e4, 0x20e4, 0x20e4, 0x20e4, 0x20e4, 0x20e4, 0x20e4, 0x20e4, 0x20e4, 0x20e4, 0x20e4, 0x20e4, 0x20e4, 0x20e4, 
	0x20e4, 0x20e4, 0x20e4, 0x20e4, 0x20e4, 0x20e4, 0x20e4, 0x20e4, 0x20e4, 0x20e4, 0x20e4, 0x20e4, 0x20e4, 0x20e4, 0x20e4, 0x20e4, 
	0x20e4, 0x20e4, 0x20e4, 0x20e4, 0x20e4, 0x20e4, 0x20e4, 0x20e4, 0x20e4, 0x20e4, 0x20e4, 0x20e4, 0x20e4, 0x20e4, 0x20e4, 0x20e4, 
	0x20e4, 0x20e4, 0x20e4, 0x20e4, 0x20e4, 0x20e4, 0x20e4, 0x20e4, 0x20e4, 0x20e4, 0x20e4, 0x20e4, 0x20e4, 0x20e4, 0x20e4, 0x20e4, 
	0x20e4, 0x20e4, 0x20e4, 0x20e4, 0x20e4, 0x20e4, 0x20e4, 0x20e4, 0x20e4, 0x20e4, 0x20e4, 0x20e4, 0x20e4, 0x20e4, 0x20e4, 0x20e4, 
	0x20e4, 0x20e4, 0x20e4, 0x20e4, 0x20e4, 0x20e4, 0x20e4, 0x20e4, 0x20e4, 0x20e4, 0x20e4, 0x20e4, 0x20e4, 0x20e4, 0x20e4, 0x20e4, 
	0x20e4, 0x20e4, 0x20e4, 0x20e4, 0x20e4, 0x20e4, 0x20e4, 0x20e4, 0x20e4, 0x20e4, 0x20e4, 0x20e4, 0x20e4, 0x20e4, 0x20e4, 0x20e4, 
	0x20e4, 0x20e4, 0x20e4, 0x20e4, 0x20e4, 0x20e4, 0x20e4, 0x20e4, 0x20e4, 0x20e4, 0x20e4, 0x20e4, 0x20e4, 0x20e4, 0x20e4, 0x20e4, 
	0x20e4, 0x20e4, 0x20e4, 0x20e4, 0x20e4, 0x20e4, 0x20e4, 0x20e4, 0x20e4, 0x20e4, 0x20e4, 0x20e4, 0x20e4, 0x20e4, 0x20e4, 0x20e4, 
	0x20e4, 0x20e4, 0x20e4, 0x20e4, 0x20e4, 0x20e4, 0x20e4, 0x20e4, 0x20e4, 0x20e4, 0x20e4, 0x20e4, 0x20e4, 0x20e4, 0x20e4, 0x20e4, 
	0x20e4, 0x20e4, 0x20e4, 0x20e4, 0x20e4, 0x20e4, 0x20e4, 0x20e4, 0x20e4, 0x20e4, 0x20e4, 0x20e4, 0x20e4, 0x20e4, 0x20e4, 0x20e4, 
	0x20e4, 0x20e4, 0x20e4, 0x20e4, 0x20e4, 0x20e4, 0x20e4, 0x20e4, 0x20e4, 0x20e4, 0x20e4, 0x20e4, 0x20e4, 0x20e4, 0x20e4, 0x20e4, 
	0x20e4, 0x20e4, 0x20e4, 0x20e4, 0x20e4, 0x20e4, 0x20e4, 0x20e4, 0x20e4, 0x20e4, 0x20e4, 0x20e4, 0x2104, 0x2104, 0x2104, 0x2104, 
	0x2104, 0x2104, 0x2104, 0x2104, 0x2104, 0x2104, 0x20e4, 0x20e4, 0x20e4, 0x20e4, 0x20e4, 0x20e4, 0x20e4, 0x20e4, 0x20e4, 0x20e4, 
	0x20e4, 0x20e4, 0x20e4, 0x20e4, 0x20e4, 0x20e4, 0x20e4, 0x20e4, 0x20e4, 0x20e4, 0x20e4, 0x20e4, 0x20e4, 0x20e4, 0x20e4, 0x20e4, 
	0x20e4, 0x20e4, 0x20e4, 0x20e4, 0x20e4, 0x20e4, 0x20e4, 0x20e4, 0x20e4, 0x20e4, 0x20e4, 0x20e4, 0x20e4, 0x20e4, 0x20e4, 0x20e4, 
	0x20e4, 0x20e4, 0x20e4, 0x20e4, 0x20e4, 0x20e4, 0x20e4, 0x20e4, 0x20e4, 0x20e4, 0x20e4, 0x20e4, 0x20e4, 0x20e4, 0x20e4, 0x20e4, 
	0x20e4, 0x20e4, 0x20e4, 0x20e4, 0x20e4, 0x20e4, 0x20e4, 0x20e4, 0x20e4, 0x20e4, 0x20e4, 0x20e4, 0x20e4, 0x20e4, 0x20e4, 0x20e4, 
	0x20e4, 0x20e4, 0x20e4, 0x20e4, 0x20e4, 0x20e4, 0x20e4, 0x20e4, 0x20e4, 0x20e4, 0x20e4, 0x20e4, 0x20e4, 0x20e4, 0x20e4, 0x20e4, 
	0x20e4, 0x20e4, 0x20e4, 0x20e4, 0x20e4, 0x20e4, 0x20e4, 0x20e4, 0x20e4, 0x20e4, 0x20e4, 0x20e4, 0x20e4, 0x20e4, 0x20e4, 0x20e4, 
	0x20e4, 0x20e4, 0x20e4, 0x20e4, 0x20e4, 0x20e4, 0x20e4, 0x20e4, 0x20e4, 0x20e4, 0x20e4, 0x20e4, 0x20e4, 0x20e4, 0x20e4, 0x20e4, 
	0x20e4, 0x20e4, 0x20e4, 0x20e4, 0x20e4, 0x20e4, 0x20e4, 0x20e4, 0x20e4, 0x20e4, 0x20e4, 0x20e4, 0x20e4, 0x20e4, 0x20e4, 0x20e4, 
	0x20e4, 0x20e4, 0x20e4, 0x20e4, 0x20e4, 0x20e4, 0x20e4, 0x20e4, 0x20e4, 0x20e4, 0x20e4, 0x20e4, 0x20e4, 0x20e4, 0x20e4, 0x20e4, 
	0x20e4, 0x20e4, 0x20e4, 0x20e4, 0x20e4, 0x20e4, 0x20e4, 0x20e4, 0x20e4, 0x20e4, 0x20e4, 0x20e4, 0x20e4, 0x20e4, 0x20e4, 0x20e4, 
	0x20e4, 0x20e4, 0x20e4, 0x20e4, 0x20e4, 0x20e4, 0x20e4, 0x20e4, 0x20e4, 0x20e4, 0x20e4, 0x20e4, 0x20e4, 0x20e4, 0x20e4, 0x20e4, 
	0x20e4, 0x20e4, 0x20e4, 0x20e4, 0x20e4, 0x20e4, 0x20e4, 0x20e4, 0x20e4, 0x20e4, 0x20e4, 0x20e4, 0x20e4, 0x20e4, 0x20e4, 0x20e4, 
	0x20e4, 0x20e4, 0x20e4, 0x20e4, 0x20e4, 0x20e4, 0x20e4, 0x20e4, 0x20e4, 0x20e4, 0x20e4, 0x20e4, 0x20e4, 0x20e4, 0x20e4, 0x20e4, 
	0x20e4, 0x20e4, 0x20e4, 0x20e4, 0x20e4, 0x20e4, 0x20e4, 0x20e4, 0x20e4, 0x20e4, 0x20e4, 0x20e4, 0x2104, 0x2104, 0x2104, 0x2104, 
	0x2104, 0x2104, 0x2104, 0x2104, 0x20e4, 0x20e4, 0x20e4, 0x20e4, 0x20e4, 0x20e4, 0x20e4, 0x20e4, 0x20e4, 0x20e4, 0x20e4, 0x20e4, 
	0x20e4, 0x20e4, 0x20e4, 0x20e4, 0x20e4, 0x20e4, 0x20e4, 0x20e4, 0x20e4, 0x20e4, 0x20e4, 0x20e4, 0x20e4, 0x20e4, 0x20e4, 0x20e4, 
	0x20e4, 0x20e4, 0x20e4, 0x20e4, 0x20e4, 0x20e4, 0x20e4, 0x20e4, 0x20e4, 0x20e4, 0x20e4, 0x20e4, 0x20e4, 0x20e4, 0x20e4, 0x20e4, 
	0x20e4, 0x20e4, 0x20e4, 0x20e4, 0x20e4, 0x20e4, 0x20e4, 0x20e4, 0x20e4, 0x20e4, 0x20e4, 0x20e4, 0x20e4, 0x20e4, 0x20e4, 0x20e4, 
	0x20e4, 0x20e4, 0x20e4, 0x20e4, 0x20e4, 0x20e4, 0x20e4, 0x20e4, 0x20e4, 0x20e4, 0x20e4, 0x20e4, 0x20e4, 0x20e4, 0x20e4, 0x20e4, 
	0x20e4, 0x20e4, 0x20e4, 0x20e4, 0x20e4, 0x20e4, 0x20e4, 0x20e4, 0x20e4, 0x20e4, 0x20e4, 0x20e4, 0x20e4, 0x20e4, 0x20e4, 0x20e4, 
	0x20e4, 0x20e4, 0x20e4, 0x20e4, 0x20e4, 0x20e4, 0x20e4, 0x20e4, 0x20e4, 0x20e4, 0x20e4, 0x20e4, 0x20e4, 0x20e4, 0x20e4, 0x20e4, 
	0x20e4, 0x20e4, 0x20e4, 0x20e4, 0x20e4, 0x20e4, 0x20e4, 0x20e4, 0x20e4, 0x20e4, 0x20e4, 0x20e4, 0x20e4, 0x20e4, 0x20e4, 0x20e4, 
	0x20e4, 0x20e4, 0x20e4, 0x20e4, 0x20e4, 0x20e4, 0x20e4, 0x20e4, 0x20e4, 0x20e4, 0x20e4, 0x20e4, 0x20e4, 0x20e4, 0x20e4, 0x20e4, 
	0x20e4, 0x20e4, 0x20e4, 0x20e4, 0x20e4, 0x20e4, 0x20e4, 0x20e4, 0x20e4, 0x20e4, 0x20e4, 0x20e4, 0x20e4, 0x20e4, 0x20e4, 0x20e4, 
	0x20e4, 0x20e4, 0x20e4, 0x20e4, 0x20e4, 0x20e4, 0x20e4, 0x20e4, 0x20e4, 0x20e4, 0x20e4, 0x20e4, 0x20e4, 0x20e4, 0x20e4, 0x20e4, 
	0x20e4, 0x20e4, 0x20e4, 0x20e4, 0x20e4, 0x20e4, 0x20e4, 0x20e4, 0x20e4, 0x20e4, 0x20e4, 0x20e4, 0x20e4, 0x20e4, 0x20e4, 0x20e4, 
	0x20e4, 0x20e4, 0x20e4, 0x20e4, 0x20e4, 0x20e4, 0x20e4, 0x20e4, 0x20e4, 0x20e4, 0x20e4, 0x20e4, 0x20e4, 0x20e4, 0x20e4, 0x20e4, 
	0x20e4, 0x20e4, 0x20e4, 0x20e4, 0x20e4, 0x20e4, 0x20e4, 0x20e4, 0x20e4, 0x20e4, 0x20e4, 0x20e4, 0x20e4, 0x20e4, 0x20e4, 0x20e4, 
	0x20e4, 0x20e4, 0x20e4, 0x20e4, 0x20e4, 0x20e4, 0x20e4, 0x20e4, 0x20e4, 0x20e4, 0x20e4, 0x20e4, 0x2104, 0x2104, 0x2104, 0x2104, 
	0x2104, 0x2104, 0x2104, 0x2104, 0x20e4, 0x20e4, 0x20e4, 0x20e4, 0x20e4, 0x20e4, 0x20e4, 0x20e4, 0x20e4, 0x20e4, 0x20e4, 0x20e4, 
	0x20e4, 0x20e4, 0x20e4, 0x20e4, 0x20e4, 0x20e4, 0x20e4, 0x20e4, 0x20e4, 0x20e4, 0x20e4, 0x20e4, 0x20e4, 0x20e4, 0x20e4, 0x20e4, 
	0x20e4, 0x20e4, 0x20e4, 0x20e4, 0x20e4, 0x20e4, 0x20e4, 0x20e4, 0x20e4, 0x20e4, 0x20e4, 0x20e4, 0x20e4, 0x20e4, 0x20e4, 0x20e4, 
	0x20e4, 0x20e4, 0x20e4, 0x20e4, 0x20e4, 0x20e4, 0x20e4, 0x20e4, 0x20e4, 0x20e4, 0x20e4, 0x20e4, 0x20e4, 0x20e4, 0x20e4, 0x20e4, 
	0x20e4, 0x20e4, 0x20e4, 0x20e4, 0x20e4, 0x20e4, 0x20e4, 0x20e4, 0x20e4, 0x20e4, 0x20e4, 0x20e4, 0x20e4, 0x20e4, 0x20e4, 0x20e4, 
	0x20e4, 0x20e4, 0x20e4, 0x20e4, 0x20e4, 0x20e4, 0x20e4, 0x20e4, 0x20e4, 0x20e4, 0x20e4, 0x20e4, 0x20e4, 0x20e4, 0x20e4, 0x20e4, 
	0x20e4, 0x20e4, 0x20e4, 0x20e4, 0x20e4, 0x20e4, 0x20e4, 0x20e4, 0x20e4, 0x20e4, 0x20e4, 0x18e4, 0x20e4, 0x20e4, 0x20e4, 0x20e4, 
	0x20e4, 0x20e4, 0x20e4, 0x20e4, 0x20e4, 0x20e4, 0x20e4, 0x20e4, 0x20e4, 0x20e4, 0x20e4, 0x20e4, 0x20e4, 0x20e4, 0x20e4, 0x20e4, 
	0x20e4, 0x20e4, 0x20e4, 0x20e4, 0x20e4, 0x20e4, 0x20e4, 0x20e4, 0x20e4, 0x20e4, 0x20e4, 0x20e4, 0x20e4, 0x20e4, 0x20e4, 0x20e4, 
	0x20e4, 0x20e4, 0x20e4, 0x20e4, 0x20e4, 0x20e4, 0x20e4, 0x20e4, 0x20e4, 0x20e4, 0x20e4, 0x20e4, 0x20e4, 0x20e4, 0x20e4, 0x20e4, 
	0x20e4, 0x20e4, 0x20e4, 0x20e4, 0x20e4, 0x20e4, 0x20e4, 0x20e4, 0x20e4, 0x20e4, 0x20e4, 0x20e4, 0x20e4, 0x20e4, 0x20e4, 0x20e4, 
	0x20e4, 0x20e4, 0x20e4, 0x20e4, 0x20e4, 0x20e4, 0x20e4, 0x20e4, 0x20e4, 0x20e4, 0x20e4, 0x20e4, 0x20e4, 0x20e4, 0x20e4, 0x20e4, 
	0x20e4, 0x20e4, 0x20e4, 0x20e4, 0x20e4, 0x20e4, 0x20e4, 0x20e4, 0x20e4, 0x20e4, 0x20e4, 0x20e4, 0x20e4, 0x20e4, 0x20e4, 0x20e4, 
	0x20e4, 0x20e4, 0x20e4, 0x20e4, 0x20e4, 0x20e4, 0x20e4, 0x20e4, 0x20e4, 0x20e4, 0x20e4, 0x20e4, 0x20e4, 0x20e4, 0x20e4, 0x20e4, 
	0x20e4, 0x20e4, 0x20e4, 0x20e4, 0x20e4, 0x20e4, 0x20e4, 0x20e4, 0x20e4, 0x20e4, 0x20e4, 0x20e4, 0x2104, 0x2104, 0x2104, 0x2104, 
	0x2104, 0x2104, 0x2104, 0x20e4, 0x20e4, 0x20e4, 0x20e4, 0x20e4, 0x20e4, 0x20e4, 0x20e4, 0x20e4, 0x20e4, 0x20e4, 0x20e4, 0x20e4, 
	0x20e4, 0x20e4, 0x20e4, 0x20e4, 0x20e4, 0x20e4, 0x20e4, 0x20e4, 0x20e4, 0x20e4, 0x20e4, 0x20e4, 0x20e4, 0x20e4, 0x20e4, 0x20e4, 
	0x20e4, 0x20e4, 0x20e4, 0x20e4, 0x20e4, 0x20e4, 0x20e4, 0x20e4, 0x20e4, 0x20e4, 0x20e4, 0x20e4, 0x20e4, 0x20e4, 0x20e4, 0x20e4, 
	0x20e4, 0x20e4, 0x20e4, 0x20e4, 0x20e4, 0x20e4, 0x20e4, 0x20e4, 0x20e4, 0x20e4, 0x20e4, 0x20e4, 0x20e4, 0x20e4, 0x20e4, 0x20e4, 
	0x20e4, 0x20e4, 0x20e4, 0x20e4, 0x20e4, 0x20e4, 0x20e4, 0x20e4, 0x20e4, 0x20e4, 0x20e4, 0x20e4, 0x20e4, 0x20e4, 0x20e4, 0x20e4, 
	0x20e4, 0x20e4, 0x20e4, 0x20e4, 0x20e4, 0x20e4, 0x20e4, 0x20e4, 0x20e4, 0x20e4, 0x20e4, 0x20e4, 0x20e4, 0x20e4, 0x20e4, 0x20e4, 
	0x20e4, 0x20e4, 0x20e4, 0x20e4, 0x20e4, 0x20e4, 0x20e4, 0x20e4, 0x20e4, 0x20e4, 0x20e4, 0x20e4, 0x20e4, 0x20e4, 0x20e4, 0x20e4, 
	0x20e4, 0x20e4, 0x20e4, 0x20e4, 0x20e4, 0x20e4, 0x20e4, 0x20e4, 0x20e4, 0x20e4, 0x20e4, 0x20e4, 0x20e4, 0x20e4, 0x20e4, 0x20e4, 
	0x20e4, 0x20e4, 0x20e4, 0x20e4, 0x20e4, 0x20e4, 0x20e4, 0x20e4, 0x20e4, 0x20e4, 0x20e4, 0x20e4, 0x20e4, 0x20e4, 0x20e4, 0x20e4, 
	0x20e4, 0x20e4, 0x20e4, 0x20e4, 0x20e4, 0x20e4, 0x20e4, 0x20e4, 0x20e4, 0x20e4, 0x20e4, 0x20e4, 0x20e4, 0x20e4, 0x20e4, 0x20e4, 
	0x20e4, 0x20e4, 0x20e4, 0x20e4, 0x20e4, 0x20e4, 0x20e4, 0x20e4, 0x20e4, 0x20e4, 0x20e4, 0x20e4, 0x20e4, 0x20e4, 0x20e4, 0x20e4, 
	0x20e4, 0x20e4, 0x20e4, 0x20e4, 0x20e4, 0x20e4, 0x20e4, 0x20e4, 0x20e4, 0x20e4, 0x20e4, 0x20e4, 0x20e4, 0x20e4, 0x20e4, 0x20e4, 
	0x20e4, 0x20e4, 0x20e4, 0x20e4, 0x20e4, 0x20e4, 0x20e4, 0x20e4, 0x20e4, 0x20e4, 0x20e4, 0x20e4, 0x20e4, 0x20e4, 0x20e4, 0x20e4, 
	0x20e4, 0x20e4, 0x20e4, 0x20e4, 0x20e4, 0x20e4, 0x20e4, 0x20e4, 0x20e4, 0x20e4, 0x20e4, 0x20e4, 0x20e4, 0x20e4, 0x20e4, 0x20e4, 
	0x20e4, 0x20e4, 0x20e4, 0x20e4, 0x20e4, 0x20e4, 0x20e4, 0x20e4, 0x20e4, 0x20e4, 0x20e4, 0x20e4, 0x2104, 0x2104, 0x2104, 0x2104, 
	0x2104, 0x2104, 0x2104, 0x20e4, 0x20e4, 0x20e4, 0x20e4, 0x20e4, 0x20e4, 0x20e4, 0x20e4, 0x20e4, 0x20e4, 0x20e4, 0x20e4, 0x20e4, 
	0x20e4, 0x20e4, 0x20e4, 0x20e4, 0x20e4, 0x20e4, 0x20e4, 0x20e4, 0x20e4, 0x20e4, 0x20e4, 0x20e4, 0x20e4, 0x20e4, 0x20e4, 0x20e4, 
	0x20e4, 0x20e4, 0x20e4, 0x20e4, 0x20e4, 0x20e4, 0x20e4, 0x20e4, 0x20e4, 0x20e4, 0x20e4, 0x20e4, 0x20e4, 0x20e4, 0x20e4, 0x20e4, 
	0x20e4, 0x20e4, 0x20e4, 0x20e4, 0x20e4, 0x20e4, 0x20e4, 0x20e4, 0x20e4, 0x20e4, 0x20e4, 0x20e4, 0x20e4, 0x20e4, 0x20e4, 0x20e4, 
	0x20e4, 0x20e4, 0x20e4, 0x20e4, 0x20e4, 0x20e4, 0x20e4, 0x20e4, 0x20e4, 0x20e4, 0x20e4, 0x20e4, 0x20e4, 0x20e4, 0x20e4, 0x20e4, 
	0x20e4, 0x20e4, 0x20e4, 0x20e4, 0x20e4, 0x20e4, 0x20e4, 0x20e4, 0x20e4, 0x20e4, 0x20e4, 0x20e4, 0x20e4, 0x20e4, 0x20e4, 0x20e4, 
	0x20e4, 0x20e4, 0x20e4, 0x20e4, 0x20e4, 0x20e4, 0x20e4, 0x20e4, 0x20e4, 0x20e4, 0x20e4, 0x20e4, 0x20e4, 0x20e4, 0x20e4, 0x20e4, 
	0x20e4, 0x20e4, 0x20e4, 0x20e4, 0x20e4, 0x20e4, 0x20e4, 0x20e4, 0x20e4, 0x20e4, 0x20e4, 0x20e4, 0x20e4, 0x20e4, 0x20e4, 0x20e4, 
	0x20e4, 0x20e4, 0x20e4, 0x20e4, 0x20e4, 0x20e4, 0x20e4, 0x20e4, 0x20e4, 0x20e4, 0x20e4, 0x20e4, 0x20e4, 0x20e4, 0x20e4, 0x20e4, 
	0x20e4, 0x20e4, 0x20e4, 0x20e4, 0x20e4, 0x20e4, 0x20e4, 0x20e4, 0x20e4, 0x20e4, 0x20e4, 0x20e4, 0x20e4, 0x20e4, 0x20e4, 0x20e4, 
	0x20e4, 0x20e4, 0x20e4, 0x20e4, 0x20e4, 0x20e4, 0x20e4, 0x20e4, 0x20e4, 0x20e4, 0x20e4, 0x20e4, 0x20e4, 0x20e4, 0x20e4, 0x20e4, 
	0x20e4, 0x20e4, 0x20e4, 0x20e4, 0x20e4, 0x20e4, 0x20e4, 0x20e4, 0x20e4, 0x20e4, 0x20e4, 0x20e4, 0x20e4, 0x20e4, 0x20e4, 0x20e4, 
	0x20e4, 0x20e4, 0x20e4, 0x20e4, 0x20e4, 0x20e4, 0x20e4, 0x20e4, 0x20e4, 0x20e4, 0x20e4, 0x20e4, 0x20e4, 0x20e4, 0x20e4, 0x20e4, 
	0x20e4, 0x20e4, 0x20e4, 0x20e4, 0x20e4, 0x20e4, 0x20e4, 0x20e4, 0x20e4, 0x20e4, 0x20e4, 0x20e4, 0x20e4, 0x20e4, 0x20e4, 0x20e4, 
	0x20e4, 0x20e4, 0x20e4, 0x18e4, 0x20e4, 0x20e4, 0x20e4, 0x20e4, 0x20e4, 0x20e4, 0x20e4, 0x20e4, 0x2104, 0x2104, 0x2104, 0x2104, 
	0x2104, 0x2104, 0x2104, 0x20e4, 0x20e4, 0x20e4, 0x20e4, 0x20e4, 0x20e4, 0x20e4, 0x20e4, 0x20e4, 0x20e4, 0x20e4, 0x20e4, 0x20e4, 
	0x20e4, 0x20e4, 0x20e4, 0x20e4, 0x20e4, 0x20e4, 0x20e4, 0x20e4, 0x20e4, 0x20e4, 0x20e4, 0x20e4, 0x20e4, 0x20e4, 0x20e4, 0x20e4, 
	0x20e4, 0x20e4, 0x20e4, 0x20e4, 0x20e4, 0x20e4, 0x20e4, 0x20e4, 0x20e4, 0x20e4, 0x20e4, 0x18e4, 0x20e4, 0x20e4, 0x20e4, 0x20e4, 
	0x20e4, 0x20e4, 0x20e4, 0x20e4, 0x20e4, 0x20e4, 0x20e4, 0x20e4, 0x20e4, 0x20e4, 0x20e4, 0x20e4, 0x20e4, 0x20e4, 0x20e4, 0x20e4, 
	0x20e4, 0x20e4, 0x20e4, 0x20e4, 0x20e4, 0x20e4, 0x20e4, 0x20e4, 0x20e4, 0x20e4, 0x20e4, 0x20e4, 0x20e4, 0x20e4, 0x20e4, 0x20e4, 
	0x20e4, 0x20e4, 0x20e4, 0x20e4, 0x20e4, 0x20e4, 0x20e4, 0x20e4, 0x20e4, 0x20e4, 0x20e4, 0x20e4, 0x20e4, 0x20e4, 0x20e4, 0x20e4, 
	0x20e4, 0x20e4, 0x20e4, 0x20e4, 0x20e4, 0x20e4, 0x20e4, 0x20e4, 0x20e4, 0x20e4, 0x20e4, 0x20e4, 0x20e4, 0x20e4, 0x20e4, 0x20e4, 
	0x20e4, 0x20e4, 0x20e4, 0x20e4, 0x20e4, 0x20e4, 0x20e4, 0x20e4, 0x20e4, 0x20e4, 0x20e4, 0x20e4, 0x20e4, 0x20e4, 0x20e4, 0x20e4, 
	0x20e4, 0x20e4, 0x20e4, 0x20e4, 0x20e4, 0x20e4, 0x20e4, 0x20e4, 0x20e4, 0x20e4, 0x20e4, 0x20e4, 0x20e4, 0x20e4, 0x20e4, 0x20e4, 
	0x20e4, 0x20e4, 0x20e4, 0x20e4, 0x20e4, 0x20e4, 0x20e4, 0x20e4, 0x20e4, 0x20e4, 0x20e4, 0x20e4, 0x20e4, 0x20e4, 0x20e4, 0x20e4, 
	0x20e4, 0x20e4, 0x20e4, 0x20e4, 0x20e4, 0x20e4, 0x20e4, 0x20e4, 0x20e4, 0x20e4, 0x20e4, 0x20e4, 0x20e4, 0x20e4, 0x20e4, 0x20e4, 
	0x20e4, 0x20e4, 0x20e4, 0x20e4, 0x20e4, 0x20e4, 0x20e4, 0x20e4, 0x20e4, 0x20e4, 0x20e4, 0x20e4, 0x20e4, 0x20e4, 0x20e4, 0x20e4, 
	0x20e4, 0x20e4, 0x20e4, 0x20e4, 0x20e4, 0x20e4, 0x20e4, 0x20e4, 0x20e4, 0x20e4, 0x20e4, 0x20e4, 0x20e4, 0x20e4, 0x20e4, 0x20e4, 
	0x20e4, 0x20e4, 0x20e4, 0x20e4, 0x20e4, 0x20e4, 0x20e4, 0x20e4, 0x20e4, 0x20e4, 0x20e4, 0x20e4, 0x20e4, 0x20e4, 0x20e4, 0x20e4, 
	0x20e4, 0x20e4, 0x20e4, 0x20e4, 0x20e4, 0x20e4, 0x20e4, 0x20e4, 0x20e4, 0x20e4, 0x20e4, 0x20e4, 0x2104, 0x2104, 0x2104, 0x2104, 
	0x2104, 0x20e4, 0x2104, 0x20e4, 0x20e4, 0x20e4, 0x20e4, 0x20e4, 0x20e4, 0x20e4, 0x20e4, 0x20e4, 0x20e4, 0x20e4, 0x20e4, 0x20e4, 
	0x20e4, 0x20e4, 0x20e4, 0x20e4, 0x20e4, 0x20e4, 0x20e4, 0x20e4, 0x20e4, 0x20e4, 0x20e4, 0x20e4, 0x20e4, 0x20e4, 0x20e4, 0x20e4, 
	0x20e4, 0x20e4, 0x20e4, 0x20e4, 0x20e4, 0x20e4, 0x20e4, 0x20e4, 0x20e4, 0x20e4, 0x18e4, 0x20e4, 0x20e4, 0x20e4, 0x20e4, 0x20e4, 
	0x20e4, 0x20e4, 0x20e4, 0x20e4, 0x20e4, 0x20e4, 0x20e4, 0x20e4, 0x20e4, 0x20e4, 0x20e4, 0x20e4, 0x20e4, 0x20e4, 0x20e4, 0x20e4, 
	0x20e4, 0x20e4, 0x20e4, 0x20e4, 0x20e4, 0x20e4, 0x20e4, 0x20e4, 0x20e4, 0x20e4, 0x20e4, 0x20e4, 0x20e4, 0x20e4, 0x20e4, 0x20e4, 
	0x20e4, 0x20e4, 0x20e4, 0x20e4, 0x20e4, 0x20e4, 0x20e4, 0x20e4, 0x20e4, 0x20e4, 0x20e4, 0x20e4, 0x20e4, 0x20e4, 0x20e4, 0x20e4, 
	0x20e4, 0x20e4, 0x20e4, 0x20e4, 0x20e4, 0x20e4, 0x20e4, 0x20e4, 0x20e4, 0x20e4, 0x20e4, 0x20e4, 0x20e4, 0x20e4, 0x20e4, 0x20e4, 
	0x20e4, 0x20e4, 0x20e4, 0x20e4, 0x20e4, 0x20e4, 0x20e4, 0x20e4, 0x20e4, 0x20e4, 0x20e4, 0x20e4, 0x20e4, 0x20e4, 0x20e4, 0x20e4, 
	0x20e4, 0x20e4, 0x20e4, 0x20e4, 0x20e4, 0x20e4, 0x20e4, 0x20e4, 0x20e4, 0x20e4, 0x20e4, 0x20e4, 0x20e4, 0x20e4, 0x20e4, 0x20e4, 
	0x20e4, 0x20e4, 0x20e4, 0x20e4, 0x20e4, 0x20e4, 0x20e4, 0x20e4, 0x20e4, 0x20e4, 0x20e4, 0x20e4, 0x20e4, 0x20e4, 0x20e4, 0x20e4, 
	0x20e4, 0x20e4, 0x20e4, 0x20e4, 0x20e4, 0x20e4, 0x20e4, 0x20e4, 0x20e4, 0x20e4, 0x20e4, 0x20e4, 0x20e4, 0x20e4, 0x20e4, 0x20e4, 
	0x20e4, 0x20e4, 0x20e4, 0x20e4, 0x20e4, 0x20e4, 0x20e4, 0x20e4, 0x20e4, 0x20e4, 0x20e4, 0x20e4, 0x20e4, 0x20e4, 0x20e4, 0x20e4, 
	0x20e4, 0x20e4, 0x20e4, 0x20e4, 0x20e4, 0x20e4, 0x20e4, 0x20e4, 0x20e4, 0x20e4, 0x20e4, 0x20e4, 0x20e4, 0x20e4, 0x20e4, 0x20e4, 
	0x20e4, 0x20e4, 0x20e4, 0x20e4, 0x20e4, 0x20e4, 0x20e4, 0x20e4, 0x20e4, 0x20e4, 0x20e4, 0x20e4, 0x20e4, 0x20e4, 0x20e4, 0x20e4, 
	0x20e4, 0x20e4, 0x20e4, 0x20e4, 0x20e4, 0x20e4, 0x20e4, 0x20e4, 0x20e4, 0x20e4, 0x20e4, 0x20e4, 0x2104, 0x2104, 0x2104, 0x2104, 
	0x2104, 0x20e4, 0x2104, 0x20e4, 0x20e4, 0x20e4, 0x20e4, 0x20e4, 0x20e4, 0x20e4, 0x20e4, 0x20e4, 0x20e4, 0x20e4, 0x20e4, 0x20e4, 
	0x20e4, 0x20e4, 0x20e4, 0x20e4, 0x20e4, 0x20e4, 0x20e4, 0x20e4, 0x20e4, 0x20e4, 0x20e4, 0x20e4, 0x20e4, 0x20e4, 0x20e4, 0x20e4, 
	0x20e4, 0x20e4, 0x20e4, 0x20e4, 0x20e4, 0x20e4, 0x20e4, 0x20e4, 0x20e4, 0x20e4, 0x18e4, 0x20e4, 0x20e4, 0x20e4, 0x20e4, 0x20e4, 
	0x20e4, 0x20e4, 0x20e4, 0x20e4, 0x20e4, 0x20e4, 0x20e4, 0x20e4, 0x20e4, 0x20e4, 0x20e4, 0x20e4, 0x20e4, 0x20e4, 0x20e4, 0x20e4, 
	0x20e4, 0x20e4, 0x20e4, 0x20e4, 0x20e4, 0x20e4, 0x20e4, 0x20e4, 0x20e4, 0x20e4, 0x20e4, 0x20e4, 0x20e4, 0x20e4, 0x20e4, 0x20e4, 
	0x20e4, 0x20e4, 0x20e4, 0x20e4, 0x20e4, 0x20e4, 0x20e4, 0x20e4, 0x20e4, 0x20e4, 0x20e4, 0x20e4, 0x20e4, 0x20e4, 0x20e4, 0x20e4, 
	0x20e4, 0x20e4, 0x20e4, 0x20e4, 0x20e4, 0x20e4, 0x20e4, 0x20e4, 0x20e4, 0x20e4, 0x20e4, 0x20e4, 0x20e4, 0x20e4, 0x20e4, 0x20e4, 
	0x20e4, 0x20e4, 0x20e4, 0x20e4, 0x20e4, 0x20e4, 0x20e4, 0x20e4, 0x20e4, 0x20e4, 0x20e4, 0x20e4, 0x20e4, 0x20e4, 0x20e4, 0x20e4, 
	0x20e4, 0x20e4, 0x20e4, 0x20e4, 0x20e4, 0x20e4, 0x20e4, 0x20e4, 0x20e4, 0x20e4, 0x20e4, 0x20e4, 0x20e4, 0x20e4, 0x20e4, 0x20e4, 
	0x20e4, 0x20e4, 0x20e4, 0x20e4, 0x20e4, 0x20e4, 0x20e4, 0x20e4, 0x20e4, 0x20e4, 0x20e4, 0x20e4, 0x20e4, 0x20e4, 0x20e4, 0x20e4, 
	0x20e4, 0x20e4, 0x20e4, 0x20e4, 0x20e4, 0x20e4, 0x20e4, 0x20e4, 0x20e4, 0x20e4, 0x20e4, 0x20e4, 0x20e4, 0x20e4, 0x20e4, 0x20e4, 
	0x20e4, 0x20e4, 0x20e4, 0x20e4, 0x20e4, 0x20e4, 0x20e4, 0x20e4, 0x20e4, 0x20e4, 0x20e4, 0x20e4, 0x20e4, 0x20e4, 0x20e4, 0x20e4, 
	0x20e4, 0x20e4, 0x20e4, 0x20e4, 0x20e4, 0x20e4, 0x20e4, 0x20e4, 0x20e4, 0x20e4, 0x20e4, 0x2104, 0x20e4, 0x20e4, 0x20e4, 0x20e4, 
	0x20e4, 0x20e4, 0x20e4, 0x20e4, 0x20e4, 0x20e4, 0x20e4, 0x20e4, 0x20e4, 0x20e4, 0x20e4, 0x20e4, 0x20e4, 0x20e4, 0x20e4, 0x20e4, 
	0x20e4, 0x20e4, 0x20e4, 0x20e4, 0x20e4, 0x20e4, 0x20e4, 0x20e4, 0x20e4, 0x20e4, 0x20e4, 0x20e4, 0x2104, 0x2104, 0x2104, 0x2104, 
	0x20e4, 0x20e4, 0x20e4, 0x20e4, 0x20e4, 0x20e4, 0x20e4, 0x20e4, 0x20e4, 0x20e4, 0x20e4, 0x20e4, 0x20e4, 0x20e4, 0x20e4, 0x20e4, 
	0x20e4, 0x20e4, 0x20e4, 0x20e4, 0x20e4, 0x20e4, 0x20e4, 0x20e4, 0x20e4, 0x20e4, 0x20e4, 0x20e4, 0x20e4, 0x20e4, 0x20e4, 0x20e4, 
	0x20e4, 0x20e4, 0x20e4, 0x20e4, 0x20e4, 0x20e4, 0x20e4, 0x20e4, 0x20e4, 0x20e4, 0x18e4, 0x20e4, 0x20e4, 0x20e4, 0x20e4, 0x20e4, 
	0x20e4, 0x20e4, 0x20e4, 0x20e4, 0x20e4, 0x20e4, 0x20e4, 0x20e4, 0x20e4, 0x20e4, 0x20e4, 0x20e4, 0x20e4, 0x20e4, 0x20e4, 0x20e4, 
	0x20e4, 0x20e4, 0x20e4, 0x20e4, 0x20e4, 0x20e4, 0x20e4, 0x20e4, 0x20e4, 0x20e4, 0x20e4, 0x20e4, 0x20e4, 0x20e4, 0x20e4, 0x20e4, 
	0x20e4, 0x20e4, 0x20e4, 0x20e4, 0x20e4, 0x20e4, 0x20e4, 0x20e4, 0x20e4, 0x20e4, 0x20e4, 0x20e4, 0x20e4, 0x20e4, 0x20e4, 0x20e4, 
	0x20e4, 0x20e4, 0x20e4, 0x20e4, 0x20e4, 0x20e4, 0x20e4, 0x20e4, 0x20e4, 0x20e4, 0x20e4, 0x20e4, 0x20e4, 0x20e4, 0x20e4, 0x20e4, 
	0x20e4, 0x20e4, 0x20e4, 0x20e4, 0x20e4, 0x20e4, 0x20e4, 0x20e4, 0x20e4, 0x20e4, 0x20e4, 0x20e4, 0x20e4, 0x20e4, 0x20e4, 0x20e4, 
	0x20e4, 0x20e4, 0x20e4, 0x20e4, 0x20e4, 0x20e4, 0x20e4, 0x20e4, 0x20e4, 0x20e4, 0x20e4, 0x20e4, 0x20e4, 0x20e4, 0x20e4, 0x20e4, 
	0x20e4, 0x20e4, 0x20e4, 0x20e4, 0x20e4, 0x20e4, 0x20e4, 0x20e4, 0x20e4, 0x20e4, 0x20e4, 0x20e4, 0x20e4, 0x20e4, 0x20e4, 0x20e4, 
	0x20e4, 0x20e4, 0x20e4, 0x20e4, 0x20e4, 0x20e4, 0x20e4, 0x20e4, 0x20e4, 0x20e4, 0x20e4, 0x20e4, 0x20e4, 0x20e4, 0x20e4, 0x20e4, 
	0x20e4, 0x20e4, 0x20e4, 0x20e4, 0x20e4, 0x20e4, 0x20e4, 0x20e4, 0x20e4, 0x20e4, 0x20e4, 0x20e4, 0x20e4, 0x20e4, 0x20e4, 0x20e4, 
	0x20e4, 0x20e4, 0x20e4, 0x20e4, 0x20e4, 0x20e4, 0x20e4, 0x20e4, 0x20e4, 0x20e4, 0x20e4, 0x20e4, 0x20e4, 0x20e4, 0x20e4, 0x20e4, 
	0x20e4, 0x20e4, 0x20e4, 0x20e4, 0x20e4, 0x20e4, 0x20e4, 0x20e4, 0x20e4, 0x20e4, 0x20e4, 0x20e4, 0x20e4, 0x20e4, 0x20e4, 0x20e4, 
	0x20e4, 0x20e4, 0x20e4, 0x20e4, 0x20e4, 0x20e4, 0x20e4, 0x20e4, 0x20e4, 0x20e4, 0x20e4, 0x20e4, 0x2104, 0x2104, 0x2104, 0x2104, 
	0x20e4, 0x20e4, 0x20e4, 0x20e4, 0x20e4, 0x20e4, 0x20e4, 0x20e4, 0x20e4, 0x20e4, 0x20e4, 0x20e4, 0x20e4, 0x20e4, 0x20e4, 0x20e4, 
	0x20e4, 0x20e4, 0x20e4, 0x20e4, 0x20e4, 0x20e4, 0x20e4, 0x20e4, 0x20e4, 0x20e4, 0x20e4, 0x20e4, 0x20e4, 0x20e4, 0x20e4, 0x20e4, 
	0x20e4, 0x20e4, 0x20e4, 0x20e4, 0x20e4, 0x20e4, 0x20e4, 0x20e4, 0x20e4, 0x20e4, 0x20e4, 0x20e4, 0x20e4, 0x20e4, 0x20e4, 0x20e4, 
	0x20e4, 0x20e4, 0x20e4, 0x20e4, 0x20e4, 0x20e4, 0x20e4, 0x20e4, 0x20e4, 0x20e4, 0x20e4, 0x20e4, 0x20e4, 0x20e4, 0x20e4, 0x20e4, 
	0x20e4, 0x20e4, 0x20e4, 0x20e4, 0x20e4, 0x20e4, 0x20e4, 0x20e4, 0x20e4, 0x20e4, 0x20e4, 0x20e4, 0x20e4, 0x20e4, 0x20e4, 0x20e4, 
	0x20e4, 0x20e4, 0x20e4, 0x20e4, 0x20e4, 0x20e4, 0x20e4, 0x20e4, 0x20e4, 0x20e4, 0x20e4, 0x20e4, 0x20e4, 0x20e4, 0x20e4, 0x20e4, 
	0x20e4, 0x20e4, 0x20e4, 0x20e4, 0x20e4, 0x20e4, 0x20e4, 0x20e4, 0x20e4, 0x20e4, 0x20e4, 0x20e4, 0x20e4, 0x20e4, 0x20e4, 0x20e4, 
	0x20e4, 0x20e4, 0x20e4, 0x20e4, 0x20e4, 0x20e4, 0x20e4, 0x20e4, 0x20e4, 0x20e4, 0x20e4, 0x20e4, 0x20e4, 0x20e4, 0x20e4, 0x20e4, 
	0x20e4, 0x20e4, 0x20e4, 0x20e4, 0x20e4, 0x20e4, 0x20e4, 0x20e4, 0x20e4, 0x20e4, 0x20e4, 0x20e4, 0x20e4, 0x20e4, 0x20e4, 0x20e4, 
	0x20e4, 0x20e4, 0x20e4, 0x20e4, 0x20e4, 0x20e4, 0x20e4, 0x20e4, 0x20e4, 0x20e4, 0x20e4, 0x20e4, 0x20e4, 0x20e4, 0x20e4, 0x20e4, 
	0x20e4, 0x20e4, 0x20e4, 0x20e4, 0x20e4, 0x20e4, 0x20e4, 0x20e4, 0x20e4, 0x20e4, 0x20e4, 0x20e4, 0x20e4, 0x20e4, 0x20e4, 0x20e4, 
	0x20e4, 0x20e4, 0x20e4, 0x20e4, 0x20e4, 0x20e4, 0x20e4, 0x20e4, 0x20e4, 0x20e4, 0x20e4, 0x20e4, 0x20e4, 0x20e4, 0x20e4, 0x20e4, 
	0x20e4, 0x20e4, 0x20e4, 0x20e4, 0x20e4, 0x20e4, 0x20e4, 0x20e4, 0x20e4, 0x20e4, 0x20e4, 0x20e4, 0x20e4, 0x20e4, 0x20e4, 0x20e4, 
	0x20e4, 0x20e4, 0x20e4, 0x20e4, 0x20e4, 0x20e4, 0x20e4, 0x20e4, 0x20e4, 0x20e4, 0x20e4, 0x20e4, 0x20e4, 0x20e4, 0x20e4, 0x20e4, 
	0x20e4, 0x20e4, 0x20e4, 0x20e4, 0x20e4, 0x20e4, 0x20e4, 0x20e4, 0x20e4, 0x20e4, 0x20e4, 0x20e4, 0x2104, 0x2104, 0x2104, 0x2104, 
	0x2104, 0x20e4, 0x20e4, 0x20e4, 0x20e4, 0x20e4, 0x20e4, 0x20e4, 0x20e4, 0x20e4, 0x20e4, 0x20e4, 0x20e4, 0x20e4, 0x20e4, 0x20e4, 
	0x20e4, 0x20e4, 0x20e4, 0x20e4, 0x20e4, 0x20e4, 0x20e4, 0x20e4, 0x20e4, 0x20e4, 0x20e4, 0x20e4, 0x20e4, 0x20e4, 0x20e4, 0x20e4, 
	0x20e4, 0x20e4, 0x20e4, 0x20e4, 0x20e4, 0x20e4, 0x20e4, 0x20e4, 0x20e4, 0x20e4, 0x20e4, 0x20e4, 0x20e4, 0x20e4, 0x20e4, 0x20e4, 
	0x20e4, 0x20e4, 0x20e4, 0x20e4, 0x20e4, 0x20e4, 0x20e4, 0x20e4, 0x20e4, 0x20e4, 0x20e4, 0x20e4, 0x20e4, 0x20e4, 0x20e4, 0x20e4, 
	0x20e4, 0x20e4, 0x20e4, 0x20e4, 0x20e4, 0x20e4, 0x20e4, 0x20e4, 0x20e4, 0x20e4, 0x20e4, 0x20e4, 0x18e4, 0x18e4, 0x20e4, 0x20e4, 
	0x20e4, 0x20e4, 0x20e4, 0x20e4, 0x20e4, 0x20e4, 0x20e4, 0x20e4, 0x20e4, 0x20e4, 0x20e4, 0x20e4, 0x20e4, 0x20e4, 0x20e4, 0x20e4, 
	0x20e4, 0x20e4, 0x20e4, 0x20e4, 0x20e4, 0x20e4, 0x20e4, 0x20e4, 0x20e4, 0x20e4, 0x20e4, 0x20e4, 0x20e4, 0x20e4, 0x20e4, 0x20e4, 
	0x20e4, 0x20e4, 0x20e4, 0x20e4, 0x20e4, 0x20e4, 0x20e4, 0x20e4, 0x20e4, 0x20e4, 0x20e4, 0x20e4, 0x20e4, 0x20e4, 0x20e4, 0x20e4, 
	0x20e4, 0x20e4, 0x20e4, 0x20e4, 0x20e4, 0x20e4, 0x20e4, 0x20e4, 0x20e4, 0x20e4, 0x20e4, 0x20e4, 0x20e4, 0x20e4, 0x20e4, 0x20e4, 
	0x20e4, 0x20e4, 0x20e4, 0x20e4, 0x20e4, 0x20e4, 0x20e4, 0x20e4, 0x20e4, 0x20e4, 0x20e4, 0x20e4, 0x20e4, 0x20e4, 0x20e4, 0x20e4, 
	0x20e4, 0x20e4, 0x20e4, 0x20e4, 0x20e4, 0x20e4, 0x20e4, 0x20e4, 0x20e4, 0x20e4, 0x20e4, 0x20e4, 0x20e4, 0x20e4, 0x20e4, 0x20e4, 
	0x20e4, 0x20e4, 0x20e4, 0x20e4, 0x20e4, 0x20e4, 0x20e4, 0x20e4, 0x20e4, 0x20e4, 0x20e4, 0x20e4, 0x20e4, 0x20e4, 0x20e4, 0x20e4, 
	0x20e4, 0x20e4, 0x20e4, 0x20e4, 0x20e4, 0x20e4, 0x20e4, 0x20e4, 0x20e4, 0x20e4, 0x20e4, 0x20e4, 0x20e4, 0x20e4, 0x20e4, 0x20e4, 
	0x20e4, 0x20e4, 0x20e4, 0x20e4, 0x20e4, 0x20e4, 0x20e4, 0x20e4, 0x20e4, 0x20e4, 0x20e4, 0x20e4, 0x20e4, 0x20e4, 0x20e4, 0x20e4, 
	0x20e4, 0x20e4, 0x20e4, 0x20e4, 0x20e4, 0x20e4, 0x20e4, 0x20e4, 0x20e4, 0x20e4, 0x20e4, 0x2104, 0x2104, 0x2104, 0x2104, 0x2104, 
	0x2104, 0x20e4, 0x20e4, 0x20e4, 0x20e4, 0x20e4, 0x20e4, 0x20e4, 0x20e4, 0x20e4, 0x20e4, 0x20e4, 0x20e4, 0x20e4, 0x20e4, 0x20e4, 
	0x20e4, 0x20e4, 0x20e4, 0x20e4, 0x20e4, 0x20e4, 0x20e4, 0x20e4, 0x20e4, 0x20e4, 0x20e4, 0x20e4, 0x20e4, 0x20e4, 0x20e4, 0x20e4, 
	0x20e4, 0x20e4, 0x20e4, 0x20e4, 0x20e4, 0x20e4, 0x20e4, 0x20e4, 0x20e4, 0x20e4, 0x20e4, 0x20e4, 0x20e4, 0x20e4, 0x20e4, 0x20e4, 
	0x20e4, 0x20e4, 0x20e4, 0x20e4, 0x20e4, 0x20e4, 0x20e4, 0x20e4, 0x20e4, 0x20e4, 0x20e4, 0x20e4, 0x20e4, 0x20e4, 0x20e4, 0x20e4, 
	0x20e4, 0x20e4, 0x20e4, 0x20e4, 0x20e4, 0x20e4, 0x20e4, 0x20e4, 0x20e4, 0x20e4, 0x20e4, 0x18e4, 0x18e4, 0x18e4, 0x18e4, 0x20e4, 
	0x20e4, 0x20e4, 0x20e4, 0x20e4, 0x20e4, 0x20e4, 0x20e4, 0x20e4, 0x20e4, 0x20e4, 0x20e4, 0x20e4, 0x20e4, 0x20e4, 0x20e4, 0x20e4, 
	0x20e4, 0x20e4, 0x20e4, 0x20e4, 0x20e4, 0x20e4, 0x20e4, 0x20e4, 0x20e4, 0x20e4, 0x20e4, 0x20e4, 0x20e4, 0x20e4, 0x20e4, 0x20e4, 
	0x20e4, 0x20e4, 0x20e4, 0x20e4, 0x20e4, 0x20e4, 0x20e4, 0x20e4, 0x20e4, 0x20e4, 0x20e4, 0x20e4, 0x20e4, 0x20e4, 0x20e4, 0x20e4, 
	0x20e4, 0x20e4, 0x20e4, 0x20e4, 0x20e4, 0x20e4, 0x20e4, 0x20e4, 0x20e4, 0x20e4, 0x20e4, 0x20e4, 0x20e4, 0x20e4, 0x20e4, 0x20e4, 
	0x20e4, 0x20e4, 0x20e4, 0x20e4, 0x20e4, 0x20e4, 0x20e4, 0x20e4, 0x20e4, 0x20e4, 0x20e4, 0x20e4, 0x20e4, 0x20e4, 0x20e4, 0x20e4, 
	0x20e4, 0x20e4, 0x20e4, 0x20e4, 0x20e4, 0x20e4, 0x20e4, 0x20e4, 0x20e4, 0x20e4, 0x20e4, 0x20e4, 0x20e4, 0x20e4, 0x20e4, 0x20e4, 
	0x20e4, 0x20e4, 0x20e4, 0x20e4, 0x20e4, 0x20e4, 0x20e4, 0x20e4, 0x20e4, 0x20e4, 0x20e4, 0x20e4, 0x20e4, 0x20e4, 0x20e4, 0x20e4, 
	0x20e4, 0x20e4, 0x20e4, 0x20e4, 0x20e4, 0x20e4, 0x20e4, 0x20e4, 0x20e4, 0x20e4, 0x20e4, 0x20e4, 0x20e4, 0x20e4, 0x20e4, 0x20e4, 
	0x20e4, 0x20e4, 0x20e4, 0x20e4, 0x20e4, 0x20e4, 0x20e4, 0x20e4, 0x20e4, 0x20e4, 0x20e4, 0x20e4, 0x20e4, 0x20e4, 0x20e4, 0x20e4, 
	0x20e4, 0x20e4, 0x20e4, 0x20e4, 0x20e4, 0x20e4, 0x20e4, 0x20e4, 0x20e4, 0x20e4, 0x20e4, 0x2104, 0x2104, 0x2104, 0x2104, 0x2104, 
	0x2104, 0x20e4, 0x20e4, 0x20e4, 0x20e4, 0x20e4, 0x20e4, 0x20e4, 0x20e4, 0x20e4, 0x20e4, 0x20e4, 0x20e4, 0x20e4, 0x20e4, 0x20e4, 
	0x20e4, 0x20e4, 0x20e4, 0x20e4, 0x20e4, 0x20e4, 0x20e4, 0x20e4, 0x20e4, 0x20e4, 0x20e4, 0x20e4, 0x20e4, 0x20e4, 0x20e4, 0x20e4, 
	0x20e4, 0x20e4, 0x20e4, 0x20e4, 0x20e4, 0x20e4, 0x20e4, 0x20e4, 0x20e4, 0x20e4, 0x20e4, 0x20e4, 0x20e4, 0x20e4, 0x20e4, 0x20e4, 
	0x20e4, 0x20e4, 0x20e4, 0x20e4, 0x20e4, 0x20e4, 0x20e4, 0x20e4, 0x20e4, 0x20e4, 0x20e4, 0x20e4, 0x20e4, 0x20e4, 0x20e4, 0x20e4, 
	0x20e4, 0x20e4, 0x20e4, 0x20e4, 0x20e4, 0x20e4, 0x20e4, 0x20e4, 0x20e4, 0x20e4, 0x20e4, 0x18e4, 0x18e4, 0x18e4, 0x20e4, 0x20e4, 
	0x20e4, 0x20e4, 0x20e4, 0x20e4, 0x20e4, 0x20e4, 0x20e4, 0x20e4, 0x20e4, 0x20e4, 0x20e4, 0x20e4, 0x20e4, 0x20e4, 0x20e4, 0x20e4, 
	0x20e4, 0x20e4, 0x20e4, 0x20e4, 0x20e4, 0x20e4, 0x20e4, 0x20e4, 0x20e4, 0x20e4, 0x20e4, 0x20e4, 0x20e4, 0x20e4, 0x20e4, 0x20e4, 
	0x20e4, 0x18e4, 0x20e4, 0x20e4, 0x20e4, 0x20e4, 0x20e4, 0x20e4, 0x20e4, 0x20e4, 0x20e4, 0x20e4, 0x20e4, 0x20e4, 0x20e4, 0x20e4, 
	0x20e4, 0x20e4, 0x20e4, 0x20e4, 0x20e4, 0x20e4, 0x20e4, 0x20e4, 0x20e4, 0x20e4, 0x20e4, 0x20e4, 0x20e4, 0x20e4, 0x20e4, 0x20e4, 
	0x20e4, 0x20e4, 0x20e4, 0x20e4, 0x20e4, 0x20e4, 0x20e4, 0x20e4, 0x20e4, 0x20e4, 0x20e4, 0x20e4, 0x20e4, 0x20e4, 0x20e4, 0x20e4, 
	0x20e4, 0x20e4, 0x20e4, 0x20e4, 0x20e4, 0x20e4, 0x20e4, 0x20e4, 0x20e4, 0x20e4, 0x20e4, 0x20e4, 0x20e4, 0x20e4, 0x20e4, 0x20e4, 
	0x20e4, 0x20e4, 0x20e4, 0x20e4, 0x20e4, 0x20e4, 0x20e4, 0x20e4, 0x20e4, 0x20e4, 0x20e4, 0x20e4, 0x20e4, 0x20e4, 0x20e4, 0x20e4, 
	0x20e4, 0x20e4, 0x20e4, 0x20e4, 0x20e4, 0x20e4, 0x20e4, 0x20e4, 0x20e4, 0x20e4, 0x20e4, 0x20e4, 0x20e4, 0x20e4, 0x20e4, 0x20e4, 
	0x20e4, 0x20e4, 0x20e4, 0x20e4, 0x20e4, 0x20e4, 0x20e4, 0x20e4, 0x20e4, 0x20e4, 0x20e4, 0x20e4, 0x20e4, 0x20e4, 0x20e4, 0x20e4, 
	0x20e4, 0x20e4, 0x20e4, 0x20e4, 0x20e4, 0x20e4, 0x20e4, 0x20e4, 0x20e4, 0x20e4, 0x20e4, 0x2104, 0x2104, 0x2104, 0x2104, 0x2104, 
	0x2104, 0x20e4, 0x20e4, 0x20e4, 0x20e4, 0x20e4, 0x20e4, 0x20e4, 0x20e4, 0x20e4, 0x20e4, 0x20e4, 0x20e4, 0x20e4, 0x20e4, 0x20e4, 
	0x20e4, 0x20e4, 0x20e4, 0x20e4, 0x20e4, 0x20e4, 0x20e4, 0x20e4, 0x20e4, 0x20e4, 0x20e4, 0x20e4, 0x20e4, 0x20e4, 0x20e4, 0x20e4, 
	0x20e4, 0x20e4, 0x20e4, 0x20e4, 0x20e4, 0x20e4, 0x20e4, 0x20e4, 0x20e4, 0x20e4, 0x20e4, 0x20e4, 0x20e4, 0x20e4, 0x20e4, 0x20e4, 
	0x20e4, 0x20e4, 0x20e4, 0x20e4, 0x20e4, 0x20e4, 0x20e4, 0x20e4, 0x20e4, 0x20e4, 0x20e4, 0x20e4, 0x20e4, 0x20e4, 0x20e4, 0x20e4, 
	0x20e4, 0x20e4, 0x20e4, 0x20e4, 0x20e4, 0x20e4, 0x20e4, 0x20e4, 0x20e4, 0x20e4, 0x20e4, 0x18e4, 0x18e4, 0x18e4, 0x18e4, 0x20e4, 
	0x20e4, 0x20e4, 0x20e4, 0x20e4, 0x20e4, 0x20e4, 0x20e4, 0x20e4, 0x20e4, 0x20e4, 0x20e4, 0x20e4, 0x20e4, 0x20e4, 0x20e4, 0x20e4, 
	0x20e4, 0x20e4, 0x20e4, 0x20e4, 0x20e4, 0x20e4, 0x20e4, 0x20e4, 0x20e4, 0x20e4, 0x20e4, 0x20e4, 0x20e4, 0x20e4, 0x20e4, 0x20e4, 
	0x18e4, 0x18e4, 0x18e4, 0x18e4, 0x20e4, 0x20e4, 0x20e4, 0x20e4, 0x20e4, 0x20e4, 0x20e4, 0x20e4, 0x20e4, 0x20e4, 0x20e4, 0x20e4, 
	0x20e4, 0x20e4, 0x20e4, 0x20e4, 0x20e4, 0x20e4, 0x20e4, 0x20e4, 0x20e4, 0x20e4, 0x20e4, 0x20e4, 0x20e4, 0x20e4, 0x20e4, 0x20e4, 
	0x20e4, 0x20e4, 0x20e4, 0x20e4, 0x20e4, 0x20e4, 0x20e4, 0x20e4, 0x20e4, 0x20e4, 0x20e4, 0x20e4, 0x20e4, 0x20e4, 0x20e4, 0x20e4, 
	0x20e4, 0x20e4, 0x20e4, 0x20e4, 0x20e4, 0x20e4, 0x20e4, 0x20e4, 0x20e4, 0x20e4, 0x20e4, 0x20e4, 0x20e4, 0x20e4, 0x20e4, 0x20e4, 
	0x20e4, 0x20e4, 0x20e4, 0x20e4, 0x20e4, 0x20e4, 0x20e4, 0x20e4, 0x20e4, 0x20e4, 0x20e4, 0x20e4, 0x20e4, 0x20e4, 0x20e4, 0x20e4, 
	0x20e4, 0x20e4, 0x20e4, 0x20e4, 0x20e4, 0x20e4, 0x20e4, 0x20e4, 0x20e4, 0x20e4, 0x20e4, 0x20e4, 0x20e4, 0x20e4, 0x20e4, 0x20e4, 
	0x20e4, 0x20e4, 0x20e4, 0x20e4, 0x20e4, 0x20e4, 0x20e4, 0x20e4, 0x20e4, 0x20e4, 0x20e4, 0x20e4, 0x20e4, 0x20e4, 0x20e4, 0x20e4, 
	0x20e4, 0x20e4, 0x20e4, 0x20e4, 0x20e4, 0x20e4, 0x20e4, 0x20e4, 0x20e4, 0x20e4, 0x20e4, 0x2104, 0x2104, 0x2104, 0x2104, 0x2104, 
	0x2104, 0x2104, 0x2104, 0x20e4, 0x20e4, 0x20e4, 0x20e4, 0x20e4, 0x20e4, 0x20e4, 0x20e4, 0x20e4, 0x20e4, 0x20e4, 0x20e4, 0x20e4, 
	0x20e4, 0x20e4, 0x20e4, 0x20e4, 0x20e4, 0x20e4, 0x20e4, 0x20e4, 0x20e4, 0x20e4, 0x20e4, 0x20e4, 0x20e4, 0x20e4, 0x20e4, 0x20e4, 
	0x20e4, 0x20e4, 0x20e4, 0x20e4, 0x20e4, 0x20e4, 0x20e4, 0x20e4, 0x20e4, 0x20e4, 0x20e4, 0x20e4, 0x20e4, 0x20e4, 0x20e4, 0x20e4, 
	0x20e4, 0x20e4, 0x20e4, 0x20e4, 0x20e4, 0x20e4, 0x20e4, 0x20e4, 0x20e4, 0x20e4, 0x20e4, 0x20e4, 0x20e4, 0x20e4, 0x20e4, 0x20e4, 
	0x20e4, 0x20e4, 0x20e4, 0x20e4, 0x20e4, 0x20e4, 0x20e4, 0x20e4, 0x20e4, 0x20e4, 0x20e4, 0x20e4, 0x18e4, 0x18e4, 0x20e4, 0x20e4, 
	0x20e4, 0x20e4, 0x20e4, 0x18e4, 0x20e4, 0x20e4, 0x20e4, 0x20e4, 0x20e4, 0x20e4, 0x20e4, 0x20e4, 0x20e4, 0x20e4, 0x20e4, 0x20e4, 
	0x20e4, 0x20e4, 0x20e4, 0x20e4, 0x20e4, 0x20e4, 0x20e4, 0x20e4, 0x20e4, 0x20e4, 0x20e4, 0x20e4, 0x20e4, 0x20e4, 0x20e4, 0x20e4, 
	0x20e4, 0x20e4, 0x18e4, 0x18e4, 0x20e4, 0x20e4, 0x20e4, 0x20e4, 0x20e4, 0x20e4, 0x20e4, 0x20e4, 0x20e4, 0x20e4, 0x20e4, 0x20e4, 
	0x20e4, 0x20e4, 0x20e4, 0x20e4, 0x20e4, 0x20e4, 0x20e4, 0x20e4, 0x20e4, 0x20e4, 0x20e4, 0x20e4, 0x20e4, 0x20e4, 0x20e4, 0x20e4, 
	0x20e4, 0x20e4, 0x20e4, 0x20e4, 0x20e4, 0x20e4, 0x20e4, 0x20e4, 0x20e4, 0x20e4, 0x20e4, 0x20e4, 0x20e4, 0x20e4, 0x20e4, 0x20e4, 
	0x20e4, 0x20e4, 0x20e4, 0x20e4, 0x20e4, 0x20e4, 0x20e4, 0x20e4, 0x20e4, 0x20e4, 0x20e4, 0x20e4, 0x20e4, 0x20e4, 0x20e4, 0x20e4, 
	0x20e4, 0x20e4, 0x20e4, 0x20e4, 0x20e4, 0x20e4, 0x20e4, 0x20e4, 0x20e4, 0x20e4, 0x20e4, 0x20e4, 0x20e4, 0x20e4, 0x20e4, 0x20e4, 
	0x20e4, 0x20e4, 0x20e4, 0x20e4, 0x20e4, 0x20e4, 0x20e4, 0x20e4, 0x20e4, 0x20e4, 0x20e4, 0x20e4, 0x20e4, 0x20e4, 0x20e4, 0x20e4, 
	0x20e4, 0x20e4, 0x20e4, 0x20e4, 0x20e4, 0x20e4, 0x20e4, 0x20e4, 0x20e4, 0x20e4, 0x20e4, 0x20e4, 0x20e4, 0x20e4, 0x20e4, 0x20e4, 
	0x20e4, 0x20e4, 0x20e4, 0x20e4, 0x20e4, 0x20e4, 0x20e4, 0x20e4, 0x20e4, 0x20e4, 0x20e4, 0x2104, 0x2104, 0x2104, 0x2104, 0x2104, 
	0x2104, 0x2104, 0x2104, 0x20e4, 0x20e4, 0x20e4, 0x20e4, 0x20e4, 0x20e4, 0x20e4, 0x20e4, 0x20e4, 0x20e4, 0x20e4, 0x20e4, 0x20e4, 
	0x20e4, 0x20e4, 0x20e4, 0x20e4, 0x20e4, 0x20e4, 0x20e4, 0x20e4, 0x20e4, 0x20e4, 0x20e4, 0x20e4, 0x20e4, 0x20e4, 0x20e4, 0x20e4, 
	0x20e4, 0x20e4, 0x20e4, 0x20e4, 0x20e4, 0x20e4, 0x20e4, 0x20e4, 0x20e4, 0x20e4, 0x20e4, 0x20e4, 0x20e4, 0x20e4, 0x20e4, 0x20e4, 
	0x20e4, 0x20e4, 0x20e4, 0x20e4, 0x20e4, 0x20e4, 0x20e4, 0x20e4, 0x20e4, 0x20e4, 0x20e4, 0x20e4, 0x20e4, 0x20e4, 0x20e4, 0x20e4, 
	0x20e4, 0x20e4, 0x20e4, 0x20e4, 0x20e4, 0x20e4, 0x20e4, 0x20e4, 0x20e4, 0x20e4, 0x20e4, 0x20e4, 0x18e4, 0x18e4, 0x18e4, 0x20e4, 
	0x20e4, 0x20e4, 0x18e4, 0x18e4, 0x18e4, 0x20e4, 0x20e4, 0x20e4, 0x20e4, 0x20e4, 0x20e4, 0x20e4, 0x20e4, 0x20e4, 0x20e4, 0x20e4, 
	0x20e4, 0x20e4, 0x20e4, 0x20e4, 0x20e4, 0x20e4, 0x20e4, 0x20e4, 0x20e4, 0x20e4, 0x20e4, 0x20e4, 0x20e4, 0x20e4, 0x20e4, 0x20e4, 
	0x20e4, 0x20e4, 0x20e4, 0x20e4, 0x20e4, 0x20e4, 0x20e4, 0x20e4, 0x20e4, 0x20e4, 0x20e4, 0x20e4, 0x20e4, 0x20e4, 0x20e4, 0x20e4, 
	0x20e4, 0x20e4, 0x20e4, 0x20e4, 0x20e4, 0x20e4, 0x20e4, 0x20e4, 0x20e4, 0x20e4, 0x20e4, 0x20e4, 0x20e4, 0x20e4, 0x20e4, 0x20e4, 
	0x20e4, 0x20e4, 0x20e4, 0x20e4, 0x20e4, 0x20e4, 0x20e4, 0x20e4, 0x20e4, 0x20e4, 0x20e4, 0x20e4, 0x20e4, 0x20e4, 0x20e4, 0x20e4, 
	0x20e4, 0x20e4, 0x20e4, 0x20e4, 0x20e4, 0x20e4, 0x20e4, 0x20e4, 0x20e4, 0x20e4, 0x20e4, 0x20e4, 0x20e4, 0x20e4, 0x20e4, 0x20e4, 
	0x20e4, 0x20e4, 0x20e4, 0x20e4, 0x20e4, 0x20e4, 0x20e4, 0x20e4, 0x20e4, 0x20e4, 0x20e4, 0x20e4, 0x20e4, 0x20e4, 0x20e4, 0x20e4, 
	0x20e4, 0x20e4, 0x20e4, 0x20e4, 0x20e4, 0x20e4, 0x20e4, 0x20e4, 0x20e4, 0x20e4, 0x20e4, 0x20e4, 0x20e4, 0x20e4, 0x20e4, 0x20e4, 
	0x20e4, 0x20e4, 0x20e4, 0x20e4, 0x20e4, 0x20e4, 0x20e4, 0x20e4, 0x20e4, 0x20e4, 0x20e4, 0x20e4, 0x20e4, 0x20e4, 0x20e4, 0x20e4, 
	0x20e4, 0x20e4, 0x20e4, 0x20e4, 0x20e4, 0x20e4, 0x20e4, 0x20e4, 0x20e4, 0x20e4, 0x20e4, 0x2104, 0x2104, 0x2104, 0x2104, 0x2104, 
	0x2104, 0x2104, 0x2104, 0x20e4, 0x20e4, 0x20e4, 0x20e4, 0x20e4, 0x20e4, 0x20e4, 0x20e4, 0x20e4, 0x20e4, 0x20e4, 0x20e4, 0x20e4, 
	0x20e4, 0x20e4, 0x20e4, 0x20e4, 0x20e4, 0x20e4, 0x20e4, 0x20e4, 0x20e4, 0x20e4, 0x20e4, 0x20e4, 0x20e4, 0x20e4, 0x20e4, 0x20e4, 
	0x20e4, 0x20e4, 0x20e4, 0x20e4, 0x20e4, 0x20e4, 0x20e4, 0x20e4, 0x20e4, 0x20e4, 0x20e4, 0x20e4, 0x20e4, 0x20e4, 0x20e4, 0x20e4, 
	0x20e4, 0x20e4, 0x20e4, 0x20e4, 0x20e4, 0x20e4, 0x20e4, 0x20e4, 0x20e4, 0x20e4, 0x20e4, 0x20e4, 0x20e4, 0x20e4, 0x20e4, 0x20e4, 
	0x20e4, 0x20e4, 0x20e4, 0x20e4, 0x20e4, 0x20e4, 0x20e4, 0x20e4, 0x20e4, 0x20e4, 0x20e4, 0x20e4, 0x18e4, 0x18e4, 0x18e4, 0x20e4, 
	0x20e4, 0x20e4, 0x18e4, 0x18e4, 0x18e4, 0x18e4, 0x20e4, 0x20e4, 0x20e4, 0x20e4, 0x20e4, 0x20e4, 0x20e4, 0x20e4, 0x20e4, 0x20e4, 
	0x20e4, 0x20e4, 0x20e4, 0x20e4, 0x20e4, 0x20e4, 0x20e4, 0x20e4, 0x20e4, 0x20e4, 0x20e4, 0x20e4, 0x20e4, 0x20e4, 0x20e4, 0x20e4, 
	0x20e4, 0x20e4, 0x20e4, 0x20e4, 0x20e4, 0x20e4, 0x20e4, 0x20e4, 0x20e4, 0x20e4, 0x20e4, 0x20e4, 0x20e4, 0x20e4, 0x20e4, 0x20e4, 
	0x18e4, 0x18e4, 0x18e4, 0x18e4, 0x18e4, 0x18e4, 0x20e4, 0x20e4, 0x20e4, 0x20e4, 0x20e4, 0x20e4, 0x20e4, 0x20e4, 0x20e4, 0x20e4, 
	0x20e4, 0x20e4, 0x20e4, 0x20e4, 0x20e4, 0x20e4, 0x20e4, 0x20e4, 0x20e4, 0x20e4, 0x20e4, 0x20e4, 0x20e4, 0x20e4, 0x20e4, 0x20e4, 
	0x20e4, 0x20e4, 0x20e4, 0x20e4, 0x20e4, 0x20e4, 0x20e4, 0x20e4, 0x20e4, 0x20e4, 0x20e4, 0x20e4, 0x20e4, 0x20e4, 0x20e4, 0x20e4, 
	0x20e4, 0x20e4, 0x20e4, 0x20e4, 0x20e4, 0x20e4, 0x20e4, 0x20e4, 0x20e4, 0x20e4, 0x20e4, 0x20e4, 0x20e4, 0x20e4, 0x20e4, 0x20e4, 
	0x20e4, 0x20e4, 0x20e4, 0x20e4, 0x20e4, 0x20e4, 0x20e4, 0x20e4, 0x20e4, 0x20e4, 0x20e4, 0x20e4, 0x20e4, 0x20e4, 0x20e4, 0x20e4, 
	0x20e4, 0x20e4, 0x20e4, 0x20e4, 0x20e4, 0x20e4, 0x20e4, 0x20e4, 0x20e4, 0x20e4, 0x20e4, 0x20e4, 0x20e4, 0x20e4, 0x20e4, 0x20e4, 
	0x20e4, 0x20e4, 0x20e4, 0x20e4, 0x20e4, 0x20e4, 0x20e4, 0x20e4, 0x20e4, 0x20e4, 0x20e4, 0x2104, 0x2104, 0x2104, 0x2104, 0x2104, 
	0x2104, 0x2104, 0x2104, 0x20e4, 0x20e4, 0x20e4, 0x20e4, 0x20e4, 0x20e4, 0x20e4, 0x20e4, 0x20e4, 0x20e4, 0x20e4, 0x20e4, 0x20e4, 
	0x20e4, 0x20e4, 0x20e4, 0x20e4, 0x20e4, 0x20e4, 0x20e4, 0x20e4, 0x20e4, 0x20e4, 0x20e4, 0x20e4, 0x20e4, 0x20e4, 0x20e4, 0x20e4, 
	0x20e4, 0x20e4, 0x20e4, 0x20e4, 0x20e4, 0x20e4, 0x20e4, 0x20e4, 0x20e4, 0x20e4, 0x20e4, 0x20e4, 0x20e4, 0x20e4, 0x20e4, 0x20e4, 
	0x20e4, 0x20e4, 0x20e4, 0x20e4, 0x20e4, 0x20e4, 0x20e4, 0x20e4, 0x20e4, 0x20e4, 0x20e4, 0x20e4, 0x20e4, 0x20e4, 0x20e4, 0x20e4, 
	0x20e4, 0x20e4, 0x20e4, 0x20e4, 0x20e4, 0x20e4, 0x20e4, 0x20e4, 0x20e4, 0x20e4, 0x20e4, 0x20e4, 0x18e4, 0x18e4, 0x18e4, 0x20e4, 
	0x20e4, 0x20e4, 0x18e4, 0x18e4, 0x18e4, 0x20e4, 0x20e4, 0x20e4, 0x20e4, 0x20e4, 0x20e4, 0x20e4, 0x20e4, 0x20e4, 0x20e4, 0x20e4, 
	0x20e4, 0x20e4, 0x20e4, 0x20e4, 0x20e4, 0x20e4, 0x20e4, 0x20e4, 0x20e4, 0x20e4, 0x20e4, 0x20e4, 0x20e4, 0x20e4, 0x20e4, 0x20e4, 
	0x20e4, 0x20e4, 0x20e4, 0x20e4, 0x20e4, 0x20e4, 0x20e4, 0x20e4, 0x20e4, 0x20e4, 0x20e4, 0x20e4, 0x20e4, 0x20e4, 0x20e4, 0x20e4, 
	0x18e4, 0x18e4, 0x18e4, 0x18e4, 0x18e4, 0x18e4, 0x18e4, 0x20e4, 0x20e4, 0x20e4, 0x20e4, 0x20e4, 0x20e4, 0x20e4, 0x20e4, 0x20e4, 
	0x20e4, 0x20e4, 0x20e4, 0x20e4, 0x20e4, 0x20e4, 0x20e4, 0x20e4, 0x20e4, 0x20e4, 0x20e4, 0x20e4, 0x20e4, 0x20e4, 0x20e4, 0x20e4, 
	0x20e4, 0x20e4, 0x20e4, 0x20e4, 0x20e4, 0x20e4, 0x20e4, 0x20e4, 0x20e4, 0x20e4, 0x20e4, 0x20e4, 0x20e4, 0x20e4, 0x20e4, 0x20e4, 
	0x20e4, 0x20e4, 0x20e4, 0x20e4, 0x20e4, 0x20e4, 0x20e4, 0x20e4, 0x20e4, 0x20e4, 0x20e4, 0x20e4, 0x20e4, 0x20e4, 0x20e4, 0x20e4, 
	0x20e4, 0x20e4, 0x20e4, 0x20e4, 0x20e4, 0x20e4, 0x20e4, 0x20e4, 0x20e4, 0x20e4, 0x20e4, 0x20e4, 0x20e4, 0x20e4, 0x20e4, 0x20e4, 
	0x20e4, 0x20e4, 0x20e4, 0x20e4, 0x20e4, 0x20e4, 0x20e4, 0x20e4, 0x20e4, 0x20e4, 0x20e4, 0x20e4, 0x20e4, 0x20e4, 0x20e4, 0x20e4, 
	0x20e4, 0x20e4, 0x20e4, 0x20e4, 0x20e4, 0x20e4, 0x20e4, 0x20e4, 0x20e4, 0x20e4, 0x20e4, 0x2104, 0x2104, 0x2104, 0x2104, 0x2104, 
	0x2104, 0x2104, 0x2104, 0x2104, 0x20e4, 0x20e4, 0x20e4, 0x20e4, 0x20e4, 0x20e4, 0x20e4, 0x20e4, 0x20e4, 0x20e4, 0x20e4, 0x20e4, 
	0x20e4, 0x20e4, 0x20e4, 0x20e4, 0x20e4, 0x20e4, 0x20e4, 0x20e4, 0x20e4, 0x20e4, 0x20e4, 0x20e4, 0x20e4, 0x20e4, 0x20e4, 0x20e4, 
	0x20e4, 0x20e4, 0x20e4, 0x20e4, 0x20e4, 0x20e4, 0x20e4, 0x20e4, 0x20e4, 0x20e4, 0x20e4, 0x20e4, 0x20e4, 0x20e4, 0x20e4, 0x20e4, 
	0x20e4, 0x20e4, 0x20e4, 0x20e4, 0x20e4, 0x20e4, 0x20e4, 0x20e4, 0x20e4, 0x20e4, 0x20e4, 0x20e4, 0x20e4, 0x20e4, 0x20e4, 0x20e4, 
	0x20e4, 0x20e4, 0x20e4, 0x20e4, 0x20e4, 0x20e4, 0x20e4, 0x20e4, 0x20e4, 0x20e4, 0x20e4, 0x20e4, 0x18e4, 0x18e4, 0x18e4, 0x20e4, 
	0x20e4, 0x20e4, 0x20e4, 0x20e4, 0x20e4, 0x20e4, 0x20e4, 0x20e4, 0x20e4, 0x20e4, 0x20e4, 0x20e4, 0x20e4, 0x20e4, 0x20e4, 0x20e4, 
	0x20e4, 0x20e4, 0x20e4, 0x20e4, 0x20e4, 0x20e4, 0x20e4, 0x20e4, 0x20e4, 0x20e4, 0x20e4, 0x20e4, 0x20e4, 0x20e4, 0x20e4, 0x20e4, 
	0x20e4, 0x20e4, 0x20e4, 0x20e4, 0x20e4, 0x20e4, 0x20e4, 0x20e4, 0x20e4, 0x20e4, 0x20e4, 0x20e4, 0x20e4, 0x20e4, 0x20e4, 0x18e4, 
	0x18e4, 0x18e4, 0x18e4, 0x18e4, 0x18e4, 0x18e4, 0x18e4, 0x20e4, 0x20e4, 0x20e4, 0x20e4, 0x20e4, 0x20e4, 0x20e4, 0x20e4, 0x20e4, 
	0x20e4, 0x20e4, 0x20e4, 0x20e4, 0x20e4, 0x20e4, 0x20e4, 0x20e4, 0x20e4, 0x20e4, 0x20e4, 0x20e4, 0x20e4, 0x20e4, 0x20e4, 0x20e4, 
	0x20e4, 0x20e4, 0x20e4, 0x20e4, 0x20e4, 0x20e4, 0x20e4, 0x20e4, 0x20e4, 0x20e4, 0x20e4, 0x20e4, 0x20e4, 0x20e4, 0x20e4, 0x20e4, 
	0x20e4, 0x20e4, 0x20e4, 0x20e4, 0x20e4, 0x20e4, 0x20e4, 0x20e4, 0x20e4, 0x20e4, 0x20e4, 0x20e4, 0x20e4, 0x20e4, 0x20e4, 0x20e4, 
	0x20e4, 0x20e4, 0x20e4, 0x20e4, 0x20e4, 0x20e4, 0x20e4, 0x20e4, 0x20e4, 0x20e4, 0x20e4, 0x20e4, 0x20e4, 0x20e4, 0x20e4, 0x20e4, 
	0x20e4, 0x20e4, 0x20e4, 0x20e4, 0x20e4, 0x20e4, 0x20e4, 0x20e4, 0x20e4, 0x20e4, 0x20e4, 0x20e4, 0x20e4, 0x20e4, 0x20e4, 0x20e4, 
	0x20e4, 0x20e4, 0x20e4, 0x20e4, 0x20e4, 0x20e4, 0x20e4, 0x20e4, 0x20e4, 0x20e4, 0x20e4, 0x2104, 0x2104, 0x2104, 0x2104, 0x20e4, 
	0x2104, 0x2104, 0x2104, 0x2104, 0x20e4, 0x20e4, 0x20e4, 0x20e4, 0x20e4, 0x20e4, 0x20e4, 0x20e4, 0x20e4, 0x20e4, 0x20e4, 0x20e4, 
	0x20e4, 0x20e4, 0x20e4, 0x20e4, 0x20e4, 0x20e4, 0x20e4, 0x20e4, 0x20e4, 0x20e4, 0x20e4, 0x20e4, 0x20e4, 0x20e4, 0x20e4, 0x20e4, 
	0x20e4, 0x20e4, 0x20e4, 0x20e4, 0x20e4, 0x20e4, 0x20e4, 0x20e4, 0x20e4, 0x20e4, 0x20e4, 0x20e4, 0x20e4, 0x20e4, 0x20e4, 0x20e4, 
	0x20e4, 0x20e4, 0x20e4, 0x20e4, 0x20e4, 0x20e4, 0x20e4, 0x20e4, 0x20e4, 0x20e4, 0x20e4, 0x20e4, 0x20e4, 0x20e4, 0x20e4, 0x20e4, 
	0x20e4, 0x20e4, 0x20e4, 0x20e4, 0x20e4, 0x20e4, 0x20e4, 0x20e4, 0x20e4, 0x20e4, 0x18e4, 0x18e4, 0x18e4, 0x18e4, 0x18e4, 0x18e4, 
	0x18e4, 0x20e4, 0x20e4, 0x20e4, 0x20e4, 0x20e4, 0x20e4, 0x20e4, 0x20e4, 0x20e4, 0x20e4, 0x20e4, 0x20e4, 0x20e4, 0x20e4, 0x20e4, 
	0x20e4, 0x20e4, 0x20e4, 0x20e4, 0x20e4, 0x20e4, 0x20e4, 0x20e4, 0x20e4, 0x20e4, 0x20e4, 0x20e4, 0x2104, 0x18e4, 0x18e4, 0x20e4, 
	0x2104, 0x2104, 0x20e4, 0x20e4, 0x20e4, 0x20e4, 0x2104, 0x2104, 0x2104, 0x20e4, 0x20e4, 0x20e4, 0x20e4, 0x20e4, 0x20e4, 0x18e4, 
	0x18e4, 0x18e4, 0x18e4, 0x18e4, 0x18e4, 0x18e4, 0x18e4, 0x20e4, 0x20e4, 0x20e4, 0x20e4, 0x20e4, 0x20e4, 0x20e4, 0x20e4, 0x20e4, 
	0x20e4, 0x20e4, 0x20e4, 0x20e4, 0x20e4, 0x20e4, 0x20e4, 0x20e4, 0x20e4, 0x20e4, 0x20e4, 0x20e4, 0x20e4, 0x20e4, 0x20e4, 0x20e4, 
	0x20e4, 0x20e4, 0x20e4, 0x20e4, 0x20e4, 0x20e4, 0x20e4, 0x20e4, 0x20e4, 0x20e4, 0x20e4, 0x20e4, 0x20e4, 0x20e4, 0x20e4, 0x20e4, 
	0x20e4, 0x20e4, 0x20e4, 0x20e4, 0x20e4, 0x20e4, 0x20e4, 0x20e4, 0x20e4, 0x20e4, 0x20e4, 0x20e4, 0x20e4, 0x20e4, 0x20e4, 0x20e4, 
	0x20e4, 0x20e4, 0x20e4, 0x20e4, 0x20e4, 0x20e4, 0x20e4, 0x20e4, 0x20e4, 0x20e4, 0x20e4, 0x20e4, 0x20e4, 0x20e4, 0x20e4, 0x20e4, 
	0x20e4, 0x20e4, 0x20e4, 0x20e4, 0x20e4, 0x20e4, 0x20e4, 0x20e4, 0x20e4, 0x20e4, 0x20e4, 0x20e4, 0x20e4, 0x20e4, 0x20e4, 0x20e4, 
	0x20e4, 0x20e4, 0x20e4, 0x20e4, 0x20e4, 0x20e4, 0x20e4, 0x20e4, 0x20e4, 0x20e4, 0x20e4, 0x2104, 0x2104, 0x2104, 0x20e4, 0x20e4, 
	0x2104, 0x2104, 0x2104, 0x2104, 0x20e4, 0x20e4, 0x20e4, 0x20e4, 0x20e4, 0x20e4, 0x20e4, 0x20e4, 0x20e4, 0x20e4, 0x20e4, 0x20e4, 
	0x2104, 0x20e4, 0x20e4, 0x20e4, 0x20e4, 0x20e4, 0x20e4, 0x20e4, 0x20e4, 0x20e4, 0x20e4, 0x20e4, 0x20e4, 0x20e4, 0x20e4, 0x20e4, 
	0x20e4, 0x20e4, 0x20e4, 0x20e4, 0x20e4, 0x20e4, 0x20e4, 0x20e4, 0x20e4, 0x20e4, 0x20e4, 0x20e4, 0x20e4, 0x20e4, 0x20e4, 0x20e4, 
	0x20e4, 0x20e4, 0x20e4, 0x20e4, 0x20e4, 0x20e4, 0x20e4, 0x20e4, 0x20e4, 0x20e4, 0x20e4, 0x20e4, 0x20e4, 0x20e4, 0x20e4, 0x20e4, 
	0x20e4, 0x20e4, 0x20e4, 0x20e4, 0x20e4, 0x20e4, 0x20e4, 0x20e4, 0x20e4, 0x18e4, 0x18e4, 0x20e4, 0x20e4, 0x20e4, 0x20e4, 0x18e4, 
	0x18e4, 0x20e4, 0x20e4, 0x20e4, 0x20e4, 0x20e4, 0x20e4, 0x20e4, 0x20e4, 0x20e4, 0x20e4, 0x20e4, 0x20e4, 0x20e4, 0x20e4, 0x20e4, 
	0x20e4, 0x20e4, 0x20e4, 0x20e4, 0x20e4, 0x18e4, 0x18e4, 0x20e4, 0x20e4, 0x20e4, 0x2945, 0x5acb, 0x5aeb, 0x5aeb, 0x5aeb, 0x5aec, 
	0x5aec, 0x5aeb, 0x52aa, 0x31a6, 0x2104, 0x18e4, 0x2104, 0x2104, 0x2104, 0x2104, 0x2104, 0x20e4, 0x20e4, 0x20e4, 0x20e4, 0x18e4, 
	0x18e4, 0x18e4, 0x18e4, 0x18e4, 0x18e4, 0x18e4, 0x18e4, 0x20e4, 0x20e4, 0x20e4, 0x20e4, 0x20e4, 0x20e4, 0x20e4, 0x20e4, 0x20e4, 
	0x20e4, 0x20e4, 0x20e4, 0x20e4, 0x20e4, 0x20e4, 0x20e4, 0x20e4, 0x20e4, 0x20e4, 0x20e4, 0x20e4, 0x20e4, 0x20e4, 0x20e4, 0x20e4, 
	0x20e4, 0x20e4, 0x20e4, 0x20e4, 0x20e4, 0x20e4, 0x20e4, 0x20e4, 0x20e4, 0x20e4, 0x20e4, 0x20e4, 0x20e4, 0x20e4, 0x20e4, 0x20e4, 
	0x20e4, 0x20e4, 0x20e4, 0x20e4, 0x20e4, 0x20e4, 0x20e4, 0x20e4, 0x20e4, 0x20e4, 0x20e4, 0x20e4, 0x20e4, 0x20e4, 0x20e4, 0x20e4, 
	0x20e4, 0x20e4, 0x20e4, 0x20e4, 0x20e4, 0x20e4, 0x20e4, 0x20e4, 0x20e4, 0x20e4, 0x20e4, 0x20e4, 0x20e4, 0x20e4, 0x20e4, 0x20e4, 
	0x20e4, 0x20e4, 0x20e4, 0x20e4, 0x20e4, 0x20e4, 0x20e4, 0x20e4, 0x20e4, 0x20e4, 0x20e4, 0x20e4, 0x20e4, 0x20e4, 0x20e4, 0x20e4, 
	0x20e4, 0x20e4, 0x20e4, 0x20e4, 0x20e4, 0x20e4, 0x20e4, 0x20e4, 0x20e4, 0x20e4, 0x20e4, 0x2104, 0x2104, 0x20e4, 0x20e4, 0x20e4, 
	0x2104, 0x2104, 0x2104, 0x2104, 0x20e4, 0x20e4, 0x20e4, 0x20e4, 0x20e4, 0x20e4, 0x20e4, 0x20e4, 0x20e4, 0x20e4, 0x20e4, 0x2104, 
	0x2104, 0x2104, 0x20e4, 0x20e4, 0x20e4, 0x20e4, 0x20e4, 0x20e4, 0x20e4, 0x20e4, 0x20e4, 0x20e4, 0x20e4, 0x20e4, 0x20e4, 0x20e4, 
	0x20e4, 0x20e4, 0x20e4, 0x20e4, 0x20e4, 0x20e4, 0x20e4, 0x20e4, 0x20e4, 0x20e4, 0x20e4, 0x20e4, 0x20e4, 0x20e4, 0x20e4, 0x20e4, 
	0x20e4, 0x20e4, 0x20e4, 0x20e4, 0x20e4, 0x20e4, 0x20e4, 0x20e4, 0x20e4, 0x20e4, 0x20e4, 0x20e4, 0x20e4, 0x20e4, 0x20e4, 0x20e4, 
	0x20e4, 0x20e4, 0x20e4, 0x20e4, 0x20e4, 0x20e4, 0x20e4, 0x20e4, 0x20e4, 0x18e4, 0x20e4, 0x20e4, 0x20e4, 0x20e4, 0x20e4, 0x20e4, 
	0x18e4, 0x18e4, 0x20e4, 0x20e4, 0x20e4, 0x20e4, 0x20e4, 0x20e4, 0x20e4, 0x20e4, 0x20e4, 0x20e4, 0x20e4, 0x20e4, 0x20e4, 0x20e4, 
	0x20e4, 0x20e4, 0x20e4, 0x20e4, 0x20e4, 0x20e4, 0x20e4, 0x18e4, 0x39e7, 0x5aec, 0x5aec, 0x5aec, 0x5aec, 0x5aec, 0x630c, 0x630c, 
	0x630c, 0x630c, 0x630c, 0x630c, 0x630c, 0x630c, 0x630c, 0x5acb, 0x39e7, 0x2124, 0x2104, 0x2104, 0x20e4, 0x20e4, 0x20e4, 0x20e4, 
	0x20e4, 0x20e4, 0x20e4, 0x20e4, 0x18e4, 0x18e4, 0x18e4, 0x20e4, 0x20e4, 0x20e4, 0x20e4, 0x20e4, 0x20e4, 0x20e4, 0x20e4, 0x20e4, 
	0x20e4, 0x20e4, 0x20e4, 0x20e4, 0x20e4, 0x20e4, 0x20e4, 0x20e4, 0x20e4, 0x20e4, 0x20e4, 0x20e4, 0x20e4, 0x20e4, 0x20e4, 0x20e4, 
	0x20e4, 0x20e4, 0x20e4, 0x20e4, 0x20e4, 0x20e4, 0x20e4, 0x20e4, 0x20e4, 0x20e4, 0x20e4, 0x20e4, 0x20e4, 0x20e4, 0x20e4, 0x20e4, 
	0x20e4, 0x20e4, 0x20e4, 0x20e4, 0x20e4, 0x20e4, 0x20e4, 0x20e4, 0x20e4, 0x20e4, 0x20e4, 0x20e4, 0x20e4, 0x20e4, 0x20e4, 0x20e4, 
	0x20e4, 0x20e4, 0x20e4, 0x20e4, 0x20e4, 0x20e4, 0x20e4, 0x20e4, 0x20e4, 0x20e4, 0x20e4, 0x20e4, 0x20e4, 0x20e4, 0x20e4, 0x20e4, 
	0x20e4, 0x20e4, 0x20e4, 0x20e4, 0x20e4, 0x20e4, 0x20e4, 0x20e4, 0x20e4, 0x20e4, 0x20e4, 0x20e4, 0x20e4, 0x20e4, 0x20e4, 0x20e4, 
	0x20e4, 0x20e4, 0x20e4, 0x20e4, 0x20e4, 0x20e4, 0x20e4, 0x20e4, 0x20e4, 0x20e4, 0x20e4, 0x2104, 0x2104, 0x20e4, 0x20e4, 0x20e4, 
	0x2104, 0x2104, 0x2104, 0x2104, 0x2104, 0x2104, 0x2104, 0x2104, 0x20e4, 0x20e4, 0x20e4, 0x20e4, 0x2104, 0x20e4, 0x2104, 0x2104, 
	0x2104, 0x2104, 0x20e4, 0x2104, 0x20e4, 0x20e4, 0x20e4, 0x20e4, 0x20e4, 0x20e4, 0x20e4, 0x20e4, 0x20e4, 0x20e4, 0x20e4, 0x20e4, 
	0x20e4, 0x20e4, 0x20e4, 0x20e4, 0x20e4, 0x20e4, 0x20e4, 0x20e4, 0x20e4, 0x20e4, 0x20e4, 0x20e4, 0x20e4, 0x20e4, 0x20e4, 0x20e4, 
	0x20e4, 0x20e4, 0x20e4, 0x20e4, 0x20e4, 0x20e4, 0x20e4, 0x20e4, 0x20e4, 0x20e4, 0x20e4, 0x20e4, 0x20e4, 0x20e4, 0x20e4, 0x20e4, 
	0x20e4, 0x20e4, 0x20e4, 0x20e4, 0x20e4, 0x20e4, 0x20e4, 0x20e4, 0x20e4, 0x20e4, 0x20e4, 0x20e4, 0x20e4, 0x20e4, 0x20e4, 0x20e4, 
	0x20e4, 0x20e4, 0x20e4, 0x20e4, 0x20e4, 0x20e4, 0x20e4, 0x20e4, 0x20e4, 0x20e4, 0x20e4, 0x20e4, 0x20e4, 0x20e4, 0x20e4, 0x20e4, 
	0x20e4, 0x20e4, 0x20e4, 0x20e4, 0x20e4, 0x20e4, 0x2104, 0x630c, 0x630c, 0x5b0c, 0x5b0c, 0x5aec, 0x5b0c, 0x630c, 0x630c, 0x630c, 
	0x630c, 0x630c, 0x630c, 0x630c, 0x630c, 0x630c, 0x630c, 0x630c, 0x630c, 0x630c, 0x630c, 0x630c, 0x5aeb, 0x4208, 0x2124, 0x18e3, 
	0x18e4, 0x20e4, 0x20e4, 0x20e4, 0x18e4, 0x18e4, 0x18e4, 0x20e4, 0x20e4, 0x20e4, 0x2104, 0x20e4, 0x20e4, 0x20e4, 0x20e4, 0x20e4, 
	0x20e4, 0x20e4, 0x20e4, 0x18e4, 0x18e4, 0x20e4, 0x20e4, 0x20e4, 0x20e4, 0x20e4, 0x20e4, 0x20e4, 0x20e4, 0x20e4, 0x20e4, 0x20e4, 
	0x20e4, 0x20e4, 0x20e4, 0x20e4, 0x20e4, 0x20e4, 0x20e4, 0x20e4, 0x20e4, 0x20e4, 0x20e4, 0x20e4, 0x20e4, 0x20e4, 0x20e4, 0x20e4, 
	0x20e4, 0x20e4, 0x20e4, 0x20e4, 0x20e4, 0x20e4, 0x20e4, 0x20e4, 0x20e4, 0x20e4, 0x20e4, 0x20e4, 0x20e4, 0x20e4, 0x20e4, 0x20e4, 
	0x20e4, 0x20e4, 0x20e4, 0x20e4, 0x20e4, 0x20e4, 0x20e4, 0x20e4, 0x20e4, 0x20e4, 0x20e4, 0x20e4, 0x20e4, 0x20e4, 0x20e4, 0x20e4, 
	0x20e4, 0x20e4, 0x20e4, 0x20e4, 0x20e4, 0x20e4, 0x20e4, 0x20e4, 0x20e4, 0x20e4, 0x20e4, 0x20e4, 0x20e4, 0x20e4, 0x20e4, 0x20e4, 
	0x20e4, 0x20e4, 0x20e4, 0x20e4, 0x20e4, 0x20e4, 0x20e4, 0x20e4, 0x20e4, 0x20e4, 0x20e4, 0x2104, 0x2104, 0x2104, 0x20e4, 0x20e4, 
	0x2104, 0x2104, 0x2104, 0x2104, 0x2104, 0x2104, 0x2104, 0x2104, 0x2104, 0x2104, 0x2104, 0x2104, 0x2104, 0x20e4, 0x20e4, 0x20e4, 
	0x20e4, 0x2104, 0x20e4, 0x20e4, 0x20e4, 0x20e4, 0x20e4, 0x20e4, 0x20e4, 0x20e4, 0x20e4, 0x20e4, 0x20e4, 0x20e4, 0x20e4, 0x20e4, 
	0x20e4, 0x20e4, 0x20e4, 0x20e4, 0x20e4, 0x20e4, 0x20e4, 0x20e4, 0x20e4, 0x20e4, 0x20e4, 0x20e4, 0x20e4, 0x20e4, 0x20e4, 0x20e4, 
	0x20e4, 0x20e4, 0x20e4, 0x20e4, 0x20e4, 0x20e4, 0x20e4, 0x20e4, 0x20e4, 0x20e4, 0x20e4, 0x20e4, 0x20e4, 0x20e4, 0x20e4, 0x20e4, 
	0x20e4, 0x20e4, 0x20e4, 0x20e4, 0x20e4, 0x20e4, 0x20e4, 0x20e4, 0x20e4, 0x20e4, 0x20e4, 0x20e4, 0x20e4, 0x20e4, 0x20e4, 0x20e4, 
	0x20e4, 0x20e4, 0x20e4, 0x20e4, 0x20e4, 0x20e4, 0x20e4, 0x20e4, 0x20e4, 0x20e4, 0x20e4, 0x20e4, 0x20e4, 0x20e4, 0x20e4, 0x20e4, 
	0x20e4, 0x20e4, 0x20e4, 0x20e4, 0x20e4, 0x2124, 0x5aeb, 0x5aeb, 0x5aec, 0x5aec, 0x5aec, 0x5aec, 0x5aec, 0x630c, 0x630c, 0x630c, 
	0x630c, 0x630c, 0x630c, 0x630c, 0x630c, 0x630c, 0x630c, 0x630c, 0x630c, 0x630c, 0x630c, 0x630c, 0x630c, 0x630c, 0x630c, 0x632c, 
	0x632c, 0x5aeb, 0x4a49, 0x2124, 0x18e3, 0x18e4, 0x20e4, 0x20e4, 0x20e4, 0x20e4, 0x2104, 0x2104, 0x2104, 0x20e4, 0x20e4, 0x20e4, 
	0x20e4, 0x20e4, 0x18e4, 0x18e4, 0x18e4, 0x20e4, 0x20e4, 0x20e4, 0x20e4, 0x20e4, 0x20e4, 0x20e4, 0x20e4, 0x20e4, 0x20e4, 0x20e4, 
	0x20e4, 0x20e4, 0x20e4, 0x20e4, 0x20e4, 0x20e4, 0x20e4, 0x20e4, 0x20e4, 0x20e4, 0x20e4, 0x20e4, 0x20e4, 0x20e4, 0x20e4, 0x20e4, 
	0x20e4, 0x20e4, 0x20e4, 0x20e4, 0x20e4, 0x20e4, 0x20e4, 0x20e4, 0x20e4, 0x20e4, 0x20e4, 0x20e4, 0x20e4, 0x20e4, 0x20e4, 0x20e4, 
	0x20e4, 0x20e4, 0x20e4, 0x20e4, 0x20e4, 0x20e4, 0x20e4, 0x20e4, 0x20e4, 0x20e4, 0x20e4, 0x20e4, 0x20e4, 0x20e4, 0x20e4, 0x20e4, 
	0x20e4, 0x20e4, 0x20e4, 0x20e4, 0x20e4, 0x18e4, 0x18e4, 0x18e4, 0x18e4, 0x18e4, 0x18e4, 0x20e4, 0x20e4, 0x20e4, 0x20e4, 0x20e4, 
	0x20e4, 0x20e4, 0x20e4, 0x20e4, 0x20e4, 0x20e4, 0x20e4, 0x20e4, 0x20e4, 0x20e4, 0x20e4, 0x2104, 0x2104, 0x2104, 0x2104, 0x20e4, 
	0x2104, 0x2104, 0x2104, 0x2104, 0x2104, 0x2104, 0x2104, 0x2104, 0x2104, 0x2104, 0x2104, 0x2104, 0x2104, 0x20e4, 0x20e4, 0x20e4, 
	0x20e4, 0x20e4, 0x20e4, 0x20e4, 0x20e4, 0x20e4, 0x20e4, 0x20e4, 0x20e4, 0x20e4, 0x20e4, 0x20e4, 0x20e4, 0x20e4, 0x20e4, 0x20e4, 
	0x20e4, 0x20e4, 0x20e4, 0x20e4, 0x20e4, 0x20e4, 0x20e4, 0x20e4, 0x20e4, 0x20e4, 0x20e4, 0x20e4, 0x20e4, 0x20e4, 0x20e4, 0x20e4, 
	0x20e4, 0x20e4, 0x20e4, 0x20e4, 0x20e4, 0x20e4, 0x20e4, 0x20e4, 0x20e4, 0x20e4, 0x20e4, 0x20e4, 0x20e4, 0x20e4, 0x20e4, 0x20e4, 
	0x20e4, 0x20e4, 0x20e4, 0x20e4, 0x20e4, 0x20e4, 0x20e4, 0x20e4, 0x20e4, 0x20e4, 0x20e4, 0x20e4, 0x20e4, 0x20e4, 0x20e4, 0x20e4, 
	0x20e4, 0x20e4, 0x20e4, 0x20e4, 0x20e4, 0x20e4, 0x20e4, 0x20e4, 0x20e4, 0x20e4, 0x20e4, 0x20e4, 0x20e4, 0x20e4, 0x20e4, 0x20e4, 
	0x20e4, 0x20e4, 0x20e4, 0x2104, 0x2104, 0x5aeb, 0x5aeb, 0x5aeb, 0x5aeb, 0x5aec, 0x5aeb, 0x5aec, 0x5acb, 0x528a, 0x528a, 0x5aeb, 
	0x630c, 0x630c, 0x630c, 0x630c, 0x630c, 0x630c, 0x630c, 0x630c, 0x630c, 0x630c, 0x630c, 0x630c, 0x630c, 0x630c, 0x630c, 0x630c, 
	0x630c, 0x630c, 0x630c, 0x630c, 0x630c, 0x630c, 0x5aeb, 0x4228, 0x2104, 0x18e4, 0x2104, 0x2104, 0x2104, 0x2104, 0x20e4, 0x20e4, 
	0x20e4, 0x20e4, 0x18e4, 0x18e4, 0x18e4, 0x20e4, 0x20e4, 0x20e4, 0x20e4, 0x20e4, 0x20e4, 0x20e4, 0x20e4, 0x20e4, 0x20e4, 0x20e4, 
	0x20e4, 0x20e4, 0x20e4, 0x20e4, 0x20e4, 0x20e4, 0x20e4, 0x20e4, 0x20e4, 0x20e4, 0x20e4, 0x20e4, 0x20e4, 0x20e4, 0x20e4, 0x20e4, 
	0x20e4, 0x20e4, 0x20e4, 0x20e4, 0x20e4, 0x20e4, 0x20e4, 0x20e4, 0x20e4, 0x20e4, 0x20e4, 0x20e4, 0x20e4, 0x20e4, 0x20e4, 0x20e4, 
	0x20e4, 0x20e4, 0x20e4, 0x20e4, 0x20e4, 0x20e4, 0x20e4, 0x20e4, 0x20e4, 0x20e4, 0x20e4, 0x20e4, 0x20e4, 0x20e4, 0x20e4, 0x20e4, 
	0x20e4, 0x20e4, 0x20e4, 0x20e4, 0x18e4, 0x18e4, 0x18e4, 0x18e4, 0x18e4, 0x18e4, 0x18e4, 0x18e4, 0x18e4, 0x20e4, 0x20e4, 0x20e4, 
	0x20e4, 0x20e4, 0x20e4, 0x20e4, 0x20e4, 0x20e4, 0x20e4, 0x20e4, 0x20e4, 0x20e4, 0x20e4, 0x2104, 0x2104, 0x2104, 0x2104, 0x20e4, 
	0x2104, 0x2104, 0x2104, 0x2104, 0x2104, 0x2104, 0x2104, 0x2104, 0x2104, 0x2104, 0x2104, 0x2104, 0x2104, 0x20e4, 0x20e4, 0x20e4, 
	0x20e4, 0x20e4, 0x20e4, 0x20e4, 0x20e4, 0x20e4, 0x20e4, 0x20e4, 0x20e4, 0x20e4, 0x20e4, 0x20e4, 0x20e4, 0x20e4, 0x20e4, 0x20e4, 
	0x20e4, 0x20e4, 0x20e4, 0x20e4, 0x20e4, 0x20e4, 0x20e4, 0x20e4, 0x20e4, 0x20e4, 0x20e4, 0x20e4, 0x20e4, 0x20e4, 0x20e4, 0x20e4, 
	0x20e4, 0x20e4, 0x20e4, 0x20e4, 0x20e4, 0x20e4, 0x20e4, 0x20e4, 0x20e4, 0x20e4, 0x20e4, 0x20e4, 0x20e4, 0x20e4, 0x20e4, 0x20e4, 
	0x20e4, 0x20e4, 0x20e4, 0x20e4, 0x20e4, 0x20e4, 0x20e4, 0x20e4, 0x20e4, 0x20e4, 0x20e4, 0x20e4, 0x20e4, 0x20e4, 0x20e4, 0x20e4, 
	0x20e4, 0x20e4, 0x20e4, 0x20e4, 0x20e4, 0x20e4, 0x20e4, 0x20e4, 0x20e4, 0x20e4, 0x20e4, 0x20e4, 0x20e4, 0x20e4, 0x20e4, 0x20e4, 
	0x20e4, 0x20e4, 0x20e4, 0x2104, 0x630c, 0x630c, 0x5aec, 0x62ec, 0x5aeb, 0x2945, 0x2104, 0x2104, 0x2104, 0x2104, 0x2104, 0x2104, 
	0x2104, 0x2104, 0x2104, 0x3186, 0x52aa, 0x630c, 0x62ec, 0x630c, 0x630c, 0x630c, 0x630c, 0x630c, 0x630c, 0x630c, 0x630c, 0x630c, 
	0x630c, 0x630c, 0x630c, 0x630c, 0x630c, 0x630c, 0x630c, 0x5aec, 0x630c, 0x630c, 0x630c, 0x630c, 0x4a69, 0x2945, 0x2104, 0x20e4, 
	0x18e4, 0x20e4, 0x18e4, 0x18e4, 0x20e4, 0x20e4, 0x20e4, 0x20e4, 0x20e4, 0x20e4, 0x20e4, 0x20e4, 0x20e4, 0x20e4, 0x20e4, 0x20e4, 
	0x20e4, 0x20e4, 0x20e4, 0x20e4, 0x20e4, 0x20e4, 0x20e4, 0x20e4, 0x20e4, 0x20e4, 0x20e4, 0x20e4, 0x20e4, 0x20e4, 0x20e4, 0x20e4, 
	0x20e4, 0x20e4, 0x20e4, 0x20e4, 0x20e4, 0x20e4, 0x20e4, 0x20e4, 0x20e4, 0x20e4, 0x20e4, 0x20e4, 0x20e4, 0x20e4, 0x20e4, 0x20e4, 
	0x20e4, 0x20e4, 0x20e4, 0x20e4, 0x20e4, 0x20e4, 0x20e4, 0x20e4, 0x20e4, 0x20e4, 0x20e4, 0x20e4, 0x20e4, 0x20e4, 0x20e4, 0x20e4, 
	0x20e4, 0x20e4, 0x20e4, 0x20e4, 0x18e4, 0x18e4, 0x18e4, 0x18e4, 0x18e4, 0x18e4, 0x18e4, 0x18e4, 0x18e4, 0x18e4, 0x20e4, 0x20e4, 
	0x20e4, 0x20e4, 0x20e4, 0x20e4, 0x20e4, 0x20e4, 0x20e4, 0x20e4, 0x20e4, 0x20e4, 0x20e4, 0x2104, 0x2104, 0x2104, 0x2104, 0x2104, 
	0x2104, 0x2104, 0x2104, 0x2104, 0x20e4, 0x2104, 0x20e4, 0x2104, 0x2104, 0x2104, 0x2104, 0x2104, 0x2104, 0x20e4, 0x20e4, 0x20e4, 
	0x20e4, 0x20e4, 0x20e4, 0x20e4, 0x20e4, 0x20e4, 0x20e4, 0x20e4, 0x20e4, 0x20e4, 0x20e4, 0x20e4, 0x20e4, 0x20e4, 0x20e4, 0x20e4, 
	0x20e4, 0x20e4, 0x20e4, 0x20e4, 0x20e4, 0x20e4, 0x20e4, 0x20e4, 0x20e4, 0x20e4, 0x20e4, 0x20e4, 0x20e4, 0x20e4, 0x20e4, 0x20e4, 
	0x20e4, 0x20e4, 0x20e4, 0x20e4, 0x20e4, 0x20e4, 0x20e4, 0x20e4, 0x20e4, 0x20e4, 0x20e4, 0x20e4, 0x20e4, 0x20e4, 0x20e4, 0x20e4, 
	0x20e4, 0x20e4, 0x20e4, 0x20e4, 0x20e4, 0x20e4, 0x20e4, 0x20e4, 0x20e4, 0x20e4, 0x20e4, 0x20e4, 0x20e4, 0x20e4, 0x20e4, 0x20e4, 
	0x20e4, 0x20e4, 0x20e4, 0x20e4, 0x20e4, 0x20e4, 0x20e4, 0x20e4, 0x20e4, 0x20e4, 0x20e4, 0x20e4, 0x20e4, 0x20e4, 0x20e4, 0x20e4, 
	0x20e4, 0x20e4, 0x2104, 0x5acb, 0x630c, 0x630c, 0x5acb, 0x1904, 0x1904, 0x2104, 0x2104, 0x2104, 0x2104, 0x2104, 0x2104, 0x2104, 
	0x2104, 0x2104, 0x2104, 0x2104, 0x2104, 0x2104, 0x20e4, 0x2124, 0x4208, 0x5acb, 0x630c, 0x630c, 0x630c, 0x630c, 0x630c, 0x630c, 
	0x630c, 0x630c, 0x630c, 0x630c, 0x630c, 0x5b0c, 0x5b0c, 0x5aec, 0x630c, 0x630c, 0x630c, 0x630c, 0x630c, 0x630c, 0x630c, 0x630c, 
	0x630c, 0x4a69, 0x2965, 0x18e4, 0x18e4, 0x20e4, 0x20e4, 0x20e4, 0x20e4, 0x20e4, 0x20e4, 0x20e4, 0x20e4, 0x20e4, 0x20e4, 0x20e4, 
	0x20e4, 0x20e4, 0x20e4, 0x20e4, 0x20e4, 0x20e4, 0x20e4, 0x20e4, 0x20e4, 0x20e4, 0x20e4, 0x20e4, 0x20e4, 0x20e4, 0x20e4, 0x20e4, 
	0x20e4, 0x20e4, 0x20e4, 0x20e4, 0x20e4, 0x20e4, 0x20e4, 0x20e4, 0x20e4, 0x20e4, 0x20e4, 0x20e4, 0x20e4, 0x20e4, 0x20e4, 0x20e4, 
	0x20e4, 0x20e4, 0x20e4, 0x20e4, 0x20e4, 0x20e4, 0x20e4, 0x20e4, 0x20e4, 0x20e4, 0x20e4, 0x20e4, 0x20e4, 0x20e4, 0x20e4, 0x20e4, 
	0x20e4, 0x20e4, 0x20e4, 0x20e4, 0x18e4, 0x18e4, 0x20e4, 0x18e4, 0x18e4, 0x18e4, 0x18e4, 0x18e4, 0x18e4, 0x18e4, 0x18e4, 0x20e4, 
	0x20e4, 0x20e4, 0x20e4, 0x20e4, 0x20e4, 0x20e4, 0x20e4, 0x20e4, 0x20e4, 0x20e4, 0x20e4, 0x2104, 0x2104, 0x2104, 0x2104, 0x2104, 
	0x2104, 0x2104, 0x20e4, 0x20e4, 0x20e4, 0x20e4, 0x20e4, 0x20e4, 0x2104, 0x2104, 0x2104, 0x2104, 0x2104, 0x20e4, 0x20e4, 0x20e4, 
	0x20e4, 0x20e4, 0x20e4, 0x20e4, 0x20e4, 0x20e4, 0x20e4, 0x20e4, 0x20e4, 0x20e4, 0x20e4, 0x20e4, 0x20e4, 0x20e4, 0x20e4, 0x20e4, 
	0x20e4, 0x20e4, 0x20e4, 0x20e4, 0x20e4, 0x20e4, 0x20e4, 0x20e4, 0x20e4, 0x20e4, 0x20e4, 0x20e4, 0x20e4, 0x20e4, 0x20e4, 0x20e4, 
	0x20e4, 0x20e4, 0x20e4, 0x20e4, 0x20e4, 0x20e4, 0x20e4, 0x20e4, 0x20e4, 0x20e4, 0x20e4, 0x20e4, 0x20e4, 0x20e4, 0x20e4, 0x20e4, 
	0x20e4, 0x20e4, 0x20e4, 0x20e4, 0x20e4, 0x20e4, 0x20e4, 0x20e4, 0x20e4, 0x20e4, 0x20e4, 0x20e4, 0x20e4, 0x20e4, 0x20e4, 0x20e4, 
	0x20e4, 0x20e4, 0x20e4, 0x20e4, 0x20e4, 0x20e4, 0x20e4, 0x20e4, 0x20e4, 0x20e4, 0x20e4, 0x20e4, 0x20e4, 0x20e4, 0x20e4, 0x20e4, 
	0x18e4, 0x20e4, 0x2945, 0x5aec, 0x62ec, 0x2945, 0x18e4, 0x18e4, 0x18e4, 0x2104, 0x1904, 0x6a44, 0x7bad, 0x6aea, 0x4983, 0x1904, 
	0x2104, 0x2104, 0x2104, 0x2104, 0x20e4, 0x20e4, 0x20e4, 0x2104, 0x2104, 0x2104, 0x2104, 0x2104, 0x2925, 0x39e7, 0x5aeb, 0x630c, 
	0x630c, 0x630c, 0x630c, 0x630c, 0x5aeb, 0x5aeb, 0x5aeb, 0x5aec, 0x630c, 0x630c, 0x630c, 0x630c, 0x630c, 0x630c, 0x630c, 0x630c, 
	0x630c, 0x630c, 0x630c, 0x630c, 0x630c, 0x630c, 0x528a, 0x2965, 0x18e4, 0x20e4, 0x2104, 0x2104, 0x2104, 0x2104, 0x20e4, 0x20e4, 
	0x20e4, 0x20e4, 0x20e4, 0x20e4, 0x20e4, 0x20e4, 0x20e4, 0x20e4, 0x20e4, 0x20e4, 0x20e4, 0x20e4, 0x20e4, 0x20e4, 0x20e4, 0x20e4, 
	0x20e4, 0x20e4, 0x20e4, 0x20e4, 0x20e4, 0x20e4, 0x20e4, 0x20e4, 0x20e4, 0x20e4, 0x20e4, 0x20e4, 0x20e4, 0x20e4, 0x20e4, 0x20e4, 
	0x20e4, 0x20e4, 0x20e4, 0x20e4, 0x20e4, 0x20e4, 0x20e4, 0x20e4, 0x20e4, 0x20e4, 0x20e4, 0x20e4, 0x20e4, 0x20e4, 0x20e4, 0x20e4, 
	0x20e4, 0x20e4, 0x20e4, 0x20e4, 0x20e4, 0x20e4, 0x20e4, 0x20e4, 0x18e4, 0x18e4, 0x18e4, 0x18e4, 0x18e4, 0x18e4, 0x18e4, 0x18e4, 
	0x20e4, 0x20e4, 0x20e4, 0x20e4, 0x20e4, 0x20e4, 0x20e4, 0x20e4, 0x20e4, 0x20e4, 0x20e4, 0x2104, 0x2104, 0x2104, 0x2104, 0x2104, 
	0x2104, 0x20e4, 0x20e4, 0x20e4, 0x20e4, 0x20e4, 0x20e4, 0x20e4, 0x2104, 0x2104, 0x2104, 0x20e4, 0x20e4, 0x20e4, 0x20e4, 0x20e4, 
	0x20e4, 0x20e4, 0x20e4, 0x20e4, 0x20e4, 0x20e4, 0x20e4, 0x20e4, 0x20e4, 0x20e4, 0x20e4, 0x20e4, 0x20e4, 0x20e4, 0x20e4, 0x20e4, 
	0x20e4, 0x20e4, 0x20e4, 0x20e4, 0x20e4, 0x20e4, 0x20e4, 0x20e4, 0x20e4, 0x20e4, 0x20e4, 0x20e4, 0x20e4, 0x20e4, 0x20e4, 0x20e4, 
	0x20e4, 0x20e4, 0x20e4, 0x20e4, 0x20e4, 0x20e4, 0x20e4, 0x20e4, 0x20e4, 0x20e4, 0x20e4, 0x20e4, 0x20e4, 0x20e4, 0x20e4, 0x20e4, 
	0x20e4, 0x20e4, 0x20e4, 0x20e4, 0x20e4, 0x20e4, 0x18e4, 0x20e4, 0x20e4, 0x20e4, 0x20e4, 0x20e4, 0x20e4, 0x20e4, 0x20e4, 0x20e4, 
	0x20e4, 0x20e4, 0x20e4, 0x20e4, 0x20e4, 0x20e4, 0x20e4, 0x20e4, 0x20e4, 0x20e4, 0x20e4, 0x20e4, 0x20e4, 0x2104, 0x20e4, 0x18e4, 
	0x18e4, 0x20e4, 0x630c, 0x632c, 0x2104, 0x18e4, 0x18e3, 0x18e3, 0x7243, 0x8c71, 0x8c71, 0x8c71, 0x8c71, 0x8c71, 0x8c71, 0x8c71, 
	0x8c71, 0x2103, 0x2104, 0x2104, 0x2104, 0x94b2, 0x736e, 0x2124, 0x2104, 0x2104, 0x2104, 0x2104, 0x20e4, 0x20e4, 0x20e4, 0x20e4, 
	0x20e4, 0x2104, 0x4208, 0x5aeb, 0x5aeb, 0x5aeb, 0x5aeb, 0x630c, 0x630c, 0x630c, 0x630c, 0x630c, 0x630c, 0x630c, 0x630c, 0x630c, 
	0x630c, 0x630c, 0x630c, 0x630c, 0x630c, 0x630c, 0x630c, 0x5b0c, 0x630c, 0x630c, 0x630c, 0x630c, 0x2104, 0x2104, 0x2104, 0x2104, 
	0x20e4, 0x20e4, 0x20e4, 0x20e4, 0x20e4, 0x20e4, 0x20e4, 0x20e4, 0x20e4, 0x20e4, 0x20e4, 0x20e4, 0x20e4, 0x20e4, 0x20e4, 0x20e4, 
	0x20e4, 0x20e4, 0x20e4, 0x20e4, 0x20e4, 0x20e4, 0x20e4, 0x20e4, 0x20e4, 0x20e4, 0x20e4, 0x20e4, 0x20e4, 0x20e4, 0x20e4, 0x20e4, 
	0x20e4, 0x20e4, 0x20e4, 0x20e4, 0x20e4, 0x20e4, 0x20e4, 0x20e4, 0x20e4, 0x20e4, 0x20e4, 0x20e4, 0x20e4, 0x20e4, 0x20e4, 0x20e4, 
	0x20e4, 0x20e4, 0x20e4, 0x20e4, 0x20e4, 0x20e4, 0x20e4, 0x20e4, 0x20e4, 0x18e4, 0x18e4, 0x18e4, 0x18e4, 0x18e4, 0x18e4, 0x18e4, 
	0x20e4, 0x20e4, 0x20e4, 0x20e4, 0x20e4, 0x20e4, 0x20e4, 0x20e4, 0x20e4, 0x20e4, 0x20e4, 0x2104, 0x2104, 0x2104, 0x2104, 0x2104, 
	0x2104, 0x20e4, 0x20e4, 0x20e4, 0x20e4, 0x20e4, 0x20e4, 0x20e4, 0x20e4, 0x20e4, 0x20e4, 0x20e4, 0x20e4, 0x20e4, 0x20e4, 0x20e4, 
	0x20e4, 0x20e4, 0x20e4, 0x20e4, 0x20e4, 0x20e4, 0x20e4, 0x20e4, 0x20e4, 0x20e4, 0x20e4, 0x20e4, 0x20e4, 0x20e4, 0x20e4, 0x20e4, 
	0x20e4, 0x20e4, 0x20e4, 0x20e4, 0x20e4, 0x20e4, 0x20e4, 0x20e4, 0x20e4, 0x20e4, 0x20e4, 0x20e4, 0x20e4, 0x20e4, 0x20e4, 0x20e4, 
	0x20e4, 0x20e4, 0x20e4, 0x20e4, 0x20e4, 0x20e4, 0x20e4, 0x20e4, 0x20e4, 0x20e4, 0x20e4, 0x20e4, 0x20e4, 0x20e4, 0x20e4, 0x20e4, 
	0x20e4, 0x20e4, 0x20e4, 0x20e4, 0x20e4, 0x20e4, 0x20e4, 0x20e4, 0x20e4, 0x20e4, 0x20e4, 0x20e4, 0x20e4, 0x20e4, 0x20e4, 0x20e4, 
	0x20e4, 0x20e4, 0x20e4, 0x20e4, 0x20e4, 0x20e4, 0x20e4, 0x20e4, 0x20e4, 0x20e4, 0x20e4, 0x20e4, 0x20e4, 0x2104, 0x20e4, 0x18e4, 
	0x18e4, 0x2945, 0x630c, 0x2104, 0x2104, 0x2104, 0x3943, 0x8c71, 0x8c71, 0x8c71, 0x8c71, 0x8c71, 0x8c71, 0x8c71, 0x8c71, 0x8c71, 
	0x8c71, 0x8c71, 0x8c71, 0x2104, 0x18e3, 0x1904, 0x7bef, 0x8c71, 0x8c51, 0x8c51, 0x8c50, 0x5acb, 0x2124, 0x18e3, 0x18e4, 0x20e4, 
	0x20e4, 0x20e4, 0x2104, 0x2104, 0x2104, 0x20e4, 0x2945, 0x4a69, 0x5aeb, 0x630c, 0x630c, 0x630c, 0x630c, 0x630c, 0x630c, 0x630c, 
	0x630c, 0x630c, 0x630c, 0x630c, 0x630c, 0x630c, 0x630c, 0x630c, 0x630c, 0x630c, 0x630c, 0x630c, 0x630c, 0x632c, 0x2104, 0x2104, 
	0x2104, 0x2104, 0x20e4, 0x20e4, 0x20e4, 0x20e4, 0x20e4, 0x20e4, 0x20e4, 0x20e4, 0x20e4, 0x20e4, 0x20e4, 0x20e4, 0x20e4, 0x20e4, 
	0x20e4, 0x20e4, 0x20e4, 0x20e4, 0x20e4, 0x20e4, 0x20e4, 0x20e4, 0x20e4, 0x20e4, 0x20e4, 0x20e4, 0x20e4, 0x20e4, 0x20e4, 0x20e4, 
	0x20e4, 0x20e4, 0x20e4, 0x20e4, 0x20e4, 0x20e4, 0x20e4, 0x20e4, 0x20e4, 0x20e4, 0x20e4, 0x20e4, 0x20e4, 0x20e4, 0x20e4, 0x20e4, 
	0x20e4, 0x20e4, 0x20e4, 0x20e4, 0x20e4, 0x20e4, 0x20e4, 0x20e4, 0x20e4, 0x18e4, 0x18e4, 0x18e4, 0x18e4, 0x18e4, 0x18e4, 0x18e4, 
	0x20e4, 0x20e4, 0x20e4, 0x20e4, 0x20e4, 0x20e4, 0x20e4, 0x20e4, 0x20e4, 0x20e4, 0x2104, 0x2104, 0x2104, 0x2104, 0x2104, 0x2104, 
	0x2104, 0x20e4, 0x20e4, 0x20e4, 0x20e4, 0x20e4, 0x20e4, 0x20e4, 0x20e4, 0x20e4, 0x20e4, 0x20e4, 0x20e4, 0x20e4, 0x20e4, 0x20e4, 
	0x20e4, 0x20e4, 0x20e4, 0x20e4, 0x20e4, 0x20e4, 0x20e4, 0x20e4, 0x20e4, 0x20e4, 0x20e4, 0x20e4, 0x20e4, 0x20e4, 0x20e4, 0x20e4, 
	0x20e4, 0x20e4, 0x20e4, 0x20e4, 0x20e4, 0x20e4, 0x20e4, 0x20e4, 0x20e4, 0x20e4, 0x20e4, 0x20e4, 0x20e4, 0x20e4, 0x20e4, 0x20e4, 
	0x20e4, 0x20e4, 0x20e4, 0x20e4, 0x20e4, 0x20e4, 0x20e4, 0x20e4, 0x20e4, 0x20e4, 0x20e4, 0x20e4, 0x20e4, 0x20e4, 0x20e4, 0x20e4, 
	0x20e4, 0x20e4, 0x20e4, 0x20e4, 0x20e4, 0x20e4, 0x20e4, 0x20e4, 0x20e4, 0x20e4, 0x20e4, 0x20e4, 0x20e4, 0x20e4, 0x20e4, 0x20e4, 
	0x20e4, 0x20e4, 0x20e4, 0x20e4, 0x20e4, 0x20e4, 0x20e4, 0x20e4, 0x20e4, 0x20e4, 0x20e4, 0x20e4, 0x20e4, 0x2104, 0x20e4, 0x18e4, 
	0x20e4, 0x4229, 0x2104, 0x20e4, 0x2104, 0x9bab, 0x8c71, 0x8c71, 0x8c71, 0x8c71, 0x8c71, 0x8c71, 0x8c71, 0x8c71, 0x8c71, 0x8c71, 
	0x8c71, 0x8c71, 0x8c71, 0x8c71, 0x4983, 0x2104, 0x2104, 0x630c, 0x8c51, 0x8c51, 0x8c51, 0x8c51, 0x8c51, 0x8c51, 0x8c71, 0x7bcf, 
	0x4228, 0x2124, 0x2104, 0x2104, 0x2104, 0x2104, 0x20e4, 0x20e4, 0x20e4, 0x20e4, 0x2104, 0x31a6, 0x528a, 0x630c, 0x630c, 0x630c, 
	0x630c, 0x630c, 0x630c, 0x630c, 0x630c, 0x630c, 0x630c, 0x630c, 0x630c, 0x630c, 0x630c, 0x630c, 0x630c, 0x630c, 0x632c, 0x2104, 
	0x2104, 0x2104, 0x20e4, 0x20e4, 0x20e4, 0x20e4, 0x20e4, 0x20e4, 0x18e4, 0x18e4, 0x18e4, 0x18e4, 0x20e4, 0x20e4, 0x20e4, 0x20e4, 
	0x20e4, 0x20e4, 0x20e4, 0x20e4, 0x20e4, 0x20e4, 0x20e4, 0x20e4, 0x20e4, 0x20e4, 0x20e4, 0x20e4, 0x20e4, 0x20e4, 0x20e4, 0x20e4, 
	0x20e4, 0x20e4, 0x20e4, 0x20e4, 0x20e4, 0x20e4, 0x20e4, 0x20e4, 0x20e4, 0x20e4, 0x20e4, 0x20e4, 0x20e4, 0x20e4, 0x20e4, 0x20e4, 
	0x20e4, 0x20e4, 0x20e4, 0x20e4, 0x20e4, 0x20e4, 0x20e4, 0x20e4, 0x20e4, 0x18e4, 0x18e4, 0x18e4, 0x18e4, 0x18e4, 0x18e4, 0x18e4, 
	0x20e4, 0x20e4, 0x20e4, 0x20e4, 0x20e4, 0x20e4, 0x20e4, 0x20e4, 0x20e4, 0x20e4, 0x2104, 0x2104, 0x2104, 0x2104, 0x2104, 0x2104, 
	0x2104, 0x2104, 0x20e4, 0x20e4, 0x20e4, 0x20e4, 0x20e4, 0x20e4, 0x20e4, 0x20e4, 0x20e4, 0x20e4, 0x20e4, 0x20e4, 0x20e4, 0x20e4, 
	0x20e4, 0x20e4, 0x20e4, 0x20e4, 0x20e4, 0x20e4, 0x20e4, 0x20e4, 0x20e4, 0x20e4, 0x20e4, 0x20e4, 0x20e4, 0x20e4, 0x20e4, 0x20e4, 
	0x20e4, 0x20e4, 0x20e4, 0x20e4, 0x20e4, 0x20e4, 0x20e4, 0x20e4, 0x20e4, 0x20e4, 0x20e4, 0x20e4, 0x20e4, 0x20e4, 0x20e4, 0x20e4, 
	0x20e4, 0x20e4, 0x20e4, 0x20e4, 0x20e4, 0x20e4, 0x20e4, 0x20e4, 0x20e4, 0x20e4, 0x20e4, 0x20e4, 0x20e4, 0x20e4, 0x20e4, 0x20e4, 
	0x20e4, 0x20e4, 0x20e4, 0x20e4, 0x20e4, 0x20e4, 0x20e4, 0x20e4, 0x20e4, 0x20e4, 0x20e4, 0x20e4, 0x20e4, 0x20e4, 0x20e4, 0x20e4, 
	0x20e4, 0x20e4, 0x20e4, 0x20e4, 0x20e4, 0x20e4, 0x20e4, 0x20e4, 0x20e4, 0x20e4, 0x20e4, 0x20e4, 0x20e4, 0x20e4, 0x20e4, 0x20e4, 
	0x20e4, 0x18e4, 0x18e4, 0x18e4, 0x8c71, 0x8c71, 0x8c71, 0x8c71, 0x8c71, 0x8c71, 0x8c71, 0x8c71, 0x8c71, 0x8c71, 0x8c71, 0x8c71, 
	0x8c71, 0x8c71, 0x8c71, 0x8c71, 0x8c71, 0x6225, 0x2104, 0x2104, 0x6b4d, 0x8c51, 0x8c51, 0x8c51, 0x8c71, 0x8c51, 0x8c51, 0x8c71, 
	0x8c71, 0x8c71, 0x8c71, 0x8c71, 0x7bef, 0x39c7, 0x20e4, 0x20e4, 0x2104, 0x2104, 0x2104, 0x2104, 0x2104, 0x2104, 0x2104, 0x2104, 
	0x31a6, 0x5acb, 0x630c, 0x630c, 0x630c, 0x630c, 0x630c, 0x630c, 0x630c, 0x630c, 0x630c, 0x630c, 0x630c, 0x630c, 0x632c, 0x2104, 
	0x2104, 0x2104, 0x20e4, 0x20e4, 0x20e4, 0x20e4, 0x20e4, 0x18e4, 0x18e4, 0x18e4, 0x18e4, 0x18e4, 0x18e4, 0x20e4, 0x20e4, 0x20e4, 
	0x20e4, 0x20e4, 0x20e4, 0x20e4, 0x20e4, 0x20e4, 0x20e4, 0x20e4, 0x20e4, 0x20e4, 0x20e4, 0x20e4, 0x20e4, 0x20e4, 0x20e4, 0x20e4, 
	0x20e4, 0x20e4, 0x20e4, 0x20e4, 0x20e4, 0x20e4, 0x20e4, 0x20e4, 0x20e4, 0x20e4, 0x20e4, 0x20e4, 0x20e4, 0x20e4, 0x20e4, 0x20e4, 
	0x20e4, 0x20e4, 0x20e4, 0x20e4, 0x20e4, 0x20e4, 0x20e4, 0x20e4, 0x20e4, 0x18e4, 0x18e4, 0x18e4, 0x18e4, 0x18e4, 0x18e4, 0x18e4, 
	0x20e4, 0x20e4, 0x20e4, 0x20e4, 0x20e4, 0x20e4, 0x20e4, 0x20e4, 0x20e4, 0x20e4, 0x2104, 0x2104, 0x2104, 0x2104, 0x2104, 0x2104, 
	0x2104, 0x2104, 0x2104, 0x20e4, 0x20e4, 0x20e4, 0x20e4, 0x20e4, 0x20e4, 0x20e4, 0x20e4, 0x20e4, 0x20e4, 0x20e4, 0x20e4, 0x20e4, 
	0x20e4, 0x20e4, 0x20e4, 0x20e4, 0x20e4, 0x20e4, 0x20e4, 0x20e4, 0x20e4, 0x20e4, 0x20e4, 0x20e4, 0x20e4, 0x20e4, 0x20e4, 0x20e4, 
	0x20e4, 0x20e4, 0x20e4, 0x20e4, 0x20e4, 0x20e4, 0x20e4, 0x20e4, 0x20e4, 0x20e4, 0x20e4, 0x20e4, 0x20e4, 0x20e4, 0x20e4, 0x20e4, 
	0x20e4, 0x20e4, 0x20e4, 0x20e4, 0x20e4, 0x20e4, 0x20e4, 0x20e4, 0x20e4, 0x20e4, 0x20e4, 0x20e4, 0x20e4, 0x20e4, 0x20e4, 0x20e4, 
	0x20e4, 0x20e4, 0x20e4, 0x20e4, 0x20e4, 0x20e4, 0x20e4, 0x20e4, 0x20e4, 0x20e4, 0x20e4, 0x20e4, 0x20e4, 0x20e4, 0x20e4, 0x20e4, 
	0x20e4, 0x20e4, 0x20e4, 0x20e4, 0x20e4, 0x20e4, 0x20e4, 0x20e4, 0x20e4, 0x20e4, 0x20e4, 0x20e4, 0x20e4, 0x20e4, 0x20e4, 0x20e4, 
	0x18e4, 0x20e4, 0x18e4, 0x8c71, 0x8c71, 0x8c71, 0x8c71, 0x8c71, 0x8c71, 0x8c71, 0x49c4, 0x18e4, 0x2104, 0x18e4, 0x10c4, 0x7243, 
	0x8c71, 0x8c71, 0x8c71, 0x8c71, 0x8c71, 0x8c71, 0x3143, 0x2104, 0x2104, 0x8c51, 0x8c71, 0x8c71, 0x8c71, 0x8c71, 0x8c71, 0x8c71, 
	0x8c71, 0x8c71, 0x8c71, 0x8c71, 0x8c71, 0x8c71, 0x8c71, 0x8c71, 0x94b2, 0x7bae, 0x2965, 0x20e4, 0x2104, 0x20e4, 0x20e4, 0x20e4, 
	0x2104, 0x2104, 0x2104, 0x2104, 0x20e4, 0x39e7, 0x5aeb, 0x630c, 0x630c, 0x630c, 0x630c, 0x630c, 0x630c, 0x630c, 0x632c, 0x39c7, 
	0x2104, 0x2104, 0x20e4, 0x20e4, 0x20e4, 0x20e4, 0x20e4, 0x20e4, 0x18e4, 0x18e4, 0x18e4, 0x18e4, 0x20e4, 0x20e4, 0x20e4, 0x20e4, 
	0x20e4, 0x20e4, 0x20e4, 0x20e4, 0x20e4, 0x20e4, 0x20e4, 0x20e4, 0x20e4, 0x20e4, 0x20e4, 0x20e4, 0x20e4, 0x20e4, 0x20e4, 0x20e4, 
	0x20e4, 0x20e4, 0x20e4, 0x20e4, 0x20e4, 0x20e4, 0x20e4, 0x20e4, 0x20e4, 0x20e4, 0x20e4, 0x20e4, 0x20e4, 0x20e4, 0x20e4, 0x20e4, 
	0x20e4, 0x20e4, 0x20e4, 0x20e4, 0x20e4, 0x20e4, 0x20e4, 0x20e4, 0x20e4, 0x18e4, 0x18e4, 0x18e4, 0x18e4, 0x18e4, 0x18e4, 0x20e4, 
	0x20e4, 0x20e4, 0x20e4, 0x20e4, 0x20e4, 0x20e4, 0x20e4, 0x20e4, 0x20e4, 0x20e4, 0x2104, 0x2104, 0x2104, 0x2104, 0x2104, 0x2104, 
	0x2104, 0x2104, 0x2104, 0x2104, 0x2104, 0x2104, 0x20e4, 0x20e4, 0x20e4, 0x20e4, 0x20e4, 0x20e4, 0x20e4, 0x20e4, 0x20e4, 0x20e4, 
	0x20e4, 0x20e4, 0x20e4, 0x20e4, 0x20e4, 0x20e4, 0x20e4, 0x20e4, 0x20e4, 0x20e4, 0x20e4, 0x20e4, 0x20e4, 0x20e4, 0x20e4, 0x20e4, 
	0x20e4, 0x20e4, 0x20e4, 0x20e4, 0x20e4, 0x20e4, 0x20e4, 0x20e4, 0x20e4, 0x20e4, 0x20e4, 0x20e4, 0x20e4, 0x20e4, 0x20e4, 0x20e4, 
	0x20e4, 0x20e4, 0x20e4, 0x20e4, 0x20e4, 0x20e4, 0x20e4, 0x20e4, 0x20e4, 0x20e4, 0x20e4, 0x20e4, 0x20e4, 0x20e4, 0x20e4, 0x20e4, 
	0x20e4, 0x20e4, 0x20e4, 0x20e4, 0x20e4, 0x20e4, 0x20e4, 0x20e4, 0x20e4, 0x20e4, 0x20e4, 0x20e4, 0x20e4, 0x20e4, 0x20e4, 0x20e4, 
	0x20e4, 0x20e4, 0x20e4, 0x20e4, 0x20e4, 0x20e4, 0x20e4, 0x20e4, 0x20e4, 0x20e4, 0x20e4, 0x20e4, 0x20e4, 0x20e4, 0x20e4, 0x18e4, 
	0x20e4, 0x18e4, 0x8c71, 0x8c71, 0x8c71, 0x8c71, 0x8c71, 0x8c71, 0x2104, 0x1904, 0x1904, 0x2104, 0x2104, 0x18e4, 0x18e4, 0x18e3, 
	0x18e3, 0x6a44, 0x8c71, 0x8c71, 0x8c71, 0x8c71, 0x8c71, 0x2104, 0x2104, 0x2104, 0x8c71, 0x8c71, 0x8c71, 0x8c71, 0x8c71, 0x8c71, 
	0x8c71, 0x8c71, 0x8c71, 0x8c71, 0x8c71, 0x8c71, 0x8c71, 0x8c71, 0x8c71, 0x8c71, 0x8c71, 0x8c71, 0x8c71, 0x8c71, 0x5aeb, 0x2945, 
	0x2104, 0x2104, 0x2104, 0x20e4, 0x2104, 0x2104, 0x2104, 0x2104, 0x20e4, 0x2124, 0x4208, 0x5aec, 0x630c, 0x630c, 0x632c, 0x2104, 
	0x2104, 0x2124, 0x4a69, 0x2945, 0x20e4, 0x20e4, 0x20e4, 0x20e4, 0x20e4, 0x18e4, 0x18e4, 0x18e4, 0x20e4, 0x20e4, 0x20e4, 0x20e4, 
	0x20e4, 0x20e4, 0x20e4, 0x20e4, 0x20e4, 0x20e4, 0x20e4, 0x20e4, 0x20e4, 0x20e4, 0x20e4, 0x20e4, 0x20e4, 0x20e4, 0x20e4, 0x20e4, 
	0x20e4, 0x20e4, 0x20e4, 0x20e4, 0x20e4, 0x20e4, 0x20e4, 0x20e4, 0x20e4, 0x20e4, 0x20e4, 0x20e4, 0x20e4, 0x20e4, 0x20e4, 0x20e4, 
	0x20e4, 0x20e4, 0x20e4, 0x20e4, 0x20e4, 0x20e4, 0x20e4, 0x20e4, 0x20e4, 0x20e4, 0x18e4, 0x18e4, 0x18e4, 0x18e4, 0x18e4, 0x20e4, 
	0x20e4, 0x20e4, 0x20e4, 0x20e4, 0x20e4, 0x20e4, 0x20e4, 0x20e4, 0x20e4, 0x20e4, 0x2104, 0x2104, 0x2104, 0x2104, 0x2104, 0x2104, 
	0x2104, 0x2104, 0x2104, 0x2104, 0x2104, 0x2104, 0x2104, 0x20e4, 0x20e4, 0x20e4, 0x20e4, 0x20e4, 0x20e4, 0x20e4, 0x20e4, 0x20e4, 
	0x20e4, 0x20e4, 0x20e4, 0x20e4, 0x20e4, 0x20e4, 0x20e4, 0x20e4, 0x20e4, 0x20e4, 0x20e4, 0x20e4, 0x20e4, 0x20e4, 0x20e4, 0x20e4, 
	0x20e4, 0x20e4, 0x20e4, 0x20e4, 0x20e4, 0x20e4, 0x20e4, 0x20e4, 0x20e4, 0x20e4, 0x20e4, 0x20e4, 0x20e4, 0x20e4, 0x20e4, 0x20e4, 
	0x20e4, 0x20e4, 0x20e4, 0x20e4, 0x20e4, 0x20e4, 0x20e4, 0x20e4, 0x20e4, 0x20e4, 0x20e4, 0x20e4, 0x20e4, 0x20e4, 0x20e4, 0x20e4, 
	0x20e4, 0x20e4, 0x18e4, 0x18e4, 0x20e4, 0x20e4, 0x20e4, 0x20e4, 0x20e4, 0x20e4, 0x20e4, 0x20e4, 0x20e4, 0x20e4, 0x20e4, 0x20e4, 
	0x20e4, 0x20e4, 0x20e4, 0x20e4, 0x20e4, 0x20e4, 0x20e4, 0x20e4, 0x20e4, 0x20e4, 0x20e4, 0x20e4, 0x20e4, 0x18e4, 0x20e4, 0x20e4, 
	0x2104, 0x942e, 0x8c71, 0x8c71, 0x8c71, 0x8c71, 0xa40b, 0x2104, 0x2104, 0x18e3, 0x39e7, 0x5acb, 0x5aeb, 0x5aeb, 0x4a49, 0x18e4, 
	0x18e3, 0x18e3, 0x2903, 0x8c71, 0x8c71, 0x8c71, 0x8c71, 0x93ed, 0x2104, 0x2104, 0x8430, 0x8c71, 0x8c71, 0x8c71, 0x8c71, 0x8c71, 
	0x8c71, 0x8c71, 0x8c71, 0x8c71, 0x8c71, 0x8c71, 0x8c71, 0x8c71, 0x8c71, 0x8c71, 0x8c71, 0x8c71, 0x8c71, 0x8c71, 0x8c71, 0x8c71, 
	0x8c71, 0x9492, 0x8410, 0x528a, 0x2945, 0x20e4, 0x2104, 0x20e4, 0x20e4, 0x2104, 0x2104, 0x2104, 0x2104, 0x5aec, 0x630c, 0x2104, 
	0x2104, 0x39c7, 0x630c, 0x630c, 0x630c, 0x630c, 0x528a, 0x2965, 0x20e4, 0x18e4, 0x18e3, 0x18e4, 0x20e4, 0x20e4, 0x20e4, 0x20e4, 
	0x20e4, 0x20e4, 0x20e4, 0x20e4, 0x20e4, 0x20e4, 0x20e4, 0x20e4, 0x20e4, 0x20e4, 0x20e4, 0x20e4, 0x20e4, 0x20e4, 0x20e4, 0x20e4, 
	0x20e4, 0x20e4, 0x20e4, 0x20e4, 0x20e4, 0x20e4, 0x20e4, 0x20e4, 0x20e4, 0x20e4, 0x20e4, 0x20e4, 0x20e4, 0x20e4, 0x20e4, 0x20e4, 
	0x20e4, 0x20e4, 0x20e4, 0x20e4, 0x20e4, 0x20e4, 0x20e4, 0x20e4, 0x20e4, 0x20e4, 0x20e4, 0x20e4, 0x20e4, 0x20e4, 0x20e4, 0x20e4, 
	0x20e4, 0x20e4, 0x20e4, 0x20e4, 0x20e4, 0x20e4, 0x20e4, 0x20e4, 0x20e4, 0x20e4, 0x2104, 0x2104, 0x2104, 0x2104, 0x2104, 0x2104, 
	0x2104, 0x2104, 0x2104, 0x2104, 0x2104, 0x2104, 0x2104, 0x20e4, 0x20e4, 0x20e4, 0x20e4, 0x20e4, 0x20e4, 0x20e4, 0x20e4, 0x20e4, 
	0x20e4, 0x20e4, 0x20e4, 0x20e4, 0x20e4, 0x20e4, 0x20e4, 0x20e4, 0x20e4, 0x20e4, 0x20e4, 0x20e4, 0x20e4, 0x20e4, 0x20e4, 0x20e4, 
	0x20e4, 0x20e4, 0x20e4, 0x20e4, 0x20e4, 0x20e4, 0x20e4, 0x20e4, 0x20e4, 0x20e4, 0x20e4, 0x20e4, 0x20e4, 0x20e4, 0x20e4, 0x20e4, 
	0x20e4, 0x20e4, 0x20e4, 0x20e4, 0x20e4, 0x20e4, 0x20e4, 0x20e4, 0x20e4, 0x20e4, 0x20e4, 0x20e4, 0x20e4, 0x20e4, 0x20e4, 0x20e4, 
	0x20e4, 0x18e4, 0x18e4, 0x20e4, 0x20e4, 0x20e4, 0x20e4, 0x20e4, 0x20e4, 0x20e4, 0x20e4, 0x20e4, 0x20e4, 0x20e4, 0x20e4, 0x20e4, 
	0x20e4, 0x20e4, 0x20e4, 0x20e4, 0x20e4, 0x20e4, 0x20e4, 0x20e4, 0x20e4, 0x20e4, 0x20e4, 0x20e4, 0x20e4, 0x18e4, 0x20e4, 0x2104, 
	0x4183, 0x8c71, 0x8c71, 0x8c71, 0x8c71, 0xa40d, 0x2104, 0x2104, 0x3186, 0x5acb, 0x5aeb, 0x5aeb, 0x5aeb, 0x5aeb, 0x5aeb, 0x5aeb, 
	0x4a49, 0x18e3, 0x18e4, 0x41a4, 0x8c71, 0x8c71, 0x8c71, 0x8c71, 0x2103, 0x2104, 0x2965, 0x8c71, 0x8c71, 0x8c71, 0x8c71, 0x8c71, 
	0x8c71, 0x8c71, 0x8c71, 0x8c71, 0x8c71, 0x8c71, 0x8c71, 0x8c71, 0x8c71, 0x8c71, 0x8c71, 0x8c71, 0x8c71, 0x8c71, 0x8c71, 0x8c71, 
	0x8c71, 0x8c71, 0x8c71, 0x8c71, 0x8c71, 0x8c71, 0x8c71, 0x8430, 0x4a49, 0x2104, 0x2104, 0x2104, 0x2104, 0x2104, 0x2104, 0x2104, 
	0x2104, 0x5aeb, 0x630c, 0x630c, 0x630c, 0x630c, 0x630c, 0x630c, 0x630c, 0x630c, 0x528a, 0x2124, 0x18e4, 0x20e4, 0x2104, 0x20e4, 
	0x20e4, 0x20e4, 0x20e4, 0x20e4, 0x20e4, 0x20e4, 0x20e4, 0x20e4, 0x20e4, 0x20e4, 0x20e4, 0x20e4, 0x20e4, 0x20e4, 0x20e4, 0x20e4, 
	0x20e4, 0x20e4, 0x20e4, 0x20e4, 0x20e4, 0x20e4, 0x20e4, 0x20e4, 0x20e4, 0x20e4, 0x20e4, 0x20e4, 0x20e4, 0x20e4, 0x20e4, 0x20e4, 
	0x20e4, 0x20e4, 0x20e4, 0x20e4, 0x20e4, 0x20e4, 0x20e4, 0x20e4, 0x20e4, 0x20e4, 0x20e4, 0x20e4, 0x20e4, 0x20e4, 0x20e4, 0x20e4, 
	0x20e4, 0x20e4, 0x20e4, 0x20e4, 0x20e4, 0x20e4, 0x20e4, 0x20e4, 0x20e4, 0x20e4, 0x2104, 0x2104, 0x2104, 0x2104, 0x2104, 0x2104, 
	0x2104, 0x2104, 0x2104, 0x2104, 0x2104, 0x2104, 0x20e4, 0x20e4, 0x20e4, 0x20e4, 0x20e4, 0x20e4, 0x20e4, 0x20e4, 0x20e4, 0x20e4, 
	0x20e4, 0x20e4, 0x20e4, 0x20e4, 0x20e4, 0x20e4, 0x20e4, 0x20e4, 0x20e4, 0x20e4, 0x20e4, 0x20e4, 0x20e4, 0x20e4, 0x20e4, 0x20e4, 
	0x20e4, 0x20e4, 0x20e4, 0x20e4, 0x20e4, 0x20e4, 0x20e4, 0x20e4, 0x20e4, 0x20e4, 0x20e4, 0x20e4, 0x20e4, 0x20e4, 0x20e4, 0x20e4, 
	0x20e4, 0x20e4, 0x20e4, 0x20e4, 0x20e4, 0x20e4, 0x20e4, 0x20e4, 0x20e4, 0x20e4, 0x20e4, 0x20e4, 0x20e4, 0x20e4, 0x20e4, 0x20e4, 
	0x18e4, 0x18e4, 0x18e4, 0x18e4, 0x20e4, 0x20e4, 0x20e4, 0x20e4, 0x20e4, 0x20e4, 0x20e4, 0x20e4, 0x20e4, 0x20e4, 0x20e4, 0x20e4, 
	0x20e4, 0x20e4, 0x20e4, 0x20e4, 0x20e4, 0x20e4, 0x20e4, 0x20e4, 0x20e4, 0x20e4, 0x20e4, 0x20e4, 0x20e4, 0x20e4, 0x20e4, 0x2104, 
	0x8c71, 0x8c71, 0x8c71, 0x8c71, 0x8c71, 0x1904, 0x2104, 0x39a6, 0x5aeb, 0x5aeb, 0x5aeb, 0x5aeb, 0x5aeb, 0x5aeb, 0x5aeb, 0x5aeb, 
	0x5aeb, 0x528a, 0x18e4, 0x2103, 0xa40d, 0x8c71, 0x8c71, 0x8c71, 0x8328, 0x2104, 0x2104, 0x8c51, 0x8c71, 0x8c71, 0x8c71, 0x8c71, 
	0x8c71, 0x8c71, 0x8c71, 0x8c71, 0x8c71, 0x8c71, 0x8c71, 0x8c71, 0x8c71, 0x8c71, 0x8c71, 0x8c71, 0x8c71, 0x8c71, 0x8c71, 0x8c71, 
	0x8c71, 0x8c71, 0x8c71, 0x8c71, 0x8c71, 0x8c71, 0x8c71, 0x8c71, 0x8c71, 0x8c71, 0x8c71, 0x5aeb, 0x2104, 0x2104, 0x2104, 0x2104, 
	0x2945, 0x630c, 0x630c, 0x630c, 0x630c, 0x630c, 0x630c, 0x630c, 0x630c, 0x630c, 0x630c, 0x630c, 0x630c, 0x632c, 0x52ab, 0x2945, 
	0x2104, 0x20e4, 0x20e4, 0x20e4, 0x20e4, 0x20e4, 0x20e4, 0x20e4, 0x20e4, 0x20e4, 0x20e4, 0x20e4, 0x20e4, 0x20e4, 0x20e4, 0x20e4, 
	0x20e4, 0x20e4, 0x20e4, 0x20e4, 0x20e4, 0x20e4, 0x20e4, 0x20e4, 0x20e4, 0x20e4, 0x20e4, 0x20e4, 0x20e4, 0x20e4, 0x20e4, 0x20e4, 
	0x20e4, 0x20e4, 0x20e4, 0x20e4, 0x20e4, 0x20e4, 0x20e4, 0x20e4, 0x20e4, 0x20e4, 0x20e4, 0x20e4, 0x20e4, 0x20e4, 0x20e4, 0x20e4, 
	0x20e4, 0x20e4, 0x20e4, 0x20e4, 0x20e4, 0x20e4, 0x20e4, 0x20e4, 0x20e4, 0x20e4, 0x2104, 0x2104, 0x2104, 0x2104, 0x2104, 0x2104, 
	0x2104, 0x2104, 0x2104, 0x2104, 0x2104, 0x2104, 0x20e4, 0x20e4, 0x20e4, 0x20e4, 0x20e4, 0x20e4, 0x20e4, 0x20e4, 0x20e4, 0x20e4, 
	0x20e4, 0x20e4, 0x20e4, 0x20e4, 0x20e4, 0x20e4, 0x20e4, 0x20e4, 0x20e4, 0x20e4, 0x20e4, 0x20e4, 0x20e4, 0x20e4, 0x20e4, 0x20e4, 
	0x20e4, 0x20e4, 0x20e4, 0x20e4, 0x20e4, 0x20e4, 0x20e4, 0x20e4, 0x20e4, 0x20e4, 0x20e4, 0x20e4, 0x20e4, 0x20e4, 0x20e4, 0x20e4, 
	0x20e4, 0x20e4, 0x20e4, 0x20e4, 0x20e4, 0x20e4, 0x20e4, 0x20e4, 0x20e4, 0x20e4, 0x20e4, 0x20e4, 0x20e4, 0x20e4, 0x20e4, 0x18e4, 
	0x18e4, 0x18e4, 0x18e4, 0x18e4, 0x20e4, 0x20e4, 0x20e4, 0x20e4, 0x20e4, 0x20e4, 0x20e4, 0x20e4, 0x20e4, 0x20e4, 0x20e4, 0x20e4, 
	0x20e4, 0x20e4, 0x20e4, 0x20e4, 0x20e4, 0x20e4, 0x20e4, 0x20e4, 0x20e4, 0x20e4, 0x20e4, 0x20e4, 0x20e4, 0x18e4, 0x20e4, 0x18e3, 
	0x8c71, 0x8c71, 0x8c71, 0x8c71, 0x834a, 0x1904, 0x2104, 0x5aeb, 0x5aeb, 0x5aeb, 0x5aeb, 0x5aeb, 0x5aeb, 0x5aeb, 0x5aeb, 0x5aeb, 
	0x5aeb, 0x5aeb, 0x2925, 0x2104, 0x3963, 0x8c71, 0x8c71, 0x8c71, 0x8c71, 0x2104, 0x2104, 0x8c71, 0x8c71, 0x8c71, 0x8c71, 0x8c71, 
	0x8c71, 0x8c71, 0x8c71, 0x8c71, 0x8c71, 0x8c71, 0x8c71, 0x8c71, 0x8c71, 0x8c71, 0x8c71, 0x8c71, 0x8c71, 0x8c71, 0x8c71, 0x8c71, 
	0x8c71, 0x8c71, 0x8c71, 0x8c71, 0x8c71, 0x8c71, 0x8c71, 0x8c71, 0x8c71, 0x8c71, 0x8c71, 0x8c71, 0x8450, 0x2104, 0x2104, 0x2104, 
	0x5aeb, 0x630c, 0x630c, 0x630c, 0x630c, 0x630c, 0x630c, 0x630c, 0x630c, 0x630c, 0x630c, 0x630c, 0x630c, 0x630c, 0x630c, 0x630c, 
	0x630c, 0x630c, 0x52aa, 0x3186, 0x2104, 0x2104, 0x2104, 0x2104, 0x20e4, 0x20e4, 0x20e4, 0x20e4, 0x20e4, 0x20e4, 0x20e4, 0x20e4, 
	0x20e4, 0x20e4, 0x20e4, 0x20e4, 0x20e4, 0x20e4, 0x20e4, 0x20e4, 0x20e4, 0x20e4, 0x20e4, 0x20e4, 0x20e4, 0x20e4, 0x20e4, 0x18e4, 
	0x18e4, 0x20e4, 0x20e4, 0x20e4, 0x20e4, 0x20e4, 0x20e4, 0x20e4, 0x20e4, 0x20e4, 0x20e4, 0x20e4, 0x20e4, 0x20e4, 0x20e4, 0x20e4, 
	0x20e4, 0x20e4, 0x20e4, 0x20e4, 0x20e4, 0x20e4, 0x20e4, 0x20e4, 0x20e4, 0x20e4, 0x2104, 0x2104, 0x2104, 0x2104, 0x2104, 0x2104, 
	0x2104, 0x2104, 0x2104, 0x2104, 0x2104, 0x2104, 0x20e4, 0x20e4, 0x20e4, 0x20e4, 0x20e4, 0x20e4, 0x20e4, 0x20e4, 0x20e4, 0x20e4, 
	0x20e4, 0x20e4, 0x20e4, 0x20e4, 0x20e4, 0x20e4, 0x20e4, 0x20e4, 0x20e4, 0x20e4, 0x20e4, 0x20e4, 0x20e4, 0x20e4, 0x20e4, 0x20e4, 
	0x20e4, 0x20e4, 0x20e4, 0x20e4, 0x20e4, 0x20e4, 0x20e4, 0x20e4, 0x20e4, 0x20e4, 0x20e4, 0x20e4, 0x20e4, 0x20e4, 0x20e4, 0x20e4, 
	0x20e4, 0x20e4, 0x20e4, 0x20e4, 0x20e4, 0x20e4, 0x20e4, 0x20e4, 0x20e4, 0x20e4, 0x20e4, 0x20e4, 0x20e4, 0x20e4, 0x20e4, 0x18e4, 
	0x18e4, 0x18e4, 0x18e4, 0x18e4, 0x20e4, 0x20e4, 0x20e4, 0x20e4, 0x20e4, 0x20e4, 0x20e4, 0x20e4, 0x20e4, 0x20e4, 0x20e4, 0x20e4, 
	0x20e4, 0x20e4, 0x20e4, 0x20e4, 0x20e4, 0x20e4, 0x20e4, 0x20e4, 0x20e4, 0x20e4, 0x20e4, 0x20e4, 0x20e4, 0x18e4, 0x18e4, 0x7263, 
	0x8c71, 0x8c71, 0x8c71, 0x8c71, 0x18e4, 0x18e4, 0x528a, 0x5aeb, 0x5aeb, 0x5aeb, 0x5aeb, 0x5aeb, 0x5aeb, 0x5aeb, 0x5aeb, 0x5aeb, 
	0x5aeb, 0x5aeb, 0x5aeb, 0x2104, 0x2104, 0x8c71, 0x8c71, 0x8c71, 0x8c71, 0x2104, 0x2104, 0x8410, 0x8c71, 0x8c71, 0x8c71, 0x8c71, 
	0x8c71, 0x8c71, 0x8c71, 0x8c71, 0x8c71, 0x8c71, 0x8c71, 0x8c71, 0x8c71, 0x8c71, 0x8c71, 0x8c71, 0x8c71, 0x8c71, 0x8c71, 0x8c71, 
	0x8c71, 0x8c71, 0x8c71, 0x8c71, 0x8c71, 0x8c71, 0x8c71, 0x8c71, 0x8c71, 0x8c71, 0x8c71, 0x8c71, 0x8c71, 0x8430, 0x2104, 0x20e4, 
	0x2124, 0x630c, 0x630c, 0x630c, 0x630c, 0x630c, 0x630c, 0x630c, 0x630c, 0x630c, 0x630c, 0x630c, 0x630c, 0x630c, 0x630c, 0x630c, 
	0x630c, 0x630c, 0x630c, 0x630c, 0x630c, 0x630c, 0x52aa, 0x3186, 0x18e4, 0x20e4, 0x20e4, 0x20e4, 0x20e4, 0x20e4, 0x20e4, 0x20e4, 
	0x20e4, 0x20e4, 0x20e4, 0x20e4, 0x2104, 0x2104, 0x2104, 0x20e4, 0x20e4, 0x20e4, 0x20e4, 0x20e4, 0x20e4, 0x20e4, 0x20e4, 0x18e4, 
	0x18e4, 0x18e4, 0x20e4, 0x20e4, 0x20e4, 0x20e4, 0x20e4, 0x20e4, 0x20e4, 0x20e4, 0x20e4, 0x20e4, 0x20e4, 0x20e4, 0x20e4, 0x20e4, 
	0x20e4, 0x20e4, 0x20e4, 0x20e4, 0x20e4, 0x20e4, 0x20e4, 0x20e4, 0x20e4, 0x20e4, 0x2104, 0x2104, 0x2104, 0x2104, 0x2104, 0x2104, 
	0x2104, 0x2104, 0x2104, 0x2104, 0x2104, 0x2104, 0x20e4, 0x20e4, 0x20e4, 0x20e4, 0x20e4, 0x20e4, 0x20e4, 0x20e4, 0x20e4, 0x20e4, 
	0x20e4, 0x20e4, 0x20e4, 0x20e4, 0x20e4, 0x20e4, 0x20e4, 0x20e4, 0x20e4, 0x20e4, 0x20e4, 0x20e4, 0x20e4, 0x20e4, 0x20e4, 0x20e4, 
	0x20e4, 0x20e4, 0x20e4, 0x20e4, 0x20e4, 0x20e4, 0x20e4, 0x20e4, 0x20e4, 0x20e4, 0x20e4, 0x20e4, 0x20e4, 0x20e4, 0x20e4, 0x20e4, 
	0x20e4, 0x20e4, 0x20e4, 0x20e4, 0x20e4, 0x20e4, 0x20e4, 0x20e4, 0x20e4, 0x20e4, 0x20e4, 0x20e4, 0x20e4, 0x20e4, 0x20e4, 0x18e4, 
	0x20e4, 0x20e4, 0x20e4, 0x18e4, 0x20e4, 0x20e4, 0x20e4, 0x20e4, 0x20e4, 0x20e4, 0x20e4, 0x20e4, 0x20e4, 0x20e4, 0x20e4, 0x20e4, 
	0x20e4, 0x20e4, 0x20e4, 0x20e4, 0x20e4, 0x20e4, 0x20e4, 0x20e4, 0x20e4, 0x20e4, 0x20e4, 0x18e4, 0x20e4, 0x18e4, 0x18e3, 0x9450, 
	0x8c71, 0x8c71, 0x8c71, 0xab66, 0x18e4, 0x1904, 0x5aec, 0x5aeb, 0x5aeb, 0x5aeb, 0x5aeb, 0x5aeb, 0x5aeb, 0x5aeb, 0x5aeb, 0x5aeb, 
	0x5aeb, 0x5aeb, 0x5aeb, 0x2104, 0x2104, 0x8c71, 0x8c71, 0x8c71, 0x8c71, 0x2104, 0x2104, 0x738e, 0x8c71, 0x8c71, 0x8c71, 0x8c71, 
	0x8c71, 0x8c71, 0x8c71, 0x8c71, 0x8c71, 0x8c71, 0x8c71, 0x8c71, 0x8c71, 0x8c71, 0x8c71, 0x8c71, 0x8c71, 0x8c71, 0x8c71, 0x8c71, 
	0x8c71, 0x8c71, 0x8c71, 0x8c71, 0x8c71, 0x8c71, 0x8c71, 0x8c71, 0x8c71, 0x8c71, 0x8c71, 0x8c71, 0x8c71, 0x8c92, 0x39c7, 0x20e4, 
	0x20e4, 0x630c, 0x630c, 0x630c, 0x630c, 0x630c, 0x630c, 0x630c, 0x630c, 0x630c, 0x630c, 0x630c, 0x630c, 0x630c, 0x630c, 0x630c, 
	0x630c, 0x630c, 0x630c, 0x630c, 0x630c, 0x630c, 0x630c, 0x630c, 0x630c, 0x630c, 0x39e8, 0x20e4, 0x20e4, 0x20e4, 0x20e4, 0x20e4, 
	0x20e4, 0x20e4, 0x526a, 0x630c, 0x630c, 0x632c, 0x630c, 0x5aeb, 0x31a6, 0x18e4, 0x20e4, 0x20e4, 0x20e4, 0x20e4, 0x20e4, 0x18e4, 
	0x18e4, 0x18e4, 0x20e4, 0x20e4, 0x20e4, 0x20e4, 0x20e4, 0x20e4, 0x20e4, 0x20e4, 0x20e4, 0x20e4, 0x20e4, 0x20e4, 0x20e4, 0x20e4, 
	0x20e4, 0x20e4, 0x20e4, 0x20e4, 0x20e4, 0x20e4, 0x20e4, 0x20e4, 0x20e4, 0x20e4, 0x2104, 0x2104, 0x2104, 0x2104, 0x2104, 0x2104, 
	0x2104, 0x2104, 0x2104, 0x2104, 0x2104, 0x2104, 0x20e4, 0x20e4, 0x20e4, 0x20e4, 0x20e4, 0x20e4, 0x20e4, 0x20e4, 0x20e4, 0x20e4, 
	0x20e4, 0x20e4, 0x20e4, 0x20e4, 0x20e4, 0x20e4, 0x20e4, 0x20e4, 0x20e4, 0x20e4, 0x20e4, 0x20e4, 0x20e4, 0x20e4, 0x20e4, 0x20e4, 
	0x20e4, 0x20e4, 0x20e4, 0x20e4, 0x20e4, 0x20e4, 0x20e4, 0x20e4, 0x20e4, 0x20e4, 0x20e4, 0x20e4, 0x20e4, 0x2104, 0x20e4, 0x20e4, 
	0x20e4, 0x20e4, 0x20e4, 0x20e4, 0x20e4, 0x20e4, 0x20e4, 0x20e4, 0x20e4, 0x20e4, 0x20e4, 0x20e4, 0x20e4, 0x20e4, 0x18e4, 0x20e4, 
	0x20e4, 0x20e4, 0x20e4, 0x20e4, 0x20e4, 0x20e4, 0x20e4, 0x20e4, 0x20e4, 0x20e4, 0x20e4, 0x20e4, 0x20e4, 0x20e4, 0x20e4, 0x20e4, 
	0x20e4, 0x20e4, 0x20e4, 0x20e4, 0x20e4, 0x20e4, 0x20e4, 0x20e4, 0x20e4, 0x20e4, 0x18e4, 0x18e4, 0x20e4, 0x20e4, 0x2104, 0x8c71, 
	0x8c71, 0x8c71, 0x9470, 0x18e4, 0x18e4, 0x5b0b, 0x5aec, 0x5aeb, 0x5aeb, 0x5aeb, 0x5aeb, 0x5aeb, 0x5aeb, 0x5aeb, 0x5aeb, 0x5aeb, 
	0x5aeb, 0x5aeb, 0x5aeb, 0x2104, 0x2104, 0x9c4f, 0x8c71, 0x8c71, 0x8c71, 0x2104, 0x2104, 0x6b4d, 0x8c71, 0x8c71, 0x8c71, 0x8c71, 
	0x8c71, 0x8c71, 0x8c71, 0x8c71, 0x8c71, 0x8c71, 0x8c71, 0x8c71, 0x8c71, 0x8c71, 0x8c71, 0x8c71, 0x8c71, 0x8c71, 0x8c71, 0x8c71, 
	0x8c71, 0x8c71, 0x8c71, 0x8c71, 0x8c71, 0x8c71, 0x8c71, 0x8c71, 0x8c71, 0x8c71, 0x8c71, 0x8c71, 0x8c72, 0x9492, 0x9492, 0x20e4, 
	0x20e4, 0x31a6, 0x5aeb, 0x62eb, 0x5aeb, 0x5aec, 0x5aec, 0x630c, 0x630c, 0x630c, 0x630c, 0x630c, 0x630c, 0x630c, 0x630c, 0x630c, 
	0x630c, 0x630c, 0x630c, 0x630c, 0x630c, 0x630c, 0x630c, 0x630c, 0x630c, 0x630c, 0x630c, 0x630c, 0x2104, 0x2104, 0x2104, 0x31a6, 
	0x630c, 0x630c, 0x630c, 0x630c, 0x630c, 0x632c, 0x632c, 0x632c, 0x632c, 0x632c, 0x5aeb, 0x2104, 0x20e4, 0x20e4, 0x20e4, 0x20e4, 
	0x18e4, 0x18e4, 0x18e4, 0x20e4, 0x20e4, 0x20e4, 0x20e4, 0x20e4, 0x20e4, 0x20e4, 0x20e4, 0x20e4, 0x20e4, 0x20e4, 0x20e4, 0x20e4, 
	0x20e4, 0x20e4, 0x20e4, 0x20e4, 0x20e4, 0x20e4, 0x20e4, 0x20e4, 0x20e4, 0x20e4, 0x20e4, 0x2104, 0x2104, 0x2104, 0x2104, 0x2104, 
	0x2104, 0x2104, 0x2104, 0x2104, 0x2104, 0x2104, 0x20e4, 0x20e4, 0x20e4, 0x20e4, 0x20e4, 0x20e4, 0x20e4, 0x20e4, 0x20e4, 0x20e4, 
	0x20e4, 0x20e4, 0x20e4, 0x20e4, 0x20e4, 0x20e4, 0x20e4, 0x20e4, 0x20e4, 0x20e4, 0x20e4, 0x20e4, 0x20e4, 0x20e4, 0x20e4, 0x20e4, 
	0x20e4, 0x20e4, 0x20e4, 0x20e4, 0x20e4, 0x20e4, 0x20e4, 0x20e4, 0x20e4, 0x20e4, 0x20e4, 0x20e4, 0x2104, 0x2104, 0x2104, 0x20e4, 
	0x20e4, 0x20e4, 0x20e4, 0x20e4, 0x20e4, 0x20e4, 0x20e4, 0x20e4, 0x20e4, 0x20e4, 0x20e4, 0x20e4, 0x20e4, 0x20e4, 0x20e4, 0x20e4, 
	0x20e4, 0x20e4, 0x20e4, 0x20e4, 0x20e4, 0x20e4, 0x20e4, 0x20e4, 0x20e4, 0x20e4, 0x20e4, 0x20e4, 0x20e4, 0x20e4, 0x20e4, 0x20e4, 
	0x20e4, 0x20e4, 0x20e4, 0x20e4, 0x20e4, 0x20e4, 0x20e4, 0x20e4, 0x20e4, 0x20e4, 0x18e4, 0x18e4, 0x20e4, 0x18e4, 0x20e3, 0x8c71, 
	0x8c71, 0x8c71, 0x2104, 0x18e4, 0x4208, 0x5aec, 0x5aec, 0x5aeb, 0x5aeb, 0x5aeb, 0x5aeb, 0x5aeb, 0x5aeb, 0x5aeb, 0x5aeb, 0x5aeb, 
	0x5aeb, 0x5aeb, 0x5aeb, 0x2104, 0x2104, 0x8c71, 0x8c71, 0x8c71, 0x8c71, 0x2104, 0x2104, 0x8410, 0x8c71, 0x8c71, 0x8c71, 0x8c71, 
	0x8c71, 0x8c71, 0x8c71, 0x8c71, 0x8c71, 0x8c71, 0x8c71, 0x8c71, 0x8c71, 0x8c71, 0x8c71, 0x8c71, 0x8c71, 0x8c71, 0x8c71, 0x8c71, 
	0x8c71, 0x8c71, 0x8c71, 0x8c71, 0x8c71, 0x8c71, 0x8c71, 0x8c71, 0x8c71, 0x8c71, 0x8c71, 0x8c72, 0x8c72, 0x9472, 0x9492, 0x20e4, 
	0x2104, 0x2104, 0x5aeb, 0x5aeb, 0x5aeb, 0x5aeb, 0x5aec, 0x5aec, 0x630c, 0x630c, 0x630c, 0x630c, 0x630c, 0x630c, 0x630c, 0x630c, 
	0x630c, 0x630c, 0x630c, 0x630c, 0x630c, 0x630c, 0x630c, 0x630c, 0x630c, 0x630c, 0x630c, 0x630c, 0x630c, 0x2104, 0x2104, 0x630c, 
	0x630c, 0x630c, 0x630c, 0x630c, 0x632c, 0x632c, 0x632c, 0x632c, 0x632c, 0x632c, 0x632c, 0x632c, 0x630c, 0x2124, 0x20e4, 0x20e4, 
	0x18e4, 0x18e4, 0x20e4, 0x20e4, 0x20e4, 0x20e4, 0x20e4, 0x20e4, 0x20e4, 0x20e4, 0x20e4, 0x20e4, 0x20e4, 0x20e4, 0x20e4, 0x20e4, 
	0x20e4, 0x20e4, 0x20e4, 0x20e4, 0x20e4, 0x20e4, 0x20e4, 0x20e4, 0x20e4, 0x20e4, 0x20e4, 0x2104, 0x2104, 0x2104, 0x2104, 0x2104, 
	0x2104, 0x2104, 0x2104, 0x2104, 0x2104, 0x20e4, 0x20e4, 0x20e4, 0x20e4, 0x20e4, 0x20e4, 0x20e4, 0x20e4, 0x20e4, 0x20e4, 0x20e4, 
	0x20e4, 0x20e4, 0x20e4, 0x2104, 0x20e4, 0x20e4, 0x20e4, 0x20e4, 0x20e4, 0x20e4, 0x20e4, 0x20e4, 0x20e4, 0x20e4, 0x20e4, 0x20e4, 
	0x20e4, 0x20e4, 0x20e4, 0x20e4, 0x20e4, 0x20e4, 0x20e4, 0x20e4, 0x20e4, 0x20e4, 0x20e4, 0x20e4, 0x2104, 0x2104, 0x2104, 0x20e4, 
	0x20e4, 0x20e4, 0x20e4, 0x20e4, 0x20e4, 0x20e4, 0x20e4, 0x20e4, 0x20e4, 0x20e4, 0x20e4, 0x20e4, 0x18e4, 0x20e4, 0x20e4, 0x20e4, 
	0x20e4, 0x20e4, 0x20e4, 0x20e4, 0x20e4, 0x20e4, 0x20e4, 0x20e4, 0x20e4, 0x20e4, 0x20e4, 0x20e4, 0x18e4, 0x18e4, 0x20e4, 0x20e4, 
	0x20e4, 0x20e4, 0x20e4, 0x20e4, 0x20e4, 0x20e4, 0x20e4, 0x20e4, 0x20e4, 0x20e4, 0x20e4, 0x18e4, 0x20e4, 0x20e4, 0x20e4, 0x8c51, 
	0x8c71, 0x4183, 0x2103, 0x2104, 0x5aeb, 0x5aeb, 0x5aeb, 0x5aeb, 0x5aeb, 0x5aeb, 0x5aeb, 0x5aeb, 0x5aeb, 0x5aeb, 0x5aeb, 0x5aeb, 
	0x5aeb, 0x5aeb, 0x4a49, 0x2104, 0x1904, 0x8c71, 0x8c71, 0x8c71, 0x8c71, 0x2104, 0x2104, 0x8c71, 0x8c71, 0x8c71, 0x8c71, 0x8c71, 
	0x8c71, 0x8c71, 0x8c71, 0x8c71, 0x8c71, 0x8c71, 0x8c71, 0x8c71, 0x8c71, 0x8c71, 0x8c71, 0x8c71, 0x8c71, 0x8c71, 0x8c71, 0x8c71, 
	0x8c71, 0x8c71, 0x8c71, 0x8c71, 0x8c71, 0x8c71, 0x8c71, 0x8c71, 0x8c71, 0x8c71, 0x8c71, 0x8c71, 0x8c72, 0x8c72, 0x9492, 0x8c51, 
	0x2104, 0x2104, 0x4a49, 0x62ec, 0x630c, 0x5aec, 0x62ec, 0x62ec, 0x5b0c, 0x630c, 0x630c, 0x630c, 0x630c, 0x630c, 0x630c, 0x630c, 
	0x630c, 0x630c, 0x630c, 0x630c, 0x630c, 0x630c, 0x630c, 0x630c, 0x630c, 0x630c, 0x630c, 0x630c, 0x630c, 0x630c, 0x2104, 0x2104, 
	0x39e7, 0x630c, 0x630c, 0x630c, 0x630c, 0x630c, 0x630c, 0x632c, 0x632c, 0x632c, 0x632c, 0x632c, 0x632c, 0x632c, 0x632c, 0x2945, 
	0x18e4, 0x20e4, 0x18e4, 0x20e4, 0x20e4, 0x20e4, 0x20e4, 0x20e4, 0x20e4, 0x20e4, 0x20e4, 0x20e4, 0x20e4, 0x20e4, 0x20e4, 0x20e4, 
	0x20e4, 0x20e4, 0x20e4, 0x20e4, 0x20e4, 0x20e4, 0x20e4, 0x20e4, 0x20e4, 0x20e4, 0x20e4, 0x20e4, 0x2104, 0x2104, 0x2104, 0x20e4, 
	0x2104, 0x2104, 0x2104, 0x2104, 0x2104, 0x2104, 0x20e4, 0x20e4, 0x20e4, 0x20e4, 0x20e4, 0x20e4, 0x20e4, 0x20e4, 0x20e4, 0x20e4, 
	0x20e4, 0x20e4, 0x20e4, 0x2104, 0x20e4, 0x20e4, 0x20e4, 0x20e4, 0x20e4, 0x20e4, 0x20e4, 0x20e4, 0x20e4, 0x20e4, 0x20e4, 0x20e4, 
	0x20e4, 0x20e4, 0x20e4, 0x20e4, 0x20e4, 0x20e4, 0x20e4, 0x20e4, 0x20e4, 0x20e4, 0x20e4, 0x20e4, 0x2104, 0x2104, 0x2104, 0x20e4, 
	0x20e4, 0x20e4, 0x20e4, 0x20e4, 0x20e4, 0x20e4, 0x20e4, 0x20e4, 0x20e4, 0x20e4, 0x18e4, 0x18e4, 0x20e4, 0x20e4, 0x20e4, 0x20e4, 
	0x20e4, 0x20e4, 0x20e4, 0x20e4, 0x20e4, 0x20e4, 0x20e4, 0x20e4, 0x20e4, 0x20e4, 0x20e4, 0x20e4, 0x20e4, 0x20e4, 0x18e4, 0x20e4, 
	0x20e4, 0x20e4, 0x20e4, 0x20e4, 0x20e4, 0x20e4, 0x20e4, 0x20e4, 0x20e4, 0x20e4, 0x20e4, 0x20e4, 0x20e4, 0x18e4, 0x18e3, 0x5203, 
	0x7a64, 0x20e3, 0x20e3, 0x5aeb, 0x5aeb, 0x5aeb, 0x5aeb, 0x5aeb, 0x5aeb, 0x5aeb, 0x5aeb, 0x5aeb, 0x5aeb, 0x5aeb, 0x5aeb, 0x5aeb, 
	0x5aeb, 0x5aeb, 0x2104, 0x2104, 0x5a04, 0x8c71, 0x8c71, 0x8c71, 0xb40a, 0x2104, 0x2104, 0x8c71, 0x8c71, 0x8c71, 0x8c71, 0x8c71, 
	0x8c71, 0x8c71, 0x8c71, 0x8c71, 0x8c71, 0x8c71, 0x8c71, 0x8c71, 0x8c71, 0x8c71, 0x8c71, 0x8c71, 0x8c71, 0x8c71, 0x8c71, 0x8c71, 
	0x8c71, 0x8c71, 0x8c71, 0x8c71, 0x8c71, 0x8c71, 0x8c71, 0x8c71, 0x8c71, 0x8c71, 0x8c71, 0x8c71, 0x8c71, 0x8c72, 0x8c72, 0x9492, 
	0x18e3, 0x2104, 0x20e4, 0x5aec, 0x630c, 0x630c, 0x630c, 0x630c, 0x5aec, 0x630c, 0x630c, 0x630c, 0x630c, 0x630c, 0x630c, 0x630c, 
	0x630c, 0x630c, 0x630c, 0x630c, 0x630c, 0x630c, 0x630c, 0x630c, 0x630c, 0x630c, 0x630c, 0x630c, 0x630c, 0x630c, 0x18e4, 0x20e4, 
	0x20e4, 0x20e4, 0x632c, 0x630c, 0x630c, 0x630c, 0x630c, 0x630c, 0x632c, 0x632c, 0x632c, 0x632c, 0x632c, 0x632c, 0x632c, 0x632c, 
	0x632c, 0x2965, 0x18e4, 0x20e4, 0x20e4, 0x2104, 0x20e4, 0x20e4, 0x20e4, 0x20e4, 0x20e4, 0x20e4, 0x20e4, 0x20e4, 0x20e4, 0x20e4, 
	0x20e4, 0x20e4, 0x20e4, 0x20e4, 0x20e4, 0x20e4, 0x20e4, 0x20e4, 0x20e4, 0x20e4, 0x20e4, 0x20e4, 0x20e4, 0x20e4, 0x20e4, 0x20e4, 
	0x2104, 0x2104, 0x2104, 0x2104, 0x2104, 0x2104, 0x20e4, 0x20e4, 0x20e4, 0x20e4, 0x20e4, 0x20e4, 0x20e4, 0x20e4, 0x20e4, 0x20e4, 
	0x20e4, 0x20e4, 0x20e4, 0x2104, 0x20e4, 0x20e4, 0x20e4, 0x20e4, 0x20e4, 0x20e4, 0x20e4, 0x20e4, 0x20e4, 0x20e4, 0x20e4, 0x20e4, 
	0x20e4, 0x20e4, 0x20e4, 0x20e4, 0x20e4, 0x20e4, 0x20e4, 0x20e4, 0x20e4, 0x20e4, 0x20e4, 0x20e4, 0x20e4, 0x20e4, 0x20e4, 0x20e4, 
	0x20e4, 0x20e4, 0x20e4, 0x20e4, 0x20e4, 0x20e4, 0x20e4, 0x20e4, 0x20e4, 0x20e4, 0x18e4, 0x18e4, 0x20e4, 0x20e4, 0x20e4, 0x20e4, 
	0x20e4, 0x20e4, 0x20e4, 0x20e4, 0x20e4, 0x20e4, 0x20e4, 0x20e4, 0x20e4, 0x20e4, 0x20e4, 0x20e4, 0x20e4, 0x18e4, 0x18e4, 0x20e4, 
	0x20e4, 0x20e4, 0x20e4, 0x20e4, 0x20e4, 0x20e4, 0x18e4, 0x18e4, 0x20e4, 0x20e4, 0x20e4, 0x20e4, 0x20e4, 0x18e4, 0x18e4, 0x18e4, 
	0x2104, 0x2104, 0x5acb, 0x5aeb, 0x5aeb, 0x5aeb, 0x5aeb, 0x5aeb, 0x5aeb, 0x5aeb, 0x5aeb, 0x5aeb, 0x5aeb, 0x5aeb, 0x5aeb, 0x5aeb, 
	0x5aec, 0x3186, 0x2104, 0x2104, 0x8c71, 0x8c71, 0x8c71, 0x8c71, 0x4184, 0x2104, 0x39a7, 0x8c71, 0x8c71, 0x8c71, 0x8c71, 0x8c71, 
	0x8c71, 0x8c71, 0x8c71, 0x8c71, 0x8c71, 0x8c71, 0x8c71, 0x8c71, 0x8c71, 0x8c71, 0x8c71, 0x8c71, 0x8c71, 0x8c71, 0x8c71, 0x8c71, 
	0x8c71, 0x8c71, 0x8c71, 0x8c71, 0x8c71, 0x8c71, 0x8c71, 0x8c71, 0x8c71, 0x8c71, 0x8c71, 0x8c71, 0x8c71, 0x8c71, 0x8c72, 0x9472, 
	0x6b4d, 0x2104, 0x2104, 0x5acb, 0x630c, 0x630c, 0x630c, 0x630c, 0x630c, 0x630c, 0x630c, 0x630c, 0x630c, 0x630c, 0x630c, 0x630c, 
	0x630c, 0x630c, 0x630c, 0x630c, 0x630c, 0x630c, 0x630c, 0x630c, 0x630c, 0x630c, 0x630c, 0x630c, 0x630c, 0x630c, 0x2965, 0x18e4, 
	0x18e4, 0x20e4, 0x2104, 0x630c, 0x630c, 0x630c, 0x630c, 0x630c, 0x630c, 0x630c, 0x630c, 0x632c, 0x632c, 0x632c, 0x632c, 0x632c, 
	0x632c, 0x632c, 0x6b4d, 0x39e7, 0x2104, 0x2104, 0x20e4, 0x20e4, 0x20e4, 0x20e4, 0x20e4, 0x20e4, 0x20e4, 0x20e4, 0x20e4, 0x20e4, 
	0x20e4, 0x20e4, 0x20e4, 0x20e4, 0x20e4, 0x20e4, 0x20e4, 0x20e4, 0x20e4, 0x20e4, 0x20e4, 0x20e4, 0x20e4, 0x20e4, 0x20e4, 0x20e4, 
	0x2104, 0x2104, 0x2104, 0x2104, 0x2104, 0x2104, 0x20e4, 0x20e4, 0x20e4, 0x20e4, 0x20e4, 0x20e4, 0x20e4, 0x20e4, 0x20e4, 0x20e4, 
	0x20e4, 0x20e4, 0x20e4, 0x20e4, 0x20e4, 0x20e4, 0x20e4, 0x20e4, 0x20e4, 0x20e4, 0x20e4, 0x20e4, 0x20e4, 0x20e4, 0x20e4, 0x20e4, 
	0x20e4, 0x20e4, 0x20e4, 0x20e4, 0x20e4, 0x20e4, 0x20e4, 0x20e4, 0x20e4, 0x20e4, 0x20e4, 0x20e4, 0x20e4, 0x20e4, 0x20e4, 0x20e4, 
	0x20e4, 0x20e4, 0x20e4, 0x20e4, 0x20e4, 0x20e4, 0x20e4, 0x20e4, 0x20e4, 0x18e4, 0x18e4, 0x18e4, 0x20e4, 0x20e4, 0x20e4, 0x20e4, 
	0x20e4, 0x20e4, 0x20e4, 0x20e4, 0x20e4, 0x20e4, 0x3964, 0xf425, 0x8ac4, 0x7a64, 0x20e4, 0x20e4, 0x20e4, 0x20e4, 0x20e4, 0x20e4, 
	0x20e4, 0x20e4, 0x20e4, 0x20e4, 0x20e4, 0x20e4, 0x20e4, 0x20e4, 0x20e4, 0x20e4, 0x20e4, 0x20e4, 0x20e4, 0x20e4, 0x20e4, 0x20e4, 
	0x20e4, 0x528a, 0x5aeb, 0x5aeb, 0x5aeb, 0x5aeb, 0x5aeb, 0x5aeb, 0x5aeb, 0x5aeb, 0x5aeb, 0x5aeb, 0x5aeb, 0x5aeb, 0x5aeb, 0x5aeb, 
	0x31a7, 0x2104, 0x2104, 0x9b47, 0x8c71, 0x8c71, 0x8c71, 0x8c71, 0x2104, 0x2104, 0x8c71, 0x8c71, 0x8c71, 0x8c71, 0x8c71, 0x8c71, 
	0x8c71, 0x8c71, 0x8c71, 0x8c71, 0x8c71, 0x8c71, 0x8c71, 0x8c71, 0x8c71, 0x8c71, 0x8c71, 0x8c71, 0x8c71, 0x8c71, 0x8c71, 0x8c71, 
	0x8c71, 0x8c71, 0x8c71, 0x8c71, 0x8c71, 0x8c71, 0x8c71, 0x8c71, 0x8c71, 0x8c71, 0x8c71, 0x8c71, 0x8c71, 0x8c71, 0x8c72, 0x8c72, 
	0x9472, 0x2104, 0x2104, 0x2104, 0x5aec, 0x630c, 0x630c, 0x630c, 0x630c, 0x630c, 0x630c, 0x630c, 0x630c, 0x630c, 0x630c, 0x630c, 
	0x630c, 0x630c, 0x630c, 0x630c, 0x630c, 0x630c, 0x630c, 0x630c, 0x630c, 0x630c, 0x630c, 0x630c, 0x630c, 0x630c, 0x39e7, 0x18e4, 
	0x20e4, 0x20e4, 0x20e4, 0x4a49, 0x630c, 0x630c, 0x630c, 0x630c, 0x630c, 0x630c, 0x630c, 0x630c, 0x630c, 0x632c, 0x632c, 0x632c, 
	0x632c, 0x632c, 0x632c, 0x632c, 0x634d, 0x4a49, 0x2104, 0x20e4, 0x2104, 0x2104, 0x2104, 0x20e4, 0x20e4, 0x20e4, 0x20e4, 0x20e4, 
	0x20e4, 0x20e4, 0x20e4, 0x20e4, 0x20e4, 0x20e4, 0x20e4, 0x20e4, 0x20e4, 0x20e4, 0x20e4, 0x20e4, 0x20e4, 0x20e4, 0x20e4, 0x20e4, 
	0x2104, 0x2104, 0x2104, 0x2104, 0x2104, 0x2104, 0x2104, 0x20e4, 0x20e4, 0x20e4, 0x20e4, 0x20e4, 0x20e4, 0x20e4, 0x20e4, 0x20e4, 
	0x20e4, 0x20e4, 0x20e4, 0x20e4, 0x20e4, 0x20e4, 0x20e4, 0x20e4, 0x20e4, 0x20e4, 0x20e4, 0x20e4, 0x20e4, 0x20e4, 0x20e4, 0x20e4, 
	0x20e4, 0x20e4, 0x20e4, 0x20e4, 0x20e4, 0x20e4, 0x20e4, 0x20e4, 0x20e4, 0x20e4, 0x20e4, 0x20e4, 0x20e4, 0x20e4, 0x20e4, 0x20e4, 
	0x20e4, 0x20e4, 0x20e4, 0x20e4, 0x20e4, 0x20e4, 0x20e4, 0x20e4, 0x18e4, 0x18e4, 0x18e4, 0x20e4, 0x20e4, 0x20e4, 0x20e4, 0x20e4, 
	0x20e4, 0x20e4, 0x20e4, 0x20e4, 0x20e4, 0x20e4, 0x20e4, 0xf465, 0xf485, 0xf465, 0xf465, 0xf465, 0xf465, 0xf465, 0xf465, 0xf465, 
	0xc3c5, 0xbb65, 0x20e4, 0x20e4, 0x20e4, 0x20e4, 0x20e4, 0x20e4, 0x20e4, 0x20e4, 0x20e4, 0x20e4, 0x20e4, 0x20e4, 0x20e4, 0x20e4, 
	0x31a6, 0x5aeb, 0x5aeb, 0x5aeb, 0x5aeb, 0x5aeb, 0x5aeb, 0x5aeb, 0x5aeb, 0x5aeb, 0x5aeb, 0x5aeb, 0x5aeb, 0x5aeb, 0x5aeb, 0x2966, 
	0x2104, 0x2104, 0x6a24, 0x8c71, 0x8c71, 0x8c71, 0x8c71, 0x4184, 0x2104, 0x2945, 0x8c71, 0x8c71, 0x8c71, 0x8c71, 0x8c71, 0x8c71, 
	0x8c71, 0x8c71, 0x8c71, 0x8c71, 0x8c71, 0x8c71, 0x8c71, 0x8c71, 0x8c71, 0x8c71, 0x8c71, 0x8c71, 0x8c71, 0x8c71, 0x8c71, 0x8c71, 
	0x8c71, 0x8c71, 0x8c71, 0x8c71, 0x8c71, 0x8c71, 0x8c72, 0x8c72, 0x8c71, 0x8c71, 0x8c71, 0x8c71, 0x8c71, 0x8c71, 0x8c72, 0x8c72, 
	0x8c72, 0x4208, 0x20e4, 0x20e4, 0x5aeb, 0x630c, 0x630c, 0x630c, 0x630c, 0x630c, 0x630c, 0x630c, 0x630c, 0x630c, 0x630c, 0x630c, 
	0x630c, 0x630c, 0x630c, 0x630c, 0x630c, 0x630c, 0x630c, 0x630c, 0x630c, 0x630c, 0x630c, 0x630c, 0x630c, 0x630c, 0x39e7, 0x20e4, 
	0x20e4, 0x20e4, 0x20e4, 0x2104, 0x630c, 0x630c, 0x630c, 0x630c, 0x630c, 0x630c, 0x630c, 0x630c, 0x630c, 0x630c, 0x632c, 0x632c, 
	0x632c, 0x632c, 0x632c, 0x632c, 0x632c, 0x632d, 0x632d, 0x5aab, 0x18e4, 0x2104, 0x2104, 0x2104, 0x20e4, 0x20e4, 0x20e4, 0x20e4, 
	0x20e4, 0x20e4, 0x20e4, 0x20e4, 0x20e4, 0x20e4, 0x20e4, 0x20e4, 0x20e4, 0x20e4, 0x20e4, 0x20e4, 0x20e4, 0x20e4, 0x20e4, 0x20e4, 
	0x2104, 0x2104, 0x2104, 0x2104, 0x2104, 0x2104, 0x2104, 0x2104, 0x2104, 0x20e4, 0x20e4, 0x20e4, 0x20e4, 0x20e4, 0x20e4, 0x20e4, 
	0x20e4, 0x20e4, 0x20e4, 0x20e4, 0x20e4, 0x20e4, 0x20e4, 0x20e4, 0x20e4, 0x20e4, 0x20e4, 0x20e4, 0x20e4, 0x20e4, 0x20e4, 0x20e4, 
	0x20e4, 0x20e4, 0x20e4, 0x20e4, 0x20e4, 0x20e4, 0x20e4, 0x20e4, 0x20e4, 0x20e4, 0x20e4, 0x20e4, 0x20e4, 0x20e4, 0x20e4, 0x20e4, 
	0x20e4, 0x20e4, 0x20e4, 0x20e4, 0x20e4, 0x20e4, 0x20e4, 0x20e4, 0x18e4, 0x18e4, 0x18e4, 0x20e4, 0x20e4, 0x20e4, 0x20e4, 0x20e4, 
	0x20e4, 0x20e4, 0x20e4, 0x20e4, 0x20e4, 0x20e4, 0x20e4, 0x20e4, 0xf465, 0xf465, 0xf465, 0xf465, 0xf465, 0xf465, 0xf465, 0xf465, 
	0xf465, 0xf485, 0xf485, 0x20e4, 0x20e4, 0x20e4, 0x20e4, 0x20e4, 0x20e4, 0x20e4, 0x20e4, 0x20e4, 0x20e4, 0x20e4, 0x20e4, 0x2104, 
	0x5aeb, 0x5aeb, 0x5aeb, 0x5aeb, 0x5aeb, 0x5aeb, 0x5aeb, 0x5aeb, 0x5aeb, 0x5aeb, 0x5aeb, 0x5aeb, 0x5aeb, 0x5aeb, 0x2965, 0x2104, 
	0x20e4, 0x49a3, 0x8c71, 0x8c71, 0x8c71, 0x8c71, 0xcbe5, 0x2104, 0x2104, 0x8c71, 0x8c71, 0x8c71, 0x8c71, 0x8c71, 0x8c71, 0x8c71, 
	0x8c71, 0x8c71, 0x8c71, 0x8c71, 0x8c71, 0x8c71, 0x8c71, 0x8c71, 0x8c71, 0x8c71, 0x8c71, 0x8c71, 0x8c71, 0x8c71, 0x8c71, 0x8c71, 
	0x8c71, 0x8c71, 0x8c71, 0x8c72, 0x8c71, 0x8c72, 0x9472, 0x9472, 0x8c72, 0x8c71, 0x8c71, 0x8c71, 0x8c71, 0x8c71, 0x8c72, 0x8c72, 
	0x8c72, 0x9492, 0x20e4, 0x20e4, 0x2965, 0x630c, 0x630c, 0x630c, 0x630c, 0x630c, 0x630c, 0x630c, 0x630c, 0x630c, 0x630c, 0x630c, 
	0x630c, 0x630c, 0x630c, 0x630c, 0x630c, 0x630c, 0x630c, 0x630c, 0x630c, 0x630c, 0x630c, 0x630c, 0x630c, 0x630c, 0x3186, 0x20e4, 
	0x20e4, 0x20e4, 0x20e4, 0x20e4, 0x630c, 0x630c, 0x630c, 0x630c, 0x630c, 0x630c, 0x630c, 0x630c, 0x630c, 0x630c, 0x632c, 0x632c, 
	0x632c, 0x632c, 0x632c, 0x632c, 0x632c, 0x632c, 0x632c, 0x632c, 0x6b4d, 0x630c, 0x2104, 0x2104, 0x2104, 0x20e4, 0x20e4, 0x20e4, 
	0x20e4, 0x20e4, 0x20e4, 0x20e4, 0x20e4, 0x20e4, 0x20e4, 0x20e4, 0x20e4, 0x20e4, 0x20e4, 0x20e4, 0x20e4, 0x20e4, 0x20e4, 0x20e4, 
	0x2104, 0x2104, 0x2104, 0x2104, 0x2104, 0x2104, 0x2104, 0x2104, 0x2104, 0x2104, 0x2104, 0x2104, 0x20e4, 0x20e4, 0x20e4, 0x20e4, 
	0x20e4, 0x20e4, 0x20e4, 0x20e4, 0x20e4, 0x20e4, 0x20e4, 0x20e4, 0x20e4, 0x20e4, 0x20e4, 0x20e4, 0x20e4, 0x20e4, 0x20e4, 0x20e4, 
	0x20e4, 0x20e4, 0x20e4, 0x20e4, 0x20e4, 0x20e4, 0x20e4, 0x20e4, 0x20e4, 0x20e4, 0x20e4, 0x20e4, 0x20e4, 0x20e4, 0x20e4, 0x20e4, 
	0x20e4, 0x20e4, 0x20e4, 0x20e4, 0x20e4, 0x20e4, 0x20e4, 0x20e4, 0x18e4, 0x18e4, 0x18e4, 0x20e4, 0x20e4, 0x20e4, 0x20e4, 0x20e4, 
	0x20e4, 0x20e4, 0x20e4, 0x20e4, 0x20e4, 0x20e4, 0x20e4, 0x20e4, 0x9ae4, 0xf465, 0xf465, 0xf465, 0xf465, 0xf465, 0xf465, 0xf465, 
	0xf465, 0xf465, 0x20e4, 0x20e4, 0x20e4, 0x20e4, 0x20e4, 0x20e4, 0x20e4, 0x20e4, 0x20e4, 0x20e4, 0x20e4, 0x2104, 0x2104, 0x5aeb, 
	0x5aeb, 0x5aeb, 0x5aeb, 0x5aeb, 0x5aeb, 0x5aeb, 0x5aeb, 0x5aeb, 0x5aeb, 0x5aeb, 0x5aeb, 0x5aeb, 0x5aeb, 0x4228, 0x2104, 0x2104, 
	0x3144, 0x8c71, 0x8c71, 0x8c71, 0x8c71, 0x8c0e, 0x2104, 0x2104, 0x7bcf, 0x8c71, 0x8c71, 0x8c71, 0x8c71, 0x8c71, 0x8c72, 0x9472, 
	0x9492, 0x9472, 0x8c72, 0x8c72, 0x8c71, 0x8c71, 0x8c71, 0x8c71, 0x8c71, 0x8c71, 0x8c71, 0x8c71, 0x8c71, 0x8c71, 0x8c71, 0x8c71, 
	0x8c72, 0x8c72, 0x9471, 0x9471, 0x9472, 0x9472, 0x9472, 0x9472, 0x9472, 0x8c72, 0x8c71, 0x8c71, 0x8c71, 0x8c71, 0x8c72, 0x8c72, 
	0x8c72, 0x8c72, 0x2945, 0x20e4, 0x2104, 0x630c, 0x630c, 0x630c, 0x630c, 0x630c, 0x630c, 0x630c, 0x630c, 0x630c, 0x630c, 0x630c, 
	0x630c, 0x630c, 0x630c, 0x630c, 0x630c, 0x630c, 0x630c, 0x630c, 0x630c, 0x630c, 0x630c, 0x630c, 0x630c, 0x630c, 0x20e4, 0x20e4, 
	0x20e4, 0x20e4, 0x20e4, 0x20e4, 0x632c, 0x630c, 0x630c, 0x630c, 0x630c, 0x630c, 0x630c, 0x5aeb, 0x2104, 0x20e4, 0x2104, 0x5aeb, 
	0x632c, 0x632c, 0x632c, 0x632c, 0x632c, 0x632c, 0x632c, 0x632c, 0x632d, 0x6b4d, 0x634d, 0x632c, 0x2125, 0x20e4, 0x20e4, 0x20e4, 
	0x20e4, 0x20e4, 0x20e4, 0x20e4, 0x20e4, 0x20e4, 0x20e4, 0x20e4, 0x20e4, 0x20e4, 0x20e4, 0x20e4, 0x20e4, 0x20e4, 0x20e4, 0x20e4, 
	0x2104, 0x2104, 0x2104, 0x2104, 0x2104, 0x2104, 0x2104, 0x2104, 0x2104, 0x2104, 0x2104, 0x2104, 0x2104, 0x20e4, 0x20e4, 0x20e4, 
	0x20e4, 0x20e4, 0x20e4, 0x20e4, 0x20e4, 0x20e4, 0x20e4, 0x20e4, 0x20e4, 0x20e4, 0x20e4, 0x20e4, 0x20e4, 0x20e4, 0x20e4, 0x20e4, 
	0x20e4, 0x20e4, 0x20e4, 0x20e4, 0x20e4, 0x20e4, 0x20e4, 0x20e4, 0x20e4, 0x20e4, 0x20e4, 0x20e4, 0x20e4, 0x20e4, 0x20e4, 0x20e4, 
	0x20e4, 0x20e4, 0x20e4, 0x20e4, 0x20e4, 0x20e4, 0x20e4, 0x20e4, 0x18e4, 0x18e4, 0x20e4, 0x20e4, 0x20e4, 0x20e4, 0x20e4, 0x20e4, 
	0x20e4, 0x20e4, 0x20e4, 0x20e4, 0x20e4, 0x20e4, 0x20e4, 0x20e4, 0x20e4, 0xf465, 0xf465, 0xf465, 0xf465, 0xf465, 0xf465, 0xf465, 
	0xf485, 0xcbc5, 0x20e4, 0x20e4, 0x20e4, 0x20e4, 0x20e4, 0x20e4, 0x20e4, 0x20e4, 0x20e4, 0x20e4, 0x20e4, 0x2104, 0x5aeb, 0x5aeb, 
	0x5aeb, 0x5aeb, 0x5aeb, 0x5aeb, 0x5aeb, 0x5aeb, 0x5aeb, 0x5aeb, 0x5aeb, 0x5aeb, 0x5aeb, 0x5aeb, 0x5aeb, 0x18e4, 0x18e3, 0x20e4, 
	0x8c71, 0x8c71, 0x8c71, 0x8c71, 0x9b47, 0x20e3, 0x20e4, 0x5acb, 0x9492, 0x9492, 0x9492, 0x9472, 0x8c72, 0x8c72, 0x9472, 0x9492, 
	0x9492, 0x9492, 0x9492, 0x9492, 0x9492, 0x8c72, 0x8c72, 0x8c71, 0x8c71, 0x8c71, 0x8c71, 0x8c72, 0x8c72, 0x8c72, 0x8c72, 0x8c72, 
	0x8c72, 0x8c72, 0x8c72, 0x9472, 0x9472, 0x9472, 0x9492, 0x9492, 0x9472, 0x8c72, 0x8c71, 0x8c71, 0x8c71, 0x8c71, 0x8c72, 0x8c72, 
	0x8c72, 0x8c72, 0x8c51, 0x20e4, 0x2104, 0x4228, 0x630c, 0x630c, 0x630c, 0x630c, 0x630c, 0x630c, 0x630c, 0x630c, 0x630c, 0x630c, 
	0x630c, 0x630c, 0x630c, 0x630c, 0x630c, 0x630c, 0x630c, 0x630c, 0x630c, 0x630c, 0x630c, 0x630c, 0x630c, 0x630c, 0x2104, 0x20e4, 
	0x20e4, 0x20e4, 0x20e4, 0x2104, 0x630c, 0x630c, 0x632c, 0x630c, 0x630c, 0x630c, 0x632c, 0x2104, 0x20e4, 0x20e4, 0x20e4, 0x20e4, 
	0x20e4, 0x2966, 0x5b0c, 0x632c, 0x632c, 0x632d, 0x632c, 0x632c, 0x632c, 0x632c, 0x632c, 0x632c, 0x632d, 0x20e4, 0x2104, 0x2104, 
	0x2104, 0x20e4, 0x20e4, 0x20e4, 0x20e4, 0x20e4, 0x20e4, 0x20e4, 0x20e4, 0x20e4, 0x20e4, 0x20e4, 0x20e4, 0x2104, 0x20e4, 0x20e4, 
	0x2104, 0x2104, 0x2104, 0x2104, 0x2104, 0x2104, 0x2104, 0x2104, 0x2104, 0x2104, 0x2104, 0x2104, 0x2104, 0x2104, 0x20e4, 0x20e4, 
	0x20e4, 0x20e4, 0x20e4, 0x20e4, 0x20e4, 0x20e4, 0x20e4, 0x20e4, 0x20e4, 0x20e4, 0x20e4, 0x20e4, 0x20e4, 0x20e4, 0x20e4, 0x20e4, 
	0x20e4, 0x20e4, 0x20e4, 0x20e4, 0x20e4, 0x20e4, 0x20e4, 0x20e4, 0x20e4, 0x20e4, 0x20e4, 0x20e4, 0x20e4, 0x20e4, 0x20e4, 0x20e4, 
	0x20e4, 0x20e4, 0x20e4, 0x20e4, 0x20e4, 0x20e4, 0x20e4, 0x20e4, 0x18e4, 0x18e4, 0x20e4, 0x20e4, 0x20e4, 0x20e4, 0x20e4, 0x20e4, 
	0x20e4, 0x20e4, 0x20e4, 0x20e4, 0x20e4, 0x20e4, 0x20e4, 0x7a84, 0xf465, 0xf465, 0xf465, 0xf465, 0xf465, 0xf465, 0xf465, 0xf465, 
	0xf485, 0x20e4, 0x20e4, 0x20e4, 0x20e4, 0x20e4, 0x20e4, 0x20e4, 0x20e4, 0x20e4, 0x20e4, 0x2104, 0x2104, 0x5acb, 0x5aeb, 0x5aeb, 
	0x5aeb, 0x5aeb, 0x5aeb, 0x5aeb, 0x5aeb, 0x5aeb, 0x5aeb, 0x5aeb, 0x5aeb, 0x5aeb, 0x5aeb, 0x5aeb, 0x2945, 0x18e3, 0x18e3, 0x8b06, 
	0x8c71, 0x8c71, 0x8c71, 0x3144, 0x2103, 0x20e4, 0x20e4, 0x2104, 0x2104, 0x2124, 0x31a6, 0x630c, 0x8c51, 0x9492, 0x8c71, 0x9492, 
	0x9492, 0x9492, 0x9492, 0x9492, 0x9492, 0x9492, 0x8c72, 0x8c72, 0x8c72, 0x9472, 0x9492, 0x8c92, 0x8c72, 0x8c72, 0x8c72, 0x8c72, 
	0x9472, 0x9472, 0x9492, 0x9492, 0x9472, 0x9492, 0x9492, 0x9492, 0x9472, 0x8c72, 0x8c72, 0x8c71, 0x8c71, 0x8c71, 0x8c72, 0x8c72, 
	0x8c72, 0x8c71, 0x8c71, 0x18e3, 0x2104, 0x2104, 0x630c, 0x630c, 0x630c, 0x630c, 0x630c, 0x630c, 0x630c, 0x630c, 0x630c, 0x630c, 
	0x630c, 0x630c, 0x630c, 0x630c, 0x630c, 0x630c, 0x630c, 0x630c, 0x630c, 0x630c, 0x630c, 0x630c, 0x630c, 0x2104, 0x2104, 0x20e4, 
	0x20e4, 0x20e4, 0x20e4, 0x2104, 0x2104, 0x2104, 0x3186, 0x630c, 0x630c, 0x630c, 0x31a7, 0x20e4, 0x20e4, 0x20e4, 0x20e4, 0x20e4, 
	0x20e4, 0x20e4, 0x2104, 0x2104, 0x2965, 0x632c, 0x632c, 0x632c, 0x632c, 0x632c, 0x632c, 0x632c, 0x630c, 0x2104, 0x2104, 0x2104, 
	0x2104, 0x20e4, 0x20e4, 0x20e4, 0x20e4, 0x20e4, 0x20e4, 0x20e4, 0x20e4, 0x20e4, 0x20e4, 0x20e4, 0x20e4, 0x2104, 0x20e4, 0x20e4, 
	0x2104, 0x2104, 0x2104, 0x2104, 0x2104, 0x2104, 0x2104, 0x2104, 0x2104, 0x2104, 0x2104, 0x2104, 0x2104, 0x2104, 0x20e4, 0x20e4, 
	0x20e4, 0x20e4, 0x20e4, 0x20e4, 0x20e4, 0x20e4, 0x20e4, 0x20e4, 0x20e4, 0x20e4, 0x20e4, 0x20e4, 0x20e4, 0x20e4, 0x20e4, 0x20e4, 
	0x20e4, 0x20e4, 0x20e4, 0x20e4, 0x20e4, 0x20e4, 0x20e4, 0x20e4, 0x20e4, 0x20e4, 0x20e4, 0x20e4, 0x20e4, 0x20e4, 0x20e4, 0x20e4, 
	0x20e4, 0x20e4, 0x20e4, 0x20e4, 0x20e4, 0x20e4, 0x20e4, 0x18e4, 0x18e4, 0x18e4, 0x20e4, 0x20e4, 0x20e4, 0x20e4, 0x20e4, 0x20e4, 
	0x20e4, 0x20e4, 0x20e4, 0x20e4, 0x20e4, 0x20e4, 0xf485, 0xf465, 0xf465, 0xf465, 0xf465, 0xf465, 0xf465, 0xf465, 0xf465, 0xf465, 
	0x20e4, 0x20e4, 0x20e4, 0x20e4, 0x20e4, 0x20e4, 0x20e4, 0x20e4, 0x20e4, 0x2104, 0x2104, 0x2104, 0x4a69, 0x5aeb, 0x5aeb, 0x5aeb, 
	0x5aeb, 0x5aeb, 0x5aeb, 0x5aeb, 0x5aeb, 0x5aeb, 0x5aeb, 0x5aeb, 0x5aeb, 0x5aeb, 0x5aeb, 0x5acb, 0x20e4, 0x18e3, 0x18e3, 0x8c71, 
	0xabeb, 0x2124, 0x2104, 0x2104, 0x20e4, 0x20e4, 0x20e4, 0x2104, 0x2104, 0x2104, 0x2104, 0x2104, 0x2104, 0x2104, 0x2104, 0x2104, 
	0x2945, 0x5acb, 0x8c71, 0x9492, 0x9492, 0x9492, 0x9492, 0x9492, 0x9492, 0x9492, 0x9472, 0x8c72, 0x8c72, 0x9472, 0x9472, 0x9492, 
	0x9492, 0x9492, 0x9492, 0x9492, 0x9492, 0x9492, 0x9492, 0x9492, 0x9492, 0x9472, 0x8c72, 0x8c72, 0x8c72, 0x8c71, 0x8c72, 0x8c72, 
	0x8c71, 0x8c71, 0x8c71, 0x73cf, 0x2104, 0x2104, 0x52cb, 0x630c, 0x630c, 0x630c, 0x630c, 0x630c, 0x630c, 0x630c, 0x630c, 0x630c, 
	0x630c, 0x630c, 0x630c, 0x630c, 0x630c, 0x630c, 0x630c, 0x630c, 0x630c, 0x630c, 0x630c, 0x630c, 0x52aa, 0x2104, 0x20e4, 0x20e4, 
	0x20e4, 0x20e4, 0x20e4, 0x52aa, 0x2124, 0x2104, 0x2104, 0x18e3, 0x18e4, 0x2965, 0x20e4, 0x20e4, 0x20e4, 0x20e4, 0x20e4, 0x20e4, 
	0x20e4, 0x20e4, 0x20e4, 0x2104, 0x2104, 0x2104, 0x2104, 0x2945, 0x630c, 0x632c, 0x632c, 0x632c, 0x39e7, 0x2104, 0x2104, 0x2104, 
	0x2104, 0x20e4, 0x20e4, 0x20e4, 0x20e4, 0x20e4, 0x20e4, 0x20e4, 0x20e4, 0x20e4, 0x20e4, 0x20e4, 0x2104, 0x2104, 0x20e4, 0x20e4, 
	0x2104, 0x2104, 0x2104, 0x2104, 0x2104, 0x2104, 0x2104, 0x2104, 0x2104, 0x2104, 0x2104, 0x2104, 0x2104, 0x2104, 0x20e4, 0x20e4, 
	0x20e4, 0x20e4, 0x20e4, 0x20e4, 0x20e4, 0x20e4, 0x20e4, 0x20e4, 0x20e4, 0x20e4, 0x20e4, 0x20e4, 0x20e4, 0x20e4, 0x2104, 0x2104, 
	0x2104, 0x2104, 0x20e4, 0x20e4, 0x20e4, 0x20e4, 0x20e4, 0x20e4, 0x20e4, 0x20e4, 0x20e4, 0x20e4, 0x20e4, 0x20e4, 0x20e4, 0x20e4, 
	0x20e4, 0x20e4, 0x20e4, 0x20e4, 0x20e4, 0x20e4, 0x20e4, 0x18e4, 0x18e4, 0x20e4, 0x20e4, 0x20e4, 0x20e4, 0x20e4, 0x20e4, 0x20e4, 
	0x20e4, 0x20e4, 0x20e4, 0x20e4, 0x6204, 0xf465, 0xf465, 0xf485, 0xf485, 0xf485, 0xf465, 0xf465, 0xf465, 0xf465, 0xf465, 0x59e4, 
	0x20e4, 0x18e4, 0x18e4, 0x18e4, 0x18e4, 0x20e4, 0x20e4, 0x20e4, 0x20e4, 0x2104, 0x2104, 0x39c7, 0x5aeb, 0x5aeb, 0x5aeb, 0x5aeb, 
	0x5aeb, 0x5aeb, 0x5aeb, 0x5aeb, 0x5aeb, 0x5aeb, 0x5aeb, 0x5aeb, 0x5aeb, 0x5aeb, 0x5aeb, 0x2124, 0x20e4, 0x20e3, 0x18e4, 0x2104, 
	0x2104, 0x20e4, 0x2104, 0x2104, 0x20e4, 0x20e4, 0x2104, 0x2104, 0x2104, 0x2104, 0x2104, 0x2104, 0x2104, 0x2104, 0x2104, 0x2104, 
	0x2104, 0x2104, 0x2104, 0x2104, 0x2104, 0x2104, 0x2945, 0x5acb, 0x7bef, 0x8c71, 0x9492, 0x8c71, 0x8c72, 0x9492, 0x9492, 0x9492, 
	0x9492, 0x9492, 0x9492, 0x9492, 0x9492, 0x9492, 0x9492, 0x9492, 0x9492, 0x9492, 0x8c72, 0x8c72, 0x8c72, 0x8c72, 0x8c72, 0x8c72, 
	0x8c72, 0x8c71, 0x8c71, 0x8c71, 0x20e4, 0x2104, 0x2104, 0x2945, 0x4a49, 0x5aeb, 0x630c, 0x630c, 0x630c, 0x630c, 0x630c, 0x630c, 
	0x630c, 0x630c, 0x630c, 0x630c, 0x630c, 0x630c, 0x630c, 0x630c, 0x630c, 0x632c, 0x632c, 0x5acb, 0x2104, 0x20e4, 0x20e4, 0x2104, 
	0x2104, 0x20e4, 0x2124, 0x630c, 0x632c, 0x632c, 0x5aeb, 0x2965, 0x18e3, 0x20e4, 0x20e4, 0x20e4, 0x20e4, 0x20e4, 0x20e4, 0x20e4, 
	0x20e4, 0x20e4, 0x2104, 0x2104, 0x2104, 0x2104, 0x2104, 0x2104, 0x20e4, 0x20e4, 0x2965, 0x5aeb, 0x20e4, 0x20e4, 0x2104, 0x2104, 
	0x20e4, 0x20e4, 0x20e4, 0x20e4, 0x20e4, 0x20e4, 0x20e4, 0x20e4, 0x20e4, 0x20e4, 0x20e4, 0x20e4, 0x2104, 0x2104, 0x20e4, 0x20e4, 
	0x2104, 0x2104, 0x2104, 0x2104, 0x2104, 0x2104, 0x2104, 0x2104, 0x2104, 0x2104, 0x2104, 0x2104, 0x2104, 0x20e4, 0x20e4, 0x20e4, 
	0x20e4, 0x20e4, 0x20e4, 0x20e4, 0x20e4, 0x20e4, 0x20e4, 0x20e4, 0x20e4, 0x20e4, 0x20e4, 0x20e4, 0x20e4, 0x20e4, 0x2104, 0x2104, 
	0x2104, 0x2104, 0x20e4, 0x20e4, 0x20e4, 0x20e4, 0x20e4, 0x20e4, 0x20e4, 0x20e4, 0x20e4, 0x20e4, 0x20e4, 0x20e4, 0x20e4, 0x20e4, 
	0x20e4, 0x20e4, 0x20e4, 0x20e4, 0x20e4, 0x20e4, 0x20e4, 0x18e4, 0x18e4, 0x20e4, 0x20e4, 0x20e4, 0x20e4, 0x20e4, 0x20e4, 0x20e4, 
	0x20e4, 0x20e4, 0x20e4, 0xec65, 0xf465, 0xf465, 0xf485, 0xf485, 0xf485, 0x6224, 0x20e4, 0xf485, 0xf465, 0xf465, 0xec45, 0x18e4, 
	0x18e4, 0x18e4, 0x18e4, 0x18e4, 0x18e4, 0x20e4, 0x20e4, 0x20e4, 0x20e4, 0x2104, 0x2945, 0x5aeb, 0x630c, 0x5aeb, 0x5aeb, 0x5aeb, 
	0x5aeb, 0x5aeb, 0x5aeb, 0x5aeb, 0x5aeb, 0x5aeb, 0x5aeb, 0x5aeb, 0x5aeb, 0x5aec, 0x630c, 0x2104, 0x20e4, 0x20e4, 0x20e4, 0x2104, 
	0x20e4, 0x20e4, 0x20e4, 0x2104, 0x20e4, 0x20e4, 0x2104, 0x2104, 0x2104, 0x2104, 0x2104, 0x2104, 0x2104, 0x2104, 0x2104, 0x2104, 
	0x20e4, 0x20e4, 0x20e4, 0x20e4, 0x2104, 0x2104, 0x2104, 0x2104, 0x2104, 0x2104, 0x2104, 0x2104, 0x2945, 0x4208, 0x73ae, 0x9492, 
	0x9492, 0x9492, 0x9492, 0x9492, 0x9492, 0x9492, 0x9492, 0x9492, 0x9472, 0x8c72, 0x8c72, 0x8c72, 0x8c72, 0x9492, 0x9492, 0x9492, 
	0x8c72, 0x8c71, 0x8c71, 0x8c71, 0x4208, 0x2104, 0x2104, 0x2104, 0x2104, 0x20e4, 0x20e4, 0x2104, 0x2945, 0x4208, 0x5aeb, 0x630c, 
	0x630c, 0x630c, 0x630c, 0x630c, 0x630c, 0x630c, 0x630c, 0x632c, 0x632c, 0x632c, 0x39e7, 0x2104, 0x20e4, 0x20e4, 0x20e4, 0x20e4, 
	0x2104, 0x2104, 0x630c, 0x630c, 0x632c, 0x632c, 0x632c, 0x632c, 0x632c, 0x39c7, 0x20e4, 0x20e4, 0x20e4, 0x20e4, 0x20e4, 0x20e4, 
	0x20e4, 0x20e4, 0x2104, 0x2104, 0x2104, 0x2104, 0x2104, 0x2104, 0x2104, 0x2104, 0x2104, 0x2104, 0x20e4, 0x20e4, 0x20e4, 0x20e4, 
	0x20e4, 0x20e4, 0x20e4, 0x20e4, 0x20e4, 0x20e4, 0x20e4, 0x20e4, 0x20e4, 0x20e4, 0x20e4, 0x20e4, 0x2104, 0x2104, 0x20e4, 0x20e4, 
	0x2104, 0x2104, 0x2104, 0x2104, 0x2104, 0x2104, 0x2104, 0x2104, 0x2104, 0x2104, 0x2104, 0x2104, 0x20e4, 0x20e4, 0x20e4, 0x20e4, 
	0x20e4, 0x20e4, 0x20e4, 0x20e4, 0x20e4, 0x20e4, 0x20e4, 0x2104, 0x2104, 0x2104, 0x2104, 0x2104, 0x20e4, 0x20e4, 0x2104, 0x2104, 
	0x2104, 0x2104, 0x20e4, 0x20e4, 0x20e4, 0x20e4, 0x20e4, 0x20e4, 0x20e4, 0x20e4, 0x20e4, 0x20e4, 0x20e4, 0x20e4, 0x20e4, 0x20e4, 
	0x20e4, 0x20e4, 0x20e4, 0x20e4, 0x20e4, 0x20e4, 0x20e4, 0x20e4, 0x18e4, 0x20e4, 0x20e4, 0x20e4, 0x20e4, 0x20e4, 0x20e4, 0x20e4, 
	0x20e4, 0x20e4, 0xf465, 0xf465, 0xf465, 0xf465, 0xf485, 0xf485, 0x20e4, 0x20e4, 0x20e4, 0x2924, 0xf485, 0xf485, 0x18e4, 0x18e4, 
	0x18e4, 0x18e4, 0x18e4, 0x18e4, 0x18e4, 0x20e4, 0x20e4, 0x20e4, 0x20e4, 0x2104, 0x5aeb, 0x5aeb, 0x5aec, 0x5aeb, 0x5aeb, 0x5aeb, 
	0x5aeb, 0x5aeb, 0x5aeb, 0x5aeb, 0x5aeb, 0x5aeb, 0x5aeb, 0x5aeb, 0x5aec, 0x5aec, 0x2104, 0x2104, 0x20e4, 0x20e4, 0x20e4, 0x2104, 
	0x2104, 0x2104, 0x2104, 0x2104, 0x2104, 0x20e4, 0x2104, 0x2104, 0x2104, 0x2104, 0x2104, 0x2104, 0x2104, 0x2104, 0x2104, 0x20e4, 
	0x20e4, 0x20e4, 0x20e4, 0x20e4, 0x2104, 0x2104, 0x2104, 0x2104, 0x2104, 0x2104, 0x2104, 0x2104, 0x2104, 0x2104, 0x2104, 0x2104, 
	0x2104, 0x2104, 0x2104, 0x3186, 0x632d, 0x8c71, 0x9492, 0x8c71, 0x9472, 0x8c71, 0x8c72, 0x9472, 0x9472, 0x9492, 0x9492, 0x9492, 
	0x9492, 0x8c72, 0x8c71, 0x8c71, 0x4a49, 0x2104, 0x2104, 0x2104, 0x2104, 0x20e4, 0x20e4, 0x20e4, 0x20e4, 0x20e4, 0x2104, 0x2104, 
	0x2104, 0x20e4, 0x2965, 0x528a, 0x632c, 0x632c, 0x632c, 0x632c, 0x39c7, 0x2104, 0x20e4, 0x20e4, 0x20e4, 0x20e4, 0x20e4, 0x20e4, 
	0x2104, 0x528a, 0x632c, 0x630c, 0x632c, 0x632c, 0x632c, 0x632c, 0x632c, 0x2925, 0x20e4, 0x20e4, 0x20e4, 0x20e4, 0x20e4, 0x20e4, 
	0x20e4, 0x20e4, 0x2104, 0x2104, 0x2104, 0x2104, 0x2104, 0x2104, 0x2104, 0x2104, 0x2104, 0x2104, 0x20e4, 0x20e4, 0x20e4, 0x20e4, 
	0x20e4, 0x20e4, 0x20e4, 0x20e4, 0x20e4, 0x20e4, 0x20e4, 0x20e4, 0x20e4, 0x20e4, 0x20e4, 0x20e4, 0x2104, 0x2104, 0x20e4, 0x20e4, 
	0x2104, 0x2104, 0x2104, 0x2104, 0x2104, 0x2104, 0x2104, 0x2104, 0x2104, 0x2104, 0x2104, 0x20e4, 0x20e4, 0x20e4, 0x20e4, 0x20e4, 
	0x20e4, 0x20e4, 0x20e4, 0x20e4, 0x20e4, 0x20e4, 0x2104, 0x2104, 0x2104, 0x2104, 0x2104, 0x2104, 0x2104, 0x2104, 0x2104, 0x2104, 
	0x20e4, 0x20e4, 0x20e4, 0x20e4, 0x20e4, 0x20e4, 0x20e4, 0x20e4, 0x20e4, 0x20e4, 0x20e4, 0x20e4, 0x20e4, 0x20e4, 0x20e4, 0x20e4, 
	0x20e4, 0x20e4, 0x20e4, 0x20e4, 0x20e4, 0x20e4, 0x20e4, 0x20e4, 0x20e4, 0x20e4, 0x20e4, 0x20e4, 0x20e4, 0x20e4, 0x20e4, 0x20e4, 
	0x3964, 0xf465, 0xf465, 0xf465, 0xf465, 0xf465, 0x92e4, 0x20e4, 0x20e4, 0x20e4, 0x20e4, 0x18e4, 0xf485, 0x18e4, 0x18e4, 0x18e4, 
	0x18e4, 0x18e4, 0x18e4, 0x18e4, 0x18e4, 0x20e4, 0x20e4, 0x20e4, 0x2104, 0x5aeb, 0x5aeb, 0x5aeb, 0x5aeb, 0x5aeb, 0x5aeb, 0x5aeb, 
	0x5aeb, 0x5aeb, 0x5aeb, 0x5aeb, 0x5aeb, 0x5aeb, 0x5aeb, 0x5aeb, 0x5aec, 0x5aeb, 0x2104, 0x2104, 0x2104, 0x2104, 0x2104, 0x2104, 
	0x2104, 0x2104, 0x2104, 0x20e4, 0x20e4, 0x20e4, 0x20e4, 0x20e4, 0x2104, 0x2104, 0x2104, 0x20e4, 0x20e4, 0x20e4, 0x20e4, 0x20e4, 
	0x20e4, 0x20e4, 0x20e4, 0x20e4, 0x20e4, 0x2104, 0x2104, 0x2104, 0x2104, 0x2104, 0x2104, 0x2104, 0x2104, 0x2104, 0x2104, 0x2104, 
	0x2104, 0x2104, 0x2104, 0x2104, 0x2104, 0x2104, 0x2104, 0x2104, 0x20e4, 0x3186, 0x6b4d, 0x8c71, 0x8c71, 0x9492, 0x9492, 0x9492, 
	0x9492, 0x8c71, 0x8c71, 0x8c71, 0x2104, 0x2104, 0x2104, 0x2104, 0x2104, 0x20e4, 0x20e4, 0x20e4, 0x20e4, 0x20e4, 0x20e4, 0x20e4, 
	0x20e4, 0x20e4, 0x20e4, 0x2104, 0x2104, 0x2104, 0x2104, 0x2104, 0x2104, 0x20e4, 0x20e4, 0x20e4, 0x20e4, 0x20e4, 0x20e4, 0x2104, 
	0x4229, 0x630c, 0x632c, 0x632c, 0x632c, 0x632c, 0x632c, 0x632c, 0x632c, 0x20e4, 0x20e4, 0x20e4, 0x20e4, 0x20e4, 0x20e4, 0x20e4, 
	0x20e4, 0x20e4, 0x2104, 0x2104, 0x2104, 0x2104, 0x2104, 0x2104, 0x2104, 0x2104, 0x2104, 0x2104, 0x20e4, 0x20e4, 0x20e4, 0x20e4, 
	0x20e4, 0x20e4, 0x20e4, 0x20e4, 0x20e4, 0x20e4, 0x20e4, 0x20e4, 0x20e4, 0x20e4, 0x20e4, 0x2104, 0x2104, 0x2104, 0x2104, 0x20e4, 
	0x2104, 0x2104, 0x2104, 0x2104, 0x2104, 0x2104, 0x2104, 0x2104, 0x2104, 0x20e4, 0x20e4, 0x20e4, 0x20e4, 0x20e4, 0x20e4, 0x20e4, 
	0x20e4, 0x20e4, 0x20e4, 0x20e4, 0x20e4, 0x20e4, 0x2104, 0x2104, 0x2104, 0x2104, 0x2104, 0x2104, 0x2104, 0x2104, 0x2104, 0x20e4, 
	0x20e4, 0x20e4, 0x20e4, 0x20e4, 0x20e4, 0x20e4, 0x20e4, 0x20e4, 0x20e4, 0x20e4, 0x20e4, 0x20e4, 0x20e4, 0x20e4, 0x20e4, 0x20e4, 
	0x20e4, 0x20e4, 0x20e4, 0x20e4, 0x20e4, 0x20e4, 0x20e4, 0x20e4, 0x20e4, 0x20e4, 0x20e4, 0x20e4, 0x20e4, 0x20e4, 0x20e4, 0x92c4, 
	0xf465, 0xf465, 0xf465, 0xf465, 0xf465, 0x18e4, 0x18e4, 0x18e4, 0x20e4, 0x20e4, 0x20e4, 0x18e4, 0x18e4, 0x18e4, 0x18e4, 0x18e4, 
	0x18e4, 0x18e4, 0x18e4, 0x18e4, 0x18e4, 0x20e4, 0x20e4, 0x20e4, 0x5aeb, 0x5aeb, 0x5aeb, 0x5aeb, 0x5aeb, 0x5aeb, 0x5aeb, 0x5aeb, 
	0x5aeb, 0x5aeb, 0x5aeb, 0x5aeb, 0x5aeb, 0x5aeb, 0x5aeb, 0x5aeb, 0x5aec, 0x2124, 0x2104, 0x2104, 0x2104, 0x2104, 0x2104, 0x2104, 
	0x2104, 0x2104, 0x20e4, 0x20e4, 0x20e4, 0x20e4, 0x20e4, 0x20e4, 0x20e4, 0x20e4, 0x20e4, 0x20e4, 0x20e4, 0x20e4, 0x20e4, 0x20e4, 
	0x20e4, 0x20e4, 0x20e4, 0x20e4, 0x20e4, 0x20e4, 0x2104, 0x2104, 0x2104, 0x2104, 0x2104, 0x2104, 0x2104, 0x2104, 0x2104, 0x2104, 
	0x2104, 0x2104, 0x2104, 0x2104, 0x2104, 0x2104, 0x2104, 0x2104, 0x2104, 0x2104, 0x2104, 0x2104, 0x2104, 0x2104, 0x2104, 0x31a6, 
	0x52ab, 0x6b6e, 0x4a6a, 0x2104, 0x2104, 0x2104, 0x2104, 0x2104, 0x2104, 0x20e4, 0x20e4, 0x20e4, 0x20e4, 0x20e4, 0x20e4, 0x2104, 
	0x5acb, 0x4a49, 0x3186, 0x2104, 0x2104, 0x2104, 0x2104, 0x2104, 0x2104, 0x20e4, 0x2104, 0x20e4, 0x20e4, 0x20e4, 0x20e4, 0x5acb, 
	0x632c, 0x632c, 0x632c, 0x632c, 0x632c, 0x632c, 0x632c, 0x632c, 0x632d, 0x18e4, 0x20e4, 0x20e4, 0x2104, 0x2104, 0x2104, 0x20e4, 
	0x20e4, 0x2104, 0x20e4, 0x20e4, 0x2104, 0x2104, 0x2104, 0x2104, 0x2104, 0x2104, 0x2104, 0x2104, 0x2104, 0x20e4, 0x20e4, 0x20e4, 
	0x20e4, 0x20e4, 0x20e4, 0x20e4, 0x20e4, 0x20e4, 0x20e4, 0x20e4, 0x20e4, 0x20e4, 0x20e4, 0x2104, 0x2104, 0x2104, 0x2104, 0x2104, 
	0x2104, 0x2104, 0x2104, 0x2104, 0x2104, 0x2104, 0x2104, 0x20e4, 0x20e4, 0x20e4, 0x20e4, 0x20e4, 0x20e4, 0x20e4, 0x20e4, 0x20e4, 
	0x20e4, 0x20e4, 0x20e4, 0x20e4, 0x20e4, 0x20e4, 0x2104, 0x2104, 0x2104, 0x2104, 0x2104, 0x20e4, 0x20e4, 0x20e4, 0x20e4, 0x20e4, 
	0x20e4, 0x20e4, 0x20e4, 0x20e4, 0x20e4, 0x20e4, 0x20e4, 0x20e4, 0x20e4, 0x20e4, 0x20e4, 0x20e4, 0x20e4, 0x20e4, 0x20e4, 0x20e4, 
	0x20e4, 0x20e4, 0x20e4, 0x20e4, 0x2104, 0x2104, 0x2104, 0x20e4, 0x20e4, 0x2104, 0x20e4, 0x20e4, 0x20e4, 0x20e4, 0xb365, 0xf465, 
	0xf465, 0xf465, 0xf465, 0xec65, 0x20e4, 0x18e4, 0x18e4, 0x20e4, 0x20e4, 0x20e4, 0x20e4, 0x20e4, 0x18e4, 0x18e4, 0x18e4, 0x18e4, 
	0x18e4, 0x18e4, 0x18e4, 0x18e4, 0x18e4, 0x20e4, 0x20e4, 0x528a, 0x5b0c, 0x5aec, 0x5aeb, 0x5aeb, 0x5aeb, 0x5aeb, 0x5aeb, 0x5aeb, 
	0x5aeb, 0x5aeb, 0x5aeb, 0x5aeb, 0x5aeb, 0x5aeb, 0x5aeb, 0x5aeb, 0x5acb, 0x20e4, 0x20e4, 0x2104, 0x31a6, 0x20e4, 0x20e4, 0x20e4, 
	0x2104, 0x2104, 0x20e4, 0x20e4, 0x20e4, 0x20e4, 0x20e4, 0x20e4, 0x20e4, 0x20e4, 0x20e4, 0x2104, 0x2104, 0x20e4, 0x20e4, 0x20e4, 
	0x20e4, 0x20e4, 0x20e4, 0x20e4, 0x20e4, 0x20e4, 0x20e4, 0x20e4, 0x2104, 0x2104, 0x2104, 0x2104, 0x2104, 0x2104, 0x2104, 0x2104, 
	0x2104, 0x2104, 0x2104, 0x2104, 0x2104, 0x2104, 0x2104, 0x2104, 0x2104, 0x2104, 0x2104, 0x2104, 0x2104, 0x2104, 0x2104, 0x2104, 
	0x2104, 0x2104, 0x2104, 0x20e4, 0x20e4, 0x20e4, 0x2104, 0x2104, 0x20e4, 0x20e4, 0x20e4, 0x20e4, 0x20e4, 0x20e4, 0x2104, 0x2104, 
	0x4a69, 0x632c, 0x632c, 0x632c, 0x31a6, 0x2104, 0x2104, 0x2104, 0x20e4, 0x2104, 0x2104, 0x2104, 0x20e4, 0x4228, 0x632c, 0x632c, 
	0x632c, 0x632c, 0x632c, 0x632c, 0x632c, 0x632c, 0x632c, 0x632c, 0x632d, 0x632c, 0x3186, 0x31a6, 0x39c7, 0x3186, 0x2945, 0x2104, 
	0x20e4, 0x20e4, 0x18e4, 0x2104, 0x2104, 0x2104, 0x2104, 0x2104, 0x2104, 0x2104, 0x20e4, 0x20e4, 0x20e4, 0x20e4, 0x20e4, 0x20e4, 
	0x20e4, 0x20e4, 0x20e4, 0x20e4, 0x20e4, 0x20e4, 0x20e4, 0x20e4, 0x20e4, 0x20e4, 0x20e4, 0x2104, 0x2104, 0x2104, 0x2104, 0x20e4, 
	0x2104, 0x2104, 0x2104, 0x2104, 0x2104, 0x2104, 0x20e4, 0x20e4, 0x20e4, 0x20e4, 0x20e4, 0x20e4, 0x20e4, 0x20e4, 0x20e4, 0x20e4, 
	0x20e4, 0x20e4, 0x20e4, 0x20e4, 0x20e4, 0x20e4, 0x20e4, 0x2104, 0x2104, 0x2104, 0x20e4, 0x20e4, 0x20e4, 0x20e4, 0x20e4, 0x20e4, 
	0x20e4, 0x20e4, 0x20e4, 0x20e4, 0x20e4, 0x20e4, 0x20e4, 0x20e4, 0x20e4, 0x20e4, 0x20e4, 0x20e4, 0x20e4, 0x20e4, 0x20e4, 0x20e4, 
	0x20e4, 0x20e4, 0x20e4, 0x20e4, 0x20e4, 0x20e4, 0x2104, 0x20e4, 0x20e4, 0x20e4, 0x20e4, 0x20e4, 0x20e4, 0xcbc5, 0xf445, 0xf465, 
	0xf465, 0xf465, 0xc385, 0x20e4, 0x20e4, 0x18e4, 0x20e4, 0x20e4, 0x20e4, 0x20e4, 0x20e4, 0x20e4, 0x20e4, 0x18e4, 0x18e4, 0x18e4, 
	0x18e4, 0x18e4, 0x18e4, 0x18e4, 0x18e4, 0x20e4, 0x39c7, 0x5aeb, 0x5aec, 0x5aec, 0x5aeb, 0x5aeb, 0x5aeb, 0x5aeb, 0x5aeb, 0x5aeb, 
	0x5aeb, 0x5aeb, 0x5aeb, 0x5aeb, 0x5aeb, 0x5aeb, 0x5aeb, 0x5aeb, 0x2104, 0x2104, 0x2104, 0x528a, 0x62eb, 0x18e3, 0x20e4, 0x20e4, 
	0x2104, 0x20e4, 0x20e4, 0x20e4, 0x20e4, 0x20e4, 0x20e4, 0x20e4, 0x20e4, 0x20e4, 0x20e4, 0x2104, 0x2104, 0x20e4, 0x20e4, 0x20e4, 
	0x20e4, 0x20e4, 0x20e4, 0x20e4, 0x20e4, 0x20e4, 0x20e4, 0x20e4, 0x20e4, 0x20e4, 0x2104, 0x2104, 0x2104, 0x2104, 0x2104, 0x2104, 
	0x2104, 0x2104, 0x2104, 0x2104, 0x2104, 0x2104, 0x2104, 0x2104, 0x2104, 0x2104, 0x2104, 0x2104, 0x2104, 0x2104, 0x2104, 0x2104, 
	0x2104, 0x2104, 0x2104, 0x20e4, 0x20e4, 0x20e4, 0x2104, 0x2104, 0x20e4, 0x20e4, 0x20e4, 0x20e4, 0x20e4, 0x20e4, 0x2104, 0x2104, 
	0x2104, 0x632c, 0x632c, 0x632c, 0x632c, 0x632c, 0x6b4d, 0x5aeb, 0x4228, 0x4228, 0x5aeb, 0x632c, 0x632c, 0x632c, 0x632c, 0x632c, 
	0x632c, 0x632c, 0x632c, 0x632c, 0x632c, 0x632c, 0x632c, 0x632c, 0x632d, 0x632d, 0x634d, 0x634d, 0x6b4d, 0x6b4d, 0x634d, 0x6b4d, 
	0x6b4d, 0x6b4d, 0x6b4d, 0x6b4d, 0x6b4d, 0x6b4d, 0x6b4d, 0x632c, 0x6b4d, 0x39c7, 0x20e4, 0x20e4, 0x20e4, 0x20e4, 0x20e4, 0x20e4, 
	0x20e4, 0x20e4, 0x20e4, 0x20e4, 0x20e4, 0x20e4, 0x20e4, 0x20e4, 0x20e4, 0x20e4, 0x20e4, 0x2104, 0x2104, 0x2104, 0x2104, 0x2104, 
	0x2104, 0x2104, 0x2104, 0x2104, 0x20e4, 0x20e4, 0x20e4, 0x20e4, 0x20e4, 0x20e4, 0x20e4, 0x20e4, 0x20e4, 0x20e4, 0x20e4, 0x20e4, 
	0x20e4, 0x20e4, 0x20e4, 0x20e4, 0x20e4, 0x20e4, 0x20e4, 0x20e4, 0x20e4, 0x20e4, 0x20e4, 0x20e4, 0x20e4, 0x20e4, 0x20e4, 0x20e4, 
	0x20e4, 0x20e4, 0x20e4, 0x20e4, 0x20e4, 0x20e4, 0x20e4, 0x20e4, 0x20e4, 0x20e4, 0x20e4, 0x20e4, 0x20e4, 0x20e4, 0x20e4, 0x20e4, 
	0x20e4, 0x20e4, 0x20e4, 0x20e4, 0x20e4, 0x20e4, 0x20e4, 0x20e4, 0x20e4, 0x20e4, 0x20e4, 0x20e4, 0xab65, 0xf465, 0xf465, 0xf465, 
	0xf465, 0xc385, 0x20e4, 0x20e4, 0x20e4, 0x20e4, 0x20e4, 0x20e4, 0x20e4, 0x20e4, 0x20e4, 0x20e4, 0x20e4, 0x20e4, 0x18e4, 0x18e4, 
	0x18e4, 0x18e4, 0x18e4, 0x18e4, 0x20e4, 0x2124, 0x5aeb, 0x5aeb, 0x5aeb, 0x5aeb, 0x5aeb, 0x5aeb, 0x5aeb, 0x5aeb, 0x5aeb, 0x5aeb, 
	0x5aeb, 0x5aeb, 0x5aeb, 0x5aeb, 0x5aeb, 0x5aec, 0x62ec, 0x5aeb, 0x2104, 0x2104, 0x2104, 0x630c, 0x630c, 0x2124, 0x20e4, 0x20e4, 
	0x20e4, 0x20e4, 0x20e4, 0x20e4, 0x20e4, 0x20e4, 0x20e4, 0x20e4, 0x20e4, 0x20e4, 0x20e4, 0x20e4, 0x20e4, 0x20e4, 0x20e4, 0x20e4, 
	0x20e4, 0x20e4, 0x20e4, 0x20e4, 0x20e4, 0x20e4, 0x20e4, 0x20e4, 0x20e4, 0x20e4, 0x20e4, 0x20e4, 0x20e4, 0x20e4, 0x2104, 0x2104, 
	0x2104, 0x2104, 0x2104, 0x2104, 0x2104, 0x2104, 0x2104, 0x2104, 0x2104, 0x2104, 0x2104, 0x2104, 0x2104, 0x2104, 0x2104, 0x2104, 
	0x2104, 0x2104, 0x2104, 0x20e4, 0x20e4, 0x2104, 0x2104, 0x2104, 0x20e4, 0x20e4, 0x20e4, 0x20e4, 0x20e4, 0x2104, 0x2104, 0x2104, 
	0x2104, 0x5acb, 0x632c, 0x632c, 0x632c, 0x632c, 0x632d, 0x632d, 0x632c, 0x632c, 0x632c, 0x632c, 0x632c, 0x632c, 0x632c, 0x632c, 
	0x632c, 0x632c, 0x632c, 0x632c, 0x632c, 0x632c, 0x632c, 0x632c, 0x632c, 0x632d, 0x632d, 0x632d, 0x6b4d, 0x6b4d, 0x6b4d, 0x6b4d, 
	0x6b4d, 0x6b4d, 0x6b4d, 0x6b4d, 0x6b4d, 0x6b4d, 0x6b4d, 0x6b4d, 0x6b4d, 0x2104, 0x20e4, 0x20e4, 0x20e4, 0x20e4, 0x20e4, 0x20e4, 
	0x20e4, 0x20e4, 0x20e4, 0x20e4, 0x20e4, 0x20e4, 0x20e4, 0x20e4, 0x20e4, 0x20e4, 0x20e4, 0x2104, 0x2104, 0x2104, 0x2104, 0x2104, 
	0x2104, 0x2104, 0x2104, 0x2104, 0x20e4, 0x20e4, 0x20e4, 0x20e4, 0x20e4, 0x20e4, 0x20e4, 0x20e4, 0x20e4, 0x20e4, 0x20e4, 0x20e4, 
	0x20e4, 0x20e4, 0x20e4, 0x20e4, 0x20e4, 0x20e4, 0x20e4, 0x20e4, 0x20e4, 0x20e4, 0x20e4, 0x20e4, 0x20e4, 0x20e4, 0x20e4, 0x20e4, 
	0x20e4, 0x20e4, 0x20e4, 0x20e4, 0x20e4, 0x20e4, 0x20e4, 0x20e4, 0x20e4, 0x20e4, 0x20e4, 0x20e4, 0x20e4, 0x20e4, 0x20e4, 0x20e4, 
	0x20e4, 0x20e4, 0x20e4, 0x20e4, 0x20e4, 0x20e4, 0x20e4, 0x20e4, 0x20e4, 0x20e4, 0x20e4, 0x51c4, 0xf465, 0xf465, 0xf465, 0xf465, 
	0xa304, 0x20e4, 0x20e4, 0x20e4, 0x20e4, 0x20e4, 0x20e4, 0x20e4, 0x20e4, 0x20e4, 0x20e4, 0x20e4, 0x20e4, 0x20e4, 0x20e4, 0x20e4, 
	0x20e4, 0x20e4, 0x20e4, 0x20e4, 0x20e4, 0x5aeb, 0x5aeb, 0x5aeb, 0x5aeb, 0x5aeb, 0x5aeb, 0x5aeb, 0x5aeb, 0x5aeb, 0x5aeb, 0x5aeb, 
	0x5aeb, 0x5aeb, 0x5aeb, 0x5aeb, 0x5aeb, 0x630c, 0x630c, 0x2104, 0x2104, 0x2104, 0x5acb, 0x630c, 0x630c, 0x2104, 0x20e4, 0x20e4, 
	0x20e4, 0x20e4, 0x20e4, 0x20e4, 0x20e4, 0x20e4, 0x20e4, 0x20e4, 0x20e4, 0x20e4, 0x20e4, 0x20e4, 0x20e4, 0x20e4, 0x20e4, 0x20e4, 
	0x20e4, 0x20e4, 0x20e4, 0x20e4, 0x20e4, 0x20e4, 0x20e4, 0x20e4, 0x20e4, 0x20e4, 0x20e4, 0x20e4, 0x20e4, 0x20e4, 0x20e4, 0x20e4, 
	0x20e4, 0x20e4, 0x2104, 0x2104, 0x2104, 0x2104, 0x2104, 0x2104, 0x2104, 0x2104, 0x2104, 0x2104, 0x2104, 0x2104, 0x2104, 0x2104, 
	0x2104, 0x2104, 0x2104, 0x20e4, 0x20e4, 0x2104, 0x2104, 0x2104, 0x20e4, 0x20e4, 0x20e4, 0x20e4, 0x20e4, 0x2104, 0x2104, 0x2104, 
	0x20e4, 0x20e4, 0x4a69, 0x632d, 0x6b4d, 0x6b4d, 0x6b4d, 0x6b4d, 0x632c, 0x632c, 0x632c, 0x632c, 0x632c, 0x632c, 0x632c, 0x632c, 
	0x632c, 0x632c, 0x632c, 0x632c, 0x632c, 0x632c, 0x632c, 0x632c, 0x632c, 0x632d, 0x632d, 0x6b4d, 0x6b4d, 0x6b4d, 0x6b4d, 0x6b4d, 
	0x6b4d, 0x6b4d, 0x6b4d, 0x6b4d, 0x6b4d, 0x6b4d, 0x6b4d, 0x6b4d, 0x6b4d, 0x2104, 0x2104, 0x2104, 0x20e4, 0x20e4, 0x20e4, 0x20e4, 
	0x20e4, 0x20e4, 0x20e4, 0x20e4, 0x20e4, 0x20e4, 0x20e4, 0x20e4, 0x20e4, 0x20e4, 0x20e4, 0x2104, 0x2104, 0x2104, 0x2104, 0x2104, 
	0x2104, 0x2104, 0x2104, 0x2104, 0x20e4, 0x20e4, 0x20e4, 0x20e4, 0x2104, 0x2104, 0x20e4, 0x20e4, 0x20e4, 0x20e4, 0x20e4, 0x20e4, 
	0x20e4, 0x20e4, 0x20e4, 0x20e4, 0x20e4, 0x20e4, 0x20e4, 0x20e4, 0x20e4, 0x20e4, 0x20e4, 0x20e4, 0x20e4, 0x20e4, 0x20e4, 0x20e4, 
	0x20e4, 0x20e4, 0x20e4, 0x20e4, 0x20e4, 0x20e4, 0x20e4, 0x20e4, 0x20e4, 0x20e4, 0x20e4, 0x20e4, 0x20e4, 0x20e4, 0x20e4, 0x20e4, 
	0x18e4, 0x20e4, 0x20e4, 0x20e4, 0x20e4, 0x20e4, 0x20e4, 0x20e4, 0x20e4, 0x20e4, 0x3144, 0xf485, 0xf465, 0xf465, 0xf465, 0xa324, 
	0x20e4, 0x20e4, 0x20e4, 0x20e4, 0x20e4, 0x20e4, 0x20e4, 0x20e4, 0x20e4, 0x20e4, 0x20e4, 0x20e4, 0x20e4, 0x20e4, 0x20e4, 0x20e4, 
	0x20e4, 0x20e4, 0x20e4, 0x2104, 0x5acb, 0x5aeb, 0x5aeb, 0x5aeb, 0x5aeb, 0x5aeb, 0x5aeb, 0x5aeb, 0x5aeb, 0x5aeb, 0x5aeb, 0x5aeb, 
	0x5aeb, 0x5aeb, 0x5aeb, 0x5aeb, 0x5aeb, 0x630c, 0x630c, 0x2104, 0x2104, 0x2104, 0x630c, 0x630c, 0x62ec, 0x20e4, 0x20e4, 0x20e4, 
	0x20e4, 0x20e4, 0x20e4, 0x20e4, 0x20e4, 0x20e4, 0x20e4, 0x20e4, 0x20e4, 0x20e4, 0x20e4, 0x20e4, 0x20e4, 0x20e4, 0x20e4, 0x20e4, 
	0x20e4, 0x20e4, 0x20e4, 0x20e4, 0x20e4, 0x20e4, 0x20e4, 0x20e4, 0x20e4, 0x20e4, 0x20e4, 0x20e4, 0x20e4, 0x20e4, 0x20e4, 0x20e4, 
	0x20e4, 0x20e4, 0x20e4, 0x20e4, 0x20e4, 0x20e4, 0x20e4, 0x20e4, 0x20e4, 0x20e4, 0x20e4, 0x20e4, 0x20e4, 0x20e4, 0x20e4, 0x20e4, 
	0x20e4, 0x20e4, 0x20e4, 0x20e4, 0x20e4, 0x2104, 0x2104, 0x2104, 0x20e4, 0x20e4, 0x20e4, 0x20e4, 0x20e4, 0x2104, 0x2104, 0x2104, 
	0x20e4, 0x20e4, 0x2104, 0x2104, 0x31a6, 0x39c7, 0x39c7, 0x39a7, 0x4a69, 0x632c, 0x632c, 0x632c, 0x632c, 0x632c, 0x632c, 0x632c, 
	0x632c, 0x632c, 0x632c, 0x632c, 0x632c, 0x632c, 0x632c, 0x632c, 0x632c, 0x632c, 0x6b4d, 0x6b4d, 0x6b4d, 0x6b4d, 0x6b4d, 0x6b4d, 
	0x6b4d, 0x6b4d, 0x6b4d, 0x6b4d, 0x6b4d, 0x6b4d, 0x6b4d, 0x6b6d, 0x4228, 0x2104, 0x2104, 0x2104, 0x20e4, 0x20e4, 0x20e4, 0x20e4, 
	0x20e4, 0x20e4, 0x20e4, 0x20e4, 0x20e4, 0x20e4, 0x20e4, 0x20e4, 0x20e4, 0x20e4, 0x20e4, 0x2104, 0x2104, 0x2104, 0x2104, 0x2104, 
	0x2104, 0x2104, 0x2104, 0x2104, 0x20e4, 0x2104, 0x20e4, 0x20e4, 0x2104, 0x2104, 0x20e4, 0x20e4, 0x20e4, 0x20e4, 0x20e4, 0x20e4, 
	0x20e4, 0x20e4, 0x20e4, 0x20e4, 0x20e4, 0x20e4, 0x20e4, 0x20e4, 0x20e4, 0x20e4, 0x20e4, 0x20e4, 0x20e4, 0x20e4, 0x20e4, 0x20e4, 
	0x20e4, 0x20e4, 0x20e4, 0x20e4, 0x20e4, 0x20e4, 0x20e4, 0x20e4, 0x20e4, 0x20e4, 0x20e4, 0x20e4, 0x20e4, 0x20e4, 0x20e4, 0x20e4, 
	0x18e4, 0x18e4, 0x20e4, 0x20e4, 0x20e4, 0x20e4, 0x20e4, 0x20e4, 0x20e4, 0x20e4, 0xf485, 0xf485, 0xf485, 0xf485, 0xc3a5, 0x20e4, 
	0x20e4, 0x20e4, 0x20e4, 0x20e4, 0x20e4, 0x20e4, 0x20e4, 0x20e4, 0x20e4, 0x20e4, 0x20e4, 0x20e4, 0x20e4, 0x20e4, 0x20e4, 0x20e4, 
	0x20e4, 0x20e4, 0x20e4, 0x5acb, 0x5aeb, 0x5aeb, 0x5aeb, 0x5aeb, 0x5aeb, 0x5aeb, 0x5aeb, 0x5aeb, 0x5aeb, 0x5aeb, 0x5aeb, 0x5aeb, 
	0x5aeb, 0x5aeb, 0x5aeb, 0x5aeb, 0x5aeb, 0x630c, 0x2104, 0x2104, 0x2104, 0x5acb, 0x630c, 0x630c, 0x31a7, 0x20e4, 0x20e4, 0x20e4, 
	0x20e4, 0x20e4, 0x20e4, 0x20e4, 0x20e4, 0x20e4, 0x20e4, 0x20e4, 0x20e4, 0x20e4, 0x20e4, 0x20e4, 0x20e4, 0x20e4, 0x20e4, 0x20e4, 
	0x20e4, 0x20e4, 0x20e4, 0x20e4, 0x20e4, 0x20e4, 0x20e4, 0x20e4, 0x20e4, 0x20e4, 0x20e4, 0x20e4, 0x20e4, 0x20e4, 0x20e4, 0x20e4, 
	0x20e4, 0x20e4, 0x20e4, 0x20e4, 0x20e4, 0x20e4, 0x20e4, 0x20e4, 0x20e4, 0x20e4, 0x20e4, 0x20e4, 0x20e4, 0x20e4, 0x20e4, 0x20e4, 
	0x20e4, 0x20e4, 0x20e4, 0x20e4, 0x20e4, 0x20e4, 0x20e4, 0x20e4, 0x20e4, 0x20e4, 0x20e4, 0x20e4, 0x20e4, 0x2104, 0x2104, 0x2104, 
	0x20e4, 0x20e4, 0x20e4, 0x2104, 0x2104, 0x2104, 0x2104, 0x2104, 0x2104, 0x4a49, 0x632c, 0x632c, 0x632c, 0x632c, 0x632c, 0x632c, 
	0x632c, 0x632c, 0x632c, 0x632c, 0x632c, 0x632c, 0x632c, 0x632c, 0x632c, 0x632c, 0x632d, 0x6b4d, 0x6b4d, 0x6b4d, 0x6b4d, 0x6b4d, 
	0x6b4d, 0x6b4d, 0x6b4d, 0x6b4d, 0x6b4d, 0x6b4d, 0x6b4d, 0x736e, 0x2104, 0x2104, 0x2104, 0x2104, 0x20e4, 0x20e4, 0x20e4, 0x20e4, 
	0x20e4, 0x20e4, 0x20e4, 0x20e4, 0x20e4, 0x20e4, 0x20e4, 0x20e4, 0x20e4, 0x20e4, 0x20e4, 0x2104, 0x2104, 0x2104, 0x2104, 0x2104, 
	0x2104, 0x2104, 0x2104, 0x2104, 0x2104, 0x2104, 0x20e4, 0x2104, 0x2104, 0x2104, 0x20e4, 0x20e4, 0x20e4, 0x20e4, 0x20e4, 0x20e4, 
	0x20e4, 0x20e4, 0x20e4, 0x20e4, 0x20e4, 0x20e4, 0x20e4, 0x20e4, 0x20e4, 0x20e4, 0x20e4, 0x20e4, 0x20e4, 0x20e4, 0x20e4, 0x20e4, 
	0x20e4, 0x20e4, 0x20e4, 0x20e4, 0x20e4, 0x20e4, 0x20e4, 0x20e4, 0x20e4, 0x20e4, 0x20e4, 0x20e4, 0x20e4, 0x20e4, 0x20e4, 0x18e4, 
	0x18e4, 0x18e4, 0x20e4, 0x20e4, 0x20e4, 0x20e4, 0x20e4, 0x2104, 0x20e4, 0xf465, 0xf485, 0xf485, 0xf485, 0xf485, 0x20e4, 0x20e4, 
	0x20e4, 0x20e4, 0x20e4, 0x20e4, 0x20e4, 0x20e4, 0x20e4, 0x20e4, 0x20e4, 0x20e4, 0x20e4, 0x20e4, 0x20e4, 0x20e4, 0x20e4, 0x20e4, 
	0x20e4, 0x20e4, 0x4a69, 0x5aeb, 0x5aeb, 0x5aeb, 0x5aeb, 0x5aeb, 0x5aeb, 0x5aeb, 0x5aeb, 0x5aeb, 0x5aeb, 0x5aeb, 0x5aeb, 0x5aeb, 
	0x5aeb, 0x5aeb, 0x5aeb, 0x5aeb, 0x5aeb, 0x5acb, 0x20e4, 0x20e4, 0x2104, 0x630c, 0x630c, 0x630c, 0x20e4, 0x20e4, 0x20e4, 0x20e4, 
	0x20e4, 0x20e4, 0x20e4, 0x20e4, 0x20e4, 0x20e4, 0x20e4, 0x20e4, 0x20e4, 0x20e4, 0x20e4, 0x20e4, 0x20e4, 0x20e4, 0x20e4, 0x20e4, 
	0x20e4, 0x20e4, 0x20e4, 0x20e4, 0x20e4, 0x20e4, 0x20e4, 0x20e4, 0x20e4, 0x20e4, 0x20e4, 0x20e4, 0x20e4, 0x20e4, 0x20e4, 0x20e4, 
	0x20e4, 0x20e4, 0x20e4, 0x20e4, 0x20e4, 0x20e4, 0x20e4, 0x20e4, 0x20e4, 0x20e4, 0x20e4, 0x20e4, 0x20e4, 0x20e4, 0x20e4, 0x20e4, 
	0x20e4, 0x20e4, 0x20e4, 0x20e4, 0x20e4, 0x20e4, 0x20e4, 0x20e4, 0x20e4, 0x20e4, 0x20e4, 0x20e4, 0x20e4, 0x2104, 0x2104, 0x2104, 
	0x20e4, 0x20e4, 0x20e4, 0x2104, 0x2104, 0x2104, 0x2104, 0x2104, 0x2104, 0x2104, 0x4228, 0x632c, 0x632c, 0x632c, 0x632c, 0x632c, 
	0x632c, 0x632c, 0x632c, 0x632c, 0x632c, 0x632c, 0x632c, 0x632c, 0x632c, 0x632c, 0x632d, 0x6b4d, 0x6b4d, 0x6b4d, 0x6b4d, 0x630c, 
	0x52aa, 0x4228, 0x31a6, 0x2124, 0x2104, 0x2104, 0x2104, 0x2104, 0x2104, 0x2104, 0x2104, 0x2104, 0x20e4, 0x20e4, 0x20e4, 0x20e4, 
	0x20e4, 0x20e4, 0x20e4, 0x20e4, 0x20e4, 0x20e4, 0x20e4, 0x20e4, 0x20e4, 0x20e4, 0x20e4, 0x2104, 0x2104, 0x2104, 0x2104, 0x2104, 
	0x2104, 0x2104, 0x2104, 0x2104, 0x2104, 0x2104, 0x2104, 0x2104, 0x2104, 0x20e4, 0x20e4, 0x20e4, 0x20e4, 0x20e4, 0x20e4, 0x20e4, 
	0x20e4, 0x20e4, 0x20e4, 0x20e4, 0x20e4, 0x20e4, 0x20e4, 0x20e4, 0x20e4, 0x20e4, 0x20e4, 0x20e4, 0x20e4, 0x20e4, 0x20e4, 0x20e4, 
	0x20e4, 0x20e4, 0x20e4, 0x20e4, 0x20e4, 0x20e4, 0x20e4, 0x20e4, 0x20e4, 0x20e4, 0x20e4, 0x20e4, 0x20e4, 0x20e4, 0x20e4, 0x20e4, 
	0x18e4, 0x20e4, 0x20e4, 0x18e4, 0x20e4, 0x20e4, 0x20e4, 0x20e4, 0xcbc5, 0xf465, 0xf465, 0xf485, 0xf485, 0x20e4, 0x20e4, 0x20e4, 
	0x20e4, 0x20e4, 0x20e4, 0x20e4, 0x20e4, 0x20e4, 0x20e4, 0x20e4, 0x20e4, 0x20e4, 0x20e4, 0x20e4, 0x20e4, 0x20e4, 0x2104, 0x2104, 
	0x2104, 0x39c7, 0x5aeb, 0x5aeb, 0x5aeb, 0x5aeb, 0x5aeb, 0x5aeb, 0x5aeb, 0x5aeb, 0x5aeb, 0x5aeb, 0x5aeb, 0x5aeb, 0x5aeb, 0x5aeb, 
	0x5aeb, 0x5aeb, 0x5aeb, 0x5aeb, 0x5aeb, 0x2104, 0x20e4, 0x2104, 0x5acb, 0x630c, 0x630c, 0x528a, 0x2104, 0x20e4, 0x20e4, 0x20e4, 
	0x20e4, 0x20e4, 0x20e4, 0x20e4, 0x20e4, 0x20e4, 0x20e4, 0x20e4, 0x20e4, 0x20e4, 0x20e4, 0x20e4, 0x20e4, 0x20e4, 0x20e4, 0x20e4, 
	0x20e4, 0x20e4, 0x20e4, 0x20e4, 0x20e4, 0x20e4, 0x20e4, 0x20e4, 0x20e4, 0x20e4, 0x20e4, 0x20e4, 0x20e4, 0x20e4, 0x20e4, 0x20e4, 
	0x20e4, 0x20e4, 0x20e4, 0x20e4, 0x20e4, 0x20e4, 0x20e4, 0x20e4, 0x20e4, 0x20e4, 0x20e4, 0x20e4, 0x20e4, 0x20e4, 0x20e4, 0x20e4, 
	0x20e4, 0x20e4, 0x20e4, 0x20e4, 0x20e4, 0x20e4, 0x20e4, 0x20e4, 0x20e4, 0x20e4, 0x20e4, 0x20e4, 0x20e4, 0x20e4, 0x20e4, 0x20e4, 
	0x20e4, 0x20e4, 0x20e4, 0x20e4, 0x2104, 0x2104, 0x2104, 0x2104, 0x2104, 0x2104, 0x2104, 0x2124, 0x5aec, 0x632d, 0x632c, 0x632c, 
	0x632c, 0x632c, 0x632c, 0x6b4d, 0x634d, 0x630c, 0x528a, 0x4228, 0x39c7, 0x2945, 0x2104, 0x2104, 0x2104, 0x2104, 0x2104, 0x2104, 
	0x2104, 0x2104, 0x2104, 0x2104, 0x2104, 0x2104, 0x2104, 0x2104, 0x2104, 0x2104, 0x2104, 0x20e4, 0x20e4, 0x20e4, 0x20e4, 0x20e4, 
	0x20e4, 0x20e4, 0x20e4, 0x20e4, 0x20e4, 0x20e4, 0x20e4, 0x20e4, 0x20e4, 0x20e4, 0x20e4, 0x2104, 0x2104, 0x2104, 0x2104, 0x2104, 
	0x2104, 0x2104, 0x2104, 0x2104, 0x2104, 0x2104, 0x2104, 0x2104, 0x2104, 0x20e4, 0x20e4, 0x20e4, 0x20e4, 0x20e4, 0x20e4, 0x20e4, 
	0x20e4, 0x20e4, 0x20e4, 0x20e4, 0x20e4, 0x20e4, 0x20e4, 0x20e4, 0x20e4, 0x20e4, 0x20e4, 0x20e4, 0x20e4, 0x20e4, 0x20e4, 0x20e4, 
	0x20e4, 0x20e4, 0x20e4, 0x20e4, 0x20e4, 0x20e4, 0x20e4, 0x20e4, 0x20e4, 0x20e4, 0x20e4, 0x20e4, 0x20e4, 0x20e4, 0x20e4, 0x20e4, 
	0x20e4, 0x20e4, 0x20e4, 0x18e4, 0x20e4, 0x20e4, 0x20e4, 0x51c4, 0xf465, 0xf465, 0xf465, 0xf485, 0x20e4, 0x20e4, 0x20e4, 0x20e4, 
	0x20e4, 0x20e4, 0x20e4, 0x20e4, 0x20e4, 0x20e4, 0x20e4, 0x20e4, 0x20e4, 0x20e4, 0x20e4, 0x20e4, 0x20e4, 0x20e4, 0x2104, 0x2104, 
	0x2945, 0x5aeb, 0x5aeb, 0x5aeb, 0x5aeb, 0x5aeb, 0x5aeb, 0x5aeb, 0x5aeb, 0x5aeb, 0x5aeb, 0x5aeb, 0x5aeb, 0x5aeb, 0x5aeb, 0x5aeb, 
	0x5aeb, 0x5aeb, 0x5aeb, 0x5aeb, 0x5acb, 0x20e4, 0x20e4, 0x2104, 0x5aec, 0x630c, 0x630c, 0x2104, 0x20e4, 0x20e4, 0x20e4, 0x20e4, 
	0x20e4, 0x20e4, 0x20e4, 0x20e4, 0x20e4, 0x20e4, 0x20e4, 0x20e4, 0x20e4, 0x20e4, 0x20e4, 0x20e4, 0x20e4, 0x20e4, 0x20e4, 0x20e4, 
	0x20e4, 0x20e4, 0x20e4, 0x20e4, 0x20e4, 0x20e4, 0x20e4, 0x20e4, 0x20e4, 0x20e4, 0x20e4, 0x20e4, 0x20e4, 0x20e4, 0x20e4, 0x20e4, 
	0x20e4, 0x20e4, 0x20e4, 0x20e4, 0x20e4, 0x20e4, 0x20e4, 0x20e4, 0x20e4, 0x20e4, 0x20e4, 0x20e4, 0x20e4, 0x20e4, 0x20e4, 0x20e4, 
	0x20e4, 0x20e4, 0x20e4, 0x20e4, 0x20e4, 0x20e4, 0x20e4, 0x20e4, 0x20e4, 0x20e4, 0x20e4, 0x20e4, 0x20e4, 0x20e4, 0x20e4, 0x20e4, 
	0x20e4, 0x20e4, 0x20e4, 0x20e4, 0x20e4, 0x2104, 0x2104, 0x2104, 0x2104, 0x2104, 0x2104, 0x2104, 0x2104, 0x2104, 0x2104, 0x2104, 
	0x2104, 0x2104, 0x2104, 0x2104, 0x2104, 0x2104, 0x2104, 0x2104, 0x2104, 0x2104, 0x2104, 0x2104, 0x2104, 0x2104, 0x2104, 0x2104, 
	0x2104, 0x2104, 0x2104, 0x2104, 0x2104, 0x2104, 0x2104, 0x2104, 0x2104, 0x2104, 0x2104, 0x20e4, 0x20e4, 0x20e4, 0x20e4, 0x20e4, 
	0x20e4, 0x20e4, 0x20e4, 0x20e4, 0x20e4, 0x20e4, 0x20e4, 0x20e4, 0x20e4, 0x20e4, 0x20e4, 0x2104, 0x2104, 0x2104, 0x2104, 0x20e4, 
	0x2104, 0x2104, 0x2104, 0x2104, 0x2104, 0x2104, 0x2104, 0x2104, 0x2104, 0x20e4, 0x20e4, 0x20e4, 0x20e4, 0x20e4, 0x20e4, 0x20e4, 
	0x20e4, 0x20e4, 0x20e4, 0x20e4, 0x20e4, 0x20e4, 0x20e4, 0x20e4, 0x20e4, 0x20e4, 0x20e4, 0x20e4, 0x20e4, 0x20e4, 0x20e4, 0x20e4, 
	0x20e4, 0x20e4, 0x20e4, 0x20e4, 0x20e4, 0x20e4, 0x20e4, 0x20e4, 0x20e4, 0x20e4, 0x20e4, 0x20e4, 0x20e4, 0x20e4, 0x20e4, 0x20e4, 
	0x20e4, 0x20e4, 0x20e4, 0x20e4, 0x20e4, 0x20e4, 0x20e4, 0xf465, 0xf465, 0xf465, 0xf485, 0x20e4, 0x20e4, 0x20e4, 0x20e4, 0x20e4, 
	0x20e4, 0x20e4, 0x20e4, 0x20e4, 0x20e4, 0x20e4, 0x20e4, 0x20e4, 0x20e4, 0x20e4, 0x20e4, 0x20e4, 0x2104, 0x2104, 0x2104, 0x2104, 
	0x5aeb, 0x5aeb, 0x5aeb, 0x5aeb, 0x5aeb, 0x5aeb, 0x5aeb, 0x5aeb, 0x5aeb, 0x5aeb, 0x5aeb, 0x5aeb, 0x5aeb, 0x5aeb, 0x5aeb, 0x5aeb, 
	0x5aeb, 0x5aeb, 0x5aeb, 0x5aeb, 0x2104, 0x20e4, 0x2104, 0x5aeb, 0x5aeb, 0x5aec, 0x5aeb, 0x2104, 0x20e4, 0x20e4, 0x20e4, 0x20e4, 
	0x20e4, 0x20e4, 0x20e4, 0x20e4, 0x20e4, 0x20e4, 0x20e4, 0x20e4, 0x20e4, 0x20e4, 0x20e4, 0x20e4, 0x20e4, 0x20e4, 0x20e4, 0x20e4, 
	0x20e4, 0x20e4, 0x20e4, 0x20e4, 0x20e4, 0x20e4, 0x20e4, 0x20e4, 0x20e4, 0x20e4, 0x20e4, 0x20e4, 0x20e4, 0x20e4, 0x20e4, 0x20e4, 
	0x2104, 0x2104, 0x20e4, 0x20e4, 0x20e4, 0x20e4, 0x20e4, 0x20e4, 0x20e4, 0x20e4, 0x20e4, 0x20e4, 0x20e4, 0x20e4, 0x20e4, 0x20e4, 
	0x20e4, 0x20e4, 0x20e4, 0x20e4, 0x20e4, 0x20e4, 0x20e4, 0x20e4, 0x20e4, 0x20e4, 0x20e4, 0x20e4, 0x20e4, 0x20e4, 0x20e4, 0x20e4, 
	0x20e4, 0x20e4, 0x20e4, 0x20e4, 0x20e4, 0x20e4, 0x20e4, 0x2104, 0x2104, 0x2104, 0x2104, 0x2104, 0x2104, 0x2104, 0x2104, 0x2104, 
	0x2104, 0x2104, 0x2104, 0x2104, 0x2104, 0x2104, 0x2104, 0x2104, 0x2104, 0x2104, 0x2104, 0x2104, 0x2104, 0x2104, 0x2104, 0x2104, 
	0x2104, 0x2104, 0x2104, 0x2104, 0x2104, 0x2104, 0x2104, 0x2104, 0x2104, 0x2104, 0x2104, 0x20e4, 0x20e4, 0x20e4, 0x20e4, 0x20e4, 
	0x20e4, 0x20e4, 0x20e4, 0x20e4, 0x20e4, 0x20e4, 0x20e4, 0x20e4, 0x20e4, 0x20e4, 0x20e4, 0x2104, 0x2104, 0x2104, 0x20e4, 0x20e4, 
	0x2104, 0x2104, 0x2104, 0x2104, 0x2104, 0x2104, 0x2104, 0x2104, 0x2104, 0x2104, 0x20e4, 0x20e4, 0x20e4, 0x20e4, 0x20e4, 0x20e4, 
	0x20e4, 0x20e4, 0x20e4, 0x20e4, 0x20e4, 0x20e4, 0x20e4, 0x20e4, 0x20e4, 0x20e4, 0x20e4, 0x20e4, 0x20e4, 0x20e4, 0x20e4, 0x20e4, 
	0x20e4, 0x20e4, 0x20e4, 0x20e4, 0x20e4, 0x20e4, 0x20e4, 0x20e4, 0x20e4, 0x20e4, 0x20e4, 0x20e4, 0x20e4, 0x20e4, 0x20e4, 0x20e4, 
	0x20e4, 0x20e4, 0x20e4, 0x20e4, 0x20e4, 0x20e4, 0xf485, 0xf465, 0xf465, 0xf485, 0xa325, 0x20e4, 0x20e4, 0x20e4, 0x20e4, 0x20e4, 
	0x20e4, 0x20e4, 0x20e4, 0x20e4, 0x20e4, 0x20e4, 0x20e4, 0x20e4, 0x20e4, 0x20e4, 0x2104, 0x2104, 0x2104, 0x2104, 0x2104, 0x5aeb, 
	0x5aeb, 0x5aeb, 0x5aeb, 0x5aeb, 0x5aeb, 0x5aeb, 0x5aeb, 0x5aeb, 0x5aeb, 0x5aeb, 0x5aec, 0x5aec, 0x5aeb, 0x5aeb, 0x5aeb, 0x5aeb, 
	0x5aeb, 0x5aeb, 0x5aeb, 0x5acb, 0x2104, 0x20e4, 0x2124, 0x5aeb, 0x5aeb, 0x5aeb, 0x2104, 0x20e4, 0x20e4, 0x20e4, 0x20e4, 0x20e4, 
	0x20e4, 0x20e4, 0x20e4, 0x20e4, 0x20e4, 0x20e4, 0x20e4, 0x20e4, 0x20e4, 0x20e4, 0x20e4, 0x20e4, 0x20e4, 0x20e4, 0x20e4, 0x20e4, 
	0x20e4, 0x20e4, 0x20e4, 0x20e4, 0x20e4, 0x20e4, 0x20e4, 0x20e4, 0x20e4, 0x20e4, 0x20e4, 0x20e4, 0x20e4, 0x20e4, 0x20e4, 0x20e4, 
	0x20e4, 0x20e4, 0x20e4, 0x20e4, 0x20e4, 0x20e4, 0x20e4, 0x20e4, 0x20e4, 0x20e4, 0x20e4, 0x20e4, 0x20e4, 0x20e4, 0x20e4, 0x20e4, 
	0x20e4, 0x20e4, 0x20e4, 0x20e4, 0x20e4, 0x20e4, 0x20e4, 0x20e4, 0x20e4, 0x20e4, 0x20e4, 0x20e4, 0x20e4, 0x20e4, 0x20e4, 0x20e4, 
	0x20e4, 0x20e4, 0x20e4, 0x20e4, 0x20e4, 0x20e4, 0x20e4, 0x20e4, 0x2104, 0x2104, 0x2104, 0x2104, 0x2104, 0x2104, 0x2104, 0x2104, 
	0x2104, 0x2104, 0x2104, 0x2104, 0x2104, 0x2104, 0x2104, 0x2104, 0x2104, 0x2104, 0x2104, 0x2104, 0x2104, 0x2104, 0x2104, 0x2104, 
	0x2104, 0x2104, 0x2104, 0x2104, 0x2104, 0x2104, 0x2104, 0x2104, 0x2104, 0x2104, 0x20e4, 0x20e4, 0x20e4, 0x20e4, 0x20e4, 0x20e4, 
	0x20e4, 0x20e4, 0x20e4, 0x20e4, 0x20e4, 0x20e4, 0x20e4, 0x20e4, 0x20e4, 0x20e4, 0x20e4, 0x2104, 0x2104, 0x2104, 0x20e4, 0x20e4, 
	0x2104, 0x2104, 0x2104, 0x2104, 0x2104, 0x2104, 0x2104, 0x2104, 0x2104, 0x2104, 0x20e4, 0x20e4, 0x20e4, 0x20e4, 0x20e4, 0x20e4, 
	0x20e4, 0x20e4, 0x20e4, 0x20e4, 0x20e4, 0x20e4, 0x20e4, 0x20e4, 0x20e4, 0x20e4, 0x20e4, 0x20e4, 0x20e4, 0x20e4, 0x20e4, 0x20e4, 
	0x20e4, 0x20e4, 0x20e4, 0x20e4, 0x20e4, 0x20e4, 0x20e4, 0x20e4, 0x20e4, 0x20e4, 0x20e4, 0x20e4, 0x20e4, 0x20e4, 0x20e4, 0x20e4, 
	0x20e4, 0x20e4, 0x18e4, 0x20e4, 0x20e4, 0x20e4, 0xf465, 0xf465, 0xf485, 0xf485, 0x20e4, 0x20e4, 0x20e4, 0x20e4, 0x20e4, 0x20e4, 
	0x20e4, 0x20e4, 0x20e4, 0x20e4, 0x20e4, 0x20e4, 0x20e4, 0x20e4, 0x2104, 0x2104, 0x2104, 0x2104, 0x2104, 0x2104, 0x5aeb, 0x5aeb, 
	0x5aeb, 0x5aeb, 0x5aeb, 0x5aeb, 0x5aeb, 0x5aeb, 0x5aeb, 0x5aeb, 0x5aeb, 0x5aeb, 0x5aec, 0x5aec, 0x5aec, 0x5aec, 0x5aec, 0x5aec, 
	0x5aec, 0x630c, 0x630c, 0x2104, 0x2104, 0x2104, 0x5aeb, 0x5aeb, 0x5aec, 0x52aa, 0x20e4, 0x20e4, 0x20e4, 0x20e4, 0x20e4, 0x20e4, 
	0x20e4, 0x20e4, 0x20e4, 0x20e4, 0x20e4, 0x20e4, 0x20e4, 0x20e4, 0x20e4, 0x20e4, 0x20e4, 0x20e4, 0x20e4, 0x20e4, 0x20e4, 0x20e4, 
	0x20e4, 0x20e4, 0x20e4, 0x20e4, 0x20e4, 0x20e4, 0x20e4, 0x20e4, 0x20e4, 0x20e4, 0x20e4, 0x20e4, 0x20e4, 0x20e4, 0x20e4, 0x20e4, 
	0x20e4, 0x20e4, 0x20e4, 0x20e4, 0x20e4, 0x20e4, 0x20e4, 0x20e4, 0x20e4, 0x20e4, 0x20e4, 0x20e4, 0x20e4, 0x20e4, 0x20e4, 0x20e4, 
	0x20e4, 0x20e4, 0x20e4, 0x20e4, 0x20e4, 0x20e4, 0x20e4, 0x20e4, 0x20e4, 0x20e4, 0x20e4, 0x20e4, 0x20e4, 0x20e4, 0x20e4, 0x20e4, 
	0x20e4, 0x20e4, 0x20e4, 0x20e4, 0x20e4, 0x20e4, 0x20e4, 0x20e4, 0x20e4, 0x20e4, 0x20e4, 0x2104, 0x2104, 0x2104, 0x2104, 0x20e4, 
	0x20e4, 0x20e4, 0x20e4, 0x2104, 0x2104, 0x2104, 0x2104, 0x20e4, 0x20e4, 0x20e4, 0x20e4, 0x20e4, 0x20e4, 0x20e4, 0x20e4, 0x20e4, 
	0x20e4, 0x20e4, 0x2104, 0x2104, 0x2104, 0x2104, 0x2104, 0x20e4, 0x20e4, 0x20e4, 0x20e4, 0x20e4, 0x20e4, 0x20e4, 0x20e4, 0x20e4, 
	0x20e4, 0x20e4, 0x20e4, 0x20e4, 0x20e4, 0x20e4, 0x20e4, 0x20e4, 0x20e4, 0x20e4, 0x20e4, 0x2104, 0x2104, 0x2104, 0x20e4, 0x20e4, 
	0x2104, 0x2104, 0x2104, 0x2104, 0x2104, 0x2104, 0x2104, 0x2104, 0x2104, 0x2104, 0x20e4, 0x20e4, 0x20e4, 0x20e4, 0x20e4, 0x20e4, 
	0x20e4, 0x20e4, 0x20e4, 0x20e4, 0x20e4, 0x20e4, 0x20e4, 0x20e4, 0x20e4, 0x20e4, 0x20e4, 0x20e4, 0x20e4, 0x20e4, 0x20e4, 0x20e4, 
	0x20e4, 0x20e4, 0x20e4, 0x20e4, 0x20e4, 0x20e4, 0x20e4, 0x20e4, 0x20e4, 0x20e4, 0x20e4, 0x20e4, 0x20e4, 0x20e4, 0x20e4, 0x20e4, 
	0x20e4, 0x18e4, 0x20e4, 0x20e4, 0x20e4, 0xf465, 0xf465, 0xf465, 0xf485, 0x2104, 0x20e4, 0x20e4, 0x20e4, 0x20e4, 0x20e4, 0x20e4, 
	0x20e4, 0x20e4, 0x20e4, 0x20e4, 0x20e4, 0x20e4, 0x20e4, 0x20e4, 0x2104, 0x2104, 0x2104, 0x2104, 0x2104, 0x2104, 0x2104, 0x2104, 
	0x2104, 0x20e4, 0x2104, 0x2104, 0x2104, 0x2104, 0x2104, 0x2925, 0x4228, 0x5aeb, 0x5b0c, 0x5b0c, 0x5aec, 0x5aec, 0x630c, 0x630c, 
	0x630c, 0x630c, 0x5aeb, 0x2104, 0x2104, 0x2945, 0x5b0c, 0x630c, 0x630c, 0x20e4, 0x20e4, 0x20e4, 0x20e4, 0x20e4, 0x20e4, 0x20e4, 
	0x20e4, 0x20e4, 0x20e4, 0x20e4, 0x20e4, 0x20e4, 0x20e4, 0x20e4, 0x20e4, 0x20e4, 0x20e4, 0x20e4, 0x20e4, 0x20e4, 0x20e4, 0x20e4, 
	0x20e4, 0x20e4, 0x20e4, 0x20e4, 0x20e4, 0x20e4, 0x20e4, 0x20e4, 0x20e4, 0x20e4, 0x20e4, 0x20e4, 0x20e4, 0x20e4, 0x20e4, 0x20e4, 
	0x20e4, 0x20e4, 0x20e4, 0x20e4, 0x20e4, 0x20e4, 0x20e4, 0x20e4, 0x20e4, 0x20e4, 0x20e4, 0x20e4, 0x20e4, 0x20e4, 0x20e4, 0x20e4, 
	0x20e4, 0x20e4, 0x20e4, 0x20e4, 0x20e4, 0x20e4, 0x20e4, 0x20e4, 0x20e4, 0x20e4, 0x20e4, 0x20e4, 0x20e4, 0x20e4, 0x20e4, 0x20e4, 
	0x20e4, 0x20e4, 0x20e4, 0x20e4, 0x20e4, 0x20e4, 0x20e4, 0x20e4, 0x20e4, 0x20e4, 0x20e4, 0x20e4, 0x20e4, 0x20e4, 0x20e4, 0x20e4, 
	0x20e4, 0x20e4, 0x20e4, 0x20e4, 0x20e4, 0x20e4, 0x20e4, 0x20e4, 0x20e4, 0x20e4, 0x20e4, 0x20e4, 0x20e4, 0x20e4, 0x20e4, 0x20e4, 
	0x20e4, 0x20e4, 0x20e4, 0x20e4, 0x20e4, 0x2104, 0x20e4, 0x20e4, 0x20e4, 0x20e4, 0x20e4, 0x20e4, 0x20e4, 0x20e4, 0x20e4, 0x20e4, 
	0x20e4, 0x20e4, 0x20e4, 0x20e4, 0x20e4, 0x20e4, 0x20e4, 0x20e4, 0x20e4, 0x20e4, 0x2104, 0x2104, 0x2104, 0x2104, 0x20e4, 0x20e4, 
	0x2104, 0x2104, 0x2104, 0x2104, 0x2104, 0x2104, 0x2104, 0x2104, 0x2104, 0x2104, 0x2104, 0x20e4, 0x20e4, 0x20e4, 0x20e4, 0x20e4, 
	0x20e4, 0x20e4, 0x20e4, 0x20e4, 0x20e4, 0x20e4, 0x20e4, 0x20e4, 0x20e4, 0x20e4, 0x20e4, 0x20e4, 0x20e4, 0x20e4, 0x20e4, 0x20e4, 
	0x20e4, 0x20e4, 0x20e4, 0x20e4, 0x20e4, 0x20e4, 0x20e4, 0x20e4, 0x20e4, 0x20e4, 0x20e4, 0x20e4, 0x20e4, 0x20e4, 0x20e4, 0x20e4, 
	0x20e4, 0x18e4, 0x20e4, 0x20e4, 0x82a4, 0xf465, 0xf465, 0xf485, 0xdc05, 0x20e4, 0x20e4, 0x20e4, 0x20e4, 0x20e4, 0x20e4, 0x20e4, 
	0x20e4, 0x20e4, 0x20e4, 0x18e4, 0x18e4, 0x20e4, 0x20e4, 0x20e4, 0x2104, 0x2104, 0x2104, 0x2104, 0x2104, 0x2104, 0x2104, 0x2104, 
	0x20e4, 0x20e4, 0x20e4, 0x2104, 0x2104, 0x2104, 0x2104, 0x2104, 0x2104, 0x2104, 0x2104, 0x3186, 0x5aeb, 0x630c, 0x630c, 0x630c, 
	0x630c, 0x630c, 0x2104, 0x2104, 0x2104, 0x630c, 0x630c, 0x630c, 0x52aa, 0x18e4, 0x20e4, 0x20e4, 0x20e4, 0x20e4, 0x20e4, 0x20e4, 
	0x20e4, 0x20e4, 0x20e4, 0x20e4, 0x20e4, 0x20e4, 0x20e4, 0x20e4, 0x20e4, 0x20e4, 0x20e4, 0x20e4, 0x20e4, 0x20e4, 0x20e4, 0x20e4, 
	0x20e4, 0x20e4, 0x20e4, 0x20e4, 0x20e4, 0x20e4, 0x20e4, 0x20e4, 0x20e4, 0x20e4, 0x20e4, 0x20e4, 0x20e4, 0x20e4, 0x20e4, 0x20e4, 
	0x20e4, 0x20e4, 0x20e4, 0x20e4, 0x20e4, 0x20e4, 0x20e4, 0x20e4, 0x20e4, 0x20e4, 0x20e4, 0x20e4, 0x20e4, 0x20e4, 0x20e4, 0x20e4, 
	0x20e4, 0x20e4, 0x20e4, 0x20e4, 0x20e4, 0x20e4, 0x20e4, 0x20e4, 0x20e4, 0x20e4, 0x20e4, 0x20e4, 0x20e4, 0x20e4, 0x20e4, 0x20e4, 
	0x20e4, 0x20e4, 0x20e4, 0x20e4, 0x20e4, 0x20e4, 0x20e4, 0x20e4, 0x20e4, 0x20e4, 0x20e4, 0x20e4, 0x20e4, 0x20e4, 0x20e4, 0x20e4, 
	0x20e4, 0x20e4, 0x20e4, 0x20e4, 0x20e4, 0x20e4, 0x20e4, 0x20e4, 0x20e4, 0x20e4, 0x20e4, 0x20e4, 0x20e4, 0x20e4, 0x20e4, 0x20e4, 
	0x20e4, 0x20e4, 0x20e4, 0x20e4, 0x20e4, 0x20e4, 0x20e4, 0x20e4, 0x20e4, 0x20e4, 0x20e4, 0x20e4, 0x20e4, 0x20e4, 0x20e4, 0x20e4, 
	0x20e4, 0x20e4, 0x20e4, 0x20e4, 0x20e4, 0x20e4, 0x2104, 0x20e4, 0x2104, 0x2104, 0x2104, 0x2104, 0x2104, 0x2104, 0x2104, 0x20e4, 
	0x2104, 0x2104, 0x2104, 0x2104, 0x2104, 0x2104, 0x2104, 0x2104, 0x2104, 0x2104, 0x2104, 0x20e4, 0x20e4, 0x20e4, 0x20e4, 0x20e4, 
	0x20e4, 0x20e4, 0x20e4, 0x20e4, 0x20e4, 0x20e4, 0x20e4, 0x20e4, 0x20e4, 0x20e4, 0x20e4, 0x20e4, 0x20e4, 0x20e4, 0x20e4, 0x20e4, 
	0x20e4, 0x20e4, 0x20e4, 0x20e4, 0x20e4, 0x20e4, 0x20e4, 0x20e4, 0x20e4, 0x20e4, 0x20e4, 0x20e4, 0x20e4, 0x20e4, 0x20e4, 0x20e4, 
	0x20e4, 0x18e4, 0x20e4, 0x20e4, 0xf485, 0xf465, 0xf485, 0xf485, 0x20e4, 0x20e4, 0x20e4, 0x20e4, 0x20e4, 0x20e4, 0x20e4, 0x20e4, 
	0x20e4, 0x20e4, 0x18e4, 0x18e4, 0x18e4, 0x20e4, 0x20e4, 0x20e4, 0x4228, 0x8410, 0x8c71, 0x8c51, 0x8c71, 0x9492, 0x9492, 0x9472, 
	0x8c71, 0x8c71, 0xc48c, 0xf465, 0xf485, 0xf465, 0xec65, 0xec65, 0x82e7, 0x2966, 0x20e4, 0x20e4, 0x20e4, 0x4a69, 0x630c, 0x630c, 
	0x630c, 0x52ab, 0x2104, 0x2104, 0x2965, 0x630c, 0x630c, 0x630c, 0x20e4, 0x20e4, 0x20e4, 0x20e4, 0x20e4, 0x20e4, 0x20e4, 0x20e4, 
	0x20e4, 0x20e4, 0x20e4, 0x20e4, 0x20e4, 0x20e4, 0x20e4, 0x20e4, 0x20e4, 0x20e4, 0x20e4, 0x20e4, 0x20e4, 0x20e4, 0x20e4, 0x20e4, 
	0x20e4, 0x20e4, 0x20e4, 0x20e4, 0x20e4, 0x20e4, 0x20e4, 0x20e4, 0x20e4, 0x20e4, 0x20e4, 0x20e4, 0x20e4, 0x20e4, 0x20e4, 0x20e4, 
	0x20e4, 0x20e4, 0x20e4, 0x20e4, 0x20e4, 0x20e4, 0x20e4, 0x20e4, 0x20e4, 0x20e4, 0x20e4, 0x20e4, 0x20e4, 0x20e4, 0x20e4, 0x20e4, 
	0x20e4, 0x20e4, 0x20e4, 0x20e4, 0x20e4, 0x20e4, 0x20e4, 0x20e4, 0x20e4, 0x20e4, 0x20e4, 0x20e4, 0x20e4, 0x20e4, 0x20e4, 0x20e4, 
	0x20e4, 0x20e4, 0x20e4, 0x20e4, 0x20e4, 0x20e4, 0x20e4, 0x20e4, 0x20e4, 0x20e4, 0x20e4, 0x20e4, 0x20e4, 0x20e4, 0x20e4, 0x20e4, 
	0x20e4, 0x20e4, 0x20e4, 0x20e4, 0x20e4, 0x20e4, 0x20e4, 0x20e4, 0x20e4, 0x20e4, 0x20e4, 0x20e4, 0x20e4, 0x20e4, 0x20e4, 0x20e4, 
	0x20e4, 0x20e4, 0x20e4, 0x20e4, 0x20e4, 0x20e4, 0x20e4, 0x20e4, 0x20e4, 0x20e4, 0x20e4, 0x20e4, 0x20e4, 0x20e4, 0x20e4, 0x20e4, 
	0x20e4, 0x20e4, 0x20e4, 0x20e4, 0x20e4, 0x20e4, 0x2104, 0x2104, 0x2104, 0x2104, 0x2104, 0x2104, 0x2104, 0x2104, 0x2104, 0x2104, 
	0x2104, 0x2104, 0x2104, 0x2104, 0x2104, 0x2104, 0x2104, 0x2104, 0x2104, 0x2104, 0x2104, 0x2104, 0x20e4, 0x20e4, 0x20e4, 0x20e4, 
	0x20e4, 0x20e4, 0x20e4, 0x2104, 0x2104, 0x20e4, 0x20e4, 0x20e4, 0x20e4, 0x20e4, 0x20e4, 0x20e4, 0x20e4, 0x20e4, 0x20e4, 0x20e4, 
	0x20e4, 0x20e4, 0x20e4, 0x20e4, 0x20e4, 0x20e4, 0x20e4, 0x20e4, 0x20e4, 0x20e4, 0x20e4, 0x20e4, 0x20e4, 0x20e4, 0x20e4, 0x20e4, 
	0x20e4, 0x20e4, 0x20e4, 0x51c4, 0xf465, 0xf465, 0xf485, 0x92c4, 0x20e4, 0x20e4, 0x20e4, 0x2104, 0x20e4, 0x20e4, 0x20e4, 0x20e4, 
	0x20e4, 0x20e4, 0x18e4, 0x18e4, 0x18e3, 0x18e3, 0x528a, 0x8c71, 0x8c71, 0x8c71, 0x8c71, 0x8c71, 0x8c71, 0x8c71, 0x8c71, 0x8c51, 
	0xf445, 0xf465, 0xf465, 0xf465, 0xf465, 0xf465, 0xf445, 0xf445, 0xf445, 0xf465, 0xdc89, 0x4a49, 0x18e4, 0x2104, 0x39c7, 0x630c, 
	0x630c, 0x2104, 0x2104, 0x2104, 0x62ec, 0x630c, 0x630c, 0x4a69, 0x20e4, 0x20e4, 0x39e7, 0x20e4, 0x20e4, 0x20e4, 0x20e4, 0x20e4, 
	0x20e4, 0x20e4, 0x20e4, 0x20e4, 0x20e4, 0x20e4, 0x20e4, 0x20e4, 0x20e4, 0x20e4, 0x20e4, 0x20e4, 0x20e4, 0x20e4, 0x20e4, 0x20e4, 
	0x20e4, 0x20e4, 0x20e4, 0x20e4, 0x20e4, 0x20e4, 0x20e4, 0x20e4, 0x20e4, 0x20e4, 0x20e4, 0x20e4, 0x20e4, 0x20e4, 0x20e4, 0x20e4, 
	0x20e4, 0x20e4, 0x20e4, 0x20e4, 0x20e4, 0x20e4, 0x20e4, 0x20e4, 0x20e4, 0x20e4, 0x20e4, 0x20e4, 0x20e4, 0x20e4, 0x20e4, 0x20e4, 
	0x20e4, 0x20e4, 0x20e4, 0x20e4, 0x20e4, 0x20e4, 0x20e4, 0x20e4, 0x20e4, 0x20e4, 0x20e4, 0x20e4, 0x20e4, 0x20e4, 0x20e4, 0x20e4, 
	0x20e4, 0x20e4, 0x20e4, 0x20e4, 0x20e4, 0x20e4, 0x20e4, 0x20e4, 0x20e4, 0x20e4, 0x20e4, 0x20e4, 0x20e4, 0x20e4, 0x20e4, 0x20e4, 
	0x20e4, 0x20e4, 0x20e4, 0x20e4, 0x20e4, 0x20e4, 0x20e4, 0x20e4, 0x20e4, 0x20e4, 0x20e4, 0x20e4, 0x20e4, 0x20e4, 0x20e4, 0x20e4, 
	0x20e4, 0x20e4, 0x20e4, 0x20e4, 0x20e4, 0x20e4, 0x20e4, 0x20e4, 0x20e4, 0x20e4, 0x20e4, 0x20e4, 0x20e4, 0x20e4, 0x20e4, 0x20e4, 
	0x20e4, 0x20e4, 0x20e4, 0x20e4, 0x20e4, 0x20e4, 0x2104, 0x2104, 0x2104, 0x2104, 0x2104, 0x2104, 0x2104, 0x2104, 0x2104, 0x2104, 
	0x2104, 0x2104, 0x2104, 0x2104, 0x2104, 0x2104, 0x2104, 0x2104, 0x2104, 0x2104, 0x2104, 0x2104, 0x2104, 0x20e4, 0x20e4, 0x20e4, 
	0x20e4, 0x20e4, 0x20e4, 0x20e4, 0x20e4, 0x20e4, 0x20e4, 0x20e4, 0x20e4, 0x20e4, 0x20e4, 0x20e4, 0x20e4, 0x20e4, 0x20e4, 0x20e4, 
	0x20e4, 0x20e4, 0x20e4, 0x20e4, 0x20e4, 0x20e4, 0x20e4, 0x20e4, 0x20e4, 0x20e4, 0x20e4, 0x20e4, 0x20e4, 0x20e4, 0x20e4, 0x20e4, 
	0x20e4, 0x20e4, 0x20e4, 0xf465, 0xf465, 0xf485, 0xf485, 0x20e4, 0x20e4, 0x20e4, 0x20e4, 0x2104, 0x20e4, 0x20e4, 0x20e4, 0x20e4, 
	0x20e4, 0x18e4, 0x18e4, 0x18e4, 0x18e3, 0x632c, 0x8c71, 0x8c71, 0x8c71, 0x8c71, 0x8c71, 0x8c71, 0x8c71, 0x8c71, 0xb46c, 0xf465, 
	0xf465, 0xf485, 0xf465, 0xf465, 0xf465, 0xf465, 0xf445, 0xf445, 0xf445, 0xf445, 0xf465, 0xec65, 0x8430, 0x2104, 0x2104, 0x4208, 
	0x4a49, 0x2104, 0x2104, 0x3186, 0x5aeb, 0x630c, 0x630c, 0x2104, 0x20e4, 0x20e4, 0x7bcf, 0x2104, 0x20e4, 0x20e4, 0x20e4, 0x20e4, 
	0x20e4, 0x20e4, 0x20e4, 0x20e4, 0x20e4, 0x20e4, 0x20e4, 0x20e4, 0x20e4, 0x20e4, 0x20e4, 0x20e4, 0x20e4, 0x20e4, 0x20e4, 0x20e4, 
	0x20e4, 0x20e4, 0x20e4, 0x20e4, 0x20e4, 0x20e4, 0x20e4, 0x20e4, 0x20e4, 0x20e4, 0x20e4, 0x20e4, 0x20e4, 0x20e4, 0x20e4, 0x20e4, 
	0x20e4, 0x20e4, 0x20e4, 0x20e4, 0x20e4, 0x20e4, 0x20e4, 0x20e4, 0x20e4, 0x20e4, 0x20e4, 0x20e4, 0x20e4, 0x20e4, 0x20e4, 0x20e4, 
	0x20e4, 0x20e4, 0x20e4, 0x20e4, 0x20e4, 0x20e4, 0x20e4, 0x20e4, 0x20e4, 0x20e4, 0x20e4, 0x20e4, 0x20e4, 0x20e4, 0x20e4, 0x20e4, 
	0x20e4, 0x20e4, 0x20e4, 0x20e4, 0x20e4, 0x20e4, 0x20e4, 0x20e4, 0x20e4, 0x20e4, 0x20e4, 0x20e4, 0x20e4, 0x20e4, 0x20e4, 0x20e4, 
	0x20e4, 0x20e4, 0x20e4, 0x20e4, 0x20e4, 0x20e4, 0x20e4, 0x20e4, 0x20e4, 0x20e4, 0x20e4, 0x20e4, 0x20e4, 0x20e4, 0x20e4, 0x20e4, 
	0x20e4, 0x20e4, 0x20e4, 0x20e4, 0x20e4, 0x20e4, 0x20e4, 0x20e4, 0x20e4, 0x20e4, 0x20e4, 0x20e4, 0x20e4, 0x20e4, 0x20e4, 0x20e4, 
	0x20e4, 0x20e4, 0x20e4, 0x20e4, 0x20e4, 0x20e4, 0x2104, 0x2104, 0x2104, 0x2104, 0x2104, 0x2104, 0x2104, 0x2104, 0x2104, 0x2104, 
	0x2104, 0x2104, 0x2104, 0x2104, 0x2104, 0x2104, 0x2104, 0x2104, 0x2104, 0x2104, 0x2104, 0x2104, 0x2104, 0x2104, 0x2104, 0x20e4, 
	0x20e4, 0x20e4, 0x20e4, 0x20e4, 0x20e4, 0x20e4, 0x20e4, 0x20e4, 0x20e4, 0x20e4, 0x20e4, 0x20e4, 0x20e4, 0x20e4, 0x20e4, 0x20e4, 
	0x20e4, 0x20e4, 0x20e4, 0x20e4, 0x20e4, 0x20e4, 0x20e4, 0x20e4, 0x20e4, 0x20e4, 0x20e4, 0x20e4, 0x20e4, 0x20e4, 0x20e4, 0x20e4, 
	0x20e4, 0x20e4, 0x20e4, 0xf465, 0xf485, 0xf485, 0xab45, 0x20e4, 0x20e4, 0x20e4, 0x20e4, 0x20e4, 0x20e4, 0x20e4, 0x20e4, 0x20e4, 
	0x20e4, 0x18e4, 0x18e4, 0x18e4, 0x2124, 0x8c71, 0x8c71, 0x8c71, 0x8c71, 0x8c71, 0x8c71, 0x8c71, 0x8c71, 0xf465, 0xf485, 0xf485, 
	0xf485, 0xf485, 0xf465, 0xf485, 0xf485, 0xf465, 0xf465, 0xf445, 0xf445, 0xf445, 0xf465, 0xf465, 0xf485, 0xbbe7, 0x2104, 0x2104, 
	0x2104, 0x2104, 0x2104, 0x5aeb, 0x5aeb, 0x630c, 0x3186, 0x20e4, 0x20e4, 0x6b6d, 0x738e, 0x20e4, 0x20e4, 0x20e4, 0x20e4, 0x20e4, 
	0x20e4, 0x20e4, 0x20e4, 0x20e4, 0x20e4, 0x20e4, 0x20e4, 0x20e4, 0x20e4, 0x20e4, 0x20e4, 0x20e4, 0x20e4, 0x20e4, 0x20e4, 0x20e4, 
	0x20e4, 0x20e4, 0x20e4, 0x20e4, 0x20e4, 0x20e4, 0x20e4, 0x20e4, 0x20e4, 0x20e4, 0x20e4, 0x20e4, 0x20e4, 0x20e4, 0x20e4, 0x20e4, 
	0x20e4, 0x20e4, 0x20e4, 0x20e4, 0x20e4, 0x20e4, 0x20e4, 0x20e4, 0x20e4, 0x20e4, 0x20e4, 0x20e4, 0x20e4, 0x20e4, 0x20e4, 0x20e4, 
	0x20e4, 0x20e4, 0x20e4, 0x20e4, 0x20e4, 0x20e4, 0x20e4, 0x20e4, 0x20e4, 0x20e4, 0x20e4, 0x20e4, 0x20e4, 0x20e4, 0x20e4, 0x20e4, 
	0x20e4, 0x20e4, 0x20e4, 0x20e4, 0x20e4, 0x20e4, 0x20e4, 0x20e4, 0x20e4, 0x20e4, 0x20e4, 0x20e4, 0x20e4, 0x20e4, 0x20e4, 0x20e4, 
	0x20e4, 0x20e4, 0x20e4, 0x20e4, 0x20e4, 0x20e4, 0x20e4, 0x20e4, 0x20e4, 0x20e4, 0x20e4, 0x20e4, 0x20e4, 0x20e4, 0x20e4, 0x20e4, 
	0x20e4, 0x20e4, 0x20e4, 0x20e4, 0x20e4, 0x20e4, 0x20e4, 0x20e4, 0x20e4, 0x20e4, 0x20e4, 0x20e4, 0x20e4, 0x20e4, 0x20e4, 0x20e4, 
	0x20e4, 0x20e4, 0x20e4, 0x20e4, 0x20e4, 0x20e4, 0x2104, 0x2104, 0x2104, 0x2104, 0x2104, 0x2104, 0x2104, 0x2104, 0x2104, 0x2104, 
	0x2104, 0x2104, 0x2104, 0x2104, 0x2104, 0x2104, 0x2104, 0x2104, 0x2104, 0x2104, 0x2104, 0x2104, 0x2104, 0x2104, 0x2104, 0x20e4, 
	0x20e4, 0x20e4, 0x20e4, 0x20e4, 0x20e4, 0x20e4, 0x20e4, 0x20e4, 0x20e4, 0x20e4, 0x20e4, 0x20e4, 0x20e4, 0x20e4, 0x20e4, 0x20e4, 
	0x20e4, 0x20e4, 0x20e4, 0x20e4, 0x20e4, 0x20e4, 0x20e4, 0x20e4, 0x20e4, 0x20e4, 0x20e4, 0x20e4, 0x20e4, 0x20e4, 0x20e4, 0x20e4, 
	0x20e4, 0x20e4, 0xf485, 0xf465, 0xf485, 0xf485, 0x20e4, 0x20e4, 0x20e4, 0x20e4, 0x20e4, 0x20e4, 0x20e4, 0x20e4, 0x20e4, 0x20e4, 
	0x20e4, 0x18e4, 0x18e4, 0x20e4, 0x8c51, 0x8c71, 0x8c71, 0x8c71, 0x8c71, 0x8c71, 0x8c71, 0x8c71, 0xf485, 0xf485, 0xf485, 0xf485, 
	0xf485, 0xf465, 0xf485, 0xb42a, 0x6b4d, 0x738e, 0x8430, 0xbc4b, 0xf445, 0xf445, 0xf465, 0xf465, 0xf465, 0xf485, 0x49e5, 0x20e4, 
	0x20e4, 0x2104, 0x39c7, 0x5acb, 0x5aeb, 0x5aeb, 0x20e4, 0x18e3, 0x2945, 0x6b6d, 0x738e, 0x20e4, 0x20e4, 0x20e4, 0x20e4, 0x20e4, 
	0x20e4, 0x20e4, 0x20e4, 0x20e4, 0x20e4, 0x20e4, 0x20e4, 0x20e4, 0x20e4, 0x20e4, 0x20e4, 0x20e4, 0x20e4, 0x20e4, 0x20e4, 0x20e4, 
	0x20e4, 0x20e4, 0x20e4, 0x20e4, 0x20e4, 0x20e4, 0x20e4, 0x20e4, 0x20e4, 0x20e4, 0x20e4, 0x20e4, 0x20e4, 0x20e4, 0x20e4, 0x20e4, 
	0x20e4, 0x20e4, 0x20e4, 0x20e4, 0x20e4, 0x20e4, 0x20e4, 0x20e4, 0x20e4, 0x20e4, 0x20e4, 0x20e4, 0x20e4, 0x20e4, 0x20e4, 0x20e4, 
	0x20e4, 0x20e4, 0x20e4, 0x20e4, 0x20e4, 0x20e4, 0x20e4, 0x20e4, 0x20e4, 0x20e4, 0x20e4, 0x20e4, 0x20e4, 0x20e4, 0x20e4, 0x20e4, 
	0x20e4, 0x20e4, 0x20e4, 0x20e4, 0x20e4, 0x20e4, 0x20e4, 0x20e4, 0x20e4, 0x20e4, 0x20e4, 0x20e4, 0x20e4, 0x20e4, 0x20e4, 0x20e4, 
	0x20e4, 0x20e4, 0x20e4, 0x20e4, 0x20e4, 0x20e4, 0x20e4, 0x20e4, 0x20e4, 0x20e4, 0x20e4, 0x20e4, 0x20e4, 0x20e4, 0x20e4, 0x20e4, 
	0x20e4, 0x20e4, 0x20e4, 0x20e4, 0x20e4, 0x20e4, 0x20e4, 0x20e4, 0x20e4, 0x20e4, 0x20e4, 0x20e4, 0x20e4, 0x20e4, 0x20e4, 0x20e4, 
	0x20e4, 0x20e4, 0x20e4, 0x20e4, 0x20e4, 0x20e4, 0x20e4, 0x2104, 0x2104, 0x2104, 0x2104, 0x2104, 0x2104, 0x2104, 0x2104, 0x2104, 
	0x2104, 0x2104, 0x2104, 0x2104, 0x2104, 0x2104, 0x2104, 0x2104, 0x2104, 0x2104, 0x2104, 0x2104, 0x2104, 0x2104, 0x2104, 0x2104, 
	0x20e4, 0x20e4, 0x20e4, 0x20e4, 0x20e4, 0x20e4, 0x20e4, 0x20e4, 0x20e4, 0x20e4, 0x20e4, 0x20e4, 0x20e4, 0x20e4, 0x20e4, 0x20e4, 
	0x20e4, 0x20e4, 0x20e4, 0x20e4, 0x20e4, 0x20e4, 0x20e4, 0x20e4, 0x20e4, 0x20e4, 0x20e4, 0x20e4, 0x20e4, 0x20e4, 0x20e4, 0x20e4, 
	0x20e4, 0x20e4, 0xf465, 0xf465, 0xf485, 0xc3a5, 0x20e4, 0x20e4, 0x20e4, 0x20e4, 0x20e4, 0x20e4, 0x20e4, 0x20e4, 0x20e4, 0x20e4, 
	0x20e4, 0x18e4, 0x18e4, 0x18e4, 0x8c71, 0x8c71, 0x8c71, 0x8c71, 0x8c71, 0x8c71, 0x8c71, 0xf485, 0xf485, 0xf485, 0xf485, 0xf485, 
	0xf465, 0x2925, 0x2104, 0x2104, 0x2104, 0x2104, 0x2104, 0x2104, 0x3186, 0x9450, 0xf465, 0xf465, 0xf465, 0xf465, 0xf485, 0x20e4, 
	0x20e4, 0x20e4, 0x5acb, 0x5acb, 0x5acb, 0x2124, 0x20e4, 0x20e4, 0x52aa, 0x738e, 0x9492, 0x4208, 0x20e4, 0x20e4, 0x20e4, 0x20e4, 
	0x20e4, 0x20e4, 0x20e4, 0x20e4, 0x20e4, 0x20e4, 0x20e4, 0x20e4, 0x20e4, 0x20e4, 0x20e4, 0x20e4, 0x20e4, 0x20e4, 0x20e4, 0x20e4, 
	0x20e4, 0x20e4, 0x20e4, 0x20e4, 0x20e4, 0x20e4, 0x20e4, 0x20e4, 0x20e4, 0x20e4, 0x20e4, 0x20e4, 0x20e4, 0x20e4, 0x20e4, 0x20e4, 
	0x20e4, 0x20e4, 0x20e4, 0x20e4, 0x20e4, 0x20e4, 0x20e4, 0x20e4, 0x20e4, 0x20e4, 0x20e4, 0x20e4, 0x20e4, 0x20e4, 0x20e4, 0x20e4, 
	0x20e4, 0x20e4, 0x20e4, 0x20e4, 0x20e4, 0x20e4, 0x20e4, 0x20e4, 0x20e4, 0x20e4, 0x20e4, 0x20e4, 0x20e4, 0x20e4, 0x20e4, 0x20e4, 
	0x20e4, 0x20e4, 0x20e4, 0x20e4, 0x20e4, 0x20e4, 0x20e4, 0x20e4, 0x20e4, 0x20e4, 0x20e4, 0x20e4, 0x20e4, 0x20e4, 0x20e4, 0x20e4, 
	0x20e4, 0x20e4, 0x20e4, 0x20e4, 0x20e4, 0x20e4, 0x20e4, 0x20e4, 0x20e4, 0x20e4, 0x20e4, 0x20e4, 0x20e4, 0x20e4, 0x20e4, 0x20e4, 
	0x20e4, 0x20e4, 0x20e4, 0x20e4, 0x20e4, 0x20e4, 0x20e4, 0x20e4, 0x20e4, 0x20e4, 0x20e4, 0x20e4, 0x20e4, 0x20e4, 0x20e4, 0x20e4, 
	0x20e4, 0x20e4, 0x20e4, 0x20e4, 0x20e4, 0x20e4, 0x20e4, 0x2104, 0x2104, 0x2104, 0x2104, 0x2104, 0x2104, 0x2104, 0x2104, 0x2104, 
	0x2104, 0x2104, 0x2104, 0x2104, 0x2104, 0x2104, 0x2104, 0x2104, 0x2104, 0x2104, 0x2104, 0x2104, 0x2104, 0x2104, 0x2104, 0x2104, 
	0x2104, 0x20e4, 0x20e4, 0x20e4, 0x20e4, 0x20e4, 0x20e4, 0x20e4, 0x20e4, 0x20e4, 0x20e4, 0x20e4, 0x20e4, 0x20e4, 0x20e4, 0x20e4, 
	0x20e4, 0x20e4, 0x20e4, 0x20e4, 0x20e4, 0x20e4, 0x20e4, 0x20e4, 0x20e4, 0x20e4, 0x20e4, 0x20e4, 0x20e4, 0x20e4, 0x20e4, 0x20e4, 
	0x20e4, 0xb365, 0xf465, 0xf465, 0xf465, 0x20e4, 0x20e4, 0x20e4, 0x20e4, 0x20e4, 0x20e4, 0x20e4, 0x20e4, 0x20e4, 0x20e4, 0x20e4, 
	0x20e4, 0x18e4, 0x18e4, 0x2945, 0x8c71, 0x8c71, 0x8c71, 0x8c71, 0x8c71, 0x8c71, 0xf485, 0xf485, 0xf485, 0xf485, 0xf485, 0x6245, 
	0x2104, 0x2104, 0x2104, 0x2104, 0x2104, 0x2104, 0x2104, 0x2104, 0x2104, 0x2104, 0x6b6d, 0xf465, 0xf465, 0xf465, 0xf465, 0xf465, 
	0x20e4, 0x4228, 0x5aeb, 0x5acb, 0x528a, 0x2104, 0x20e4, 0x20e4, 0x31c7, 0x8c72, 0x9492, 0x7bef, 0x2104, 0x20e4, 0x20e4, 0x20e4, 
	0x20e4, 0x20e4, 0x20e4, 0x20e4, 0x20e4, 0x20e4, 0x20e4, 0x20e4, 0x20e4, 0x20e4, 0x20e4, 0x20e4, 0x20e4, 0x20e4, 0x20e4, 0x20e4, 
	0x20e4, 0x20e4, 0x20e4, 0x20e4, 0x20e4, 0x20e4, 0x20e4, 0x20e4, 0x20e4, 0x20e4, 0x20e4, 0x20e4, 0x20e4, 0x20e4, 0x20e4, 0x20e4, 
	0x20e4, 0x20e4, 0x20e4, 0x20e4, 0x20e4, 0x20e4, 0x20e4, 0x20e4, 0x20e4, 0x20e4, 0x20e4, 0x20e4, 0x20e4, 0x20e4, 0x20e4, 0x20e4, 
	0x20e4, 0x20e4, 0x20e4, 0x20e4, 0x20e4, 0x20e4, 0x20e4, 0x20e4, 0x20e4, 0x20e4, 0x20e4, 0x20e4, 0x20e4, 0x20e4, 0x20e4, 0x20e4, 
	0x20e4, 0x20e4, 0x20e4, 0x20e4, 0x20e4, 0x20e4, 0x20e4, 0x20e4, 0x20e4, 0x20e4, 0x20e4, 0x20e4, 0x20e4, 0x20e4, 0x20e4, 0x20e4, 
	0x20e4, 0x20e4, 0x20e4, 0x20e4, 0x20e4, 0x20e4, 0x20e4, 0x20e4, 0x20e4, 0x20e4, 0x20e4, 0x20e4, 0x20e4, 0x20e4, 0x20e4, 0x20e4, 
	0x20e4, 0x20e4, 0x20e4, 0x20e4, 0x20e4, 0x20e4, 0x20e4, 0x20e4, 0x20e4, 0x20e4, 0x20e4, 0x20e4, 0x20e4, 0x20e4, 0x20e4, 0x20e4, 
	0x20e4, 0x20e4, 0x20e4, 0x20e4, 0x20e4, 0x20e4, 0x20e4, 0x20e4, 0x2104, 0x2104, 0x2104, 0x2104, 0x2104, 0x2104, 0x2104, 0x2104, 
	0x2104, 0x2104, 0x2104, 0x2104, 0x2104, 0x2104, 0x2104, 0x2104, 0x2104, 0x2104, 0x2104, 0x2104, 0x2104, 0x2104, 0x2104, 0x2104, 
	0x2104, 0x20e4, 0x20e4, 0x20e4, 0x20e4, 0x20e4, 0x20e4, 0x20e4, 0x20e4, 0x20e4, 0x20e4, 0x20e4, 0x20e4, 0x20e4, 0x20e4, 0x20e4, 
	0x20e4, 0x20e4, 0x20e4, 0x20e4, 0x20e4, 0x20e4, 0x20e4, 0x20e4, 0x20e4, 0x20e4, 0x20e4, 0x20e4, 0x20e4, 0x20e4, 0x20e4, 0x20e4, 
	0x20e4, 0xf465, 0xf465, 0xf465, 0xfc85, 0x20e4, 0x20e4, 0x20e4, 0x20e4, 0x20e4, 0x20e4, 0x20e4, 0x20e4, 0x20e4, 0x20e4, 0x20e4, 
	0x20e4, 0x18e4, 0x18e4, 0x6b4d, 0x8c71, 0x8c71, 0x8c71, 0x8c71, 0x8c71, 0xac4d, 0xf485, 0xf485, 0xf485, 0xf485, 0x7264, 0x2104, 
	0x2104, 0x2104, 0x2104, 0x2104, 0x2104, 0x2104, 0x2104, 0x2104, 0x2104, 0x2104, 0x2104, 0x6b4d, 0xf465, 0xf465, 0xf465, 0xf485, 
	0x51c4, 0x2965, 0x5aec, 0x5aeb, 0x2104, 0x20e4, 0x20e4, 0x20e4, 0x2124, 0x8c71, 0x8c72, 0x8c71, 0x2104, 0x20e4, 0x20e4, 0x20e4, 
	0x20e4, 0x20e4, 0x20e4, 0x20e4, 0x20e4, 0x20e4, 0x20e4, 0x20e4, 0x20e4, 0x20e4, 0x20e4, 0x20e4, 0x20e4, 0x20e4, 0x20e4, 0x20e4, 
	0x20e4, 0x20e4, 0x20e4, 0x20e4, 0x20e4, 0x20e4, 0x20e4, 0x20e4, 0x20e4, 0x20e4, 0x20e4, 0x20e4, 0x20e4, 0x20e4, 0x20e4, 0x20e4, 
	0x20e4, 0x20e4, 0x20e4, 0x20e4, 0x20e4, 0x20e4, 0x20e4, 0x20e4, 0x20e4, 0x20e4, 0x20e4, 0x20e4, 0x20e4, 0x20e4, 0x20e4, 0x20e4, 
	0x20e4, 0x20e4, 0x20e4, 0x20e4, 0x20e4, 0x20e4, 0x20e4, 0x20e4, 0x20e4, 0x20e4, 0x20e4, 0x20e4, 0x20e4, 0x20e4, 0x20e4, 0x20e4, 
	0x20e4, 0x20e4, 0x20e4, 0x20e4, 0x20e4, 0x20e4, 0x20e4, 0x20e4, 0x20e4, 0x20e4, 0x20e4, 0x20e4, 0x20e4, 0x20e4, 0x20e4, 0x20e4, 
	0x20e4, 0x20e4, 0x20e4, 0x20e4, 0x20e4, 0x20e4, 0x20e4, 0x20e4, 0x20e4, 0x20e4, 0x20e4, 0x20e4, 0x20e4, 0x20e4, 0x20e4, 0x20e4, 
	0x20e4, 0x20e4, 0x20e4, 0x20e4, 0x20e4, 0x20e4, 0x20e4, 0x20e4, 0x20e4, 0x20e4, 0x20e4, 0x20e4, 0x20e4, 0x20e4, 0x20e4, 0x20e4, 
	0x20e4, 0x20e4, 0x20e4, 0x20e4, 0x20e4, 0x20e4, 0x20e4, 0x20e4, 0x20e4, 0x2104, 0x2104, 0x2104, 0x2104, 0x2104, 0x2104, 0x2104, 
	0x2104, 0x2104, 0x2104, 0x2104, 0x2104, 0x2104, 0x2104, 0x2104, 0x2104, 0x2104, 0x2104, 0x2104, 0x2104, 0x2104, 0x2104, 0x2104, 
	0x2104, 0x2104, 0x2104, 0x2104, 0x20e4, 0x20e4, 0x20e4, 0x20e4, 0x20e4, 0x20e4, 0x20e4, 0x20e4, 0x20e4, 0x20e4, 0x20e4, 0x20e4, 
	0x20e4, 0x20e4, 0x20e4, 0x20e4, 0x20e4, 0x20e4, 0x20e4, 0x20e4, 0x20e4, 0x20e4, 0x20e4, 0x20e4, 0x20e4, 0x20e4, 0x20e4, 0x20e4, 
	0x20e4, 0xf465, 0xf465, 0xf465, 0x82a4, 0x20e4, 0x20e4, 0x20e4, 0x20e4, 0x20e4, 0x20e4, 0x20e4, 0x20e4, 0x20e4, 0x20e4, 0x20e4, 
	0x20e4, 0x20e4, 0x20e4, 0x8c71, 0x8c71, 0x8c71, 0x8c71, 0x8c71, 0x8c71, 0xf485, 0xf485, 0xf485, 0xf485, 0xe445, 0x2104, 0x2104, 
	0x2104, 0x2104, 0x2104, 0x2104, 0x2104, 0x2104, 0x2104, 0x2104, 0x2104, 0x2104, 0x2104, 0x2104, 0x9450, 0xf465, 0xf465, 0xf485, 
	0xf485, 0x2104, 0x62ec, 0x39c7, 0x2104, 0x2104, 0x2104, 0x20e4, 0x20e4, 0x8c71, 0x8c71, 0x8c71, 0x2104, 0x20e4, 0x20e4, 0x20e4, 
	0x20e4, 0x20e4, 0x20e4, 0x20e4, 0x20e4, 0x20e4, 0x20e4, 0x20e4, 0x20e4, 0x20e4, 0x20e4, 0x20e4, 0x20e4, 0x20e4, 0x20e4, 0x20e4, 
	0x20e4, 0x20e4, 0x20e4, 0x20e4, 0x20e4, 0x20e4, 0x20e4, 0x20e4, 0x20e4, 0x20e4, 0x20e4, 0x20e4, 0x20e4, 0x20e4, 0x20e4, 0x20e4, 
	0x20e4, 0x20e4, 0x20e4, 0x20e4, 0x20e4, 0x20e4, 0x20e4, 0x20e4, 0x20e4, 0x20e4, 0x20e4, 0x20e4, 0x20e4, 0x20e4, 0x20e4, 0x20e4, 
	0x20e4, 0x20e4, 0x20e4, 0x20e4, 0x20e4, 0x20e4, 0x20e4, 0x20e4, 0x20e4, 0x20e4, 0x20e4, 0x20e4, 0x20e4, 0x20e4, 0x20e4, 0x20e4, 
	0x20e4, 0x20e4, 0x20e4, 0x20e4, 0x20e4, 0x20e4, 0x20e4, 0x20e4, 0x20e4, 0x20e4, 0x20e4, 0x20e4, 0x20e4, 0x20e4, 0x20e4, 0x20e4, 
	0x20e4, 0x20e4, 0x20e4, 0x20e4, 0x20e4, 0x20e4, 0x20e4, 0x20e4, 0x20e4, 0x20e4, 0x20e4, 0x20e4, 0x20e4, 0x20e4, 0x20e4, 0x20e4, 
	0x20e4, 0x20e4, 0x20e4, 0x20e4, 0x20e4, 0x20e4, 0x20e4, 0x20e4, 0x20e4, 0x20e4, 0x20e4, 0x20e4, 0x20e4, 0x20e4, 0x20e4, 0x20e4, 
	0x20e4, 0x20e4, 0x20e4, 0x20e4, 0x20e4, 0x20e4, 0x20e4, 0x20e4, 0x20e4, 0x2104, 0x2104, 0x2104, 0x2104, 0x2104, 0x2104, 0x2104, 
	0x2104, 0x2104, 0x2104, 0x2104, 0x2104, 0x2104, 0x2104, 0x2104, 0x2104, 0x2104, 0x2104, 0x2104, 0x2104, 0x2104, 0x2104, 0x2104, 
	0x2104, 0x2104, 0x2104, 0x2104, 0x2104, 0x2104, 0x2104, 0x20e4, 0x20e4, 0x20e4, 0x20e4, 0x20e4, 0x20e4, 0x20e4, 0x20e4, 0x20e4, 
	0x20e4, 0x20e4, 0x20e4, 0x20e4, 0x20e4, 0x20e4, 0x20e4, 0x20e4, 0x20e4, 0x20e4, 0x20e4, 0x20e4, 0x20e4, 0x20e4, 0x20e4, 0x20e4, 
	0x7a84, 0xf465, 0xf465, 0xf465, 0x20e4, 0x20e4, 0x20e4, 0x20e4, 0x20e4, 0x20e4, 0x20e4, 0x20e4, 0x20e4, 0x20e4, 0x20e4, 0x20e4, 
	0x20e4, 0x20e4, 0x20e4, 0x8c71, 0x8c71, 0x8c71, 0x8c71, 0x8c71, 0x8c71, 0xf485, 0xf485, 0xf485, 0xf465, 0x20e4, 0x2104, 0x2104, 
	0x2104, 0x2104, 0x2104, 0x2104, 0x2104, 0x2104, 0x2104, 0x2104, 0x2104, 0x2104, 0x2104, 0x2104, 0x2124, 0xf465, 0xf465, 0xf485, 
	0xf485, 0x20e4, 0x630c, 0x2104, 0x2104, 0x2104, 0x2104, 0x2104, 0x2104, 0x8c51, 0x8c71, 0x8c71, 0x2124, 0x20e4, 0x20e4, 0x20e4, 
	0x20e4, 0x20e4, 0x20e4, 0x20e4, 0x20e4, 0x20e4, 0x20e4, 0x20e4, 0x20e4, 0x20e4, 0x20e4, 0x20e4, 0x20e4, 0x20e4, 0x20e4, 0x20e4, 
	0x20e4, 0x20e4, 0x20e4, 0x20e4, 0x20e4, 0x20e4, 0x20e4, 0x20e4, 0x20e4, 0x20e4, 0x20e4, 0x20e4, 0x20e4, 0x20e4, 0x20e4, 0x20e4, 
	0x20e4, 0x20e4, 0x20e4, 0x20e4, 0x20e4, 0x20e4, 0x20e4, 0x20e4, 0x20e4, 0x20e4, 0x20e4, 0x20e4, 0x20e4, 0x20e4, 0x20e4, 0x20e4, 
	0x20e4, 0x20e4, 0x20e4, 0x20e4, 0x20e4, 0x20e4, 0x20e4, 0x20e4, 0x20e4, 0x20e4, 0x20e4, 0x20e4, 0x20e4, 0x20e4, 0x20e4, 0x20e4, 
	0x20e4, 0x20e4, 0x20e4, 0x20e4, 0x20e4, 0x20e4, 0x20e4, 0x20e4, 0x20e4, 0x20e4, 0x20e4, 0x20e4, 0x20e4, 0x20e4, 0x20e4, 0x20e4, 
	0x20e4, 0x20e4, 0x20e4, 0x20e4, 0x20e4, 0x20e4, 0x20e4, 0x20e4, 0x20e4, 0x20e4, 0x20e4, 0x20e4, 0x20e4, 0x20e4, 0x20e4, 0x20e4, 
	0x20e4, 0x20e4, 0x20e4, 0x20e4, 0x20e4, 0x20e4, 0x20e4, 0x20e4, 0x20e4, 0x20e4, 0x20e4, 0x20e4, 0x20e4, 0x20e4, 0x20e4, 0x20e4, 
	0x20e4, 0x20e4, 0x20e4, 0x20e4, 0x20e4, 0x20e4, 0x20e4, 0x20e4, 0x20e4, 0x20e4, 0x2104, 0x2104, 0x2104, 0x2104, 0x2104, 0x2104, 
	0x2104, 0x2104, 0x2104, 0x2104, 0x2104, 0x2104, 0x2104, 0x2104, 0x2104, 0x2104, 0x2104, 0x2104, 0x2104, 0x20e4, 0x20e4, 0x2104, 
	0x2104, 0x2104, 0x2104, 0x2104, 0x2104, 0x2104, 0x2104, 0x2104, 0x20e4, 0x20e4, 0x20e4, 0x20e4, 0x20e4, 0x20e4, 0x20e4, 0x20e4, 
	0x20e4, 0x20e4, 0x20e4, 0x20e4, 0x20e4, 0x20e4, 0x20e4, 0x20e4, 0x20e4, 0x20e4, 0x20e4, 0x20e4, 0x20e4, 0x20e4, 0x20e4, 0x20e4, 
	0xf485, 0xf465, 0xf465, 0xf485, 0x20e4, 0x20e4, 0x20e4, 0x20e4, 0x20e4, 0x20e4, 0x20e4, 0x20e4, 0x20e4, 0x20e4, 0x20e4, 0x20e4, 
	0x20e4, 0x20e4, 0x31a6, 0x8c71, 0x8c71, 0x8c71, 0x8c71, 0x8c71, 0xf465, 0xf485, 0xf485, 0xf465, 0xf485, 0x2104, 0x2104, 0x20e4, 
	0x2104, 0x2104, 0x2104, 0x2104, 0x2104, 0x2104, 0x2104, 0x2104, 0x2104, 0x2104, 0x2104, 0x2104, 0x2104, 0xb44c, 0xf485, 0xf485, 
	0xf465, 0xf4a5, 0x2104, 0x2104, 0x2104, 0x2104, 0x2104, 0x2104, 0x2104, 0x7baf, 0x8c71, 0x8c71, 0x4a49, 0x20e4, 0x20e4, 0x20e4, 
	0x20e4, 0x20e4, 0x20e4, 0x20e4, 0x20e4, 0x20e4, 0x20e4, 0x20e4, 0x20e4, 0x20e4, 0x20e4, 0x20e4, 0x20e4, 0x20e4, 0x20e4, 0x20e4, 
	0x20e4, 0x20e4, 0x20e4, 0x20e4, 0x20e4, 0x20e4, 0x20e4, 0x20e4, 0x20e4, 0x20e4, 0x20e4, 0x20e4, 0x20e4, 0x20e4, 0x20e4, 0x20e4, 
	0x20e4, 0x20e4, 0x20e4, 0x20e4, 0x20e4, 0x20e4, 0x20e4, 0x20e4, 0x20e4, 0x20e4, 0x20e4, 0x20e4, 0x20e4, 0x20e4, 0x20e4, 0x20e4, 
	0x20e4, 0x20e4, 0x20e4, 0x20e4, 0x20e4, 0x20e4, 0x20e4, 0x20e4, 0x20e4, 0x20e4, 0x20e4, 0x20e4, 0x20e4, 0x20e4, 0x20e4, 0x20e4, 
	0x20e4, 0x20e4, 0x20e4, 0x20e4, 0x20e4, 0x20e4, 0x20e4, 0x20e4, 0x20e4, 0x20e4, 0x20e4, 0x20e4, 0x20e4, 0x20e4, 0x20e4, 0x20e4, 
	0x20e4, 0x20e4, 0x20e4, 0x20e4, 0x20e4, 0x20e4, 0x20e4, 0x20e4, 0x20e4, 0x20e4, 0x20e4, 0x20e4, 0x20e4, 0x20e4, 0x20e4, 0x20e4, 
	0x20e4, 0x20e4, 0x20e4, 0x20e4, 0x20e4, 0x20e4, 0x20e4, 0x20e4, 0x20e4, 0x20e4, 0x20e4, 0x20e4, 0x20e4, 0x20e4, 0x20e4, 0x20e4, 
	0x20e4, 0x20e4, 0x20e4, 0x20e4, 0x20e4, 0x20e4, 0x20e4, 0x20e4, 0x20e4, 0x20e4, 0x2104, 0x2104, 0x2104, 0x2104, 0x2104, 0x2104, 
	0x2104, 0x2104, 0x2104, 0x2104, 0x2104, 0x2104, 0x2104, 0x2104, 0x2104, 0x2104, 0x20e4, 0x20e4, 0x20e4, 0x20e4, 0x20e4, 0x2104, 
	0x2104, 0x20e4, 0x20e4, 0x20e4, 0x20e4, 0x2104, 0x2104, 0x2104, 0x20e4, 0x20e4, 0x20e4, 0x20e4, 0x20e4, 0x20e4, 0x20e4, 0x20e4, 
	0x20e4, 0x20e4, 0x20e4, 0x20e4, 0x20e4, 0x20e4, 0x20e4, 0x20e4, 0x20e4, 0x20e4, 0x20e4, 0x20e4, 0x20e4, 0x20e4, 0x20e4, 0x20e4, 
	0xf465, 0xf465, 0xf465, 0xc3a5, 0x20e4, 0x20e4, 0x20e4, 0x20e4, 0x20e4, 0x20e4, 0x20e4, 0x20e4, 0x20e4, 0x20e4, 0x20e4, 0x20e4, 
	0x20e4, 0x2104, 0x7bef, 0x8c71, 0x8c71, 0x8c71, 0x8c71, 0x8c71, 0xf465, 0xf485, 0xf485, 0xf485, 0x630c, 0x2104, 0x20e4, 0x20e4, 
	0x20e4, 0x20e4, 0x2104, 0x2104, 0x2104, 0x2104, 0x2104, 0x2104, 0x2104, 0x2104, 0x2104, 0x2104, 0x2104, 0x7baf, 0xf485, 0xf485, 
	0xf485, 0xf485, 0x2104, 0x2104, 0x2104, 0x2104, 0x2104, 0x20e4, 0x2104, 0x4229, 0x8c71, 0x8c71, 0x7bcf, 0x20e4, 0x20e4, 0x20e4, 
	0x20e4, 0x20e4, 0x20e4, 0x20e4, 0x20e4, 0x20e4, 0x20e4, 0x20e4, 0x20e4, 0x20e4, 0x20e4, 0x20e4, 0x20e4, 0x20e4, 0x20e4, 0x20e4, 
	0x20e4, 0x20e4, 0x20e4, 0x20e4, 0x20e4, 0x20e4, 0x20e4, 0x20e4, 0x20e4, 0x20e4, 0x20e4, 0x20e4, 0x20e4, 0x20e4, 0x20e4, 0x20e4, 
	0x20e4, 0x20e4, 0x20e4, 0x20e4, 0x20e4, 0x20e4, 0x20e4, 0x20e4, 0x20e4, 0x20e4, 0x20e4, 0x20e4, 0x20e4, 0x20e4, 0x20e4, 0x20e4, 
	0x20e4, 0x20e4, 0x20e4, 0x20e4, 0x20e4, 0x20e4, 0x20e4, 0x20e4, 0x20e4, 0x20e4, 0x20e4, 0x20e4, 0x20e4, 0x20e4, 0x20e4, 0x20e4, 
	0x20e4, 0x20e4, 0x20e4, 0x20e4, 0x20e4, 0x20e4, 0x20e4, 0x20e4, 0x20e4, 0x20e4, 0x20e4, 0x20e4, 0x20e4, 0x20e4, 0x20e4, 0x20e4, 
	0x20e4, 0x20e4, 0x20e4, 0x20e4, 0x20e4, 0x20e4, 0x20e4, 0x20e4, 0x20e4, 0x20e4, 0x20e4, 0x20e4, 0x20e4, 0x20e4, 0x20e4, 0x20e4, 
	0x20e4, 0x20e4, 0x20e4, 0x20e4, 0x20e4, 0x20e4, 0x20e4, 0x20e4, 0x20e4, 0x20e4, 0x20e4, 0x20e4, 0x20e4, 0x20e4, 0x20e4, 0x20e4, 
	0x20e4, 0x20e4, 0x20e4, 0x20e4, 0x20e4, 0x20e4, 0x20e4, 0x20e4, 0x20e4, 0x20e4, 0x2104, 0x2104, 0x2104, 0x2104, 0x2104, 0x2104, 
	0x2104, 0x2104, 0x2104, 0x2104, 0x2104, 0x20e4, 0x20e4, 0x20e4, 0x20e4, 0x20e4, 0x20e4, 0x20e4, 0x20e4, 0x20e4, 0x20e4, 0x20e4, 
	0x20e4, 0x20e4, 0x20e4, 0x20e4, 0x20e4, 0x20e4, 0x2104, 0x2104, 0x2104, 0x20e4, 0x20e4, 0x20e4, 0x20e4, 0x20e4, 0x20e4, 0x20e4, 
	0x20e4, 0x20e4, 0x20e4, 0x20e4, 0x20e4, 0x20e4, 0x20e4, 0x20e4, 0x20e4, 0x20e4, 0x20e4, 0x20e4, 0x20e4, 0x20e4, 0x20e4, 0x3144, 
	0xf465, 0xf465, 0xf465, 0x20e4, 0x20e4, 0x20e4, 0x20e4, 0x20e4, 0x20e4, 0x20e4, 0x20e4, 0x20e4, 0x20e4, 0x20e4, 0x20e4, 0x20e4, 
	0x20e4, 0x2104, 0x8c71, 0x8c71, 0x8c71, 0x8c71, 0x8c71, 0x8c71, 0xf485, 0xf485, 0xf485, 0xf485, 0x4228, 0x2104, 0x20e4, 0x20e4, 
	0x20e4, 0x20e4, 0x20e4, 0x20e4, 0x20e4, 0x20e4, 0x20e4, 0x20e4, 0x20e4, 0x2104, 0x2104, 0x2104, 0x2104, 0x632c, 0xf485, 0xf485, 
	0xfc85, 0xf485, 0x2104, 0x20e4, 0x20e4, 0x20e4, 0x20e4, 0x20e4, 0x20e4, 0x2104, 0x8c71, 0x8c71, 0x8c71, 0x2104, 0x20e4, 0x20e4, 
	0x20e4, 0x20e4, 0x20e4, 0x20e4, 0x20e4, 0x20e4, 0x20e4, 0x20e4, 0x20e4, 0x20e4, 0x20e4, 0x20e4, 0x20e4, 0x20e4, 0x20e4, 0x20e4, 
	0x20e4, 0x20e4, 0x20e4, 0x20e4, 0x20e4, 0x20e4, 0x20e4, 0x20e4, 0x20e4, 0x20e4, 0x20e4, 0x20e4, 0x20e4, 0x20e4, 0x20e4, 0x20e4, 
	0x20e4, 0x20e4, 0x20e4, 0x20e4, 0x20e4, 0x20e4, 0x20e4, 0x20e4, 0x20e4, 0x20e4, 0x20e4, 0x20e4, 0x20e4, 0x20e4, 0x20e4, 0x20e4, 
	0x20e4, 0x20e4, 0x20e4, 0x20e4, 0x20e4, 0x20e4, 0x20e4, 0x20e4, 0x20e4, 0x20e4, 0x20e4, 0x20e4, 0x20e4, 0x20e4, 0x20e4, 0x20e4, 
	0x20e4, 0x20e4, 0x20e4, 0x20e4, 0x20e4, 0x20e4, 0x20e4, 0x20e4, 0x20e4, 0x20e4, 0x20e4, 0x20e4, 0x20e4, 0x20e4, 0x20e4, 0x20e4, 
	0x20e4, 0x20e4, 0x20e4, 0x20e4, 0x20e4, 0x20e4, 0x20e4, 0x20e4, 0x20e4, 0x20e4, 0x20e4, 0x20e4, 0x20e4, 0x20e4, 0x20e4, 0x20e4, 
	0x20e4, 0x20e4, 0x20e4, 0x20e4, 0x20e4, 0x20e4, 0x20e4, 0x20e4, 0x20e4, 0x20e4, 0x20e4, 0x20e4, 0x20e4, 0x20e4, 0x20e4, 0x20e4, 
	0x20e4, 0x20e4, 0x20e4, 0x20e4, 0x20e4, 0x20e4, 0x20e4, 0x20e4, 0x20e4, 0x20e4, 0x20e4, 0x2104, 0x2104, 0x2104, 0x2104, 0x2104, 
	0x2104, 0x2104, 0x2104, 0x2104, 0x20e4, 0x20e4, 0x20e4, 0x20e4, 0x20e4, 0x20e4, 0x20e4, 0x20e4, 0x20e4, 0x20e4, 0x20e4, 0x20e4, 
	0x20e4, 0x20e4, 0x20e4, 0x20e4, 0x20e4, 0x20e4, 0x2104, 0x2104, 0x2104, 0x20e4, 0x20e4, 0x20e4, 0x20e4, 0x20e4, 0x20e4, 0x20e4, 
	0x20e4, 0x20e4, 0x20e4, 0x20e4, 0x20e4, 0x20e4, 0x20e4, 0x20e4, 0x20e4, 0x20e4, 0x20e4, 0x20e4, 0x20e4, 0x20e4, 0x20e4, 0x8264, 
	0xf465, 0xf485, 0xf485, 0x20e4, 0x20e4, 0x20e4, 0x20e4, 0x20e4, 0x20e4, 0x20e4, 0x20e4, 0x20e4, 0x20e4, 0x20e4, 0x20e4, 0x20e4, 
	0x2104, 0x20e4, 0x8c71, 0x8c71, 0x8c71, 0x8c71, 0x8c71, 0x8c71, 0xf485, 0xf485, 0xf485, 0xf485, 0x52aa, 0x2104, 0x20e4, 0x20e4, 
	0x20e4, 0x20e4, 0x20e4, 0x20e4, 0x20e4, 0x20e4, 0x20e4, 0x20e4, 0x20e4, 0x20e4, 0x2104, 0x2104, 0x2104, 0x6b6d, 0xf485, 0xf485, 
	0xfc85, 0xf485, 0x20e4, 0x20e4, 0x20e4, 0x20e4, 0x20e4, 0x18e4, 0x20e4, 0x2104, 0x8c71, 0x8c71, 0x8c71, 0x20e4, 0x20e4, 0x20e4, 
	0x20e4, 0x20e4, 0x20e4, 0x20e4, 0x20e4, 0x20e4, 0x20e4, 0x20e4, 0x20e4, 0x20e4, 0x20e4, 0x20e4, 0x20e4, 0x20e4, 0x20e4, 0x20e4, 
	0x20e4, 0x20e4, 0x20e4, 0x20e4, 0x20e4, 0x20e4, 0x20e4, 0x20e4, 0x20e4, 0x20e4, 0x20e4, 0x20e4, 0x20e4, 0x20e4, 0x20e4, 0x20e4, 
	0x20e4, 0x20e4, 0x20e4, 0x20e4, 0x20e4, 0x20e4, 0x20e4, 0x20e4, 0x20e4, 0x20e4, 0x20e4, 0x20e4, 0x2104, 0x20e4, 0x20e4, 0x20e4, 
	0x20e4, 0x20e4, 0x20e4, 0x20e4, 0x20e4, 0x20e4, 0x20e4, 0x20e4, 0x20e4, 0x20e4, 0x20e4, 0x20e4, 0x20e4, 0x20e4, 0x20e4, 0x20e4, 
	0x20e4, 0x20e4, 0x20e4, 0x20e4, 0x20e4, 0x20e4, 0x20e4, 0x20e4, 0x20e4, 0x20e4, 0x20e4, 0x20e4, 0x20e4, 0x20e4, 0x20e4, 0x20e4, 
	0x20e4, 0x20e4, 0x20e4, 0x20e4, 0x20e4, 0x20e4, 0x20e4, 0x20e4, 0x20e4, 0x20e4, 0x20e4, 0x20e4, 0x20e4, 0x20e4, 0x20e4, 0x20e4, 
	0x20e4, 0x20e4, 0x20e4, 0x20e4, 0x20e4, 0x20e4, 0x20e4, 0x20e4, 0x20e4, 0x20e4, 0x20e4, 0x20e4, 0x20e4, 0x20e4, 0x20e4, 0x20e4, 
	0x20e4, 0x20e4, 0x20e4, 0x20e4, 0x20e4, 0x20e4, 0x20e4, 0x20e4, 0x20e4, 0x20e4, 0x20e4, 0x2104, 0x2104, 0x2104, 0x2104, 0x2104, 
	0x2104, 0x2104, 0x20e4, 0x20e4, 0x20e4, 0x20e4, 0x20e4, 0x20e4, 0x20e4, 0x20e4, 0x20e4, 0x20e4, 0x20e4, 0x2104, 0x20e4, 0x20e4, 
	0x20e4, 0x20e4, 0x20e4, 0x20e4, 0x20e4, 0x20e4, 0x2104, 0x2104, 0x2104, 0x2104, 0x20e4, 0x20e4, 0x20e4, 0x20e4, 0x20e4, 0x20e4, 
	0x20e4, 0x20e4, 0x20e4, 0x20e4, 0x20e4, 0x20e4, 0x20e4, 0x20e4, 0x20e4, 0x20e4, 0x20e4, 0x20e4, 0x20e4, 0x20e4, 0x20e4, 0xf485, 
	0xf485, 0xf485, 0xf485, 0x20e4, 0x20e4, 0x20e4, 0x20e4, 0x20e4, 0x20e4, 0x20e4, 0x20e4, 0x20e4, 0x20e4, 0x20e4, 0x20e4, 0x20e4, 
	0x2104, 0x4a49, 0x8c71, 0x8c71, 0x8c71, 0x8c71, 0x8c71, 0x8c71, 0xfc85, 0xf485, 0xf485, 0xf465, 0x8c51, 0x2104, 0x20e4, 0x20e4, 
	0x20e4, 0x20e4, 0x20e4, 0x20e4, 0x20e4, 0x20e4, 0x20e4, 0x20e4, 0x20e4, 0x20e4, 0x20e4, 0x2104, 0x2104, 0xa46f, 0xf485, 0xf485, 
	0xfc65, 0xfc85, 0x20e4, 0x20e4, 0x20e4, 0x18e4, 0x18e4, 0x18e4, 0x18e4, 0x2104, 0x8c71, 0x8c71, 0x9472, 0x2945, 0x20e4, 0x20e4, 
	0x20e4, 0x20e4, 0x20e4, 0x20e4, 0x20e4, 0x20e4, 0x20e4, 0x20e4, 0x20e4, 0x20e4, 0x20e4, 0x20e4, 0x20e4, 0x20e4, 0x20e4, 0x20e4, 
	0x20e4, 0x20e4, 0x20e4, 0x20e4, 0x20e4, 0x20e4, 0x20e4, 0x20e4, 0x20e4, 0x20e4, 0x20e4, 0x20e4, 0x20e4, 0x20e4, 0x20e4, 0x20e4, 
	0x20e4, 0x20e4, 0x20e4, 0x20e4, 0x20e4, 0x20e4, 0x20e4, 0x20e4, 0x20e4, 0x20e4, 0x20e4, 0x20e4, 0x20e4, 0x20e4, 0x20e4, 0x20e4, 
	0x20e4, 0x20e4, 0x20e4, 0x20e4, 0x20e4, 0x20e4, 0x20e4, 0x20e4, 0x20e4, 0x20e4, 0x20e4, 0x20e4, 0x20e4, 0x20e4, 0x20e4, 0x20e4, 
	0x20e4, 0x20e4, 0x20e4, 0x20e4, 0x20e4, 0x20e4, 0x20e4, 0x20e4, 0x20e4, 0x20e4, 0x20e4, 0x20e4, 0x20e4, 0x20e4, 0x20e4, 0x20e4, 
	0x20e4, 0x20e4, 0x20e4, 0x20e4, 0x20e4, 0x20e4, 0x20e4, 0x20e4, 0x20e4, 0x20e4, 0x20e4, 0x20e4, 0x20e4, 0x20e4, 0x20e4, 0x20e4, 
	0x20e4, 0x20e4, 0x20e4, 0x20e4, 0x20e4, 0x20e4, 0x20e4, 0x20e4, 0x20e4, 0x20e4, 0x20e4, 0x20e4, 0x20e4, 0x20e4, 0x20e4, 0x20e4, 
	0x20e4, 0x20e4, 0x20e4, 0x20e4, 0x20e4, 0x20e4, 0x20e4, 0x20e4, 0x20e4, 0x20e4, 0x20e4, 0x2104, 0x2104, 0x2104, 0x2104, 0x2104, 
	0x2104, 0x2104, 0x20e4, 0x20e4, 0x20e4, 0x20e4, 0x20e4, 0x20e4, 0x20e4, 0x20e4, 0x20e4, 0x20e4, 0x20e4, 0x2104, 0x20e4, 0x20e4, 
	0x20e4, 0x20e4, 0x20e4, 0x20e4, 0x20e4, 0x20e4, 0x20e4, 0x2104, 0x2104, 0x2104, 0x20e4, 0x20e4, 0x20e4, 0x20e4, 0x20e4, 0x20e4, 
	0x20e4, 0x20e4, 0x20e4, 0x20e4, 0x20e4, 0x20e4, 0x20e4, 0x20e4, 0x20e4, 0x20e4, 0x20e4, 0x20e4, 0x20e4, 0x20e4, 0x20e4, 0xf465, 
	0xf485, 0xf485, 0xfca5, 0x20e4, 0x20e4, 0x20e4, 0x20e4, 0x20e4, 0x20e4, 0x20e4, 0x20e4, 0x20e4, 0x20e4, 0x20e4, 0x20e4, 0x20e4, 
	0x2104, 0x8c71, 0x8c71, 0x8c71, 0x8c71, 0x8c71, 0x8c71, 0x8c71, 0xf445, 0xf485, 0xf485, 0xf465, 0x9c70, 0x2104, 0x20e4, 0x20e4, 
	0x20e4, 0x20e4, 0x20e4, 0x20e4, 0x20e4, 0x20e4, 0x20e4, 0x20e4, 0x20e4, 0x20e4, 0x20e4, 0x2104, 0x2104, 0xf485, 0xf465, 0xf465, 
	0xf465, 0xc3a5, 0x20e4, 0x20e4, 0x18e4, 0x18e4, 0x18e4, 0x18e4, 0x18e4, 0x20e4, 0x73ae, 0x9492, 0x9492, 0x528a, 0x2104, 0x20e4, 
	0x20e4, 0x20e4, 0x20e4, 0x20e4, 0x20e4, 0x20e4, 0x20e4, 0x20e4, 0x20e4, 0x20e4, 0x20e4, 0x20e4, 0x20e4, 0x20e4, 0x20e4, 0x20e4, 
	0x20e4, 0x20e4, 0x20e4, 0x20e4, 0x20e4, 0x20e4, 0x20e4, 0x20e4, 0x20e4, 0x20e4, 0x20e4, 0x20e4, 0x20e4, 0x20e4, 0x20e4, 0x20e4, 
	0x20e4, 0x20e4, 0x20e4, 0x20e4, 0x20e4, 0x20e4, 0x20e4, 0x20e4, 0x20e4, 0x20e4, 0x20e4, 0x20e4, 0x20e4, 0x20e4, 0x20e4, 0x20e4, 
	0x20e4, 0x20e4, 0x20e4, 0x20e4, 0x20e4, 0x20e4, 0x20e4, 0x20e4, 0x20e4, 0x20e4, 0x20e4, 0x20e4, 0x20e4, 0x20e4, 0x20e4, 0x20e4, 
	0x20e4, 0x20e4, 0x20e4, 0x20e4, 0x20e4, 0x20e4, 0x20e4, 0x20e4, 0x20e4, 0x20e4, 0x20e4, 0x20e4, 0x20e4, 0x20e4, 0x20e4, 0x20e4, 
	0x20e4, 0x20e4, 0x20e4, 0x20e4, 0x20e4, 0x20e4, 0x20e4, 0x20e4, 0x20e4, 0x20e4, 0x20e4, 0x20e4, 0x20e4, 0x20e4, 0x20e4, 0x20e4, 
	0x20e4, 0x20e4, 0x20e4, 0x20e4, 0x20e4, 0x20e4, 0x20e4, 0x20e4, 0x20e4, 0x20e4, 0x20e4, 0x20e4, 0x20e4, 0x20e4, 0x20e4, 0x20e4, 
	0x20e4, 0x20e4, 0x20e4, 0x20e4, 0x20e4, 0x20e4, 0x20e4, 0x20e4, 0x20e4, 0x20e4, 0x20e4, 0x2104, 0x2104, 0x2104, 0x2104, 0x2104, 
	0x2104, 0x2104, 0x2104, 0x20e4, 0x20e4, 0x20e4, 0x20e4, 0x20e4, 0x20e4, 0x20e4, 0x20e4, 0x20e4, 0x20e4, 0x20e4, 0x20e4, 0x20e4, 
	0x20e4, 0x20e4, 0x20e4, 0x20e4, 0x20e4, 0x20e4, 0x20e4, 0x20e4, 0x20e4, 0x20e4, 0x20e4, 0x20e4, 0x20e4, 0x20e4, 0x20e4, 0x20e4, 
	0x20e4, 0x20e4, 0x20e4, 0x20e4, 0x20e4, 0x20e4, 0x20e4, 0x20e4, 0x20e4, 0x20e4, 0x20e4, 0x20e4, 0x20e4, 0x20e4, 0x20e4, 0xf465, 
	0xf485, 0xf485, 0xe405, 0x20e4, 0x20e4, 0x20e4, 0x20e4, 0x20e4, 0x20e4, 0x20e4, 0x20e4, 0x20e4, 0x20e4, 0x20e4, 0x20e4, 0x18e4, 
	0x2104, 0x8c71, 0x8c71, 0x8c71, 0x8c71, 0x8c71, 0x8c71, 0x8c71, 0x8c71, 0xf485, 0xf485, 0xf465, 0xf465, 0x31a6, 0x20e4, 0x18e4, 
	0x18e4, 0x20e4, 0x20e4, 0x20e4, 0x20e4, 0x20e4, 0x20e4, 0x20e4, 0x20e4, 0x20e4, 0x20e4, 0x2104, 0x5227, 0xf465, 0xf465, 0xf465, 
	0xf465, 0x18e4, 0x18e4, 0x18e4, 0x18e4, 0x18e4, 0x18e4, 0x18e4, 0x18e4, 0x20e4, 0x39c7, 0x9492, 0x9492, 0x8c51, 0x2104, 0x2104, 
	0x20e4, 0x20e4, 0x20e4, 0x20e4, 0x20e4, 0x20e4, 0x20e4, 0x20e4, 0x20e4, 0x20e4, 0x20e4, 0x20e4, 0x20e4, 0x20e4, 0x20e4, 0x20e4, 
	0x20e4, 0x20e4, 0x20e4, 0x20e4, 0x20e4, 0x20e4, 0x20e4, 0x20e4, 0x20e4, 0x20e4, 0x20e4, 0x20e4, 0x20e4, 0x20e4, 0x20e4, 0x20e4, 
	0x20e4, 0x20e4, 0x20e4, 0x20e4, 0x20e4, 0x20e4, 0x20e4, 0x20e4, 0x20e4, 0x20e4, 0x20e4, 0x20e4, 0x20e4, 0x20e4, 0x20e4, 0x20e4, 
	0x20e4, 0x20e4, 0x20e4, 0x20e4, 0x20e4, 0x20e4, 0x20e4, 0x20e4, 0x20e4, 0x20e4, 0x20e4, 0x20e4, 0x20e4, 0x20e4, 0x20e4, 0x20e4, 
	0x20e4, 0x20e4, 0x20e4, 0x20e4, 0x20e4, 0x20e4, 0x20e4, 0x20e4, 0x20e4, 0x20e4, 0x20e4, 0x20e4, 0x20e4, 0x20e4, 0x20e4, 0x20e4, 
	0x20e4, 0x20e4, 0x20e4, 0x20e4, 0x20e4, 0x20e4, 0x20e4, 0x20e4, 0x20e4, 0x20e4, 0x20e4, 0x20e4, 0x20e4, 0x20e4, 0x20e4, 0x20e4, 
	0x20e4, 0x20e4, 0x20e4, 0x20e4, 0x20e4, 0x20e4, 0x20e4, 0x20e4, 0x20e4, 0x20e4, 0x20e4, 0x20e4, 0x20e4, 0x20e4, 0x20e4, 0x20e4, 
	0x20e4, 0x20e4, 0x20e4, 0x20e4, 0x20e4, 0x20e4, 0x20e4, 0x20e4, 0x20e4, 0x20e4, 0x20e4, 0x2104, 0x2104, 0x2104, 0x2104, 0x2104, 
	0x2104, 0x2104, 0x2104, 0x2104, 0x20e4, 0x20e4, 0x20e4, 0x20e4, 0x20e4, 0x20e4, 0x20e4, 0x20e4, 0x20e4, 0x20e4, 0x20e4, 0x20e4, 
	0x20e4, 0x20e4, 0x20e4, 0x20e4, 0x20e4, 0x20e4, 0x20e4, 0x20e4, 0x20e4, 0x20e4, 0x20e4, 0x20e4, 0x20e4, 0x20e4, 0x20e4, 0x20e4, 
	0x20e4, 0x20e4, 0x20e4, 0x20e4, 0x20e4, 0x20e4, 0x20e4, 0x20e4, 0x20e4, 0x20e4, 0x20e4, 0x20e4, 0x20e4, 0x20e4, 0x20e4, 0xf465, 
	0xf485, 0xf485, 0x2104, 0x20e4, 0x20e4, 0x20e4, 0x20e4, 0x20e4, 0x20e4, 0x20e4, 0x2104, 0x2104, 0x20e4, 0x20e4, 0x20e4, 0x20e4, 
	0x2104, 0x8c71, 0x8c71, 0x8c71, 0x8c71, 0x8c71, 0x8c71, 0x8c71, 0x8c71, 0xf485, 0xf485, 0xf465, 0xf465, 0x8c71, 0x18e4, 0x18e4, 
	0x18e4, 0x20e4, 0x20e4, 0x20e4, 0x20e4, 0x20e4, 0x20e4, 0x20e4, 0x20e4, 0x20e4, 0x20e4, 0x2104, 0xf465, 0xf465, 0xf465, 0xf465, 
	0xf485, 0x2124, 0x18e4, 0x18e4, 0x18e4, 0x18e4, 0x18e4, 0x18e4, 0x18e4, 0x2104, 0x632c, 0x9472, 0x9492, 0x9492, 0x2104, 0x2104, 
	0x20e4, 0x20e4, 0x20e4, 0x20e4, 0x20e4, 0x20e4, 0x20e4, 0x20e4, 0x20e4, 0x20e4, 0x20e4, 0x20e4, 0x20e4, 0x20e4, 0x20e4, 0x20e4, 
	0x20e4, 0x20e4, 0x20e4, 0x20e4, 0x20e4, 0x20e4, 0x20e4, 0x20e4, 0x20e4, 0x20e4, 0x20e4, 0x20e4, 0x20e4, 0x20e4, 0x20e4, 0x20e4, 
	0x20e4, 0x20e4, 0x20e4, 0x20e4, 0x20e4, 0x20e4, 0x20e4, 0x20e4, 0x20e4, 0x20e4, 0x20e4, 0x20e4, 0x20e4, 0x20e4, 0x20e4, 0x20e4, 
	0x20e4, 0x20e4, 0x20e4, 0x20e4, 0x20e4, 0x20e4, 0x20e4, 0x20e4, 0x20e4, 0x20e4, 0x20e4, 0x20e4, 0x20e4, 0x20e4, 0x20e4, 0x20e4, 
	0x20e4, 0x20e4, 0x20e4, 0x20e4, 0x20e4, 0x20e4, 0x20e4, 0x20e4, 0x20e4, 0x20e4, 0x20e4, 0x20e4, 0x20e4, 0x20e4, 0x20e4, 0x20e4, 
	0x20e4, 0x20e4, 0x20e4, 0x20e4, 0x20e4, 0x20e4, 0x20e4, 0x20e4, 0x20e4, 0x20e4, 0x20e4, 0x20e4, 0x20e4, 0x20e4, 0x20e4, 0x20e4, 
	0x20e4, 0x20e4, 0x20e4, 0x20e4, 0x20e4, 0x20e4, 0x20e4, 0x20e4, 0x20e4, 0x20e4, 0x20e4, 0x20e4, 0x20e4, 0x20e4, 0x20e4, 0x20e4, 
	0x20e4, 0x20e4, 0x20e4, 0x20e4, 0x20e4, 0x20e4, 0x20e4, 0x20e4, 0x20e4, 0x20e4, 0x20e4, 0x2104, 0x2104, 0x2104, 0x2104, 0x2104, 
	0x2104, 0x2104, 0x2104, 0x2104, 0x20e4, 0x20e4, 0x20e4, 0x20e4, 0x20e4, 0x20e4, 0x20e4, 0x20e4, 0x20e4, 0x20e4, 0x20e4, 0x20e4, 
	0x20e4, 0x20e4, 0x20e4, 0x20e4, 0x20e4, 0x20e4, 0x20e4, 0x20e4, 0x20e4, 0x20e4, 0x20e4, 0x20e4, 0x20e4, 0x20e4, 0x20e4, 0x20e4, 
	0x20e4, 0x20e4, 0x20e4, 0x20e4, 0x20e4, 0x20e4, 0x20e4, 0x20e4, 0x20e4, 0x20e4, 0x20e4, 0x20e4, 0x20e4, 0x20e4, 0x20e4, 0xf485, 
	0xf485, 0xf485, 0x20e4, 0x20e4, 0x20e4, 0x20e4, 0x20e4, 0x20e4, 0x20e4, 0x2104, 0x2104, 0x2104, 0x20e4, 0x20e4, 0x20e4, 0x20e4, 
	0x632c, 0x8c71, 0x8c71, 0x8c71, 0x8c71, 0x8c71, 0x8c71, 0x8c71, 0x8c71, 0x9c70, 0xf485, 0xf465, 0xf465, 0xf465, 0x8c71, 0x18e3, 
	0x18e4, 0x20e4, 0x20e4, 0x20e4, 0x20e4, 0x20e4, 0x20e4, 0x20e4, 0x20e4, 0x20e4, 0x2104, 0xe466, 0xf465, 0xf465, 0xf465, 0xf465, 
	0x8c71, 0x4228, 0x18e4, 0x18e4, 0x20e4, 0x18e4, 0x18e4, 0x18e4, 0x18e4, 0x2104, 0x8c71, 0x8c71, 0x8c71, 0x9472, 0x2104, 0x2104, 
	0x20e4, 0x20e4, 0x20e4, 0x20e4, 0x20e4, 0x20e4, 0x20e4, 0x20e4, 0x20e4, 0x20e4, 0x20e4, 0x20e4, 0x20e4, 0x20e4, 0x20e4, 0x20e4, 
	0x20e4, 0x20e4, 0x20e4, 0x20e4, 0x20e4, 0x20e4, 0x20e4, 0x20e4, 0x20e4, 0x20e4, 0x20e4, 0x20e4, 0x20e4, 0x20e4, 0x20e4, 0x20e4, 
	0x20e4, 0x20e4, 0x20e4, 0x20e4, 0x20e4, 0x20e4, 0x20e4, 0x20e4, 0x20e4, 0x20e4, 0x20e4, 0x20e4, 0x20e4, 0x20e4, 0x20e4, 0x20e4, 
	0x20e4, 0x20e4, 0x20e4, 0x20e4, 0x20e4, 0x20e4, 0x20e4, 0x20e4, 0x20e4, 0x20e4, 0x20e4, 0x20e4, 0x20e4, 0x20e4, 0x20e4, 0x20e4, 
	0x20e4, 0x20e4, 0x20e4, 0x20e4, 0x20e4, 0x20e4, 0x20e4, 0x20e4, 0x20e4, 0x20e4, 0x20e4, 0x20e4, 0x20e4, 0x20e4, 0x20e4, 0x20e4, 
	0x20e4, 0x20e4, 0x20e4, 0x20e4, 0x20e4, 0x20e4, 0x20e4, 0x20e4, 0x20e4, 0x20e4, 0x20e4, 0x20e4, 0x20e4, 0x20e4, 0x20e4, 0x20e4, 
	0x20e4, 0x20e4, 0x20e4, 0x20e4, 0x20e4, 0x20e4, 0x20e4, 0x20e4, 0x20e4, 0x20e4, 0x20e4, 0x20e4, 0x20e4, 0x20e4, 0x20e4, 0x20e4, 
	0x20e4, 0x20e4, 0x20e4, 0x20e4, 0x20e4, 0x20e4, 0x20e4, 0x20e4, 0x20e4, 0x20e4, 0x20e4, 0x2104, 0x2104, 0x2104, 0x2104, 0x2104, 
	0x2104, 0x2104, 0x2104, 0x2104, 0x20e4, 0x20e4, 0x20e4, 0x20e4, 0x20e4, 0x20e4, 0x20e4, 0x20e4, 0x20e4, 0x20e4, 0x20e4, 0x20e4, 
	0x2104, 0x20e4, 0x20e4, 0x20e4, 0x20e4, 0x20e4, 0x20e4, 0x20e4, 0x20e4, 0x20e4, 0x20e4, 0x20e4, 0x20e4, 0x20e4, 0x20e4, 0x20e4, 
	0x20e4, 0x20e4, 0x20e4, 0x20e4, 0x20e4, 0x20e4, 0x20e4, 0x20e4, 0x20e4, 0x20e4, 0x20e4, 0x20e4, 0x20e4, 0x20e4, 0x20e4, 0xf465, 
	0xf485, 0xf485, 0x20e4, 0x20e4, 0x20e4, 0x20e4, 0x20e4, 0x20e4, 0x20e4, 0x2104, 0x2104, 0x2104, 0x2104, 0x20e4, 0x20e4, 0x2104, 
	0x8c51, 0x8c71, 0x8c71, 0x8c71, 0x8c71, 0x8c71, 0x8c71, 0x8c71, 0x8c71, 0x8c71, 0xf485, 0xf465, 0xf465, 0xf465, 0xf485, 0x8c71, 
	0x2104, 0x20e4, 0x2104, 0x2104, 0x2104, 0x2104, 0x20e4, 0x20e4, 0x20e4, 0x2945, 0xdc67, 0xf465, 0xf465, 0xf465, 0xf465, 0xec45, 
	0x8c71, 0x6b6d, 0x18e4, 0x20e4, 0x20e4, 0x20e4, 0x20e4, 0x20e4, 0x4a28, 0x8c51, 0x8c71, 0x8c71, 0x8c71, 0x8c72, 0x2945, 0x20e4, 
	0x20e4, 0x20e4, 0x20e4, 0x20e4, 0x20e4, 0x20e4, 0x20e4, 0x20e4, 0x20e4, 0x20e4, 0x20e4, 0x20e4, 0x20e4, 0x20e4, 0x20e4, 0x20e4, 
	0x20e4, 0x20e4, 0x20e4, 0x20e4, 0x20e4, 0x20e4, 0x20e4, 0x20e4, 0x20e4, 0x20e4, 0x20e4, 0x20e4, 0x20e4, 0x20e4, 0x20e4, 0x20e4, 
	0x20e4, 0x20e4, 0x20e4, 0x20e4, 0x20e4, 0x20e4, 0x20e4, 0x20e4, 0x20e4, 0x20e4, 0x20e4, 0x20e4, 0x20e4, 0x20e4, 0x20e4, 0x20e4, 
	0x20e4, 0x20e4, 0x20e4, 0x20e4, 0x20e4, 0x20e4, 0x20e4, 0x20e4, 0x20e4, 0x20e4, 0x20e4, 0x20e4, 0x20e4, 0x20e4, 0x20e4, 0x20e4, 
	0x20e4, 0x20e4, 0x20e4, 0x20e4, 0x20e4, 0x20e4, 0x20e4, 0x20e4, 0x20e4, 0x20e4, 0x20e4, 0x20e4, 0x20e4, 0x20e4, 0x20e4, 0x20e4, 
	0x20e4, 0x20e4, 0x20e4, 0x20e4, 0x20e4, 0x20e4, 0x20e4, 0x20e4, 0x20e4, 0x20e4, 0x20e4, 0x20e4, 0x20e4, 0x20e4, 0x20e4, 0x20e4, 
	0x20e4, 0x20e4, 0x20e4, 0x20e4, 0x20e4, 0x20e4, 0x20e4, 0x20e4, 0x20e4, 0x20e4, 0x20e4, 0x20e4, 0x20e4, 0x20e4, 0x20e4, 0x20e4, 
	0x20e4, 0x20e4, 0x20e4, 0x20e4, 0x20e4, 0x20e4, 0x20e4, 0x20e4, 0x20e4, 0x20e4, 0x20e4, 0x2104, 0x2104, 0x2104, 0x2104, 0x2104, 
	0x2104, 0x2104, 0x2104, 0x2104, 0x20e4, 0x20e4, 0x20e4, 0x20e4, 0x20e4, 0x20e4, 0x20e4, 0x20e4, 0x20e4, 0x20e4, 0x20e4, 0x2104, 
	0x20e4, 0x20e4, 0x20e4, 0x20e4, 0x20e4, 0x20e4, 0x20e4, 0x20e4, 0x20e4, 0x20e4, 0x20e4, 0x20e4, 0x20e4, 0x20e4, 0x20e4, 0x20e4, 
	0x20e4, 0x20e4, 0x20e4, 0x20e4, 0x20e4, 0x20e4, 0x20e4, 0x20e4, 0x20e4, 0x20e4, 0x20e4, 0x20e4, 0x20e4, 0x20e4, 0x7244, 0xf465, 
	0xf465, 0xf485, 0x20e4, 0x20e4, 0x20e4, 0x20e4, 0x20e4, 0x20e4, 0x2104, 0x2104, 0x2104, 0x2104, 0x2104, 0x2104, 0x20e4, 0x2104, 
	0x8c71, 0x8c71, 0x8c71, 0x8c71, 0x8c71, 0x8c71, 0x8c71, 0x8c71, 0x8c71, 0x8c71, 0x8c71, 0xf485, 0xf465, 0xf465, 0xf465, 0xf465, 
	0x9471, 0x7bef, 0x2945, 0x2104, 0x2104, 0x2104, 0x2104, 0x2124, 0x8c0f, 0xec65, 0xf465, 0xf465, 0xf465, 0xf465, 0xf465, 0x8c71, 
	0x8c71, 0x8c51, 0x20e4, 0x2104, 0x2104, 0x2104, 0x2104, 0x8c31, 0x8c71, 0x8c71, 0x8c71, 0x8c71, 0x8c71, 0x8c71, 0x630c, 0x18e4, 
	0x18e4, 0x18e4, 0x20e4, 0x20e4, 0x20e4, 0x20e4, 0x20e4, 0x20e4, 0x20e4, 0x20e4, 0x20e4, 0x20e4, 0x20e4, 0x20e4, 0x20e4, 0x20e4, 
	0x20e4, 0x20e4, 0x20e4, 0x20e4, 0x20e4, 0x20e4, 0x20e4, 0x20e4, 0x20e4, 0x20e4, 0x20e4, 0x20e4, 0x20e4, 0x20e4, 0x20e4, 0x20e4, 
	0x20e4, 0x20e4, 0x20e4, 0x20e4, 0x20e4, 0x20e4, 0x20e4, 0x20e4, 0x20e4, 0x20e4, 0x20e4, 0x20e4, 0x20e4, 0x20e4, 0x20e4, 0x20e4, 
	0x20e4, 0x20e4, 0x20e4, 0x20e4, 0x20e4, 0x20e4, 0x20e4, 0x20e4, 0x20e4, 0x20e4, 0x20e4, 0x20e4, 0x20e4, 0x20e4, 0x20e4, 0x20e4, 
	0x20e4, 0x20e4, 0x20e4, 0x20e4, 0x20e4, 0x20e4, 0x20e4, 0x20e4, 0x20e4, 0x20e4, 0x20e4, 0x20e4, 0x20e4, 0x20e4, 0x20e4, 0x20e4, 
	0x20e4, 0x20e4, 0x20e4, 0x20e4, 0x20e4, 0x20e4, 0x20e4, 0x20e4, 0x20e4, 0x20e4, 0x20e4, 0x20e4, 0x20e4, 0x20e4, 0x20e4, 0x20e4, 
	0x20e4, 0x20e4, 0x20e4, 0x20e4, 0x20e4, 0x20e4, 0x20e4, 0x20e4, 0x20e4, 0x20e4, 0x20e4, 0x20e4, 0x20e4, 0x20e4, 0x20e4, 0x20e4, 
	0x20e4, 0x20e4, 0x20e4, 0x20e4, 0x20e4, 0x20e4, 0x20e4, 0x20e4, 0x20e4, 0x20e4, 0x20e4, 0x2104, 0x2104, 0x2104, 0x2104, 0x2104, 
	0x2104, 0x2104, 0x2104, 0x20e4, 0x20e4, 0x20e4, 0x20e4, 0x20e4, 0x20e4, 0x20e4, 0x20e4, 0x20e4, 0x20e4, 0x20e4, 0x20e4, 0x2104, 
	0x20e4, 0x20e4, 0x20e4, 0x20e4, 0x20e4, 0x20e4, 0x20e4, 0x20e4, 0x20e4, 0x20e4, 0x20e4, 0x20e4, 0x20e4, 0x20e4, 0x20e4, 0x20e4, 
	0x20e4, 0x20e4, 0x20e4, 0x20e4, 0x20e4, 0x20e4, 0x20e4, 0x20e4, 0x20e4, 0x20e4, 0x20e4, 0x20e4, 0x20e4, 0x20e4, 0xdc05, 0xf465, 
	0xf465, 0xf465, 0x20e4, 0x20e4, 0x20e4, 0x20e4, 0x20e4, 0x20e4, 0x20e4, 0x2104, 0x2104, 0x2104, 0x2104, 0x2104, 0x2104, 0x39c7, 
	0x9492, 0x8c71, 0x8c71, 0x8c71, 0x8c71, 0x8c71, 0x8c71, 0x8c71, 0x8c71, 0x8c71, 0x8c71, 0x8c71, 0xf485, 0xf465, 0xf465, 0xf465, 
	0xf445, 0xec45, 0xf465, 0x9471, 0x9471, 0x9c50, 0xf4a5, 0xf465, 0xf465, 0xf465, 0xf465, 0xf465, 0xf465, 0xf465, 0x8c71, 0x8c71, 
	0x8c71, 0x8c71, 0x20e4, 0x2104, 0x9492, 0x8c71, 0x8c71, 0x8c71, 0x8c71, 0x8c71, 0x8c71, 0x8c71, 0x8c71, 0x8c71, 0x9492, 0x18e4, 
	0x18e4, 0x18e4, 0x20e4, 0x20e4, 0x20e4, 0x20e4, 0x20e4, 0x20e4, 0x20e4, 0x20e4, 0x20e4, 0x20e4, 0x20e4, 0x20e4, 0x20e4, 0x20e4, 
	0x20e4, 0x20e4, 0x20e4, 0x20e4, 0x20e4, 0x20e4, 0x20e4, 0x20e4, 0x20e4, 0x20e4, 0x20e4, 0x20e4, 0x20e4, 0x20e4, 0x20e4, 0x20e4, 
	0x20e4, 0x20e4, 0x20e4, 0x20e4, 0x20e4, 0x20e4, 0x20e4, 0x20e4, 0x20e4, 0x20e4, 0x20e4, 0x20e4, 0x20e4, 0x20e4, 0x20e4, 0x20e4, 
	0x20e4, 0x20e4, 0x20e4, 0x20e4, 0x20e4, 0x20e4, 0x20e4, 0x20e4, 0x20e4, 0x20e4, 0x20e4, 0x20e4, 0x20e4, 0x20e4, 0x20e4, 0x20e4, 
	0x20e4, 0x20e4, 0x20e4, 0x20e4, 0x20e4, 0x20e4, 0x20e4, 0x20e4, 0x20e4, 0x20e4, 0x20e4, 0x20e4, 0x20e4, 0x20e4, 0x20e4, 0x20e4, 
	0x20e4, 0x20e4, 0x20e4, 0x20e4, 0x20e4, 0x20e4, 0x20e4, 0x20e4, 0x20e4, 0x20e4, 0x20e4, 0x20e4, 0x20e4, 0x20e4, 0x20e4, 0x20e4, 
	0x20e4, 0x20e4, 0x20e4, 0x20e4, 0x20e4, 0x20e4, 0x20e4, 0x20e4, 0x20e4, 0x20e4, 0x20e4, 0x20e4, 0x20e4, 0x20e4, 0x20e4, 0x20e4, 
	0x20e4, 0x20e4, 0x20e4, 0x20e4, 0x20e4, 0x20e4, 0x20e4, 0x20e4, 0x20e4, 0x20e4, 0x20e4, 0x20e4, 0x2104, 0x2104, 0x2104, 0x2104, 
	0x20e4, 0x20e4, 0x20e4, 0x20e4, 0x20e4, 0x20e4, 0x20e4, 0x20e4, 0x20e4, 0x20e4, 0x20e4, 0x20e4, 0x20e4, 0x20e4, 0x2104, 0x2104, 
	0x2104, 0x20e4, 0x20e4, 0x20e4, 0x20e4, 0x20e4, 0x20e4, 0x20e4, 0x20e4, 0x20e4, 0x20e4, 0x20e4, 0x20e4, 0x20e4, 0x20e4, 0x20e4, 
	0x20e4, 0x20e4, 0x20e4, 0x20e4, 0x20e4, 0x20e4, 0x20e4, 0x20e4, 0x20e4, 0x20e4, 0x20e4, 0x20e4, 0x20e4, 0x20e4, 0xdc05, 0xf465, 
	0xf465, 0xf465, 0x20e4, 0x20e4, 0x20e4, 0x20e4, 0x20e4, 0x20e4, 0x20e4, 0x20e4, 0x20e4, 0x2104, 0x2104, 0x2104, 0x2104, 0x7bef, 
	0x9492, 0x8c72, 0x8c71, 0x8c71, 0x8c71, 0x8c71, 0x8c71, 0x8c71, 0x8c71, 0x8c71, 0x8c71, 0x8c71, 0xc449, 0xf485, 0xf465, 0xf445, 
	0xf445, 0xf445, 0xf445, 0xf465, 0xf465, 0xf485, 0xf485, 0xf465, 0xf465, 0xf465, 0xf465, 0xf465, 0xcc6a, 0x8c71, 0x8c71, 0x8c71, 
	0x8c71, 0x8c71, 0x2104, 0x20e4, 0x8c51, 0x8c71, 0x8c71, 0x8c71, 0x8c71, 0x8c71, 0x8c71, 0x8c71, 0x8c71, 0x8c71, 0x9472, 0x18e4, 
	0x18e4, 0x18e4, 0x20e4, 0x20e4, 0x20e4, 0x20e4, 0x20e4, 0x20e4, 0x20e4, 0x20e4, 0x20e4, 0x20e4, 0x20e4, 0x20e4, 0x20e4, 0x20e4, 
	0x20e4, 0x20e4, 0x20e4, 0x20e4, 0x20e4, 0x20e4, 0x20e4, 0x20e4, 0x20e4, 0x20e4, 0x20e4, 0x20e4, 0x20e4, 0x20e4, 0x20e4, 0x20e4, 
	0x20e4, 0x20e4, 0x20e4, 0x20e4, 0x20e4, 0x20e4, 0x20e4, 0x20e4, 0x20e4, 0x20e4, 0x20e4, 0x20e4, 0x20e4, 0x20e4, 0x20e4, 0x20e4, 
	0x20e4, 0x20e4, 0x20e4, 0x20e4, 0x20e4, 0x20e4, 0x20e4, 0x20e4, 0x20e4, 0x20e4, 0x20e4, 0x20e4, 0x20e4, 0x20e4, 0x20e4, 0x20e4, 
	0x20e4, 0x20e4, 0x20e4, 0x20e4, 0x20e4, 0x2104, 0x20e4, 0x20e4, 0x20e4, 0x20e4, 0x20e4, 0x20e4, 0x20e4, 0x20e4, 0x20e4, 0x20e4, 
	0x20e4, 0x20e4, 0x20e4, 0x20e4, 0x20e4, 0x20e4, 0x20e4, 0x20e4, 0x20e4, 0x20e4, 0x20e4, 0x20e4, 0x20e4, 0x20e4, 0x20e4, 0x20e4, 
	0x20e4, 0x20e4, 0x20e4, 0x20e4, 0x20e4, 0x20e4, 0x20e4, 0x20e4, 0x20e4, 0x20e4, 0x20e4, 0x20e4, 0x20e4, 0x20e4, 0x20e4, 0x20e4, 
	0x20e4, 0x20e4, 0x20e4, 0x20e4, 0x20e4, 0x20e4, 0x20e4, 0x20e4, 0x20e4, 0x20e4, 0x20e4, 0x20e4, 0x20e4, 0x2104, 0x2104, 0x2104, 
	0x2104, 0x2104, 0x20e4, 0x20e4, 0x20e4, 0x20e4, 0x20e4, 0x20e4, 0x20e4, 0x20e4, 0x20e4, 0x20e4, 0x2104, 0x2104, 0x2104, 0x2104, 
	0x2104, 0x20e4, 0x20e4, 0x20e4, 0x20e4, 0x20e4, 0x20e4, 0x20e4, 0x20e4, 0x20e4, 0x20e4, 0x20e4, 0x20e4, 0x20e4, 0x20e4, 0x20e4, 
	0x20e4, 0x20e4, 0x20e4, 0x20e4, 0x20e4, 0x20e4, 0x20e4, 0x20e4, 0x20e4, 0x20e4, 0x20e4, 0x20e4, 0x20e4, 0x20e4, 0xe425, 0xf465, 
	0xf465, 0xf465, 0x20e4, 0x20e4, 0x20e4, 0x20e4, 0x20e4, 0x20e4, 0x20e4, 0x20e4, 0x20e4, 0x20e4, 0x20e4, 0x2104, 0x2104, 0x8c92, 
	0x8c71, 0x8c71, 0x8c71, 0x8c71, 0x8c71, 0x8c71, 0x8c71, 0x8c71, 0x8c71, 0x8c71, 0x8c71, 0x8c71, 0x8c71, 0x9470, 0xf465, 0xf465, 
	0xf465, 0xf445, 0xf445, 0xf445, 0xf465, 0xf465, 0xf465, 0xf465, 0xf465, 0xf465, 0xf465, 0x9471, 0x8c71, 0x8c71, 0x8c71, 0x8c71, 
	0x8c71, 0x8c71, 0x2945, 0x2104, 0x5aeb, 0x8c71, 0x8c71, 0x8c71, 0x8c71, 0x8c71, 0x8c71, 0x8c71, 0x8c71, 0x8c71, 0x8c71, 0x18e3, 
	0x20e4, 0x20e4, 0x20e4, 0x20e4, 0x20e4, 0x20e4, 0x20e4, 0x20e4, 0x20e4, 0x20e4, 0x20e4, 0x20e4, 0x20e4, 0x20e4, 0x20e4, 0x20e4, 
	0x20e4, 0x20e4, 0x20e4, 0x20e4, 0x20e4, 0x20e4, 0x20e4, 0x20e4, 0x20e4, 0x20e4, 0x20e4, 0x20e4, 0x20e4, 0x20e4, 0x20e4, 0x20e4, 
	0x20e4, 0x20e4, 0x20e4, 0x20e4, 0x20e4, 0x20e4, 0x20e4, 0x20e4, 0x20e4, 0x20e4, 0x20e4, 0x20e4, 0x20e4, 0x20e4, 0x20e4, 0x20e4, 
	0x20e4, 0x20e4, 0x20e4, 0x20e4, 0x20e4, 0x20e4, 0x20e4, 0x20e4, 0x20e4, 0x20e4, 0x20e4, 0x20e4, 0x20e4, 0x20e4, 0x20e4, 0x20e4, 
	0x20e4, 0x20e4, 0x20e4, 0x2104, 0x2104, 0x2104, 0x2104, 0x2104, 0x2104, 0x2104, 0x20e4, 0x20e4, 0x20e4, 0x20e4, 0x20e4, 0x20e4, 
	0x20e4, 0x20e4, 0x20e4, 0x20e4, 0x20e4, 0x20e4, 0x20e4, 0x20e4, 0x20e4, 0x20e4, 0x20e4, 0x20e4, 0x20e4, 0x20e4, 0x20e4, 0x20e4, 
	0x20e4, 0x20e4, 0x20e4, 0x20e4, 0x20e4, 0x20e4, 0x20e4, 0x20e4, 0x20e4, 0x20e4, 0x20e4, 0x20e4, 0x20e4, 0x20e4, 0x20e4, 0x20e4, 
	0x20e4, 0x20e4, 0x20e4, 0x20e4, 0x20e4, 0x20e4, 0x20e4, 0x20e4, 0x20e4, 0x20e4, 0x20e4, 0x20e4, 0x20e4, 0x20e4, 0x20e4, 0x20e4, 
	0x2104, 0x2104, 0x2104, 0x2104, 0x20e4, 0x20e4, 0x20e4, 0x20e4, 0x20e4, 0x20e4, 0x20e4, 0x20e4, 0x2104, 0x2104, 0x2104, 0x2104, 
	0x2104, 0x20e4, 0x20e4, 0x20e4, 0x20e4, 0x20e4, 0x20e4, 0x20e4, 0x20e4, 0x20e4, 0x20e4, 0x20e4, 0x20e4, 0x20e4, 0x20e4, 0x20e4, 
	0x20e4, 0x20e4, 0x20e4, 0x20e4, 0x20e4, 0x20e4, 0x20e4, 0x20e4, 0x20e4, 0x20e4, 0x20e4, 0x20e4, 0x20e4, 0x20e4, 0xe425, 0xf465, 
	0xf465, 0xf465, 0x20e4, 0x20e4, 0x20e4, 0x20e4, 0x20e4, 0x20e4, 0x20e4, 0x20e4, 0x20e4, 0x20e4, 0x20e4, 0x2104, 0x2104, 0x8c71, 
	0x8c71, 0x8c71, 0x8c71, 0x8c71, 0x8c71, 0x8c71, 0x8c71, 0x8c71, 0x8c71, 0x8c71, 0x8c71, 0x8c71, 0x8c71, 0x8c71, 0x8c71, 0x9c6f, 
	0xf465, 0xf465, 0xf445, 0xf445, 0xf465, 0xf465, 0xf465, 0xf465, 0xf465, 0xd449, 0x8c71, 0x8c71, 0x8c71, 0x8c71, 0x8c71, 0x8c71, 
	0x8c71, 0x8c71, 0x528a, 0x2104, 0x3166, 0x8c71, 0x8c71, 0x8c71, 0x8c71, 0x8c71, 0x8c71, 0x8c71, 0x8c71, 0x8c71, 0x8c71, 0x31a6, 
	0x20e4, 0x20e4, 0x20e4, 0x20e4, 0x20e4, 0x20e4, 0x20e4, 0x20e4, 0x20e4, 0x20e4, 0x20e4, 0x20e4, 0x20e4, 0x20e4, 0x20e4, 0x20e4, 
	0x20e4, 0x20e4, 0x20e4, 0x20e4, 0x20e4, 0x20e4, 0x20e4, 0x20e4, 0x20e4, 0x20e4, 0x20e4, 0x20e4, 0x20e4, 0x20e4, 0x20e4, 0x20e4, 
	0x20e4, 0x20e4, 0x20e4, 0x20e4, 0x20e4, 0x20e4, 0x20e4, 0x20e4, 0x20e4, 0x20e4, 0x20e4, 0x20e4, 0x20e4, 0x20e4, 0x20e4, 0x20e4, 
	0x20e4, 0x20e4, 0x20e4, 0x20e4, 0x20e4, 0x20e4, 0x20e4, 0x20e4, 0x20e4, 0x20e4, 0x20e4, 0x20e4, 0x20e4, 0x20e4, 0x20e4, 0x20e4, 
	0x20e4, 0x20e4, 0x20e4, 0x2104, 0x2104, 0x2104, 0x2104, 0x2104, 0x2104, 0x2104, 0x2104, 0x20e4, 0x20e4, 0x20e4, 0x20e4, 0x20e4, 
	0x20e4, 0x20e4, 0x20e4, 0x20e4, 0x20e4, 0x20e4, 0x20e4, 0x20e4, 0x20e4, 0x20e4, 0x20e4, 0x20e4, 0x20e4, 0x20e4, 0x20e4, 0x20e4, 
	0x20e4, 0x20e4, 0x20e4, 0x20e4, 0x20e4, 0x20e4, 0x20e4, 0x20e4, 0x20e4, 0x20e4, 0x20e4, 0x20e4, 0x20e4, 0x20e4, 0x20e4, 0x20e4, 
	0x20e4, 0x20e4, 0x20e4, 0x20e4, 0x20e4, 0x20e4, 0x20e4, 0x20e4, 0x20e4, 0x20e4, 0x20e4, 0x20e4, 0x20e4, 0x20e4, 0x20e4, 0x20e4, 
	0x2104, 0x2104, 0x2104, 0x2104, 0x20e4, 0x20e4, 0x20e4, 0x20e4, 0x20e4, 0x20e4, 0x20e4, 0x2104, 0x2104, 0x2104, 0x2104, 0x2104, 
	0x2104, 0x20e4, 0x20e4, 0x20e4, 0x20e4, 0x20e4, 0x20e4, 0x20e4, 0x20e4, 0x20e4, 0x20e4, 0x20e4, 0x20e4, 0x20e4, 0x20e4, 0x20e4, 
	0x20e4, 0x2104, 0x2104, 0x2104, 0x2104, 0x20e4, 0x20e4, 0x20e4, 0x20e4, 0x20e4, 0x20e4, 0x20e4, 0x20e4, 0x20e4, 0xe425, 0xf465, 
	0xf485, 0xf485, 0x20e4, 0x20e4, 0x20e4, 0x20e4, 0x20e4, 0x20e4, 0x20e4, 0x20e4, 0x20e4, 0x20e4, 0x20e4, 0x2104, 0x4a49, 0x8c71, 
	0x8c71, 0x8c71, 0x8c71, 0x8c71, 0x8c71, 0x8c71, 0x8c71, 0x8c71, 0x8c71, 0x8c71, 0x8c71, 0x8c71, 0x8c71, 0x8c71, 0x8c71, 0x8c71, 
	0x8c72, 0x8c72, 0xe466, 0xf465, 0xf485, 0xf485, 0xec86, 0x9471, 0x8c71, 0x8c71, 0x8c71, 0x8c71, 0x8c71, 0x8c71, 0x8c71, 0x8c71, 
	0x8c71, 0x8c71, 0x8410, 0x2104, 0x2104, 0x8c71, 0x8c71, 0x8c71, 0x8c71, 0x8c71, 0x8c71, 0x8c71, 0x8c71, 0x8c71, 0x8c71, 0x6b6d, 
	0x20e4, 0x20e4, 0x20e4, 0x20e4, 0x20e4, 0x20e4, 0x20e4, 0x20e4, 0x20e4, 0x20e4, 0x20e4, 0x20e4, 0x20e4, 0x20e4, 0x20e4, 0x20e4, 
	0x20e4, 0x20e4, 0x20e4, 0x20e4, 0x20e4, 0x20e4, 0x20e4, 0x20e4, 0x20e4, 0x20e4, 0x20e4, 0x20e4, 0x20e4, 0x20e4, 0x20e4, 0x20e4, 
	0x20e4, 0x20e4, 0x20e4, 0x20e4, 0x20e4, 0x20e4, 0x20e4, 0x20e4, 0x20e4, 0x20e4, 0x20e4, 0x20e4, 0x20e4, 0x20e4, 0x20e4, 0x20e4, 
	0x20e4, 0x20e4, 0x20e4, 0x20e4, 0x20e4, 0x20e4, 0x20e4, 0x20e4, 0x20e4, 0x20e4, 0x20e4, 0x20e4, 0x20e4, 0x20e4, 0x20e4, 0x20e4, 
	0x20e4, 0x20e4, 0x2104, 0x2104, 0x2104, 0x2104, 0x2104, 0x2104, 0x2104, 0x2104, 0x2104, 0x20e4, 0x20e4, 0x20e4, 0x20e4, 0x20e4, 
	0x20e4, 0x20e4, 0x20e4, 0x20e4, 0x20e4, 0x20e4, 0x20e4, 0x20e4, 0x20e4, 0x20e4, 0x20e4, 0x20e4, 0x20e4, 0x20e4, 0x20e4, 0x20e4, 
	0x20e4, 0x20e4, 0x20e4, 0x20e4, 0x20e4, 0x20e4, 0x20e4, 0x20e4, 0x20e4, 0x20e4, 0x20e4, 0x20e4, 0x20e4, 0x20e4, 0x20e4, 0x20e4, 
	0x20e4, 0x20e4, 0x20e4, 0x20e4, 0x20e4, 0x20e4, 0x20e4, 0x20e4, 0x20e4, 0x20e4, 0x20e4, 0x20e4, 0x20e4, 0x20e4, 0x20e4, 0x20e4, 
	0x2104, 0x2104, 0x2104, 0x2104, 0x2104, 0x20e4, 0x20e4, 0x20e4, 0x20e4, 0x20e4, 0x20e4, 0x2104, 0x2104, 0x2104, 0x2104, 0x2104, 
	0x2104, 0x20e4, 0x20e4, 0x20e4, 0x20e4, 0x20e4, 0x20e4, 0x20e4, 0x20e4, 0x20e4, 0x20e4, 0x20e4, 0x20e4, 0x20e4, 0x2104, 0x2104, 
	0x2104, 0x2104, 0x2104, 0x2104, 0x2104, 0x2104, 0x20e4, 0x20e4, 0x20e4, 0x20e4, 0x20e4, 0x20e4, 0x20e4, 0x20e4, 0xdc05, 0xf465, 
	0xf485, 0xf485, 0x20e4, 0x20e4, 0x20e4, 0x20e4, 0x20e4, 0x20e4, 0x20e4, 0x20e4, 0x20e4, 0x20e4, 0x20e4, 0x20e4, 0x8c51, 0x8c71, 
	0x8c71, 0x8c71, 0x8c71, 0x8c71, 0x8c71, 0x8c71, 0x8c71, 0x8c71, 0x8c71, 0x8c71, 0x8c71, 0x8c71, 0x8c71, 0x8c71, 0x8c71, 0x8c71, 
	0x8c72, 0x8c72, 0x8c72, 0x8c71, 0x8c71, 0x8c71, 0x8c71, 0x8c71, 0x8c71, 0x8c71, 0x8c71, 0x8c71, 0x8c71, 0x8c71, 0x8c71, 0x8c71, 
	0x8c71, 0x8c71, 0x8c71, 0x2104, 0x2104, 0x8c72, 0x8c71, 0x8c71, 0x8c71, 0x8c71, 0x8c71, 0x8c71, 0x8c71, 0x8c71, 0x8c71, 0x8c51, 
	0x2104, 0x20e4, 0x20e4, 0x20e4, 0x20e4, 0x20e4, 0x20e4, 0x20e4, 0x20e4, 0x20e4, 0x20e4, 0x20e4, 0x20e4, 0x20e4, 0x20e4, 0x20e4, 
	0x20e4, 0x20e4, 0x20e4, 0x20e4, 0x20e4, 0x20e4, 0x20e4, 0x20e4, 0x20e4, 0x20e4, 0x20e4, 0x20e4, 0x20e4, 0x20e4, 0x20e4, 0x20e4, 
	0x20e4, 0x20e4, 0x20e4, 0x20e4, 0x20e4, 0x20e4, 0x20e4, 0x20e4, 0x20e4, 0x20e4, 0x20e4, 0x20e4, 0x20e4, 0x20e4, 0x20e4, 0x20e4, 
	0x20e4, 0x20e4, 0x20e4, 0x20e4, 0x20e4, 0x20e4, 0x20e4, 0x20e4, 0x20e4, 0x20e4, 0x20e4, 0x20e4, 0x20e4, 0x20e4, 0x20e4, 0x20e4, 
	0x20e4, 0x20e4, 0x2104, 0x2104, 0x2104, 0x2104, 0x2104, 0x2104, 0x2104, 0x2104, 0x2104, 0x20e4, 0x20e4, 0x20e4, 0x20e4, 0x20e4, 
	0x20e4, 0x20e4, 0x20e4, 0x20e4, 0x20e4, 0x20e4, 0x20e4, 0x20e4, 0x20e4, 0x20e4, 0x20e4, 0x20e4, 0x20e4, 0x20e4, 0x20e4, 0x20e4, 
	0x20e4, 0x20e4, 0x20e4, 0x20e4, 0x20e4, 0x20e4, 0x20e4, 0x20e4, 0x20e4, 0x20e4, 0x20e4, 0x20e4, 0x20e4, 0x20e4, 0x20e4, 0x20e4, 
	0x20e4, 0x20e4, 0x20e4, 0x20e4, 0x20e4, 0x20e4, 0x20e4, 0x20e4, 0x20e4, 0x20e4, 0x20e4, 0x20e4, 0x2104, 0x2104, 0x20e4, 0x20e4, 
	0x2104, 0x2104, 0x2104, 0x2104, 0x2104, 0x2104, 0x20e4, 0x20e4, 0x20e4, 0x20e4, 0x20e4, 0x2104, 0x2104, 0x2104, 0x2104, 0x2104, 
	0x2104, 0x2104, 0x2104, 0x20e4, 0x20e4, 0x20e4, 0x20e4, 0x20e4, 0x20e4, 0x20e4, 0x20e4, 0x20e4, 0x20e4, 0x20e4, 0x2104, 0x2104, 
	0x2104, 0x2104, 0x2104, 0x2104, 0x2104, 0x2104, 0x20e4, 0x20e4, 0x20e4, 0x20e4, 0x20e4, 0x20e4, 0x20e4, 0x20e4, 0xdc05, 0xf465, 
	0xf485, 0xf485, 0x20e4, 0x20e4, 0x20e4, 0x20e4, 0x20e4, 0x20e4, 0x20e4, 0x20e4, 0x20e4, 0x20e4, 0x20e4, 0x2104, 0x8c71, 0x8c71, 
	0x8c71, 0x8c71, 0x8c71, 0x8c71, 0x8c71, 0x8c71, 0x8c71, 0x8c71, 0x8c71, 0x8c71, 0x8c71, 0x8c71, 0x8c71, 0x8c72, 0x8c72, 0x8c72, 
	0x8c72, 0x8c72, 0x8c72, 0x8c71, 0x8c71, 0x8c71, 0x8c71, 0x8c71, 0x8c71, 0x8c71, 0x8c71, 0x8c71, 0x8c71, 0x8c71, 0x8c71, 0x8c71, 
	0x8c71, 0x8c71, 0x8c71, 0x2104, 0x2104, 0x8c71, 0x8c71, 0x8c71, 0x8c71, 0x8c71, 0x8c71, 0x8c71, 0x8c71, 0x8c71, 0x8c71, 0x8c71, 
	0x20e4, 0x20e4, 0x20e4, 0x20e4, 0x20e4, 0x20e4, 0x20e4, 0x20e4, 0x20e4, 0x20e4, 0x20e4, 0x20e4, 0x20e4, 0x20e4, 0x20e4, 0x20e4, 
	0x20e4, 0x20e4, 0x20e4, 0x20e4, 0x20e4, 0x20e4, 0x20e4, 0x20e4, 0x20e4, 0x20e4, 0x20e4, 0x20e4, 0x20e4, 0x20e4, 0x20e4, 0x20e4, 
	0x20e4, 0x20e4, 0x20e4, 0x20e4, 0x20e4, 0x20e4, 0x20e4, 0x20e4, 0x20e4, 0x20e4, 0x20e4, 0x20e4, 0x20e4, 0x20e4, 0x20e4, 0x20e4, 
	0x20e4, 0x20e4, 0x20e4, 0x20e4, 0x20e4, 0x20e4, 0x20e4, 0x20e4, 0x20e4, 0x20e4, 0x20e4, 0x20e4, 0x20e4, 0x20e4, 0x20e4, 0x20e4, 
	0x20e4, 0x20e4, 0x20e4, 0x2104, 0x20e4, 0x20e4, 0x2104, 0x2104, 0x2104, 0x20e4, 0x20e4, 0x20e4, 0x20e4, 0x20e4, 0x20e4, 0x20e4, 
	0x20e4, 0x20e4, 0x20e4, 0x20e4, 0x20e4, 0x20e4, 0x20e4, 0x20e4, 0x20e4, 0x20e4, 0x20e4, 0x20e4, 0x20e4, 0x20e4, 0x20e4, 0x20e4, 
	0x20e4, 0x20e4, 0x20e4, 0x20e4, 0x20e4, 0x20e4, 0x20e4, 0x20e4, 0x20e4, 0x20e4, 0x20e4, 0x20e4, 0x20e4, 0x20e4, 0x20e4, 0x20e4, 
	0x20e4, 0x20e4, 0x20e4, 0x20e4, 0x20e4, 0x20e4, 0x20e4, 0x20e4, 0x20e4, 0x20e4, 0x20e4, 0x20e4, 0x2104, 0x2104, 0x2104, 0x2104, 
	0x2104, 0x2104, 0x2104, 0x2104, 0x2104, 0x2104, 0x20e4, 0x20e4, 0x20e4, 0x20e4, 0x20e4, 0x2104, 0x2104, 0x2104, 0x2104, 0x2104, 
	0x2104, 0x2104, 0x2104, 0x20e4, 0x20e4, 0x20e4, 0x20e4, 0x20e4, 0x20e4, 0x20e4, 0x20e4, 0x20e4, 0x20e4, 0x20e4, 0x2104, 0x2104, 
	0x2104, 0x2104, 0x2104, 0x2104, 0x2104, 0x2104, 0x20e4, 0x20e4, 0x20e4, 0x20e4, 0x20e4, 0x20e4, 0x20e4, 0x20e4, 0xd3e5, 0xf485, 
	0xf485, 0xf485, 0x20e4, 0x20e4, 0x20e4, 0x20e4, 0x20e4, 0x20e4, 0x20e4, 0x20e4, 0x20e4, 0x20e4, 0x20e4, 0x2104, 0x8c71, 0x8c71, 
	0x8c71, 0x8c71, 0x8c71, 0x8c71, 0x8c71, 0x8c71, 0x8c71, 0x8c71, 0x8c72, 0x8c71, 0x8c71, 0x8c71, 0x8c71, 0x8c71, 0x8c72, 0x9472, 
	0x8c72, 0x8c72, 0x8c71, 0x8c71, 0x8c71, 0x8c71, 0x8c71, 0x8c71, 0x8c71, 0x8c71, 0x8c71, 0x8c71, 0x8c71, 0x8c71, 0x8c71, 0x8c71, 
	0x8c71, 0x8c71, 0x8c71, 0x2104, 0x2104, 0x738e, 0x8c71, 0x8c71, 0x8c71, 0x8c71, 0x8c71, 0x8c71, 0x8c71, 0x8c71, 0x8c71, 0x8c71, 
	0x2104, 0x20e4, 0x20e4, 0x20e4, 0x20e4, 0x20e4, 0x20e4, 0x20e4, 0x20e4, 0x20e4, 0x20e4, 0x20e4, 0x20e4, 0x20e4, 0x20e4, 0x20e4, 
	0x20e4, 0x20e4, 0x20e4, 0x20e4, 0x20e4, 0x20e4, 0x20e4, 0x20e4, 0x20e4, 0x20e4, 0x20e4, 0x20e4, 0x20e4, 0x20e4, 0x20e4, 0x20e4, 
	0x20e4, 0x20e4, 0x20e4, 0x20e4, 0x20e4, 0x20e4, 0x20e4, 0x20e4, 0x20e4, 0x20e4, 0x20e4, 0x20e4, 0x20e4, 0x20e4, 0x20e4, 0x20e4, 
	0x20e4, 0x20e4, 0x20e4, 0x20e4, 0x20e4, 0x20e4, 0x20e4, 0x20e4, 0x20e4, 0x20e4, 0x20e4, 0x20e4, 0x20e4, 0x20e4, 0x20e4, 0x20e4, 
	0x20e4, 0x20e4, 0x20e4, 0x20e4, 0x20e4, 0x20e4, 0x20e4, 0x20e4, 0x20e4, 0x20e4, 0x20e4, 0x20e4, 0x20e4, 0x20e4, 0x20e4, 0x20e4, 
	0x20e4, 0x20e4, 0x20e4, 0x20e4, 0x20e4, 0x20e4, 0x20e4, 0x20e4, 0x20e4, 0x20e4, 0x20e4, 0x20e4, 0x20e4, 0x20e4, 0x20e4, 0x20e4, 
	0x20e4, 0x20e4, 0x20e4, 0x20e4, 0x20e4, 0x20e4, 0x20e4, 0x20e4, 0x20e4, 0x20e4, 0x20e4, 0x20e4, 0x20e4, 0x20e4, 0x20e4, 0x20e4, 
	0x20e4, 0x20e4, 0x20e4, 0x20e4, 0x20e4, 0x20e4, 0x20e4, 0x20e4, 0x20e4, 0x20e4, 0x20e4, 0x20e4, 0x2104, 0x2104, 0x2104, 0x2104, 
	0x2104, 0x2104, 0x2104, 0x2104, 0x2104, 0x2104, 0x20e4, 0x20e4, 0x20e4, 0x20e4, 0x20e4, 0x20e4, 0x2104, 0x2104, 0x2104, 0x2104, 
	0x2104, 0x2104, 0x2104, 0x20e4, 0x20e4, 0x20e4, 0x20e4, 0x20e4, 0x20e4, 0x20e4, 0x20e4, 0x20e4, 0x20e4, 0x20e4, 0x2104, 0x2104, 
	0x2104, 0x2104, 0x2104, 0x2104, 0x2104, 0x2104, 0x20e4, 0x20e4, 0x20e4, 0x20e4, 0x20e4, 0x20e4, 0x20e4, 0x20e4, 0x20e4, 0xf485, 
	0xf485, 0xf485, 0x20e4, 0x20e4, 0x20e4, 0x20e4, 0x20e4, 0x20e4, 0x20e4, 0x20e4, 0x20e4, 0x20e4, 0x2104, 0x6b4d, 0x8c71, 0x8c71, 
	0x8c71, 0x8c71, 0x8c71, 0x8c71, 0x8c71, 0x8c71, 0x8c71, 0x8c71, 0x8c71, 0x8c71, 0x8c71, 0x8c71, 0x8c71, 0x8c71, 0x9471, 0x9472, 
	0x9492, 0x8c72, 0x8c72, 0x8c71, 0x8c71, 0x8c71, 0x8c71, 0x8c71, 0x8c71, 0x8c71, 0x8c71, 0x8c71, 0x8c71, 0x8c71, 0x8c71, 0x8c71, 
	0x8c71, 0x8c71, 0x8c71, 0x4208, 0x2104, 0x4208, 0x8c71, 0x8c71, 0x8c71, 0x8c71, 0x8c71, 0x8c71, 0x8c71, 0x8c71, 0x8c71, 0x8c71, 
	0x4a29, 0x20e4, 0x20e4, 0x20e4, 0x20e4, 0x20e4, 0x20e4, 0x20e4, 0x20e4, 0x20e4, 0x20e4, 0x20e4, 0x20e4, 0x20e4, 0x20e4, 0x20e4, 
	0x20e4, 0x20e4, 0x20e4, 0x20e4, 0x20e4, 0x20e4, 0x20e4, 0x20e4, 0x20e4, 0x20e4, 0x20e4, 0x20e4, 0x20e4, 0x20e4, 0x20e4, 0x20e4, 
	0x20e4, 0x20e4, 0x20e4, 0x20e4, 0x20e4, 0x20e4, 0x20e4, 0x20e4, 0x20e4, 0x20e4, 0x20e4, 0x20e4, 0x20e4, 0x20e4, 0x20e4, 0x20e4, 
	0x20e4, 0x20e4, 0x20e4, 0x20e4, 0x20e4, 0x20e4, 0x20e4, 0x20e4, 0x20e4, 0x20e4, 0x20e4, 0x20e4, 0x20e4, 0x20e4, 0x20e4, 0x20e4, 
	0x20e4, 0x20e4, 0x20e4, 0x20e4, 0x20e4, 0x20e4, 0x20e4, 0x20e4, 0x20e4, 0x20e4, 0x20e4, 0x20e4, 0x20e4, 0x20e4, 0x20e4, 0x20e4, 
	0x20e4, 0x20e4, 0x20e4, 0x20e4, 0x20e4, 0x20e4, 0x20e4, 0x20e4, 0x20e4, 0x20e4, 0x20e4, 0x20e4, 0x20e4, 0x20e4, 0x20e4, 0x20e4, 
	0x20e4, 0x20e4, 0x20e4, 0x20e4, 0x20e4, 0x20e4, 0x20e4, 0x20e4, 0x20e4, 0x20e4, 0x20e4, 0x20e4, 0x20e4, 0x20e4, 0x20e4, 0x20e4, 
	0x20e4, 0x20e4, 0x20e4, 0x20e4, 0x20e4, 0x20e4, 0x20e4, 0x20e4, 0x20e4, 0x20e4, 0x20e4, 0x20e4, 0x2104, 0x2104, 0x2104, 0x2104, 
	0x2104, 0x2104, 0x2104, 0x2104, 0x2104, 0x2104, 0x20e4, 0x20e4, 0x20e4, 0x20e4, 0x20e4, 0x20e4, 0x20e4, 0x2104, 0x2104, 0x2104, 
	0x2104, 0x2104, 0x2104, 0x20e4, 0x20e4, 0x20e4, 0x20e4, 0x20e4, 0x20e4, 0x20e4, 0x20e4, 0x20e4, 0x20e4, 0x20e4, 0x2104, 0x2104, 
	0x2104, 0x2104, 0x2104, 0x2104, 0x2104, 0x2104, 0x20e4, 0x20e4, 0x20e4, 0x20e4, 0x20e4, 0x20e4, 0x20e4, 0x20e4, 0x20e4, 0xf485, 
	0xf485, 0xf485, 0x20e4, 0x20e4, 0x20e4, 0x20e4, 0x20e4, 0x20e4, 0x20e4, 0x20e4, 0x20e4, 0x2104, 0x2104, 0x8c71, 0x8c71, 0x8c71, 
	0x8c71, 0x8c71, 0x8c71, 0x8c71, 0x8c71, 0x8c71, 0x8c71, 0x8c71, 0x8c71, 0x8c71, 0x8c71, 0x8c71, 0x8c71, 0x8c72, 0x8c71, 0x9472, 
	0x9492, 0x8c72, 0x8c72, 0x8c72, 0x8c71, 0x8c71, 0x8c71, 0x8c71, 0x8c71, 0x8c71, 0x8c71, 0x8c71, 0x8c71, 0x8c71, 0x8c71, 0x8c71, 
	0x8c71, 0x8c71, 0x8c71, 0x7bef, 0x2104, 0x2104, 0x8c71, 0x8c71, 0x8c71, 0x8c71, 0x8c71, 0x8c71, 0x8c71, 0x8c71, 0x8c71, 0x8c71, 
	0x7bef, 0x20e4, 0x20e4, 0x20e4, 0x20e4, 0x20e4, 0x20e4, 0x20e4, 0x20e4, 0x20e4, 0x20e4, 0x20e4, 0x20e4, 0x20e4, 0x20e4, 0x20e4, 
	0x20e4, 0x20e4, 0x20e4, 0x20e4, 0x20e4, 0x20e4, 0x20e4, 0x20e4, 0x20e4, 0x20e4, 0x20e4, 0x20e4, 0x20e4, 0x20e4, 0x20e4, 0x20e4, 
	0x20e4, 0x20e4, 0x20e4, 0x20e4, 0x20e4, 0x20e4, 0x20e4, 0x20e4, 0x20e4, 0x20e4, 0x20e4, 0x20e4, 0x20e4, 0x20e4, 0x20e4, 0x20e4, 
	0x20e4, 0x20e4, 0x20e4, 0x20e4, 0x20e4, 0x20e4, 0x20e4, 0x20e4, 0x20e4, 0x20e4, 0x20e4, 0x20e4, 0x20e4, 0x20e4, 0x20e4, 0x20e4, 
	0x20e4, 0x20e4, 0x20e4, 0x20e4, 0x20e4, 0x20e4, 0x20e4, 0x20e4, 0x20e4, 0x20e4, 0x20e4, 0x20e4, 0x20e4, 0x20e4, 0x20e4, 0x2104, 
	0x2104, 0x20e4, 0x20e4, 0x20e4, 0x20e4, 0x20e4, 0x20e4, 0x20e4, 0x20e4, 0x20e4, 0x20e4, 0x20e4, 0x20e4, 0x20e4, 0x20e4, 0x20e4, 
	0x20e4, 0x20e4, 0x20e4, 0x20e4, 0x20e4, 0x20e4, 0x20e4, 0x20e4, 0x20e4, 0x20e4, 0x20e4, 0x20e4, 0x20e4, 0x20e4, 0x20e4, 0x20e4, 
	0x20e4, 0x20e4, 0x20e4, 0x20e4, 0x20e4, 0x20e4, 0x20e4, 0x20e4, 0x20e4, 0x20e4, 0x20e4, 0x2104, 0x2104, 0x2104, 0x2104, 0x2104, 
	0x2104, 0x2104, 0x2104, 0x2104, 0x2104, 0x2104, 0x20e4, 0x20e4, 0x20e4, 0x20e4, 0x20e4, 0x20e4, 0x20e4, 0x20e4, 0x20e4, 0x2104, 
	0x2104, 0x2104, 0x2104, 0x20e4, 0x20e4, 0x20e4, 0x20e4, 0x20e4, 0x20e4, 0x20e4, 0x20e4, 0x20e4, 0x20e4, 0x20e4, 0x20e4, 0x2104, 
	0x2104, 0x2104, 0x2104, 0x2104, 0x2104, 0x2104, 0x20e4, 0x20e4, 0x20e4, 0x20e4, 0x20e4, 0x20e4, 0x20e4, 0x20e4, 0x20e4, 0xf485, 
	0xf485, 0xf4a5, 0x2104, 0x20e4, 0x20e4, 0x20e4, 0x20e4, 0x20e4, 0x20e4, 0x20e4, 0x20e4, 0x2104, 0x20e4, 0x8c71, 0x8c71, 0x8c71, 
	0x8c71, 0x8c71, 0x8c71, 0x8c71, 0x8c71, 0x8c71, 0x8c71, 0x8c71, 0x8c71, 0x8c71, 0x8c71, 0x8c71, 0x8c71, 0x8c71, 0x8c72, 0x9492, 
	0x9492, 0x8c72, 0x8c72, 0x8c71, 0x8c71, 0x8c71, 0x8c71, 0x8c71, 0x8c71, 0x8c71, 0x8c71, 0x8c71, 0x8c71, 0x8c71, 0x8c71, 0x8c71, 
	0x8c71, 0x8c71, 0x8c71, 0x9492, 0x2104, 0x2104, 0x8c71, 0x8c71, 0x8c71, 0x8c71, 0x8c71, 0x8c71, 0x8c71, 0x8c71, 0x8c71, 0x8c71, 
	0x8c71, 0x2104, 0x20e4, 0x20e4, 0x20e4, 0x20e4, 0x20e4, 0x20e4, 0x20e4, 0x20e4, 0x20e4, 0x20e4, 0x20e4, 0x20e4, 0x20e4, 0x20e4, 
	0x20e4, 0x20e4, 0x20e4, 0x20e4, 0x20e4, 0x20e4, 0x20e4, 0x20e4, 0x2104, 0x2104, 0x20e4, 0x20e4, 0x20e4, 0x20e4, 0x20e4, 0x20e4, 
	0x20e4, 0x20e4, 0x20e4, 0x20e4, 0x20e4, 0x20e4, 0x20e4, 0x20e4, 0x20e4, 0x20e4, 0x20e4, 0x20e4, 0x20e4, 0x20e4, 0x20e4, 0x20e4, 
	0x20e4, 0x20e4, 0x20e4, 0x20e4, 0x20e4, 0x20e4, 0x20e4, 0x20e4, 0x20e4, 0x20e4, 0x20e4, 0x20e4, 0x20e4, 0x20e4, 0x20e4, 0x20e4, 
	0x20e4, 0x20e4, 0x20e4, 0x20e4, 0x20e4, 0x20e4, 0x20e4, 0x20e4, 0x20e4, 0x20e4, 0x20e4, 0x20e4, 0x20e4, 0x20e4, 0x20e4, 0x2104, 
	0x2104, 0x2104, 0x2104, 0x2104, 0x20e4, 0x20e4, 0x20e4, 0x20e4, 0x20e4, 0x20e4, 0x20e4, 0x20e4, 0x20e4, 0x20e4, 0x20e4, 0x20e4, 
	0x20e4, 0x20e4, 0x20e4, 0x20e4, 0x20e4, 0x20e4, 0x20e4, 0x20e4, 0x20e4, 0x20e4, 0x20e4, 0x20e4, 0x20e4, 0x20e4, 0x20e4, 0x20e4, 
	0x20e4, 0x20e4, 0x20e4, 0x20e4, 0x20e4, 0x20e4, 0x20e4, 0x20e4, 0x20e4, 0x20e4, 0x20e4, 0x2104, 0x2104, 0x2104, 0x2104, 0x2104, 
	0x2104, 0x2104, 0x2104, 0x2104, 0x2104, 0x2104, 0x2104, 0x20e4, 0x20e4, 0x20e4, 0x20e4, 0x20e4, 0x20e4, 0x20e4, 0x20e4, 0x20e4, 
	0x20e4, 0x20e4, 0x20e4, 0x20e4, 0x20e4, 0x20e4, 0x20e4, 0x20e4, 0x20e4, 0x20e4, 0x20e4, 0x20e4, 0x20e4, 0x20e4, 0x20e4, 0x20e4, 
	0x2104, 0x2104, 0x2104, 0x2104, 0x2104, 0x2104, 0x20e4, 0x20e4, 0x20e4, 0x20e4, 0x20e4, 0x20e4, 0x20e4, 0x20e4, 0x20e4, 0xfc85, 
	0xfca5, 0xf4a5, 0x2904, 0x20e4, 0x20e4, 0x20e4, 0x20e4, 0x20e4, 0x20e4, 0x20e4, 0x20e4, 0x2104, 0x39c7, 0x8c71, 0x8c71, 0x8c71, 
	0x8c71, 0x8c71, 0x8c71, 0x8c71, 0x8c71, 0x8c71, 0x8c71, 0x8c71, 0x8c71, 0x8c71, 0x8c71, 0x8c71, 0x8c71, 0x8c71, 0x8c72, 0x8c72, 
	0x8c72, 0x8c72, 0x8c71, 0x8c71, 0x8c71, 0x8c71, 0x8c71, 0x8c71, 0x8c71, 0x8c71, 0x8c71, 0x8c71, 0x8c71, 0x8c71, 0x8c71, 0x8c71, 
	0x8c71, 0x8c72, 0x8c72, 0x8c72, 0x2104, 0x2104, 0x8c51, 0x8c71, 0x8c71, 0x8c71, 0x8c71, 0x8c71, 0x8c71, 0x8c71, 0x8c71, 0x8c71, 
	0x8c71, 0x2104, 0x20e4, 0x20e4, 0x20e4, 0x20e4, 0x20e4, 0x20e4, 0x20e4, 0x20e4, 0x20e4, 0x20e4, 0x20e4, 0x20e4, 0x20e4, 0x20e4, 
	0x20e4, 0x20e4, 0x20e4, 0x20e4, 0x20e4, 0x20e4, 0x20e4, 0x20e4, 0x2104, 0x2104, 0x2104, 0x20e4, 0x20e4, 0x20e4, 0x20e4, 0x20e4, 
	0x20e4, 0x20e4, 0x20e4, 0x20e4, 0x20e4, 0x20e4, 0x20e4, 0x20e4, 0x20e4, 0x20e4, 0x20e4, 0x20e4, 0x20e4, 0x20e4, 0x20e4, 0x20e4, 
	0x20e4, 0x20e4, 0x20e4, 0x20e4, 0x20e4, 0x20e4, 0x20e4, 0x20e4, 0x20e4, 0x20e4, 0x20e4, 0x20e4, 0x20e4, 0x20e4, 0x20e4, 0x20e4, 
	0x20e4, 0x20e4, 0x20e4, 0x20e4, 0x20e4, 0x20e4, 0x20e4, 0x20e4, 0x20e4, 0x20e4, 0x20e4, 0x20e4, 0x20e4, 0x20e4, 0x20e4, 0x2104, 
	0x2104, 0x2104, 0x2104, 0x2104, 0x20e4, 0x20e4, 0x20e4, 0x20e4, 0x20e4, 0x20e4, 0x20e4, 0x20e4, 0x20e4, 0x20e4, 0x20e4, 0x20e4, 
	0x20e4, 0x20e4, 0x20e4, 0x20e4, 0x20e4, 0x20e4, 0x20e4, 0x20e4, 0x20e4, 0x20e4, 0x20e4, 0x20e4, 0x20e4, 0x20e4, 0x20e4, 0x20e4, 
	0x20e4, 0x20e4, 0x20e4, 0x20e4, 0x20e4, 0x20e4, 0x20e4, 0x20e4, 0x20e4, 0x20e4, 0x20e4, 0x2104, 0x2104, 0x2104, 0x2104, 0x2104, 
	0x2104, 0x2104, 0x2104, 0x2104, 0x2104, 0x2104, 0x2104, 0x20e4, 0x20e4, 0x20e4, 0x20e4, 0x20e4, 0x20e4, 0x20e4, 0x20e4, 0x20e4, 
	0x20e4, 0x20e4, 0x20e4, 0x20e4, 0x20e4, 0x20e4, 0x20e4, 0x20e4, 0x20e4, 0x20e4, 0x20e4, 0x20e4, 0x20e4, 0x20e4, 0x20e4, 0x20e4, 
	0x20e4, 0x2104, 0x2104, 0x2104, 0x2104, 0x2104, 0x2104, 0x20e4, 0x20e4, 0x20e4, 0x20e4, 0x20e4, 0x20e4, 0x20e4, 0x20e4, 0xfca5, 
	0xfca5, 0xfca5, 0xf425, 0x20e4, 0x20e4, 0x20e4, 0x20e4, 0x20e4, 0x20e4, 0x20e4, 0x20e4, 0x2104, 0x7bcf, 0x8c71, 0x8c71, 0x8c71, 
	0x8c71, 0x8c71, 0x8c71, 0x8c71, 0x8c71, 0x8c71, 0x8c71, 0x8c71, 0x8c71, 0x8c71, 0x8c71, 0x8c71, 0x8c71, 0x8c71, 0x8c71, 0x8c71, 
	0x8c72, 0x8c71, 0x8c71, 0x8c71, 0x8c71, 0x8c71, 0x8c71, 0x8c71, 0x8c71, 0x8c71, 0x8c71, 0x8c71, 0x8c71, 0x8c71, 0x8c71, 0x8c71, 
	0x8c72, 0x8c92, 0x9492, 0x9492, 0x20e4, 0x2104, 0x7bef, 0x8c71, 0x8c71, 0x8c71, 0x8c71, 0x8c71, 0x8c71, 0x8c71, 0x8c71, 0x8c71, 
	0x8c71, 0x2945, 0x20e4, 0x20e4, 0x20e4, 0x20e4, 0x20e4, 0x20e4, 0x20e4, 0x20e4, 0x20e4, 0x20e4, 0x20e4, 0x20e4, 0x20e4, 0x20e4, 
	0x20e4, 0x20e4, 0x20e4, 0x20e4, 0x20e4, 0x20e4, 0x20e4, 0x20e4, 0x2104, 0x2104, 0x2104, 0x2104, 0x20e4, 0x2104, 0x2104, 0x20e4, 
	0x20e4, 0x20e4, 0x20e4, 0x20e4, 0x20e4, 0x20e4, 0x20e4, 0x20e4, 0x20e4, 0x20e4, 0x20e4, 0x20e4, 0x20e4, 0x20e4, 0x20e4, 0x20e4, 
	0x20e4, 0x20e4, 0x20e4, 0x20e4, 0x20e4, 0x20e4, 0x20e4, 0x20e4, 0x20e4, 0x20e4, 0x20e4, 0x20e4, 0x20e4, 0x20e4, 0x20e4, 0x20e4, 
	0x20e4, 0x2104, 0x20e4, 0x20e4, 0x20e4, 0x20e4, 0x20e4, 0x20e4, 0x20e4, 0x20e4, 0x20e4, 0x20e4, 0x20e4, 0x20e4, 0x20e4, 0x20e4, 
	0x2104, 0x2104, 0x2104, 0x2104, 0x20e4, 0x20e4, 0x20e4, 0x20e4, 0x20e4, 0x20e4, 0x20e4, 0x20e4, 0x20e4, 0x20e4, 0x20e4, 0x20e4, 
	0x20e4, 0x20e4, 0x20e4, 0x20e4, 0x20e4, 0x20e4, 0x20e4, 0x20e4, 0x20e4, 0x20e4, 0x20e4, 0x20e4, 0x20e4, 0x20e4, 0x20e4, 0x20e4, 
	0x20e4, 0x20e4, 0x20e4, 0x20e4, 0x20e4, 0x20e4, 0x20e4, 0x20e4, 0x20e4, 0x20e4, 0x20e4, 0x2104, 0x2104, 0x2104, 0x2104, 0x2104, 
	0x2104, 0x2104, 0x2104, 0x2104, 0x2104, 0x2104, 0x2104, 0x20e4, 0x20e4, 0x20e4, 0x20e4, 0x20e4, 0x20e4, 0x20e4, 0x20e4, 0x20e4, 
	0x20e4, 0x20e4, 0x20e4, 0x20e4, 0x20e4, 0x20e4, 0x20e4, 0x20e4, 0x20e4, 0x20e4, 0x20e4, 0x20e4, 0x20e4, 0x20e4, 0x20e4, 0x20e4, 
	0x20e4, 0x20e4, 0x2104, 0x2104, 0x2104, 0x2104, 0x2104, 0x20e4, 0x20e4, 0x20e4, 0x20e4, 0x20e4, 0x20e4, 0x20e4, 0x20e4, 0x9b25, 
	0x20e4, 0x20e4, 0x20e4, 0x20e4, 0x20e4, 0x20e4, 0x20e4, 0x20e4, 0x20e4, 0x20e4, 0x20e4, 0x2104, 0x8c71, 0x8c71, 0x8c71, 0x8c71, 
	0x8c71, 0x8c71, 0x8c71, 0x8c71, 0x8c71, 0x8c71, 0x8c71, 0x8c71, 0x8c71, 0x8c71, 0x8c71, 0x8c71, 0x8c71, 0x8c71, 0x8c71, 0x8c71, 
	0x8c71, 0x8c71, 0x8c71, 0x8c71, 0x8c71, 0x8c71, 0x8c71, 0x8c71, 0x8c71, 0x8c71, 0x8c71, 0x8c71, 0x8c71, 0x8c71, 0x8c71, 0x8c72, 
	0x8c72, 0x9492, 0x9492, 0x9492, 0x31a6, 0x2104, 0x4a49, 0x8c71, 0x8c71, 0x8c71, 0x8c71, 0x8c71, 0x8c71, 0x8c71, 0x8c71, 0x8c71, 
	0x8c71, 0x52aa, 0x2104, 0x20e4, 0x20e4, 0x20e4, 0x20e4, 0x20e4, 0x20e4, 0x20e4, 0x20e4, 0x20e4, 0x20e4, 0x20e4, 0x20e4, 0x20e4, 
	0x20e4, 0x20e4, 0x20e4, 0x20e4, 0x20e4, 0x20e4, 0x20e4, 0x2104, 0x2104, 0x2104, 0x2104, 0x2104, 0x2104, 0x2104, 0x2104, 0x2104, 
	0x20e4, 0x20e4, 0x20e4, 0x20e4, 0x20e4, 0x20e4, 0x20e4, 0x20e4, 0x20e4, 0x20e4, 0x20e4, 0x20e4, 0x20e4, 0x20e4, 0x20e4, 0x20e4, 
	0x20e4, 0x20e4, 0x20e4, 0x20e4, 0x20e4, 0x20e4, 0x20e4, 0x20e4, 0x20e4, 0x20e4, 0x20e4, 0x20e4, 0x20e4, 0x20e4, 0x20e4, 0x20e4, 
	0x20e4, 0x20e4, 0x20e4, 0x20e4, 0x20e4, 0x20e4, 0x20e4, 0x20e4, 0x20e4, 0x20e4, 0x20e4, 0x20e4, 0x20e4, 0x20e4, 0x20e4, 0x20e4, 
	0x20e4, 0x20e4, 0x20e4, 0x2104, 0x20e4, 0x20e4, 0x20e4, 0x20e4, 0x20e4, 0x20e4, 0x20e4, 0x20e4, 0x20e4, 0x20e4, 0x20e4, 0x20e4, 
	0x20e4, 0x20e4, 0x20e4, 0x20e4, 0x20e4, 0x20e4, 0x18e4, 0x18e4, 0x20e4, 0x20e4, 0x20e4, 0x20e4, 0x20e4, 0x20e4, 0x20e4, 0x20e4, 
	0x20e4, 0x20e4, 0x20e4, 0x20e4, 0x20e4, 0x20e4, 0x20e4, 0x20e4, 0x20e4, 0x20e4, 0x2104, 0x2104, 0x2104, 0x2104, 0x2104, 0x2104, 
	0x2104, 0x2104, 0x2104, 0x2104, 0x2104, 0x2104, 0x2104, 0x20e4, 0x20e4, 0x20e4, 0x20e4, 0x20e4, 0x20e4, 0x20e4, 0x20e4, 0x20e4, 
	0x20e4, 0x20e4, 0x20e4, 0x20e4, 0x20e4, 0x20e4, 0x20e4, 0x20e4, 0x20e4, 0x20e4, 0x20e4, 0x20e4, 0x20e4, 0x20e4, 0x20e4, 0x20e4, 
	0x20e4, 0x20e4, 0x20e4, 0x20e4, 0x20e4, 0x2104, 0x20e4, 0x20e4, 0x20e4, 0x20e4, 0x20e4, 0x20e4, 0x20e4, 0x20e4, 0x20e4, 0x20e4, 
	0x20e4, 0x20e4, 0x20e4, 0x20e4, 0x20e4, 0x20e4, 0x20e4, 0x20e4, 0x20e4, 0x20e4, 0x2104, 0x2104, 0x8c71, 0x8c71, 0x8c71, 0x8c71, 
	0x8c71, 0x8c71, 0x8c71, 0x8c71, 0x8c71, 0x8c71, 0x8c71, 0x8c71, 0x8c71, 0x8c71, 0x8c71, 0x8c71, 0x8c71, 0x8c71, 0x8c71, 0x8c71, 
	0x8c71, 0x8c71, 0x8c71, 0x8c71, 0x8c71, 0x8c71, 0x8c71, 0x8c71, 0x8c71, 0x8c71, 0x8c71, 0x8c71, 0x8c71, 0x8c71, 0x8c71, 0x8c72, 
	0x8c72, 0x8c92, 0x9492, 0x8c72, 0x6b4d, 0x2104, 0x2104, 0x8c71, 0x8c71, 0x8c71, 0x8c71, 0x8c71, 0x8c71, 0x8c71, 0x8c71, 0x8c71, 
	0x8c71, 0x8c51, 0x2104, 0x2104, 0x20e4, 0x20e4, 0x20e4, 0x20e4, 0x20e4, 0x20e4, 0x20e4, 0x20e4, 0x20e4, 0x20e4, 0x20e4, 0x20e4, 
	0x20e4, 0x20e4, 0x20e4, 0x20e4, 0x20e4, 0x20e4, 0x20e4, 0x2104, 0x2104, 0x2104, 0x2104, 0x2104, 0x2104, 0x2104, 0x2104, 0x2104, 
	0x2104, 0x20e4, 0x20e4, 0x20e4, 0x20e4, 0x20e4, 0x20e4, 0x20e4, 0x20e4, 0x20e4, 0x20e4, 0x20e4, 0x20e4, 0x20e4, 0x20e4, 0x20e4, 
	0x20e4, 0x20e4, 0x20e4, 0x20e4, 0x20e4, 0x20e4, 0x20e4, 0x20e4, 0x20e4, 0x20e4, 0x20e4, 0x20e4, 0x20e4, 0x20e4, 0x20e4, 0x20e4, 
	0x20e4, 0x20e4, 0x20e4, 0x20e4, 0x20e4, 0x20e4, 0x20e4, 0x20e4, 0x20e4, 0x20e4, 0x20e4, 0x20e4, 0x20e4, 0x20e4, 0x20e4, 0x20e4, 
	0x20e4, 0x20e4, 0x20e4, 0x20e4, 0x20e4, 0x20e4, 0x20e4, 0x20e4, 0x20e4, 0x20e4, 0x20e4, 0x20e4, 0x20e4, 0x20e4, 0x20e4, 0x20e4, 
	0x20e4, 0x20e4, 0x20e4, 0x20e4, 0x20e4, 0x20e4, 0x18e4, 0x18e4, 0x18e4, 0x20e4, 0x20e4, 0x20e4, 0x20e4, 0x20e4, 0x20e4, 0x20e4, 
	0x20e4, 0x20e4, 0x20e4, 0x20e4, 0x20e4, 0x20e4, 0x20e4, 0x20e4, 0x20e4, 0x20e4, 0x2104, 0x2104, 0x2104, 0x2104, 0x2104, 0x2104, 
	0x2104, 0x2104, 0x2104, 0x2104, 0x2104, 0x2104, 0x20e4, 0x20e4, 0x20e4, 0x20e4, 0x20e4, 0x20e4, 0x20e4, 0x20e4, 0x20e4, 0x20e4, 
	0x20e4, 0x20e4, 0x20e4, 0x20e4, 0x20e4, 0x20e4, 0x20e4, 0x20e4, 0x20e4, 0x20e4, 0x20e4, 0x20e4, 0x20e4, 0x20e4, 0x20e4, 0x20e4, 
	0x20e4, 0x20e4, 0x20e4, 0x20e4, 0x20e4, 0x20e4, 0x20e4, 0x20e4, 0x20e4, 0x20e4, 0x20e4, 0x20e4, 0x20e4, 0x20e4, 0x20e4, 0x20e4, 
	0x20e4, 0x20e4, 0x20e4, 0x20e4, 0x20e4, 0x20e4, 0x20e4, 0x20e4, 0x20e4, 0x20e4, 0x2104, 0x4a49, 0x8c71, 0x8c71, 0x8c71, 0x8c71, 
	0x8c71, 0x8c71, 0x8c71, 0x8c71, 0x8c71, 0x8c71, 0x8c71, 0x8c71, 0x8c71, 0x8c71, 0x8c71, 0x8c71, 0x8c71, 0x8c71, 0x8c71, 0x8c71, 
	0x8c71, 0x8c71, 0x8c71, 0x8c71, 0x8c71, 0x8c71, 0x8c71, 0x8c71, 0x8c71, 0x8c71, 0x8c71, 0x8c71, 0x8c71, 0x8c71, 0x8c71, 0x8c72, 
	0x8c72, 0x8c72, 0x8c72, 0x8c72, 0x8430, 0x2104, 0x2104, 0x8c71, 0x8c71, 0x8c71, 0x8c71, 0x8c71, 0x8c71, 0x8c71, 0x8c71, 0x8c71, 
	0x8c71, 0x9492, 0x2104, 0x2104, 0x20e4, 0x20e4, 0x20e4, 0x20e4, 0x20e4, 0x20e4, 0x20e4, 0x20e4, 0x20e4, 0x20e4, 0x20e4, 0x20e4, 
	0x20e4, 0x20e4, 0x20e4, 0x20e4, 0x20e4, 0x20e4, 0x20e4, 0x2104, 0x2104, 0x2104, 0x2104, 0x20e4, 0x20e4, 0x20e4, 0x2104, 0x2104, 
	0x2104, 0x20e4, 0x20e4, 0x20e4, 0x20e4, 0x20e4, 0x20e4, 0x20e4, 0x20e4, 0x20e4, 0x20e4, 0x20e4, 0x20e4, 0x20e4, 0x20e4, 0x20e4, 
	0x20e4, 0x20e4, 0x20e4, 0x20e4, 0x20e4, 0x20e4, 0x20e4, 0x20e4, 0x20e4, 0x20e4, 0x20e4, 0x20e4, 0x20e4, 0x20e4, 0x20e4, 0x20e4, 
	0x20e4, 0x20e4, 0x20e4, 0x20e4, 0x20e4, 0x20e4, 0x20e4, 0x20e4, 0x20e4, 0x20e4, 0x20e4, 0x20e4, 0x20e4, 0x20e4, 0x20e4, 0x20e4, 
	0x20e4, 0x20e4, 0x20e4, 0x20e4, 0x20e4, 0x20e4, 0x20e4, 0x20e4, 0x20e4, 0x20e4, 0x20e4, 0x20e4, 0x20e4, 0x20e4, 0x20e4, 0x20e4, 
	0x20e4, 0x20e4, 0x20e4, 0x20e4, 0x20e4, 0x18e4, 0x18e4, 0x18e4, 0x18e4, 0x20e4, 0x20e4, 0x20e4, 0x20e4, 0x20e4, 0x20e4, 0x20e4, 
	0x20e4, 0x20e4, 0x20e4, 0x20e4, 0x20e4, 0x20e4, 0x20e4, 0x20e4, 0x20e4, 0x20e4, 0x2104, 0x2104, 0x2104, 0x2104, 0x2104, 0x2104, 
	0x2104, 0x2104, 0x2104, 0x2104, 0x2104, 0x2104, 0x20e4, 0x20e4, 0x20e4, 0x20e4, 0x20e4, 0x20e4, 0x20e4, 0x20e4, 0x20e4, 0x20e4, 
	0x20e4, 0x20e4, 0x20e4, 0x20e4, 0x20e4, 0x20e4, 0x20e4, 0x20e4, 0x20e4, 0x20e4, 0x20e4, 0x20e4, 0x20e4, 0x20e4, 0x20e4, 0x20e4, 
	0x20e4, 0x20e4, 0x20e4, 0x20e4, 0x20e4, 0x20e4, 0x20e4, 0x20e4, 0x20e4, 0x20e4, 0x20e4, 0x20e4, 0x20e4, 0x20e4, 0x20e4, 0x20e4, 
	0x20e4, 0x20e4, 0x20e4, 0x20e4, 0x20e4, 0x20e4, 0x20e4, 0x20e4, 0x20e4, 0x2104, 0x2104, 0x8430, 0x8c71, 0x8c71, 0x8c71, 0x8c71, 
	0x8c71, 0x8c71, 0x8c71, 0x8c71, 0x8c71, 0x8c71, 0x8c71, 0x8c71, 0x8c71, 0x8c71, 0x8c71, 0x8c71, 0x8c71, 0x8c71, 0x8c71, 0x8c71, 
	0x8c71, 0x8c71, 0x8c71, 0x8c71, 0x8c71, 0x8c71, 0x8c71, 0x8c71, 0x8c71, 0x8c71, 0x8c71, 0x8c71, 0x8c71, 0x8c71, 0x8c71, 0x8c72, 
	0x8c72, 0x8c72, 0x8c72, 0x8c71, 0x8c71, 0x2104, 0x2104, 0x8c71, 0x8c71, 0x8c71, 0x8c71, 0x8c71, 0x8c71, 0x8c71, 0x8c71, 0x8c71, 
	0x8c71, 0x8c71, 0x20e4, 0x2104, 0x20e4, 0x20e4, 0x20e4, 0x20e4, 0x20e4, 0x20e4, 0x20e4, 0x20e4, 0x20e4, 0x20e4, 0x20e4, 0x20e4, 
	0x20e4, 0x20e4, 0x20e4, 0x20e4, 0x20e4, 0x20e4, 0x20e4, 0x2104, 0x2104, 0x2104, 0x2104, 0x20e4, 0x20e4, 0x20e4, 0x20e4, 0x2104, 
	0x2104, 0x20e4, 0x20e4, 0x20e4, 0x20e4, 0x20e4, 0x20e4, 0x20e4, 0x20e4, 0x20e4, 0x20e4, 0x20e4, 0x20e4, 0x20e4, 0x20e4, 0x20e4, 
	0x20e4, 0x20e4, 0x20e4, 0x20e4, 0x20e4, 0x20e4, 0x20e4, 0x20e4, 0x20e4, 0x20e4, 0x20e4, 0x20e4, 0x20e4, 0x20e4, 0x20e4, 0x20e4, 
	0x20e4, 0x20e4, 0x20e4, 0x20e4, 0x20e4, 0x20e4, 0x20e4, 0x20e4, 0x20e4, 0x20e4, 0x20e4, 0x20e4, 0x20e4, 0x20e4, 0x20e4, 0x20e4, 
	0x2104, 0x20e4, 0x20e4, 0x20e4, 0x20e4, 0x20e4, 0x20e4, 0x20e4, 0x20e4, 0x20e4, 0x20e4, 0x20e4, 0x20e4, 0x20e4, 0x20e4, 0x20e4, 
	0x20e4, 0x20e4, 0x20e4, 0x18e4, 0x18e4, 0x18e4, 0x18e4, 0x18e4, 0x18e4, 0x20e4, 0x20e4, 0x20e4, 0x20e4, 0x20e4, 0x20e4, 0x20e4, 
	0x20e4, 0x20e4, 0x20e4, 0x20e4, 0x20e4, 0x20e4, 0x20e4, 0x20e4, 0x20e4, 0x20e4, 0x20e4, 0x2104, 0x2104, 0x2104, 0x2104, 0x2104, 
	0x2104, 0x2104, 0x2104, 0x2104, 0x2104, 0x2104, 0x20e4, 0x20e4, 0x20e4, 0x20e4, 0x20e4, 0x20e4, 0x20e4, 0x20e4, 0x20e4, 0x20e4, 
	0x20e4, 0x20e4, 0x20e4, 0x20e4, 0x20e4, 0x20e4, 0x20e4, 0x20e4, 0x20e4, 0x20e4, 0x20e4, 0x20e4, 0x20e4, 0x20e4, 0x20e4, 0x20e4, 
	0x20e4, 0x20e4, 0x20e4, 0x20e4, 0x20e4, 0x20e4, 0x20e4, 0x20e4, 0x20e4, 0x20e4, 0x20e4, 0x20e4, 0x20e4, 0x20e4, 0x20e4, 0x20e4, 
	0x20e4, 0x20e4, 0x20e4, 0x20e4, 0x20e4, 0x20e4, 0x20e4, 0x20e4, 0x20e4, 0x2104, 0x2104, 0x8c51, 0x8c71, 0x8c71, 0x8c71, 0x8c71, 
	0x8c71, 0x8c71, 0x8c71, 0x8c71, 0x8c71, 0x8c71, 0x8c71, 0x8c71, 0x8c71, 0x8c71, 0x8c71, 0x8c71, 0x8c71, 0x8c71, 0x8c71, 0x8c71, 
	0x8c71, 0x8c71, 0x8c71, 0x8c71, 0x8c71, 0x8c71, 0x8c71, 0x8c71, 0x8c71, 0x8c71, 0x8c71, 0x8c71, 0x8c71, 0x8c71, 0x8c71, 0x8c71, 
	0x8c71, 0x8c71, 0x8c71, 0x8c71, 0x8c71, 0x2104, 0x2104, 0x8c71, 0x8c71, 0x8c71, 0x8c71, 0x8c71, 0x8c71, 0x8c71, 0x8c71, 0x8c71, 
	0x8c71, 0x8c71, 0x2925, 0x20e4, 0x20e4, 0x20e4, 0x20e4, 0x20e4, 0x20e4, 0x20e4, 0x20e4, 0x20e4, 0x20e4, 0x20e4, 0x20e4, 0x20e4, 
	0x20e4, 0x20e4, 0x20e4, 0x20e4, 0x20e4, 0x20e4, 0x20e4, 0x20e4, 0x20e4, 0x2104, 0x20e4, 0x20e4, 0x20e4, 0x20e4, 0x20e4, 0x20e4, 
	0x20e4, 0x20e4, 0x20e4, 0x20e4, 0x20e4, 0x20e4, 0x20e4, 0x20e4, 0x20e4, 0x20e4, 0x20e4, 0x20e4, 0x20e4, 0x20e4, 0x20e4, 0x20e4, 
	0x20e4, 0x20e4, 0x20e4, 0x20e4, 0x20e4, 0x20e4, 0x20e4, 0x20e4, 0x20e4, 0x20e4, 0x20e4, 0x20e4, 0x20e4, 0x20e4, 0x20e4, 0x20e4, 
	0x20e4, 0x20e4, 0x20e4, 0x20e4, 0x20e4, 0x20e4, 0x20e4, 0x20e4, 0x20e4, 0x20e4, 0x20e4, 0x20e4, 0x20e4, 0x20e4, 0x20e4, 0x20e4, 
	0x20e4, 0x2104, 0x20e4, 0x20e4, 0x20e4, 0x20e4, 0x20e4, 0x20e4, 0x20e4, 0x20e4, 0x20e4, 0x20e4, 0x20e4, 0x20e4, 0x20e4, 0x20e4, 
	0x20e4, 0x18e4, 0x18e4, 0x18e4, 0x18e4, 0x18e4, 0x18e4, 0x18e4, 0x18e4, 0x18e4, 0x20e4, 0x20e4, 0x20e4, 0x20e4, 0x20e4, 0x20e4, 
	0x20e4, 0x20e4, 0x20e4, 0x20e4, 0x20e4, 0x20e4, 0x20e4, 0x20e4, 0x20e4, 0x20e4, 0x20e4, 0x2104, 0x2104, 0x2104, 0x2104, 0x20e4, 
	0x2104, 0x2104, 0x2104, 0x2104, 0x2104, 0x2104, 0x20e4, 0x20e4, 0x20e4, 0x20e4, 0x20e4, 0x20e4, 0x20e4, 0x20e4, 0x20e4, 0x20e4, 
	0x20e4, 0x20e4, 0x20e4, 0x20e4, 0x20e4, 0x20e4, 0x20e4, 0x20e4, 0x20e4, 0x20e4, 0x20e4, 0x20e4, 0x20e4, 0x20e4, 0x20e4, 0x20e4, 
	0x20e4, 0x20e4, 0x20e4, 0x20e4, 0x20e4, 0x20e4, 0x20e4, 0x20e4, 0x20e4, 0x20e4, 0x20e4, 0x20e4, 0x20e4, 0x20e4, 0x18e4, 0x20e4, 
	0x20e4, 0x20e4, 0x20e4, 0x20e4, 0x20e4, 0x20e4, 0x20e4, 0x2104, 0x2104, 0x20e4, 0x20e4, 0x8c51, 0x8c71, 0x8c71, 0x8c71, 0x8c71, 
	0x8c71, 0x8c71, 0x8c71, 0x8c71, 0x8c71, 0x8c71, 0x8c71, 0x8c71, 0x8c71, 0x8c71, 0x8c71, 0x8c71, 0x8c71, 0x8c71, 0x8c71, 0x8c71, 
	0x8c71, 0x8c71, 0x8c71, 0x8c71, 0x8c71, 0x8c71, 0x8c71, 0x8c71, 0x8c71, 0x8c71, 0x8c71, 0x8c71, 0x8c71, 0x8c71, 0x8c71, 0x8c71, 
	0x8c71, 0x8c71, 0x8c71, 0x8c71, 0x8c71, 0x2945, 0x2104, 0x5aeb, 0x8c71, 0x8c71, 0x8c71, 0x8c71, 0x8c71, 0x8c71, 0x8c71, 0x8c71, 
	0x8c71, 0x8c71, 0x630c, 0x20e4, 0x20e4, 0x20e4, 0x20e4, 0x20e4, 0x20e4, 0x20e4, 0x20e4, 0x20e4, 0x20e4, 0x20e4, 0x20e4, 0x20e4, 
	0x20e4, 0x20e4, 0x20e4, 0x20e4, 0x20e4, 0x20e4, 0x20e4, 0x20e4, 0x20e4, 0x20e4, 0x20e4, 0x20e4, 0x20e4, 0x20e4, 0x20e4, 0x20e4, 
	0x20e4, 0x20e4, 0x20e4, 0x20e4, 0x20e4, 0x20e4, 0x20e4, 0x20e4, 0x20e4, 0x20e4, 0x20e4, 0x20e4, 0x20e4, 0x20e4, 0x20e4, 0x20e4, 
	0x20e4, 0x20e4, 0x20e4, 0x20e4, 0x20e4, 0x20e4, 0x20e4, 0x20e4, 0x20e4, 0x20e4, 0x20e4, 0x20e4, 0x20e4, 0x20e4, 0x20e4, 0x20e4, 
	0x20e4, 0x20e4, 0x20e4, 0x20e4, 0x20e4, 0x20e4, 0x20e4, 0x20e4, 0x20e4, 0x20e4, 0x20e4, 0x20e4, 0x20e4, 0x20e4, 0x20e4, 0x20e4, 
	0x20e4, 0x2104, 0x2104, 0x20e4, 0x20e4, 0x20e4, 0x20e4, 0x20e4, 0x20e4, 0x20e4, 0x20e4, 0x20e4, 0x20e4, 0x20e4, 0x20e4, 0x20e4, 
	0x20e4, 0x20e4, 0x18e4, 0x18e4, 0x18e4, 0x18e4, 0x18e4, 0x18e4, 0x18e4, 0x18e4, 0x18e4, 0x20e4, 0x20e4, 0x20e4, 0x20e4, 0x20e4, 
	0x20e4, 0x20e4, 0x20e4, 0x20e4, 0x20e4, 0x20e4, 0x20e4, 0x20e4, 0x20e4, 0x20e4, 0x20e4, 0x20e4, 0x2104, 0x2104, 0x20e4, 0x20e4, 
	0x2104, 0x2104, 0x2104, 0x2104, 0x2104, 0x2104, 0x2104, 0x20e4, 0x20e4, 0x20e4, 0x20e4, 0x20e4, 0x20e4, 0x20e4, 0x20e4, 0x20e4, 
	0x20e4, 0x20e4, 0x20e4, 0x20e4, 0x20e4, 0x20e4, 0x20e4, 0x20e4, 0x20e4, 0x20e4, 0x20e4, 0x20e4, 0x20e4, 0x20e4, 0x20e4, 0x20e4, 
	0x20e4, 0x20e4, 0x20e4, 0x20e4, 0x20e4, 0x20e4, 0x20e4, 0x20e4, 0x20e4, 0x20e4, 0x20e4, 0x20e4, 0x20e4, 0x18e4, 0x18e4, 0x18e4, 
	0x18e4, 0x18e4, 0x20e4, 0x20e4, 0x2104, 0x2104, 0x3186, 0x5aeb, 0x2104, 0x20e4, 0x31a6, 0x8c51, 0x8c51, 0x8c71, 0x8c71, 0x8c71, 
	0x8c71, 0x8c71, 0x8c71, 0x8c71, 0x8c71, 0x8c71, 0x8c71, 0x8c71, 0x8c71, 0x8c71, 0x8c71, 0x8c71, 0x8c71, 0x8c71, 0x8c71, 0x8c71, 
	0x8c71, 0x8c71, 0x8c71, 0x8c71, 0x8c71, 0x8c71, 0x8c71, 0x8c71, 0x8c71, 0x8c71, 0x8c71, 0x8c71, 0x8c71, 0x8c71, 0x8c71, 0x8c71, 
	0x8c71, 0x8c71, 0x8c71, 0x8c71, 0x8c71, 0x4a69, 0x2104, 0x2945, 0x8c71, 0x8c71, 0x8c71, 0x8c71, 0x8c71, 0x8c71, 0x8c71, 0x8c71, 
	0x8c71, 0x8c71, 0x738e, 0x20e4, 0x20e4, 0x20e4, 0x20e4, 0x20e4, 0x20e4, 0x20e4, 0x20e4, 0x20e4, 0x20e4, 0x20e4, 0x20e4, 0x20e4, 
	0x20e4, 0x20e4, 0x20e4, 0x20e4, 0x20e4, 0x20e4, 0x20e4, 0x20e4, 0x20e4, 0x20e4, 0x20e4, 0x20e4, 0x20e4, 0x20e4, 0x20e4, 0x20e4, 
	0x20e4, 0x20e4, 0x20e4, 0x20e4, 0x20e4, 0x20e4, 0x20e4, 0x20e4, 0x20e4, 0x20e4, 0x20e4, 0x20e4, 0x20e4, 0x20e4, 0x20e4, 0x20e4, 
	0x20e4, 0x20e4, 0x20e4, 0x20e4, 0x20e4, 0x20e4, 0x20e4, 0x20e4, 0x20e4, 0x20e4, 0x20e4, 0x20e4, 0x20e4, 0x20e4, 0x20e4, 0x20e4, 
	0x20e4, 0x20e4, 0x20e4, 0x20e4, 0x20e4, 0x20e4, 0x20e4, 0x20e4, 0x20e4, 0x20e4, 0x20e4, 0x20e4, 0x20e4, 0x20e4, 0x20e4, 0x20e4, 
	0x20e4, 0x2104, 0x2104, 0x20e4, 0x20e4, 0x20e4, 0x20e4, 0x20e4, 0x20e4, 0x20e4, 0x20e4, 0x20e4, 0x20e4, 0x20e4, 0x20e4, 0x20e4, 
	0x20e4, 0x20e4, 0x18e4, 0x18e4, 0x18e4, 0x18e4, 0x18e4, 0x18e4, 0x18e4, 0x18e4, 0x18e4, 0x18e4, 0x20e4, 0x20e4, 0x20e4, 0x20e4, 
	0x20e4, 0x20e4, 0x20e4, 0x20e4, 0x20e4, 0x20e4, 0x20e4, 0x20e4, 0x20e4, 0x20e4, 0x20e4, 0x20e4, 0x2104, 0x2104, 0x20e4, 0x20e4, 
	0x2104, 0x2104, 0x2104, 0x2104, 0x2104, 0x2104, 0x2104, 0x20e4, 0x20e4, 0x20e4, 0x20e4, 0x20e4, 0x20e4, 0x20e4, 0x20e4, 0x20e4, 
	0x20e4, 0x20e4, 0x20e4, 0x20e4, 0x20e4, 0x20e4, 0x20e4, 0x20e4, 0x20e4, 0x20e4, 0x20e4, 0x20e4, 0x20e4, 0x20e4, 0x20e4, 0x20e4, 
	0x20e4, 0x20e4, 0x20e4, 0x20e4, 0x20e4, 0x20e4, 0x20e4, 0x20e4, 0x20e4, 0x20e4, 0x20e4, 0x20e4, 0x18e4, 0x18e4, 0x18e4, 0x18e4, 
	0x18e4, 0x18e4, 0x20e4, 0x20e4, 0x528a, 0x5aeb, 0x5aec, 0x4a6a, 0x18e4, 0x20e4, 0x2966, 0x8c51, 0x8c51, 0x8c71, 0x8c71, 0x8c71, 
	0x8c71, 0x8c71, 0x8c71, 0x8c71, 0x8c71, 0x8c71, 0x8c71, 0x8c71, 0x8c71, 0x8c71, 0x8c71, 0x8c71, 0x8c71, 0x8c71, 0x8c71, 0x8c71, 
	0x8c71, 0x8c71, 0x8c71, 0x8c71, 0x8c71, 0x8c71, 0x8c71, 0x8c71, 0x8c71, 0x8c71, 0x8c71, 0x8c71, 0x8c71, 0x8c71, 0x8c71, 0x8c71, 
	0x8c71, 0x8c71, 0x8c71, 0x8c71, 0x8c71, 0x7bcf, 0x2104, 0x2104, 0x8c51, 0x8c71, 0x8c71, 0x8c71, 0x8c71, 0x8c71, 0x8c71, 0x8c71, 
	0x8c71, 0x8c71, 0x2125, 0x18e4, 0x20e4, 0x20e4, 0x20e4, 0x2104, 0x20e4, 0x20e4, 0x20e4, 0x20e4, 0x20e4, 0x20e4, 0x20e4, 0x20e4, 
	0x20e4, 0x20e4, 0x20e4, 0x20e4, 0x20e4, 0x20e4, 0x20e4, 0x20e4, 0x20e4, 0x20e4, 0x20e4, 0x20e4, 0x20e4, 0x20e4, 0x20e4, 0x20e4, 
	0x20e4, 0x20e4, 0x20e4, 0x20e4, 0x20e4, 0x20e4, 0x20e4, 0x20e4, 0x20e4, 0x20e4, 0x20e4, 0x20e4, 0x20e4, 0x20e4, 0x20e4, 0x20e4, 
	0x20e4, 0x20e4, 0x20e4, 0x20e4, 0x20e4, 0x20e4, 0x20e4, 0x20e4, 0x20e4, 0x20e4, 0x20e4, 0x20e4, 0x20e4, 0x20e4, 0x20e4, 0x20e4, 
	0x20e4, 0x20e4, 0x20e4, 0x20e4, 0x20e4, 0x20e4, 0x20e4, 0x20e4, 0x20e4, 0x20e4, 0x20e4, 0x20e4, 0x20e4, 0x20e4, 0x20e4, 0x20e4, 
	0x2104, 0x2104, 0x2104, 0x2104, 0x20e4, 0x20e4, 0x20e4, 0x20e4, 0x20e4, 0x20e4, 0x20e4, 0x20e4, 0x20e4, 0x20e4, 0x20e4, 0x20e4, 
	0x20e4, 0x20e4, 0x20e4, 0x20e4, 0x18e4, 0x18e4, 0x20e4, 0x18e4, 0x18e4, 0x18e4, 0x18e4, 0x18e4, 0x18e4, 0x20e4, 0x20e4, 0x20e4, 
	0x20e4, 0x20e4, 0x20e4, 0x20e4, 0x20e4, 0x20e4, 0x20e4, 0x20e4, 0x20e4, 0x20e4, 0x20e4, 0x20e4, 0x2104, 0x2104, 0x20e4, 0x20e4, 
	0x2104, 0x2104, 0x2104, 0x2104, 0x2104, 0x2104, 0x2104, 0x2104, 0x20e4, 0x20e4, 0x20e4, 0x20e4, 0x20e4, 0x20e4, 0x20e4, 0x20e4, 
	0x20e4, 0x20e4, 0x20e4, 0x20e4, 0x20e4, 0x20e4, 0x20e4, 0x20e4, 0x20e4, 0x20e4, 0x20e4, 0x20e4, 0x20e4, 0x20e4, 0x20e4, 0x20e4, 
	0x20e4, 0x20e4, 0x20e4, 0x20e4, 0x20e4, 0x20e4, 0x20e4, 0x20e4, 0x20e4, 0x20e4, 0x20e4, 0x20e4, 0x18e4, 0x18e4, 0x18e4, 0x18e4, 
	0x18e4, 0x18e4, 0x2124, 0x5aeb, 0x5aeb, 0x5aeb, 0x5aeb, 0x2945, 0x18e4, 0x18e4, 0x20e4, 0x8c51, 0x8c51, 0x8c71, 0x8c71, 0x8c71, 
	0x8c71, 0x8c71, 0x8c71, 0x8c71, 0x8c71, 0x8c71, 0x8c71, 0x8c71, 0x8c71, 0x8c71, 0x8c71, 0x8c71, 0x8c71, 0x8c71, 0x8c71, 0x8c71, 
	0x8c71, 0x8c71, 0x8c71, 0x8c71, 0x8c71, 0x8c71, 0x8c71, 0x8c71, 0x8c71, 0x8c71, 0x8c71, 0x8c71, 0x8c71, 0x8c71, 0x8c72, 0x8c71, 
	0x8c71, 0x8c71, 0x8c71, 0x8c71, 0x8c71, 0x8c71, 0x2104, 0x2104, 0x8c51, 0x8c51, 0x8c51, 0x8c71, 0x8c71, 0x8c71, 0x8c71, 0x8c71, 
	0x8c71, 0x7baf, 0x2104, 0x2965, 0x4a49, 0x2124, 0x2104, 0x2104, 0x2104, 0x2104, 0x2104, 0x2104, 0x20e4, 0x20e4, 0x20e4, 0x20e4, 
	0x20e4, 0x20e4, 0x20e4, 0x20e4, 0x20e4, 0x20e4, 0x20e4, 0x20e4, 0x20e4, 0x20e4, 0x20e4, 0x20e4, 0x20e4, 0x20e4, 0x20e4, 0x20e4, 
	0x20e4, 0x20e4, 0x20e4, 0x20e4, 0x20e4, 0x20e4, 0x20e4, 0x20e4, 0x20e4, 0x20e4, 0x20e4, 0x20e4, 0x20e4, 0x20e4, 0x20e4, 0x20e4, 
	0x20e4, 0x20e4, 0x20e4, 0x20e4, 0x20e4, 0x20e4, 0x20e4, 0x20e4, 0x20e4, 0x20e4, 0x20e4, 0x20e4, 0x20e4, 0x20e4, 0x20e4, 0x20e4, 
	0x20e4, 0x20e4, 0x20e4, 0x20e4, 0x20e4, 0x20e4, 0x20e4, 0x20e4, 0x20e4, 0x20e4, 0x20e4, 0x20e4, 0x20e4, 0x20e4, 0x20e4, 0x20e4, 
	0x2104, 0x2104, 0x2104, 0x2104, 0x20e4, 0x20e4, 0x20e4, 0x20e4, 0x20e4, 0x20e4, 0x20e4, 0x20e4, 0x20e4, 0x20e4, 0x20e4, 0x20e4, 
	0x20e4, 0x20e4, 0x20e4, 0x20e4, 0x20e4, 0x20e4, 0x20e4, 0x20e4, 0x20e4, 0x18e4, 0x18e4, 0x18e4, 0x18e4, 0x20e4, 0x20e4, 0x20e4, 
	0x20e4, 0x20e4, 0x20e4, 0x20e4, 0x20e4, 0x20e4, 0x20e4, 0x20e4, 0x20e4, 0x20e4, 0x20e4, 0x20e4, 0x2104, 0x2104, 0x2104, 0x2104, 
	0x2104, 0x2104, 0x2104, 0x2104, 0x2104, 0x2104, 0x2104, 0x2104, 0x20e4, 0x20e4, 0x20e4, 0x20e4, 0x20e4, 0x20e4, 0x20e4, 0x20e4, 
	0x20e4, 0x20e4, 0x20e4, 0x20e4, 0x20e4, 0x20e4, 0x20e4, 0x20e4, 0x20e4, 0x20e4, 0x20e4, 0x20e4, 0x20e4, 0x20e4, 0x20e4, 0x20e4, 
	0x20e4, 0x20e4, 0x20e4, 0x20e4, 0x20e4, 0x20e4, 0x20e4, 0x20e4, 0x20e4, 0x20e4, 0x20e4, 0x18e4, 0x18e4, 0x18e4, 0x18e4, 0x18e4, 
	0x18e4, 0x4a69, 0x5aeb, 0x5aeb, 0x5aeb, 0x5aeb, 0x5aeb, 0x2104, 0x18e4, 0x18e4, 0x20e4, 0x2104, 0x39c7, 0x8c51, 0x8c51, 0x8c71, 
	0x8c71, 0x8c71, 0x8c71, 0x8c71, 0x8c71, 0x8c71, 0x8c71, 0x8c71, 0x8c71, 0x8c71, 0x8c71, 0x8c71, 0x8c71, 0x8c71, 0x8c71, 0x8c71, 
	0x8c71, 0x8c71, 0x8c71, 0x8c71, 0x8c71, 0x8c71, 0x8c71, 0x8c71, 0x8c71, 0x8c71, 0x8c71, 0x8c71, 0x8c71, 0x8c71, 0x8c71, 0x8c71, 
	0x8c71, 0x8c71, 0x8c71, 0x8c71, 0x8c71, 0x8c71, 0x2104, 0x2104, 0x8431, 0x8c51, 0x8c51, 0x8c51, 0x8c51, 0x8c71, 0x8c71, 0x8430, 
	0x2124, 0x2104, 0x2104, 0x4a69, 0x5acb, 0x5aeb, 0x5aeb, 0x4a49, 0x2104, 0x2104, 0x2104, 0x2104, 0x20e4, 0x20e4, 0x20e4, 0x20e4, 
	0x20e4, 0x20e4, 0x20e4, 0x20e4, 0x20e4, 0x20e4, 0x20e4, 0x20e4, 0x20e4, 0x20e4, 0x20e4, 0x20e4, 0x20e4, 0x20e4, 0x20e4, 0x20e4, 
	0x20e4, 0x20e4, 0x20e4, 0x20e4, 0x20e4, 0x20e4, 0x20e4, 0x20e4, 0x20e4, 0x20e4, 0x20e4, 0x20e4, 0x20e4, 0x20e4, 0x20e4, 0x20e4, 
	0x20e4, 0x20e4, 0x20e4, 0x20e4, 0x20e4, 0x20e4, 0x20e4, 0x20e4, 0x20e4, 0x20e4, 0x20e4, 0x20e4, 0x20e4, 0x20e4, 0x20e4, 0x20e4, 
	0x20e4, 0x20e4, 0x20e4, 0x20e4, 0x20e4, 0x20e4, 0x20e4, 0x20e4, 0x20e4, 0x20e4, 0x20e4, 0x20e4, 0x20e4, 0x20e4, 0x20e4, 0x20e4, 
	0x2104, 0x2104, 0x2104, 0x2104, 0x20e4, 0x20e4, 0x20e4, 0x20e4, 0x20e4, 0x20e4, 0x20e4, 0x20e4, 0x20e4, 0x20e4, 0x20e4, 0x20e4, 
	0x20e4, 0x20e4, 0x20e4, 0x20e4, 0x20e4, 0x20e4, 0x20e4, 0x20e4, 0x20e4, 0x20e4, 0x18e4, 0x18e4, 0x18e4, 0x20e4, 0x20e4, 0x20e4, 
	0x18e4, 0x18e4, 0x18e4, 0x18e4, 0x20e4, 0x20e4, 0x20e4, 0x20e4, 0x20e4, 0x20e4, 0x20e4, 0x2104, 0x2104, 0x2104, 0x2104, 0x2104, 
	0x2104, 0x2104, 0x2104, 0x2104, 0x2104, 0x2104, 0x2104, 0x20e4, 0x20e4, 0x20e4, 0x20e4, 0x20e4, 0x20e4, 0x20e4, 0x20e4, 0x20e4, 
	0x20e4, 0x20e4, 0x20e4, 0x20e4, 0x20e4, 0x20e4, 0x20e4, 0x20e4, 0x20e4, 0x20e4, 0x20e4, 0x20e4, 0x20e4, 0x20e4, 0x20e4, 0x20e4, 
	0x20e4, 0x20e4, 0x20e4, 0x20e4, 0x20e4, 0x20e4, 0x20e4, 0x20e4, 0x20e4, 0x20e4, 0x20e4, 0x18e4, 0x18e4, 0x18e4, 0x18e3, 0x2104, 
	0x630c, 0x5aeb, 0x5aeb, 0x5aeb, 0x5aeb, 0x5aeb, 0x5aec, 0x4208, 0x18e4, 0x20e4, 0x20e4, 0x20e4, 0x2104, 0x2104, 0x2104, 0x2125, 
	0x6b4d, 0x8c51, 0x8c51, 0x8c71, 0x8c71, 0x8c71, 0x8c71, 0x8c71, 0x8c71, 0x8c71, 0x8c71, 0x8c71, 0x8c71, 0x8c71, 0x8c71, 0x8c71, 
	0x8c71, 0x8c71, 0x8c71, 0x8c71, 0x8c71, 0x8c71, 0x8c71, 0x8c71, 0x8c71, 0x8c71, 0x8c71, 0x8c71, 0x8c71, 0x8c72, 0x8c72, 0x8c71, 
	0x8c71, 0x8c71, 0x8c71, 0x8c71, 0x8c71, 0x8c71, 0x2104, 0x2104, 0x630c, 0x8c51, 0x8c51, 0x8c51, 0x8c51, 0x6b6d, 0x2104, 0x2104, 
	0x2104, 0x2104, 0x2104, 0x5aeb, 0x5acb, 0x5acb, 0x5aeb, 0x5aeb, 0x632c, 0x2104, 0x2104, 0x20e4, 0x20e4, 0x20e4, 0x20e4, 0x20e4, 
	0x20e4, 0x20e4, 0x20e4, 0x20e4, 0x20e4, 0x20e4, 0x20e4, 0x20e4, 0x20e4, 0x20e4, 0x20e4, 0x20e4, 0x20e4, 0x20e4, 0x20e4, 0x20e4, 
	0x20e4, 0x20e4, 0x20e4, 0x20e4, 0x20e4, 0x20e4, 0x20e4, 0x20e4, 0x20e4, 0x20e4, 0x20e4, 0x20e4, 0x20e4, 0x20e4, 0x20e4, 0x20e4, 
	0x20e4, 0x20e4, 0x20e4, 0x20e4, 0x20e4, 0x20e4, 0x20e4, 0x20e4, 0x20e4, 0x20e4, 0x20e4, 0x20e4, 0x20e4, 0x20e4, 0x20e4, 0x20e4, 
	0x20e4, 0x20e4, 0x20e4, 0x20e4, 0x20e4, 0x20e4, 0x20e4, 0x20e4, 0x20e4, 0x20e4, 0x20e4, 0x20e4, 0x20e4, 0x20e4, 0x20e4, 0x20e4, 
	0x2104, 0x2104, 0x2104, 0x2104, 0x2104, 0x20e4, 0x20e4, 0x20e4, 0x20e4, 0x20e4, 0x20e4, 0x20e4, 0x20e4, 0x20e4, 0x20e4, 0x20e4, 
	0x20e4, 0x20e4, 0x20e4, 0x20e4, 0x20e4, 0x20e4, 0x20e4, 0x20e4, 0x20e4, 0x20e4, 0x20e4, 0x20e4, 0x18e4, 0x20e4, 0x18e4, 0x20e4, 
	0x18e4, 0x18e4, 0x18e4, 0x18e4, 0x18e4, 0x20e4, 0x20e4, 0x20e4, 0x20e4, 0x20e4, 0x20e4, 0x2104, 0x2104, 0x2104, 0x2104, 0x2104, 
	0x2104, 0x2104, 0x2104, 0x2104, 0x2104, 0x2104, 0x2104, 0x20e4, 0x20e4, 0x20e4, 0x20e4, 0x20e4, 0x20e4, 0x20e4, 0x20e4, 0x20e4, 
	0x20e4, 0x20e4, 0x20e4, 0x20e4, 0x20e4, 0x20e4, 0x20e4, 0x20e4, 0x20e4, 0x20e4, 0x20e4, 0x20e4, 0x20e4, 0x20e4, 0x20e4, 0x20e4, 
	0x20e4, 0x20e4, 0x20e4, 0x20e4, 0x20e4, 0x20e4, 0x20e4, 0x20e4, 0x20e4, 0x20e4, 0x20e4, 0x20e4, 0x18e4, 0x18e3, 0x4a69, 0x630c, 
	0x5aeb, 0x5aeb, 0x5aeb, 0x5aeb, 0x5aeb, 0x5aeb, 0x5aec, 0x5b0c, 0x20e4, 0x20e4, 0x20e4, 0x2104, 0x2104, 0x2104, 0x2104, 0x2104, 
	0x2104, 0x2104, 0x2104, 0x2104, 0x39e7, 0x632c, 0x8410, 0x8c71, 0x8c71, 0x8c71, 0x8c71, 0x8c71, 0x8c71, 0x8c71, 0x8c71, 0x8c71, 
	0x8c72, 0x8c71, 0x8c71, 0x8c71, 0x8c71, 0x8c71, 0x8c71, 0x8c71, 0x8c71, 0x8c71, 0x8c71, 0x8c71, 0x8c72, 0x8c72, 0x8c72, 0x8c71, 
	0x8c71, 0x8c71, 0x8c71, 0x8c71, 0x8c71, 0x8c71, 0x20e4, 0x2104, 0x2104, 0x7bef, 0x8410, 0x39e7, 0x2104, 0x2104, 0x2104, 0x2104, 
	0x2104, 0x2104, 0x5aeb, 0x5aeb, 0x5aeb, 0x5aeb, 0x5aeb, 0x5aeb, 0x62ec, 0x9cd3, 0x2104, 0x20e4, 0x20e4, 0x20e4, 0x20e4, 0x20e4, 
	0x20e4, 0x20e4, 0x20e4, 0x20e4, 0x20e4, 0x20e4, 0x20e4, 0x20e4, 0x20e4, 0x20e4, 0x20e4, 0x20e4, 0x20e4, 0x20e4, 0x20e4, 0x20e4, 
	0x20e4, 0x20e4, 0x20e4, 0x20e4, 0x20e4, 0x20e4, 0x20e4, 0x20e4, 0x20e4, 0x20e4, 0x20e4, 0x20e4, 0x20e4, 0x20e4, 0x20e4, 0x20e4, 
	0x20e4, 0x20e4, 0x20e4, 0x20e4, 0x20e4, 0x20e4, 0x20e4, 0x20e4, 0x20e4, 0x20e4, 0x20e4, 0x20e4, 0x20e4, 0x20e4, 0x20e4, 0x20e4, 
	0x20e4, 0x20e4, 0x20e4, 0x20e4, 0x20e4, 0x20e4, 0x20e4, 0x20e4, 0x20e4, 0x20e4, 0x20e4, 0x20e4, 0x20e4, 0x20e4, 0x20e4, 0x20e4, 
	0x20e4, 0x2104, 0x2104, 0x2104, 0x2104, 0x20e4, 0x20e4, 0x20e4, 0x20e4, 0x20e4, 0x20e4, 0x20e4, 0x20e4, 0x20e4, 0x20e4, 0x20e4, 
	0x20e4, 0x20e4, 0x20e4, 0x20e4, 0x20e4, 0x20e4, 0x20e4, 0x20e4, 0x20e4, 0x20e4, 0x20e4, 0x20e4, 0x20e4, 0x20e4, 0x20e4, 0x20e4, 
	0x18e4, 0x18e4, 0x18e4, 0x18e4, 0x18e4, 0x20e4, 0x20e4, 0x20e4, 0x20e4, 0x20e4, 0x20e4, 0x20e4, 0x2104, 0x2104, 0x2104, 0x2104, 
	0x2104, 0x2104, 0x2104, 0x2104, 0x2104, 0x2104, 0x2104, 0x20e4, 0x20e4, 0x20e4, 0x20e4, 0x20e4, 0x20e4, 0x20e4, 0x20e4, 0x20e4, 
	0x20e4, 0x20e4, 0x20e4, 0x20e4, 0x20e4, 0x20e4, 0x20e4, 0x20e4, 0x20e4, 0x20e4, 0x20e4, 0x20e4, 0x20e4, 0x20e4, 0x20e4, 0x20e4, 
	0x20e4, 0x20e4, 0x20e4, 0x20e4, 0x20e4, 0x20e4, 0x20e4, 0x20e4, 0x20e4, 0x20e4, 0x20e4, 0x20e4, 0x2945, 0x5aeb, 0x5aeb, 0x5aeb, 
	0x5aeb, 0x5aeb, 0x5aeb, 0x5aeb, 0x5aeb, 0x5aeb, 0x5aeb, 0x5b0c, 0x5aeb, 0x18e4, 0x20e4, 0x2104, 0x2104, 0x2104, 0x2104, 0x2104, 
	0x2104, 0x2104, 0x2104, 0x2104, 0x2104, 0x2104, 0x2104, 0x2104, 0x2104, 0x2104, 0x2104, 0x2966, 0x39e7, 0x5aeb, 0x738e, 0x8c51, 
	0x8c72, 0x9492, 0x8c71, 0x8c71, 0x8c71, 0x8c71, 0x8c71, 0x8c71, 0x8c71, 0x8c71, 0x8c71, 0x8c71, 0x8c71, 0x8c71, 0x8c71, 0x8c71, 
	0x8c71, 0x9471, 0x9492, 0x94b2, 0x6b6d, 0x2104, 0x20e4, 0x20e4, 0x20e4, 0x18e4, 0x20e4, 0x20e4, 0x20e4, 0x2104, 0x2104, 0x2104, 
	0x2104, 0x5aeb, 0x5aeb, 0x5aeb, 0x5aeb, 0x5aeb, 0x5aeb, 0x5aec, 0x5aeb, 0x9492, 0x2925, 0x2104, 0x20e4, 0x20e4, 0x20e4, 0x20e4, 
	0x20e4, 0x20e4, 0x20e4, 0x20e4, 0x20e4, 0x20e4, 0x20e4, 0x20e4, 0x20e4, 0x20e4, 0x20e4, 0x20e4, 0x20e4, 0x20e4, 0x20e4, 0x20e4, 
	0x20e4, 0x20e4, 0x20e4, 0x20e4, 0x20e4, 0x20e4, 0x20e4, 0x2104, 0x20e4, 0x20e4, 0x20e4, 0x20e4, 0x20e4, 0x20e4, 0x20e4, 0x20e4, 
	0x20e4, 0x20e4, 0x20e4, 0x20e4, 0x20e4, 0x20e4, 0x20e4, 0x20e4, 0x20e4, 0x20e4, 0x20e4, 0x20e4, 0x20e4, 0x20e4, 0x20e4, 0x20e4, 
	0x20e4, 0x20e4, 0x20e4, 0x20e4, 0x20e4, 0x20e4, 0x20e4, 0x20e4, 0x20e4, 0x20e4, 0x20e4, 0x20e4, 0x20e4, 0x20e4, 0x20e4, 0x20e4, 
	0x20e4, 0x20e4, 0x20e4, 0x20e4, 0x20e4, 0x20e4, 0x20e4, 0x20e4, 0x20e4, 0x20e4, 0x20e4, 0x20e4, 0x20e4, 0x20e4, 0x20e4, 0x20e4, 
	0x20e4, 0x20e4, 0x20e4, 0x20e4, 0x20e4, 0x20e4, 0x20e4, 0x20e4, 0x20e4, 0x20e4, 0x20e4, 0x20e4, 0x20e4, 0x20e4, 0x20e4, 0x20e4, 
	0x18e4, 0x18e4, 0x18e4, 0x18e4, 0x20e4, 0x20e4, 0x20e4, 0x20e4, 0x20e4, 0x20e4, 0x20e4, 0x20e4, 0x2104, 0x2104, 0x2104, 0x2104, 
	0x2104, 0x2104, 0x2104, 0x2104, 0x2104, 0x2104, 0x2104, 0x20e4, 0x20e4, 0x20e4, 0x20e4, 0x20e4, 0x20e4, 0x20e4, 0x20e4, 0x20e4, 
	0x20e4, 0x20e4, 0x20e4, 0x20e4, 0x20e4, 0x20e4, 0x20e4, 0x20e4, 0x20e4, 0x20e4, 0x20e4, 0x20e4, 0x20e4, 0x20e4, 0x20e4, 0x20e4, 
	0x20e4, 0x20e4, 0x20e4, 0x20e4, 0x20e4, 0x20e4, 0x20e4, 0x20e4, 0x20e4, 0x20e4, 0x18e4, 0x5acb, 0x5aeb, 0x5aeb, 0x5aeb, 0x5aeb, 
	0x5aeb, 0x5aeb, 0x5aeb, 0x5aeb, 0x5aeb, 0x5aeb, 0x5aeb, 0x5aeb, 0x5aec, 0x5aec, 0x2966, 0x2104, 0x2104, 0x2104, 0x2104, 0x2104, 
	0x2104, 0x2104, 0x2104, 0x2104, 0x2104, 0x2104, 0x2104, 0x2104, 0x2104, 0x2104, 0x2104, 0x2104, 0x2104, 0x2104, 0x2104, 0x2104, 
	0x2104, 0x2104, 0x2104, 0x2104, 0x2104, 0x2104, 0x2104, 0x2104, 0x2104, 0x2104, 0x2104, 0x2104, 0x2104, 0x2104, 0x2104, 0x2104, 
	0x2104, 0x2104, 0x2104, 0x2104, 0x2104, 0x20e4, 0x20e4, 0x20e4, 0x20e4, 0x20e4, 0x20e4, 0x20e4, 0x20e4, 0x20e4, 0x2104, 0x528a, 
	0x5aeb, 0x5aeb, 0x5aeb, 0x5aeb, 0x5aeb, 0x5aeb, 0x5aeb, 0x5aec, 0x8430, 0x9492, 0x6b4d, 0x2104, 0x20e4, 0x20e4, 0x20e4, 0x20e4, 
	0x20e4, 0x20e4, 0x20e4, 0x20e4, 0x20e4, 0x20e4, 0x20e4, 0x20e4, 0x20e4, 0x20e4, 0x20e4, 0x20e4, 0x20e4, 0x20e4, 0x20e4, 0x20e4, 
	0x20e4, 0x20e4, 0x20e4, 0x20e4, 0x20e4, 0x20e4, 0x2104, 0x2104, 0x2104, 0x2104, 0x20e4, 0x20e4, 0x20e4, 0x20e4, 0x20e4, 0x20e4, 
	0x20e4, 0x20e4, 0x20e4, 0x20e4, 0x20e4, 0x20e4, 0x20e4, 0x20e4, 0x20e4, 0x20e4, 0x20e4, 0x20e4, 0x20e4, 0x20e4, 0x20e4, 0x20e4, 
	0x20e4, 0x20e4, 0x20e4, 0x20e4, 0x20e4, 0x20e4, 0x20e4, 0x20e4, 0x20e4, 0x20e4, 0x20e4, 0x20e4, 0x20e4, 0x20e4, 0x20e4, 0x20e4, 
	0x20e4, 0x20e4, 0x20e4, 0x20e4, 0x20e4, 0x20e4, 0x20e4, 0x20e4, 0x20e4, 0x20e4, 0x20e4, 0x20e4, 0x20e4, 0x20e4, 0x20e4, 0x20e4, 
	0x20e4, 0x20e4, 0x20e4, 0x20e4, 0x20e4, 0x20e4, 0x20e4, 0x20e4, 0x20e4, 0x20e4, 0x20e4, 0x20e4, 0x20e4, 0x20e4, 0x20e4, 0x20e4, 
	0x20e4, 0x20e4, 0x20e4, 0x20e4, 0x20e4, 0x20e4, 0x20e4, 0x20e4, 0x20e4, 0x20e4, 0x20e4, 0x20e4, 0x2104, 0x2104, 0x2104, 0x2104, 
	0x2104, 0x2104, 0x2104, 0x2104, 0x2104, 0x2104, 0x2104, 0x20e4, 0x20e4, 0x20e4, 0x20e4, 0x20e4, 0x20e4, 0x20e4, 0x20e4, 0x20e4, 
	0x20e4, 0x20e4, 0x20e4, 0x20e4, 0x20e4, 0x20e4, 0x20e4, 0x20e4, 0x20e4, 0x20e4, 0x20e4, 0x20e4, 0x20e4, 0x20e4, 0x20e4, 0x20e4, 
	0x20e4, 0x20e4, 0x20e4, 0x20e4, 0x20e4, 0x20e4, 0x20e4, 0x20e4, 0x20e4, 0x4228, 0x5aeb, 0x5aeb, 0x5aeb, 0x5aeb, 0x5aeb, 0x5aeb, 
	0x5aeb, 0x5aeb, 0x5aeb, 0x5aeb, 0x5aeb, 0x5aeb, 0x5aeb, 0x5aeb, 0x5aeb, 0x5aeb, 0x5aec, 0x630c, 0x4228, 0x2104, 0x2104, 0x2104, 
	0x2104, 0x2104, 0x2104, 0x2104, 0x2104, 0x2104, 0x2104, 0x2104, 0x2104, 0x2104, 0x2104, 0x2104, 0x2104, 0x2104, 0x2104, 0x2104, 
	0x2104, 0x2104, 0x2104, 0x2104, 0x2104, 0x2104, 0x2104, 0x2104, 0x2104, 0x2104, 0x2104, 0x2104, 0x2104, 0x2104, 0x2104, 0x2104, 
	0x2104, 0x2104, 0x2104, 0x2104, 0x2104, 0x20e4, 0x20e4, 0x20e4, 0x20e4, 0x20e4, 0x20e4, 0x20e4, 0x2124, 0x52aa, 0x5acb, 0x5aeb, 
	0x5aeb, 0x5aeb, 0x5aeb, 0x5aeb, 0x5aeb, 0x5aeb, 0x5aeb, 0x6b4d, 0x9492, 0x9492, 0x630c, 0x2104, 0x20e4, 0x20e4, 0x20e4, 0x20e4, 
	0x20e4, 0x20e4, 0x20e4, 0x20e4, 0x20e4, 0x20e4, 0x20e4, 0x20e4, 0x20e4, 0x20e4, 0x20e4, 0x20e4, 0x20e4, 0x20e4, 0x20e4, 0x20e4, 
	0x20e4, 0x20e4, 0x20e4, 0x20e4, 0x20e4, 0x20e4, 0x2104, 0x2104, 0x2104, 0x2104, 0x20e4, 0x20e4, 0x20e4, 0x20e4, 0x20e4, 0x20e4, 
	0x20e4, 0x20e4, 0x20e4, 0x20e4, 0x20e4, 0x20e4, 0x20e4, 0x20e4, 0x20e4, 0x20e4, 0x20e4, 0x20e4, 0x20e4, 0x20e4, 0x20e4, 0x20e4, 
	0x20e4, 0x20e4, 0x20e4, 0x20e4, 0x20e4, 0x20e4, 0x20e4, 0x20e4, 0x20e4, 0x20e4, 0x20e4, 0x20e4, 0x20e4, 0x20e4, 0x20e4, 0x20e4, 
	0x20e4, 0x20e4, 0x20e4, 0x20e4, 0x20e4, 0x20e4, 0x20e4, 0x20e4, 0x20e4, 0x20e4, 0x20e4, 0x20e4, 0x20e4, 0x20e4, 0x20e4, 0x20e4, 
	0x20e4, 0x20e4, 0x20e4, 0x20e4, 0x20e4, 0x20e4, 0x20e4, 0x20e4, 0x20e4, 0x20e4, 0x20e4, 0x20e4, 0x20e4, 0x20e4, 0x20e4, 0x20e4, 
	0x20e4, 0x20e4, 0x20e4, 0x20e4, 0x20e4, 0x20e4, 0x20e4, 0x20e4, 0x20e4, 0x20e4, 0x20e4, 0x20e4, 0x2104, 0x2104, 0x2104, 0x2104, 
	0x2104, 0x2104, 0x2104, 0x2104, 0x2104, 0x2104, 0x2104, 0x20e4, 0x20e4, 0x20e4, 0x20e4, 0x20e4, 0x20e4, 0x20e4, 0x20e4, 0x20e4, 
	0x20e4, 0x20e4, 0x20e4, 0x20e4, 0x20e4, 0x20e4, 0x20e4, 0x20e4, 0x20e4, 0x20e4, 0x20e4, 0x20e4, 0x20e4, 0x20e4, 0x20e4, 0x20e4, 
	0x20e4, 0x20e4, 0x20e4, 0x20e4, 0x20e4, 0x20e4, 0x20e4, 0x20e4, 0x5aeb, 0x5aeb, 0x5aeb, 0x5aeb, 0x5aeb, 0x5aeb, 0x5aeb, 0x5aeb, 
	0x5aeb, 0x5aeb, 0x5aeb, 0x5aeb, 0x5aeb, 0x5aeb, 0x5aeb, 0x5aeb, 0x5aeb, 0x5aeb, 0x5aec, 0x5aec, 0x5b0c, 0x5b0c, 0x630c, 0x4a49, 
	0x2945, 0x2104, 0x2104, 0x2104, 0x2104, 0x2104, 0x2104, 0x2104, 0x2104, 0x2104, 0x2104, 0x2104, 0x2104, 0x2104, 0x2104, 0x2104, 
	0x2104, 0x2104, 0x2104, 0x2104, 0x2104, 0x2104, 0x2104, 0x2104, 0x2104, 0x2104, 0x2104, 0x2104, 0x2104, 0x2104, 0x2104, 0x2104, 
	0x2104, 0x2104, 0x2104, 0x2104, 0x2104, 0x2104, 0x2104, 0x2104, 0x2104, 0x2125, 0x4a69, 0x5aeb, 0x5aeb, 0x5aeb, 0x5aeb, 0x5aeb, 
	0x5aeb, 0x5aeb, 0x5aeb, 0x5aeb, 0x5aeb, 0x5aeb, 0x738e, 0x8c71, 0x9492, 0x9492, 0x52aa, 0x2104, 0x20e4, 0x20e4, 0x20e4, 0x20e4, 
	0x20e4, 0x20e4, 0x20e4, 0x20e4, 0x20e4, 0x20e4, 0x20e4, 0x20e4, 0x20e4, 0x20e4, 0x20e4, 0x20e4, 0x20e4, 0x20e4, 0x20e4, 0x20e4, 
	0x20e4, 0x20e4, 0x2104, 0x2104, 0x20e4, 0x2104, 0x2104, 0x2104, 0x2104, 0x2104, 0x20e4, 0x20e4, 0x20e4, 0x20e4, 0x20e4, 0x20e4, 
	0x20e4, 0x20e4, 0x20e4, 0x20e4, 0x20e4, 0x20e4, 0x20e4, 0x20e4, 0x20e4, 0x20e4, 0x20e4, 0x20e4, 0x20e4, 0x20e4, 0x20e4, 0x20e4, 
	0x20e4, 0x20e4, 0x20e4, 0x20e4, 0x20e4, 0x20e4, 0x20e4, 0x20e4, 0x20e4, 0x20e4, 0x20e4, 0x20e4, 0x20e4, 0x20e4, 0x20e4, 0x20e4, 
	0x20e4, 0x20e4, 0x20e4, 0x20e4, 0x20e4, 0x20e4, 0x20e4, 0x20e4, 0x20e4, 0x20e4, 0x20e4, 0x20e4, 0x20e4, 0x20e4, 0x20e4, 0x20e4, 
	0x20e4, 0x20e4, 0x20e4, 0x20e4, 0x20e4, 0x20e4, 0x20e4, 0x20e4, 0x20e4, 0x20e4, 0x20e4, 0x20e4, 0x20e4, 0x20e4, 0x20e4, 0x20e4, 
	0x20e4, 0x20e4, 0x20e4, 0x20e4, 0x20e4, 0x20e4, 0x20e4, 0x20e4, 0x20e4, 0x20e4, 0x20e4, 0x2104, 0x2104, 0x2104, 0x2104, 0x2104, 
	0x2104, 0x2104, 0x2104, 0x2104, 0x2104, 0x2104, 0x20e4, 0x20e4, 0x20e4, 0x20e4, 0x20e4, 0x20e4, 0x20e4, 0x20e4, 0x20e4, 0x20e4, 
	0x20e4, 0x20e4, 0x20e4, 0x20e4, 0x20e4, 0x20e4, 0x20e4, 0x20e4, 0x20e4, 0x20e4, 0x20e4, 0x20e4, 0x20e4, 0x20e4, 0x20e4, 0x20e4, 
	0x20e4, 0x20e4, 0x20e4, 0x20e4, 0x20e4, 0x20e4, 0x20e4, 0x5acb, 0x5acb, 0x5acb, 0x5acb, 0x5aeb, 0x5aeb, 0x5aeb, 0x5aeb, 0x5aeb, 
	0x5aeb, 0x5aeb, 0x5aeb, 0x5aeb, 0x5aeb, 0x5aeb, 0x5aeb, 0x5aeb, 0x5aeb, 0x5aeb, 0x5aeb, 0x5aeb, 0x5aeb, 0x5aeb, 0x5aec, 0x5b0c, 
	0x630c, 0x630c, 0x630c, 0x52aa, 0x31a6, 0x2104, 0x18e4, 0x2104, 0x2104, 0x2104, 0x2104, 0x2104, 0x2104, 0x2104, 0x2104, 0x2104, 
	0x2104, 0x2104, 0x2104, 0x2104, 0x2104, 0x2104, 0x2104, 0x2104, 0x2104, 0x2104, 0x2104, 0x2104, 0x2104, 0x2104, 0x2104, 0x2104, 
	0x2104, 0x2104, 0x2104, 0x20e4, 0x20e3, 0x2945, 0x4a69, 0x5b0c, 0x630c, 0x630c, 0x5aec, 0x5aeb, 0x5aeb, 0x5aeb, 0x5aeb, 0x5aeb, 
	0x5aeb, 0x5aeb, 0x5aeb, 0x5aeb, 0x630c, 0x8c71, 0x8c71, 0x8c71, 0x8c72, 0x632c, 0x62eb, 0x2104, 0x20e4, 0x20e4, 0x20e4, 0x20e4, 
	0x20e4, 0x20e4, 0x20e4, 0x20e4, 0x20e4, 0x20e4, 0x20e4, 0x20e4, 0x20e4, 0x20e4, 0x20e4, 0x20e4, 0x20e4, 0x2104, 0x20e4, 0x20e4, 
	0x20e4, 0x20e4, 0x2104, 0x2104, 0x2104, 0x2104, 0x2104, 0x2104, 0x2104, 0x2104, 0x20e4, 0x20e4, 0x20e4, 0x20e4, 0x20e4, 0x20e4, 
	0x20e4, 0x20e4, 0x20e4, 0x20e4, 0x20e4, 0x20e4, 0x20e4, 0x20e4, 0x20e4, 0x20e4, 0x20e4, 0x20e4, 0x20e4, 0x20e4, 0x20e4, 0x20e4, 
	0x20e4, 0x20e4, 0x20e4, 0x20e4, 0x20e4, 0x20e4, 0x20e4, 0x20e4, 0x20e4, 0x20e4, 0x20e4, 0x20e4, 0x20e4, 0x20e4, 0x20e4, 0x20e4, 
	0x20e4, 0x20e4, 0x20e4, 0x20e4, 0x20e4, 0x20e4, 0x20e4, 0x20e4, 0x20e4, 0x20e4, 0x20e4, 0x20e4, 0x20e4, 0x20e4, 0x20e4, 0x20e4, 
	0x20e4, 0x20e4, 0x20e4, 0x20e4, 0x20e4, 0x20e4, 0x20e4, 0x20e4, 0x20e4, 0x20e4, 0x20e4, 0x20e4, 0x20e4, 0x20e4, 0x20e4, 0x20e4, 
	0x20e4, 0x20e4, 0x20e4, 0x20e4, 0x20e4, 0x20e4, 0x20e4, 0x20e4, 0x20e4, 0x20e4, 0x20e4, 0x2104, 0x2104, 0x2104, 0x2104, 0x2104, 
	0x2104, 0x2104, 0x2104, 0x2104, 0x2104, 0x2104, 0x20e4, 0x20e4, 0x20e4, 0x20e4, 0x20e4, 0x20e4, 0x20e4, 0x20e4, 0x20e4, 0x20e4, 
	0x20e4, 0x20e4, 0x20e4, 0x20e4, 0x20e4, 0x20e4, 0x20e4, 0x20e4, 0x20e4, 0x20e4, 0x20e4, 0x20e4, 0x20e4, 0x20e4, 0x20e4, 0x20e4, 
	0x20e4, 0x20e4, 0x20e4, 0x20e4, 0x20e4, 0x2104, 0x4229, 0x5aeb, 0x5aeb, 0x5aeb, 0x5aeb, 0x5aeb, 0x5aeb, 0x5aeb, 0x5aeb, 0x5aeb, 
	0x5aeb, 0x5aeb, 0x5aeb, 0x5aeb, 0x5aeb, 0x5aeb, 0x5aeb, 0x5aeb, 0x5aeb, 0x5aeb, 0x5aec, 0x5aec, 0x5aec, 0x5b0c, 0x630c, 0x630c, 
	0x630c, 0x630c, 0x630c, 0x630c, 0x5aeb, 0x5aeb, 0x5aeb, 0x5aeb, 0x5aeb, 0x5aeb, 0x52aa, 0x4208, 0x3186, 0x2124, 0x2104, 0x2104, 
	0x20e4, 0x2104, 0x2104, 0x2104, 0x2104, 0x2104, 0x2104, 0x2104, 0x2104, 0x2104, 0x2104, 0x2104, 0x18e3, 0x2945, 0x3186, 0x4a69, 
	0x5acb, 0x630c, 0x62eb, 0x5aeb, 0x5aeb, 0x630c, 0x630c, 0x630c, 0x630c, 0x630c, 0x5aeb, 0x5aeb, 0x5aeb, 0x5aeb, 0x5aeb, 0x5aeb, 
	0x5aeb, 0x5aec, 0x73ae, 0x9492, 0x8c72, 0x8c71, 0x8c71, 0x8c71, 0x6b4d, 0x630c, 0x630c, 0x2104, 0x20e4, 0x20e4, 0x20e4, 0x20e4, 
	0x20e4, 0x20e4, 0x20e4, 0x20e4, 0x20e4, 0x20e4, 0x20e4, 0x20e4, 0x20e4, 0x20e4, 0x20e4, 0x20e4, 0x2104, 0x2104, 0x2104, 0x20e4, 
	0x20e4, 0x2104, 0x2104, 0x2104, 0x2104, 0x20e4, 0x20e4, 0x20e4, 0x20e4, 0x20e4, 0x20e4, 0x20e4, 0x20e4, 0x20e4, 0x20e4, 0x20e4, 
	0x20e4, 0x20e4, 0x20e4, 0x20e4, 0x20e4, 0x20e4, 0x20e4, 0x20e4, 0x20e4, 0x20e4, 0x20e4, 0x20e4, 0x20e4, 0x20e4, 0x20e4, 0x20e4, 
	0x20e4, 0x20e4, 0x20e4, 0x20e4, 0x20e4, 0x20e4, 0x20e4, 0x20e4, 0x20e4, 0x20e4, 0x20e4, 0x20e4, 0x20e4, 0x20e4, 0x20e4, 0x20e4, 
	0x20e4, 0x20e4, 0x20e4, 0x20e4, 0x20e4, 0x20e4, 0x20e4, 0x20e4, 0x20e4, 0x20e4, 0x20e4, 0x20e4, 0x20e4, 0x20e4, 0x20e4, 0x20e4, 
	0x20e4, 0x20e4, 0x20e4, 0x20e4, 0x20e4, 0x20e4, 0x20e4, 0x20e4, 0x20e4, 0x20e4, 0x20e4, 0x20e4, 0x20e4, 0x20e4, 0x20e4, 0x20e4, 
	0x20e4, 0x20e4, 0x20e4, 0x20e4, 0x20e4, 0x20e4, 0x20e4, 0x20e4, 0x20e4, 0x20e4, 0x20e4, 0x2104, 0x2104, 0x2104, 0x2104, 0x2104, 
	0x2104, 0x2104, 0x2104, 0x2104, 0x2104, 0x2104, 0x20e4, 0x20e4, 0x20e4, 0x20e4, 0x20e4, 0x20e4, 0x20e4, 0x20e4, 0x20e4, 0x20e4, 
	0x20e4, 0x20e4, 0x20e4, 0x20e4, 0x20e4, 0x20e4, 0x20e4, 0x20e4, 0x20e4, 0x20e4, 0x20e4, 0x20e4, 0x20e4, 0x20e4, 0x20e4, 0x20e4, 
	0x20e4, 0x20e4, 0x20e4, 0x20e4, 0x20e4, 0x2104, 0x8c71, 0x5aeb, 0x5aeb, 0x5aeb, 0x5aeb, 0x5aeb, 0x5aeb, 0x5aeb, 0x5aeb, 0x5aeb, 
	0x5aeb, 0x5aeb, 0x5aeb, 0x5aeb, 0x5aeb, 0x5aeb, 0x5aeb, 0x5aec, 0x5aec, 0x5aec, 0x5aec, 0x62ec, 0x630c, 0x630c, 0x630c, 0x630c, 
	0x630c, 0x630c, 0x630c, 0x630c, 0x5aeb, 0x5aeb, 0x5aeb, 0x5aeb, 0x5aeb, 0x5aeb, 0x5aeb, 0x5aec, 0x630c, 0x630c, 0x630c, 0x630c, 
	0x5aeb, 0x5aeb, 0x5aeb, 0x5aeb, 0x5aec, 0x630c, 0x630c, 0x630c, 0x630c, 0x630c, 0x630c, 0x630c, 0x630c, 0x630c, 0x632c, 0x630c, 
	0x630c, 0x630c, 0x630c, 0x62ec, 0x62ec, 0x630c, 0x630c, 0x630c, 0x630c, 0x630c, 0x62ec, 0x5b0c, 0x5aec, 0x630c, 0x738e, 0x8c71, 
	0x9492, 0x9492, 0x9492, 0x9492, 0x9472, 0x8c72, 0x8c71, 0x630c, 0x630c, 0x630c, 0x630c, 0x2104, 0x20e4, 0x20e4, 0x20e4, 0x20e4, 
	0x20e4, 0x20e4, 0x20e4, 0x20e4, 0x20e4, 0x20e4, 0x20e4, 0x20e4, 0x20e4, 0x20e4, 0x20e4, 0x20e4, 0x2104, 0x2104, 0x2104, 0x2104, 
	0x2104, 0x2104, 0x2104, 0x2104, 0x2104, 0x20e4, 0x20e4, 0x20e4, 0x20e4, 0x20e4, 0x20e4, 0x20e4, 0x20e4, 0x20e4, 0x20e4, 0x20e4, 
	0x20e4, 0x20e4, 0x20e4, 0x20e4, 0x20e4, 0x20e4, 0x20e4, 0x20e4, 0x20e4, 0x20e4, 0x20e4, 0x2104, 0x20e4, 0x20e4, 0x20e4, 0x20e4, 
	0x20e4, 0x20e4, 0x20e4, 0x20e4, 0x20e4, 0x20e4, 0x20e4, 0x20e4, 0x20e4, 0x20e4, 0x20e4, 0x20e4, 0x20e4, 0x20e4, 0x20e4, 0x20e4, 
	0x20e4, 0x20e4, 0x20e4, 0x20e4, 0x20e4, 0x20e4, 0x20e4, 0x20e4, 0x20e4, 0x20e4, 0x20e4, 0x20e4, 0x20e4, 0x20e4, 0x20e4, 0x20e4, 
	0x20e4, 0x20e4, 0x20e4, 0x20e4, 0x20e4, 0x20e4, 0x20e4, 0x20e4, 0x20e4, 0x20e4, 0x20e4, 0x20e4, 0x20e4, 0x20e4, 0x20e4, 0x20e4, 
	0x20e4, 0x20e4, 0x20e4, 0x20e4, 0x20e4, 0x20e4, 0x20e4, 0x20e4, 0x20e4, 0x20e4, 0x20e4, 0x20e4, 0x2104, 0x2104, 0x2104, 0x2104, 
	0x2104, 0x2104, 0x2104, 0x2104, 0x2104, 0x2104, 0x20e4, 0x20e4, 0x20e4, 0x20e4, 0x20e4, 0x20e4, 0x20e4, 0x20e4, 0x20e4, 0x20e4, 
	0x20e4, 0x20e4, 0x20e4, 0x20e4, 0x20e4, 0x20e4, 0x20e4, 0x20e4, 0x2104, 0x2104, 0x2104, 0x20e4, 0x20e4, 0x20e4, 0x20e4, 0x20e4, 
	0x20e4, 0x20e4, 0x20e4, 0x20e4, 0x20e4, 0x2104, 0x8c71, 0x8c71, 0x8c71, 0x8c71, 0x8c71, 0x8c71, 0x8c71, 0x8c71, 0x8c71, 0x9472, 
	0x9492, 0x9492, 0x9492, 0x9492, 0x9492, 0x9492, 0x9492, 0x9492, 0x8c72, 0x8c71, 0x8c71, 0x8c71, 0x8c51, 0x8c71, 0x8c71, 0x8c71, 
	0x8c71, 0x8c71, 0x8c51, 0x8c51, 0x8c51, 0x8431, 0x8431, 0x8c51, 0x8c51, 0x8451, 0x8c31, 0x8430, 0x8430, 0x8410, 0x8410, 0x8410, 
	0x8410, 0x7bef, 0x7bef, 0x7bef, 0x7bef, 0x7bef, 0x7bef, 0x7bef, 0x7bcf, 0x7bcf, 0x7bcf, 0x7bcf, 0x73ae, 0x73ae, 0x73ae, 0x73ae, 
	0x73ae, 0x73ae, 0x73ae, 0x73ae, 0x73ae, 0x7bef, 0x8410, 0x8c51, 0x8c71, 0x9492, 0x9492, 0x9492, 0x9492, 0x9492, 0x9492, 0x9492, 
	0x9492, 0x9492, 0x9492, 0x9492, 0x9492, 0x632c, 0x630c, 0x630c, 0x630c, 0x630c, 0x630c, 0x2104, 0x20e4, 0x20e4, 0x20e4, 0x20e4, 
	0x20e4, 0x20e4, 0x20e4, 0x20e4, 0x20e4, 0x20e4, 0x20e4, 0x20e4, 0x20e4, 0x20e4, 0x20e4, 0x20e4, 0x20e4, 0x2104, 0x2104, 0x2104, 
	0x20e4, 0x20e4, 0x20e4, 0x20e4, 0x20e4, 0x20e4, 0x20e4, 0x20e4, 0x20e4, 0x20e4, 0x20e4, 0x20e4, 0x20e4, 0x20e4, 0x20e4, 0x20e4, 
	0x20e4, 0x20e4, 0x20e4, 0x20e4, 0x20e4, 0x20e4, 0x20e4, 0x20e4, 0x20e4, 0x20e4, 0x2104, 0x2104, 0x2104, 0x20e4, 0x20e4, 0x20e4, 
	0x20e4, 0x20e4, 0x20e4, 0x20e4, 0x20e4, 0x20e4, 0x20e4, 0x20e4, 0x20e4, 0x20e4, 0x20e4, 0x2104, 0x2104, 0x2104, 0x20e4, 0x20e4, 
	0x20e4, 0x20e4, 0x20e4, 0x20e4, 0x20e4, 0x20e4, 0x20e4, 0x20e4, 0x20e4, 0x20e4, 0x20e4, 0x20e4, 0x20e4, 0x20e4, 0x20e4, 0x20e4, 
	0x20e4, 0x20e4, 0x20e4, 0x20e4, 0x20e4, 0x20e4, 0x20e4, 0x20e4, 0x20e4, 0x20e4, 0x20e4, 0x20e4, 0x20e4, 0x20e4, 0x20e4, 0x20e4, 
	0x20e4, 0x20e4, 0x20e4, 0x20e4, 0x20e4, 0x20e4, 0x20e4, 0x20e4, 0x20e4, 0x20e4, 0x20e4, 0x20e4, 0x2104, 0x2104, 0x2104, 0x20e4, 
	0x2104, 0x2104, 0x2104, 0x2104, 0x2104, 0x2104, 0x20e4, 0x20e4, 0x20e4, 0x20e4, 0x20e4, 0x20e4, 0x20e4, 0x20e4, 0x20e4, 0x20e4, 
	0x20e4, 0x20e4, 0x20e4, 0x20e4, 0x20e4, 0x20e4, 0x20e4, 0x20e4, 0x2104, 0x2104, 0x2104, 0x2104, 0x2104, 0x20e4, 0x20e4, 0x20e4, 
	0x20e4, 0x20e4, 0x20e4, 0x20e4, 0x20e4, 0x2104, 0x8c51, 0x8c71, 0x8c71, 0x8c71, 0x8c71, 0x8c71, 0x8c71, 0x8c71, 0x8c71, 0x8c71, 
	0x9472, 0x9492, 0x9492, 0x9492, 0x9492, 0x9492, 0x9492, 0x9492, 0x9492, 0x8c92, 0x8c72, 0x8c72, 0x8c72, 0x8c72, 0x9492, 0x9492, 
	0x9492, 0x9492, 0x9492, 0x9492, 0x9492, 0x9492, 0x9492, 0x94b2, 0x94b2, 0x94b2, 0x94b2, 0x94b2, 0x94b2, 0x9492, 0x9492, 0x9492, 
	0x9492, 0x9492, 0x9492, 0x9492, 0x9492, 0x94b2, 0x94b2, 0x94b2, 0x94b2, 0x94b2, 0x94b2, 0x94b2, 0x94b2, 0x94b2, 0x94b2, 0x94b2, 
	0x94b2, 0x94b2, 0x9492, 0x94b2, 0x94b2, 0x94b2, 0x94b2, 0x94b2, 0x9492, 0x9492, 0x9492, 0x9492, 0x9492, 0x9492, 0x9492, 0x9492, 
	0x9492, 0x94b2, 0x738e, 0x630c, 0x630c, 0x630c, 0x630c, 0x630c, 0x630c, 0x630c, 0x630c, 0x2104, 0x20e4, 0x20e4, 0x20e4, 0x20e4, 
	0x20e4, 0x20e4, 0x20e4, 0x20e4, 0x20e4, 0x20e4, 0x20e4, 0x20e4, 0x20e4, 0x20e4, 0x20e4, 0x20e4, 0x20e4, 0x2104, 0x2104, 0x2104, 
	0x20e4, 0x20e4, 0x20e4, 0x20e4, 0x20e4, 0x20e4, 0x20e4, 0x20e4, 0x20e4, 0x20e4, 0x20e4, 0x20e4, 0x20e4, 0x20e4, 0x20e4, 0x20e4, 
	0x20e4, 0x20e4, 0x20e4, 0x20e4, 0x20e4, 0x20e4, 0x20e4, 0x20e4, 0x20e4, 0x2104, 0x2104, 0x2104, 0x2104, 0x2104, 0x20e4, 0x20e4, 
	0x20e4, 0x20e4, 0x20e4, 0x20e4, 0x20e4, 0x20e4, 0x20e4, 0x20e4, 0x20e4, 0x20e4, 0x2104, 0x2104, 0x2104, 0x2104, 0x2104, 0x20e4, 
	0x20e4, 0x20e4, 0x20e4, 0x20e4, 0x20e4, 0x20e4, 0x20e4, 0x20e4, 0x20e4, 0x20e4, 0x20e4, 0x20e4, 0x20e4, 0x20e4, 0x20e4, 0x20e4, 
	0x20e4, 0x20e4, 0x20e4, 0x20e4, 0x20e4, 0x20e4, 0x20e4, 0x20e4, 0x20e4, 0x20e4, 0x20e4, 0x20e4, 0x20e4, 0x20e4, 0x20e4, 0x20e4, 
	0x20e4, 0x20e4, 0x20e4, 0x20e4, 0x20e4, 0x20e4, 0x20e4, 0x20e4, 0x20e4, 0x20e4, 0x20e4, 0x20e4, 0x20e4, 0x2104, 0x2104, 0x20e4, 
	0x2104, 0x2104, 0x2104, 0x2104, 0x2104, 0x2104, 0x20e4, 0x20e4, 0x20e4, 0x20e4, 0x20e4, 0x20e4, 0x20e4, 0x20e4, 0x20e4, 0x20e4, 
	0x20e4, 0x20e4, 0x20e4, 0x20e4, 0x20e4, 0x20e4, 0x20e4, 0x2104, 0x2104, 0x2104, 0x2104, 0x2104, 0x2104, 0x2104, 0x2104, 0x2104, 
	0x20e4, 0x20e4, 0x20e4, 0x20e4, 0x20e4, 0x2104, 0x5aec, 0x5aec, 0x738e, 0x8410, 0x8c31, 0x8c51, 0x8430, 0x8431, 0x8c51, 0x8c51, 
	0x8c51, 0x8c71, 0x8c71, 0x8c72, 0x9492, 0x9492, 0x8c92, 0x9472, 0x9492, 0x9492, 0x8c72, 0x8c71, 0x8c72, 0x8c72, 0x9492, 0x9492, 
	0x9492, 0x9492, 0x9492, 0x9492, 0x9492, 0x9492, 0x9492, 0x94b2, 0x94b2, 0x94b2, 0x94b2, 0x94b2, 0x94b2, 0x9492, 0x9492, 0x9492, 
	0x9492, 0x9492, 0x9492, 0x9492, 0x9492, 0x94b2, 0x94b2, 0x94b2, 0x94b2, 0x94b2, 0x94b2, 0x94b2, 0x94b2, 0x94b2, 0x94b2, 0x94b2, 
	0x9492, 0x9492, 0x9492, 0x9492, 0x94b2, 0x94b2, 0x94b2, 0x9492, 0x9492, 0x9492, 0x9492, 0x9492, 0x9492, 0x8430, 0x6b4d, 0x630c, 
	0x630c, 0x630c, 0x630c, 0x630c, 0x630c, 0x630c, 0x630c, 0x630c, 0x630c, 0x630c, 0x62ec, 0x2104, 0x20e4, 0x20e4, 0x20e4, 0x20e4, 
	0x20e4, 0x20e4, 0x20e4, 0x20e4, 0x20e4, 0x20e4, 0x20e4, 0x20e4, 0x20e4, 0x20e4, 0x20e4, 0x20e4, 0x20e4, 0x20e4, 0x20e4, 0x20e4, 
	0x20e4, 0x20e4, 0x20e4, 0x20e4, 0x20e4, 0x20e4, 0x20e4, 0x20e4, 0x20e4, 0x20e4, 0x20e4, 0x20e4, 0x20e4, 0x20e4, 0x20e4, 0x20e4, 
	0x20e4, 0x20e4, 0x20e4, 0x20e4, 0x20e4, 0x20e4, 0x20e4, 0x20e4, 0x20e4, 0x2104, 0x2104, 0x2104, 0x2104, 0x2104, 0x20e4, 0x20e4, 
	0x20e4, 0x20e4, 0x20e4, 0x20e4, 0x20e4, 0x20e4, 0x20e4, 0x20e4, 0x20e4, 0x2104, 0x2104, 0x2104, 0x2104, 0x2104, 0x2104, 0x2104, 
	0x20e4, 0x20e4, 0x20e4, 0x20e4, 0x20e4, 0x20e4, 0x20e4, 0x20e4, 0x20e4, 0x20e4, 0x20e4, 0x20e4, 0x20e4, 0x20e4, 0x20e4, 0x20e4, 
	0x20e4, 0x20e4, 0x20e4, 0x20e4, 0x20e4, 0x20e4, 0x20e4, 0x20e4, 0x20e4, 0x20e4, 0x20e4, 0x20e4, 0x20e4, 0x20e4, 0x20e4, 0x20e4, 
	0x20e4, 0x20e4, 0x20e4, 0x20e4, 0x20e4, 0x20e4, 0x20e4, 0x20e4, 0x20e4, 0x20e4, 0x20e4, 0x20e4, 0x2104, 0x2104, 0x2104, 0x2104, 
	0x2104, 0x2104, 0x2104, 0x2104, 0x2104, 0x2104, 0x2104, 0x2104, 0x2104, 0x20e4, 0x20e4, 0x20e4, 0x20e4, 0x20e4, 0x20e4, 0x20e4, 
	0x20e4, 0x20e4, 0x20e4, 0x20e4, 0x20e4, 0x20e4, 0x20e4, 0x2104, 0x2104, 0x2104, 0x2104, 0x2104, 0x2104, 0x2104, 0x2104, 0x2104, 
	0x2104, 0x2104, 0x2104, 0x2104, 0x20e4, 0x2104, 0x630c, 0x630c, 0x630c, 0x630c, 0x630c, 0x630c, 0x630c, 0x62ec, 0x62ec, 0x630c, 
	0x630c, 0x630c, 0x630c, 0x630c, 0x630c, 0x630c, 0x630c, 0x630c, 0x630c, 0x630c, 0x5aeb, 0x5aeb, 0x630c, 0x630c, 0x630c, 0x630c, 
	0x630c, 0x630c, 0x630c, 0x630c, 0x630c, 0x630c, 0x630c, 0x630c, 0x630c, 0x630c, 0x630c, 0x630c, 0x630c, 0x630c, 0x630c, 0x630c, 
	0x630c, 0x630c, 0x630c, 0x630c, 0x630c, 0x630c, 0x630c, 0x630b, 0x5aeb, 0x630b, 0x630c, 0x630c, 0x630c, 0x630c, 0x630c, 0x630c, 
	0x5b0b, 0x5b0b, 0x630c, 0x630c, 0x630c, 0x630c, 0x630c, 0x630c, 0x630c, 0x630c, 0x630c, 0x630c, 0x630c, 0x630c, 0x630c, 0x630c, 
	0x630c, 0x630c, 0x630c, 0x630c, 0x630c, 0x630c, 0x630c, 0x630c, 0x630c, 0x630c, 0x5aec, 0x2104, 0x20e4, 0x20e4, 0x20e4, 0x20e4, 
	0x20e4, 0x20e4, 0x20e4, 0x20e4, 0x20e4, 0x20e4, 0x20e4, 0x20e4, 0x20e4, 0x20e4, 0x20e4, 0x20e4, 0x20e4, 0x20e4, 0x20e4, 0x20e4, 
	0x20e4, 0x20e4, 0x20e4, 0x20e4, 0x20e4, 0x20e4, 0x20e4, 0x20e4, 0x20e4, 0x20e4, 0x20e4, 0x20e4, 0x20e4, 0x20e4, 0x20e4, 0x20e4, 
	0x20e4, 0x20e4, 0x20e4, 0x20e4, 0x20e4, 0x20e4, 0x20e4, 0x20e4, 0x2104, 0x2104, 0x2104, 0x2104, 0x2104, 0x2104, 0x20e4, 0x20e4, 
	0x20e4, 0x20e4, 0x20e4, 0x20e4, 0x20e4, 0x20e4, 0x20e4, 0x20e4, 0x20e4, 0x2104, 0x2104, 0x2104, 0x2104, 0x2104, 0x2104, 0x2104, 
	0x20e4, 0x20e4, 0x20e4, 0x20e4, 0x20e4, 0x20e4, 0x20e4, 0x20e4, 0x20e4, 0x20e4, 0x20e4, 0x20e4, 0x20e4, 0x20e4, 0x20e4, 0x20e4, 
	0x20e4, 0x20e4, 0x20e4, 0x20e4, 0x20e4, 0x20e4, 0x20e4, 0x20e4, 0x20e4, 0x20e4, 0x20e4, 0x20e4, 0x20e4, 0x20e4, 0x20e4, 0x20e4, 
	0x20e4, 0x20e4, 0x20e4, 0x20e4, 0x20e4, 0x20e4, 0x20e4, 0x20e4, 0x20e4, 0x20e4, 0x20e4, 0x20e4, 0x2104, 0x2104, 0x2104, 0x2104, 
	0x2104, 0x2104, 0x2104, 0x2104, 0x2104, 0x2104, 0x2104, 0x2104, 0x2104, 0x2104, 0x20e4, 0x20e4, 0x20e4, 0x20e4, 0x20e4, 0x20e4, 
	0x20e4, 0x20e4, 0x20e4, 0x20e4, 0x20e4, 0x20e4, 0x20e4, 0x2104, 0x2104, 0x2104, 0x2104, 0x2104, 0x2104, 0x2104, 0x2104, 0x2104, 
	0x2104, 0x2104, 0x2104, 0x2104, 0x20e4, 0x2104, 0x630c, 0x630c, 0x630c, 0x630c, 0x630c, 0x62ec, 0x62ec, 0x5aeb, 0x5aeb, 0x62ec, 
	0x630c, 0x630c, 0x630c, 0x630c, 0x630c, 0x630c, 0x630c, 0x630c, 0x630c, 0x630c, 0x62ec, 0x62ec, 0x630c, 0x630c, 0x630c, 0x630c, 
	0x630c, 0x630c, 0x630c, 0x630c, 0x630c, 0x630c, 0x630c, 0x630c, 0x630c, 0x630c, 0x630c, 0x630c, 0x62eb, 0x5aeb, 0x5aeb, 0x630c, 
	0x630c, 0x630c, 0x630c, 0x630c, 0x630c, 0x630c, 0x630c, 0x630c, 0x630c, 0x630c, 0x630c, 0x630c, 0x630c, 0x630c, 0x630c, 0x630c, 
	0x630c, 0x630c, 0x630c, 0x630c, 0x630c, 0x630c, 0x630c, 0x630c, 0x630c, 0x630c, 0x630c, 0x630c, 0x630c, 0x630c, 0x630c, 0x630c, 
	0x630c, 0x630c, 0x630c, 0x630c, 0x630c, 0x630c, 0x630c, 0x630c, 0x630c, 0x630c, 0x5acb, 0x20e4, 0x20e4, 0x20e4, 0x20e4, 0x20e4, 
	0x20e4, 0x20e4, 0x20e4, 0x20e4, 0x20e4, 0x20e4, 0x20e4, 0x20e4, 0x20e4, 0x20e4, 0x20e4, 0x20e4, 0x20e4, 0x20e4, 0x20e4, 0x20e4, 
	0x20e4, 0x20e4, 0x20e4, 0x20e4, 0x20e4, 0x20e4, 0x20e4, 0x20e4, 0x20e4, 0x20e4, 0x20e4, 0x20e4, 0x20e4, 0x20e4, 0x20e4, 0x20e4, 
	0x2104, 0x20e4, 0x20e4, 0x20e4, 0x20e4, 0x20e4, 0x20e4, 0x2104, 0x2104, 0x2104, 0x2104, 0x2104, 0x2104, 0x2104, 0x20e4, 0x20e4, 
	0x20e4, 0x20e4, 0x20e4, 0x20e4, 0x20e4, 0x20e4, 0x20e4, 0x20e4, 0x20e4, 0x2104, 0x2104, 0x2104, 0x2104, 0x2104, 0x2104, 0x20e4, 
	0x20e4, 0x20e4, 0x20e4, 0x20e4, 0x20e4, 0x20e4, 0x20e4, 0x20e4, 0x20e4, 0x20e4, 0x20e4, 0x20e4, 0x20e4, 0x20e4, 0x20e4, 0x20e4, 
	0x20e4, 0x20e4, 0x20e4, 0x20e4, 0x20e4, 0x20e4, 0x20e4, 0x20e4, 0x20e4, 0x20e4, 0x20e4, 0x20e4, 0x20e4, 0x20e4, 0x20e4, 0x20e4, 
	0x20e4, 0x20e4, 0x20e4, 0x20e4, 0x20e4, 0x20e4, 0x20e4, 0x20e4, 0x20e4, 0x20e4, 0x20e4, 0x20e4, 0x20e4, 0x20e4, 0x2104, 0x2104, 
	0x2104, 0x2104, 0x2104, 0x2104, 0x2104, 0x2104, 0x2104, 0x2104, 0x2104, 0x2104, 0x20e4, 0x20e4, 0x20e4, 0x20e4, 0x20e4, 0x20e4, 
	0x20e4, 0x20e4, 0x20e4, 0x20e4, 0x20e4, 0x20e4, 0x20e4, 0x20e4, 0x2104, 0x2104, 0x2104, 0x2104, 0x2104, 0x2104, 0x2104, 0x2104, 
	0x2104, 0x2104, 0x2104, 0x2104, 0x20e4, 0x2104, 0x630c, 0x630c, 0x630c, 0x630c, 0x630c, 0x5aec, 0x5aeb, 0x5aeb, 0x5aeb, 0x5aeb, 
	0x5aeb, 0x630c, 0x630c, 0x630c, 0x630c, 0x630c, 0x630c, 0x630c, 0x630c, 0x630c, 0x5aeb, 0x5aec, 0x630c, 0x630c, 0x630c, 0x630c, 
	0x630c, 0x630c, 0x630c, 0x630c, 0x630c, 0x630c, 0x630c, 0x630c, 0x630c, 0x630c, 0x5aec, 0x5aeb, 0x5aeb, 0x5aeb, 0x5aeb, 0x5aeb, 
	0x5aec, 0x630c, 0x630c, 0x630c, 0x630c, 0x630c, 0x630c, 0x630c, 0x630c, 0x630c, 0x630c, 0x630c, 0x630c, 0x630c, 0x630c, 0x630c, 
	0x630c, 0x630c, 0x630c, 0x630c, 0x630c, 0x630c, 0x630c, 0x630c, 0x630c, 0x630c, 0x630c, 0x630c, 0x630c, 0x630c, 0x630c, 0x630c, 
	0x630c, 0x630c, 0x630c, 0x630c, 0x630c, 0x630c, 0x630c, 0x630c, 0x630c, 0x630c, 0x39c7, 0x20e4, 0x20e4, 0x20e4, 0x20e4, 0x20e4, 
	0x20e4, 0x20e4, 0x20e4, 0x20e4, 0x20e4, 0x20e4, 0x20e4, 0x20e4, 0x20e4, 0x20e4, 0x20e4, 0x20e4, 0x20e4, 0x20e4, 0x20e4, 0x20e4, 
	0x20e4, 0x20e4, 0x20e4, 0x20e4, 0x20e4, 0x20e4, 0x20e4, 0x20e4, 0x20e4, 0x20e4, 0x20e4, 0x20e4, 0x20e4, 0x20e4, 0x20e4, 0x20e4, 
	0x20e4, 0x20e4, 0x20e4, 0x2104, 0x2104, 0x2104, 0x2104, 0x2104, 0x2104, 0x2104, 0x20e4, 0x20e4, 0x20e4, 0x20e4, 0x20e4, 0x20e4, 
	0x20e4, 0x20e4, 0x20e4, 0x20e4, 0x20e4, 0x20e4, 0x20e4, 0x20e4, 0x20e4, 0x20e4, 0x2104, 0x2104, 0x2104, 0x2104, 0x20e4, 0x20e4, 
	0x20e4, 0x20e4, 0x20e4, 0x20e4, 0x20e4, 0x20e4, 0x20e4, 0x20e4, 0x20e4, 0x20e4, 0x20e4, 0x20e4, 0x20e4, 0x20e4, 0x20e4, 0x20e4, 
	0x20e4, 0x20e4, 0x20e4, 0x20e4, 0x20e4, 0x20e4, 0x20e4, 0x20e4, 0x20e4, 0x20e4, 0x20e4, 0x20e4, 0x20e4, 0x20e4, 0x20e4, 0x20e4, 
	0x20e4, 0x20e4, 0x20e4, 0x20e4, 0x20e4, 0x20e4, 0x20e4, 0x20e4, 0x20e4, 0x20e4, 0x20e4, 0x20e4, 0x20e4, 0x20e4, 0x2104, 0x2104, 
	0x2104, 0x2104, 0x2104, 0x2104, 0x2104, 0x2104, 0x2104, 0x2104, 0x2104, 0x2104, 0x20e4, 0x20e4, 0x20e4, 0x20e4, 0x20e4, 0x20e4, 
	0x20e4, 0x20e4, 0x20e4, 0x20e4, 0x20e4, 0x20e4, 0x20e4, 0x20e4, 0x20e4, 0x2104, 0x2104, 0x2104, 0x2104, 0x2104, 0x2104, 0x2104, 
	0x2104, 0x2104, 0x2104, 0x2104, 0x2104, 0x2104, 0x630c, 0x630c, 0x630c, 0x630c, 0x62ec, 0x5aec, 0x5aeb, 0x5aeb, 0x5aeb, 0x5aeb, 
	0x5aeb, 0x5aec, 0x630c, 0x630c, 0x630c, 0x630c, 0x630c, 0x630c, 0x630c, 0x62ec, 0x5aec, 0x5aec, 0x630c, 0x630c, 0x630c, 0x630c, 
	0x630c, 0x630c, 0x630c, 0x630c, 0x630c, 0x630c, 0x630c, 0x62ec, 0x5aec, 0x5aeb, 0x5aeb, 0x5aeb, 0x5aeb, 0x5aeb, 0x5aeb, 0x5aeb, 
	0x5aeb, 0x5aec, 0x5aec, 0x630c, 0x5aec, 0x5aeb, 0x5aec, 0x5aec, 0x5aec, 0x62ec, 0x630c, 0x630c, 0x630c, 0x630c, 0x630c, 0x630c, 
	0x630c, 0x630c, 0x630c, 0x630c, 0x630c, 0x630c, 0x630c, 0x630c, 0x630c, 0x630c, 0x630c, 0x630c, 0x630c, 0x630c, 0x630c, 0x630c, 
	0x630c, 0x630c, 0x630c, 0x630c, 0x630c, 0x630c, 0x630c, 0x630c, 0x630c, 0x5aeb, 0x2104, 0x20e4, 0x20e4, 0x20e4, 0x20e4, 0x20e4, 
	0x20e4, 0x20e4, 0x20e4, 0x20e4, 0x20e4, 0x20e4, 0x20e4, 0x20e4, 0x20e4, 0x20e4, 0x20e4, 0x20e4, 0x20e4, 0x20e4, 0x20e4, 0x20e4, 
	0x20e4, 0x20e4, 0x20e4, 0x20e4, 0x20e4, 0x20e4, 0x20e4, 0x20e4, 0x20e4, 0x20e4, 0x20e4, 0x20e4, 0x20e4, 0x20e4, 0x20e4, 0x20e4, 
	0x20e4, 0x20e4, 0x20e4, 0x20e4, 0x20e4, 0x20e4, 0x2104, 0x2104, 0x20e4, 0x20e4, 0x20e4, 0x20e4, 0x20e4, 0x20e4, 0x20e4, 0x20e4, 
	0x20e4, 0x20e4, 0x20e4, 0x20e4, 0x20e4, 0x20e4, 0x20e4, 0x20e4, 0x20e4, 0x20e4, 0x2104, 0x2104, 0x20e4, 0x20e4, 0x20e4, 0x20e4, 
	0x20e4, 0x20e4, 0x20e4, 0x20e4, 0x20e4, 0x20e4, 0x20e4, 0x20e4, 0x20e4, 0x20e4, 0x20e4, 0x20e4, 0x20e4, 0x20e4, 0x20e4, 0x20e4, 
	0x20e4, 0x20e4, 0x20e4, 0x20e4, 0x20e4, 0x20e4, 0x20e4, 0x20e4, 0x20e4, 0x20e4, 0x20e4, 0x20e4, 0x20e4, 0x20e4, 0x20e4, 0x20e4, 
	0x20e4, 0x20e4, 0x20e4, 0x20e4, 0x20e4, 0x20e4, 0x20e4, 0x20e4, 0x20e4, 0x20e4, 0x20e4, 0x20e4, 0x2104, 0x2104, 0x20e4, 0x20e4, 
	0x2104, 0x2104, 0x2104, 0x2104, 0x2104, 0x2104, 0x2104, 0x2104, 0x20e4, 0x20e4, 0x20e4, 0x20e4, 0x20e4, 0x20e4, 0x20e4, 0x20e4, 
	0x20e4, 0x20e4, 0x20e4, 0x20e4, 0x20e4, 0x20e4, 0x20e4, 0x20e4, 0x20e4, 0x2104, 0x2104, 0x2104, 0x2104, 0x2104, 0x2104, 0x2104, 
	0x2104, 0x2104, 0x2104, 0x2104, 0x2104, 0x2104, 0x630c, 0x630c, 0x630c, 0x630c, 0x630c, 0x5aec, 0x5aeb, 0x5aeb, 0x5aeb, 0x5aeb, 
	0x5aeb, 0x5aeb, 0x630c, 0x630c, 0x630c, 0x630c, 0x630c, 0x630c, 0x630c, 0x630c, 0x5aec, 0x5aec, 0x62ec, 0x62ec, 0x5aec, 0x5aeb, 
	0x5aeb, 0x5aeb, 0x5aeb, 0x62ec, 0x630c, 0x630c, 0x62ec, 0x62ec, 0x5aeb, 0x5aeb, 0x5aeb, 0x5aeb, 0x5aeb, 0x5aeb, 0x5aeb, 0x5aeb, 
	0x5aeb, 0x5aeb, 0x5aec, 0x5aec, 0x5aec, 0x5aeb, 0x5aeb, 0x5aeb, 0x5aeb, 0x5aec, 0x630c, 0x630c, 0x630c, 0x630c, 0x630c, 0x630c, 
	0x630c, 0x630c, 0x630c, 0x630c, 0x630c, 0x630c, 0x630c, 0x630c, 0x630c, 0x630c, 0x630c, 0x630c, 0x630c, 0x630c, 0x630c, 0x630c, 
	0x630c, 0x630c, 0x630c, 0x630c, 0x630c, 0x630c, 0x630c, 0x630c, 0x62ec, 0x2104, 0x20e4, 0x20e4, 0x20e4, 0x20e4, 0x20e4, 0x20e4, 
	0x20e4, 0x20e4, 0x20e4, 0x20e4, 0x20e4, 0x20e4, 0x20e4, 0x20e4, 0x20e4, 0x20e4, 0x20e4, 0x20e4, 0x20e4, 0x20e4, 0x20e4, 0x20e4, 
	0x20e4, 0x20e4, 0x20e4, 0x20e4, 0x20e4, 0x20e4, 0x20e4, 0x20e4, 0x20e4, 0x20e4, 0x20e4, 0x20e4, 0x20e4, 0x20e4, 0x20e4, 0x20e4, 
	0x20e4, 0x20e4, 0x20e4, 0x20e4, 0x20e4, 0x20e4, 0x20e4, 0x20e4, 0x20e4, 0x20e4, 0x20e4, 0x20e4, 0x20e4, 0x20e4, 0x20e4, 0x20e4, 
	0x20e4, 0x20e4, 0x20e4, 0x20e4, 0x20e4, 0x20e4, 0x20e4, 0x20e4, 0x20e4, 0x20e4, 0x20e4, 0x20e4, 0x20e4, 0x20e4, 0x20e4, 0x20e4, 
	0x20e4, 0x20e4, 0x20e4, 0x20e4, 0x20e4, 0x20e4, 0x20e4, 0x20e4, 0x20e4, 0x20e4, 0x20e4, 0x20e4, 0x20e4, 0x20e4, 0x20e4, 0x20e4, 
	0x20e4, 0x20e4, 0x20e4, 0x20e4, 0x20e4, 0x20e4, 0x20e4, 0x20e4, 0x20e4, 0x20e4, 0x20e4, 0x20e4, 0x20e4, 0x20e4, 0x20e4, 0x20e4, 
	0x20e4, 0x20e4, 0x20e4, 0x20e4, 0x20e4, 0x20e4, 0x20e4, 0x20e4, 0x20e4, 0x20e4, 0x20e4, 0x20e4, 0x2104, 0x2104, 0x2104, 0x20e4, 
	0x2104, 0x2104, 0x2104, 0x2104, 0x2104, 0x2104, 0x2104, 0x20e4, 0x20e4, 0x20e4, 0x20e4, 0x20e4, 0x20e4, 0x20e4, 0x20e4, 0x20e4, 
	0x20e4, 0x20e4, 0x20e4, 0x20e4, 0x20e4, 0x20e4, 0x20e4, 0x20e4, 0x20e4, 0x20e4, 0x2104, 0x2104, 0x2104, 0x2104, 0x2104, 0x2104, 
	0x2104, 0x2104, 0x2104, 0x2104, 0x20e4, 0x20e4, 0x630c, 0x630c, 0x630c, 0x630c, 0x630c, 0x5aec, 0x5aeb, 0x5aeb, 0x5aeb, 0x5aeb, 
	0x5aeb, 0x5aeb, 0x62ec, 0x630c, 0x630c, 0x630c, 0x630c, 0x630c, 0x630c, 0x630c, 0x62ec, 0x62ec, 0x62ec, 0x5aec, 0x5aeb, 0x5aeb, 
	0x5aeb, 0x5aeb, 0x5aeb, 0x62ec, 0x630c, 0x630c, 0x630c, 0x62ec, 0x62ec, 0x5aeb, 0x5aeb, 0x5aeb, 0x5aeb, 0x5aeb, 0x5aeb, 0x5aeb, 
	0x5aeb, 0x5aeb, 0x5aec, 0x5aec, 0x5aec, 0x5aec, 0x5aeb, 0x5aeb, 0x5aeb, 0x5aec, 0x62ec, 0x630c, 0x630c, 0x630c, 0x630c, 0x630c, 
	0x630c, 0x630c, 0x630c, 0x630c, 0x630c, 0x630c, 0x630c, 0x630c, 0x630c, 0x630c, 0x630c, 0x630c, 0x630c, 0x630c, 0x630c, 0x630c, 
	0x630c, 0x630c, 0x630c, 0x630c, 0x630c, 0x630c, 0x630c, 0x630c, 0x2104, 0x2104, 0x20e4, 0x20e4, 0x20e4, 0x20e4, 0x20e4, 0x20e4, 
	0x20e4, 0x20e4, 0x20e4, 0x20e4, 0x20e4, 0x20e4, 0x20e4, 0x20e4, 0x20e4, 0x20e4, 0x20e4, 0x20e4, 0x20e4, 0x20e4, 0x20e4, 0x20e4, 
	0x20e4, 0x20e4, 0x20e4, 0x20e4, 0x20e4, 0x20e4, 0x20e4, 0x20e4, 0x20e4, 0x20e4, 0x20e4, 0x20e4, 0x20e4, 0x20e4, 0x20e4, 0x20e4, 
	0x20e4, 0x20e4, 0x20e4, 0x20e4, 0x20e4, 0x20e4, 0x20e4, 0x20e4, 0x20e4, 0x20e4, 0x20e4, 0x20e4, 0x20e4, 0x20e4, 0x20e4, 0x20e4, 
	0x20e4, 0x20e4, 0x20e4, 0x20e4, 0x20e4, 0x20e4, 0x20e4, 0x20e4, 0x20e4, 0x20e4, 0x20e4, 0x20e4, 0x20e4, 0x20e4, 0x20e4, 0x20e4, 
	0x20e4, 0x20e4, 0x20e4, 0x20e4, 0x20e4, 0x20e4, 0x20e4, 0x20e4, 0x20e4, 0x20e4, 0x20e4, 0x20e4, 0x20e4, 0x20e4, 0x20e4, 0x20e4, 
	0x20e4, 0x20e4, 0x20e4, 0x20e4, 0x20e4, 0x20e4, 0x20e4, 0x20e4, 0x20e4, 0x20e4, 0x20e4, 0x20e4, 0x20e4, 0x20e4, 0x20e4, 0x20e4, 
	0x20e4, 0x20e4, 0x20e4, 0x20e4, 0x20e4, 0x20e4, 0x20e4, 0x20e4, 0x20e4, 0x20e4, 0x20e4, 0x2104, 0x2104, 0x2104, 0x2104, 0x2104, 
	0x2104, 0x2104, 0x2104, 0x2104, 0x2104, 0x2104, 0x20e4, 0x20e4, 0x20e4, 0x20e4, 0x20e4, 0x20e4, 0x20e4, 0x20e4, 0x20e4, 0x20e4, 
	0x20e4, 0x20e4, 0x20e4, 0x20e4, 0x20e4, 0x20e4, 0x20e4, 0x20e4, 0x20e4, 0x20e4, 0x20e4, 0x2104, 0x2104, 0x2104, 0x2104, 0x2104, 
	0x2104, 0x2104, 0x2104, 0x2104, 0x20e4, 0x20e4, 0x630c, 0x630c, 0x630c, 0x630c, 0x630c, 0x62ec, 0x5aec, 0x5aeb, 0x5aeb, 0x5aeb, 
	0x5aeb, 0x5aeb, 0x630c, 0x630c, 0x630c, 0x630c, 0x630c, 0x630c, 0x630c, 0x630c, 0x630c, 0x630c, 0x630c, 0x62ec, 0x5aec, 0x5aeb, 
	0x5aeb, 0x5aeb, 0x5aeb, 0x62ec, 0x630c, 0x630c, 0x630c, 0x630c, 0x630c, 0x62ec, 0x5aec, 0x5aeb, 0x5aeb, 0x5aeb, 0x5aeb, 0x5aeb, 
	0x5aeb, 0x5aec, 0x62ec, 0x630c, 0x630c, 0x62ec, 0x5aec, 0x5aeb, 0x5aeb, 0x5aec, 0x630c, 0x630c, 0x630c, 0x630c, 0x630c, 0x630c, 
	0x630c, 0x630c, 0x630c, 0x630c, 0x630c, 0x630c, 0x630c, 0x630c, 0x630c, 0x630c, 0x630c, 0x630c, 0x630c, 0x630c, 0x630c, 0x630c, 
	0x630c, 0x630c, 0x630c, 0x630c, 0x630c, 0x630c, 0x3186, 0x2104, 0x2104, 0x2104, 0x20e4, 0x20e4, 0x20e4, 0x20e4, 0x20e4, 0x20e4, 
	0x20e4, 0x20e4, 0x20e4, 0x20e4, 0x20e4, 0x20e4, 0x20e4, 0x20e4, 0x20e4, 0x20e4, 0x20e4, 0x20e4, 0x20e4, 0x20e4, 0x20e4, 0x20e4, 
	0x20e4, 0x20e4, 0x20e4, 0x20e4, 0x20e4, 0x20e4, 0x20e4, 0x20e4, 0x20e4, 0x20e4, 0x20e4, 0x20e4, 0x20e4, 0x20e4, 0x20e4, 0x20e4, 
	0x20e4, 0x20e4, 0x20e4, 0x20e4, 0x20e4, 0x20e4, 0x20e4, 0x20e4, 0x20e4, 0x20e4, 0x20e4, 0x20e4, 0x20e4, 0x20e4, 0x20e4, 0x20e4, 
	0x20e4, 0x20e4, 0x20e4, 0x20e4, 0x20e4, 0x20e4, 0x20e4, 0x20e4, 0x20e4, 0x20e4, 0x20e4, 0x20e4, 0x20e4, 0x20e4, 0x20e4, 0x20e4, 
	0x20e4, 0x20e4, 0x20e4, 0x20e4, 0x20e4, 0x20e4, 0x20e4, 0x20e4, 0x20e4, 0x20e4, 0x20e4, 0x20e4, 0x20e4, 0x20e4, 0x20e4, 0x20e4, 
	0x20e4, 0x20e4, 0x20e4, 0x20e4, 0x20e4, 0x20e4, 0x20e4, 0x20e4, 0x20e4, 0x20e4, 0x20e4, 0x20e4, 0x20e4, 0x20e4, 0x20e4, 0x20e4, 
	0x20e4, 0x20e4, 0x20e4, 0x20e4, 0x20e4, 0x20e4, 0x20e4, 0x20e4, 0x20e4, 0x20e4, 0x20e4, 0x20e4, 0x2104, 0x2104, 0x2104, 0x2104, 
	0x2104, 0x2104, 0x2104, 0x2104, 0x2104, 0x2104, 0x20e4, 0x20e4, 0x20e4, 0x20e4, 0x20e4, 0x20e4, 0x20e4, 0x20e4, 0x20e4, 0x20e4, 
	0x20e4, 0x20e4, 0x20e4, 0x20e4, 0x20e4, 0x20e4, 0x20e4, 0x20e4, 0x20e4, 0x20e4, 0x20e4, 0x20e4, 0x2104, 0x2104, 0x2104, 0x2104, 
	0x2104, 0x2104, 0x2104, 0x2104, 0x2104, 0x20e4, 0x630c, 0x630c, 0x630c, 0x630c, 0x630c, 0x630c, 0x630c, 0x62ec, 0x62ec, 0x62ec, 
	0x630c, 0x630c, 0x630c, 0x630c, 0x630c, 0x630c, 0x630c, 0x630c, 0x630c, 0x630c, 0x630c, 0x630c, 0x630c, 0x630c, 0x630c, 0x630c, 
	0x630c, 0x630c, 0x630c, 0x630c, 0x630c, 0x630c, 0x630c, 0x630c, 0x630c, 0x630c, 0x630c, 0x630c, 0x630c, 0x630c, 0x630c, 0x630c, 
	0x630c, 0x630c, 0x630c, 0x630c, 0x630c, 0x630c, 0x62ec, 0x5aec, 0x62ec, 0x630c, 0x630c, 0x630c, 0x630c, 0x630c, 0x630c, 0x630c, 
	0x630c, 0x630c, 0x630c, 0x630c, 0x630c, 0x630c, 0x630c, 0x630c, 0x630c, 0x630c, 0x630c, 0x630c, 0x630c, 0x630c, 0x630c, 0x630c, 
	0x630c, 0x630c, 0x630c, 0x5aeb, 0x2124, 0x2104, 0x2104, 0x2104, 0x2104, 0x2104, 0x20e4, 0x20e4, 0x20e4, 0x20e4, 0x20e4, 0x20e4, 
	0x20e4, 0x20e4, 0x20e4, 0x20e4, 0x20e4, 0x20e4, 0x20e4, 0x20e4, 0x20e4, 0x20e4, 0x20e4, 0x20e4, 0x20e4, 0x20e4, 0x20e4, 0x20e4, 
	0x20e4, 0x20e4, 0x20e4, 0x20e4, 0x20e4, 0x20e4, 0x20e4, 0x20e4, 0x20e4, 0x20e4, 0x20e4, 0x20e4, 0x20e4, 0x20e4, 0x20e4, 0x20e4, 
	0x20e4, 0x20e4, 0x20e4, 0x20e4, 0x20e4, 0x20e4, 0x20e4, 0x20e4, 0x20e4, 0x20e4, 0x20e4, 0x20e4, 0x20e4, 0x20e4, 0x20e4, 0x20e4, 
	0x20e4, 0x20e4, 0x20e4, 0x20e4, 0x20e4, 0x20e4, 0x20e4, 0x20e4, 0x20e4, 0x20e4, 0x20e4, 0x20e4, 0x20e4, 0x20e4, 0x20e4, 0x20e4, 
	0x20e4, 0x20e4, 0x20e4, 0x20e4, 0x20e4, 0x20e4, 0x20e4, 0x20e4, 0x20e4, 0x20e4, 0x20e4, 0x20e4, 0x20e4, 0x20e4, 0x20e4, 0x20e4, 
	0x20e4, 0x20e4, 0x20e4, 0x20e4, 0x20e4, 0x20e4, 0x20e4, 0x20e4, 0x20e4, 0x20e4, 0x20e4, 0x20e4, 0x20e4, 0x20e4, 0x20e4, 0x20e4, 
	0x20e4, 0x20e4, 0x20e4, 0x20e4, 0x20e4, 0x20e4, 0x20e4, 0x20e4, 0x20e4, 0x20e4, 0x20e4, 0x20e4, 0x2104, 0x2104, 0x20e4, 0x20e4, 
	0x2104, 0x2104, 0x2104, 0x2104, 0x2104, 0x2104, 0x20e4, 0x20e4, 0x20e4, 0x20e4, 0x20e4, 0x20e4, 0x20e4, 0x20e4, 0x20e4, 0x20e4, 
	0x20e4, 0x20e4, 0x20e4, 0x20e4, 0x20e4, 0x20e4, 0x20e4, 0x20e4, 0x20e4, 0x20e4, 0x20e4, 0x20e4, 0x20e4, 0x20e4, 0x2104, 0x2104, 
	0x2104, 0x2104, 0x2104, 0x2104, 0x2104, 0x2104, 0x630c, 0x630c, 0x630c, 0x630c, 0x630c, 0x630c, 0x630c, 0x630c, 0x630c, 0x630c, 
	0x630c, 0x630c, 0x630c, 0x630c, 0x630c, 0x630c, 0x630c, 0x630c, 0x630c, 0x630c, 0x630c, 0x630c, 0x630c, 0x630c, 0x630c, 0x630c, 
	0x630c, 0x630c, 0x630c, 0x630c, 0x630c, 0x630c, 0x630c, 0x630c, 0x630c, 0x630c, 0x630c, 0x630c, 0x630c, 0x630c, 0x630c, 0x630c, 
	0x630c, 0x630c, 0x630c, 0x630c, 0x630c, 0x630c, 0x630c, 0x630c, 0x630c, 0x630c, 0x630c, 0x630c, 0x630c, 0x630c, 0x630c, 0x630c, 
	0x630c, 0x630c, 0x630c, 0x630c, 0x630c, 0x630c, 0x630c, 0x630c, 0x630c, 0x630c, 0x630c, 0x630c, 0x630c, 0x630c, 0x630c, 0x5aeb, 
	0x4208, 0x2124, 0x2104, 0x2104, 0x2104, 0x2104, 0x2104, 0x2104, 0x2104, 0x2104, 0x2104, 0x20e4, 0x20e4, 0x20e4, 0x20e4, 0x20e4, 
	0x20e4, 0x20e4, 0x20e4, 0x20e4, 0x20e4, 0x20e4, 0x20e4, 0x20e4, 0x20e4, 0x20e4, 0x20e4, 0x20e4, 0x20e4, 0x20e4, 0x20e4, 0x20e4, 
	0x20e4, 0x20e4, 0x20e4, 0x20e4, 0x20e4, 0x20e4, 0x20e4, 0x20e4, 0x20e4, 0x20e4, 0x20e4, 0x20e4, 0x20e4, 0x20e4, 0x20e4, 0x20e4, 
	0x20e4, 0x20e4, 0x20e4, 0x20e4, 0x20e4, 0x20e4, 0x20e4, 0x20e4, 0x20e4, 0x20e4, 0x20e4, 0x20e4, 0x20e4, 0x20e4, 0x20e4, 0x20e4, 
	0x20e4, 0x20e4, 0x20e4, 0x20e4, 0x20e4, 0x20e4, 0x20e4, 0x20e4, 0x20e4, 0x20e4, 0x20e4, 0x20e4, 0x20e4, 0x20e4, 0x20e4, 0x20e4, 
	0x20e4, 0x20e4, 0x20e4, 0x20e4, 0x20e4, 0x20e4, 0x20e4, 0x20e4, 0x20e4, 0x20e4, 0x20e4, 0x20e4, 0x20e4, 0x20e4, 0x20e4, 0x20e4, 
	0x20e4, 0x20e4, 0x20e4, 0x20e4, 0x20e4, 0x20e4, 0x20e4, 0x20e4, 0x20e4, 0x20e4, 0x20e4, 0x20e4, 0x20e4, 0x20e4, 0x20e4, 0x20e4, 
	0x20e4, 0x20e4, 0x20e4, 0x20e4, 0x20e4, 0x20e4, 0x20e4, 0x20e4, 0x20e4, 0x20e4, 0x20e4, 0x20e4, 0x2104, 0x2104, 0x20e4, 0x20e4, 
	0x2104, 0x2104, 0x2104, 0x2104, 0x2104, 0x2104, 0x20e4, 0x20e4, 0x20e4, 0x20e4, 0x20e4, 0x20e4, 0x20e4, 0x20e4, 0x20e4, 0x20e4, 
	0x20e4, 0x20e4, 0x20e4, 0x20e4, 0x20e4, 0x20e4, 0x20e4, 0x20e4, 0x20e4, 0x20e4, 0x20e4, 0x20e4, 0x20e4, 0x20e4, 0x2104, 0x2104, 
	0x2104, 0x2104, 0x2104, 0x2104, 0x2104, 0x2104, 0x2104, 0x52ab, 0x632c, 0x630c, 0x630c, 0x630c, 0x630c, 0x630c, 0x630c, 0x630c, 
	0x630c, 0x630c, 0x630c, 0x630c, 0x630c, 0x632c, 0x632c, 0x632c, 0x632c, 0x632c, 0x632c, 0x632c, 0x632c, 0x632c, 0x630c, 0x630c, 
	0x632c, 0x632c, 0x632c, 0x632c, 0x632c, 0x632c, 0x630c, 0x630c, 0x630c, 0x630c, 0x630c, 0x630c, 0x630c, 0x630c, 0x630c, 0x630c, 
	0x630c, 0x630c, 0x630c, 0x630c, 0x630c, 0x630c, 0x630c, 0x630c, 0x5aeb, 0x5aeb, 0x62ec, 0x5aec, 0x5aeb, 0x62ec, 0x630c, 0x630c, 
	0x630c, 0x630c, 0x630c, 0x630c, 0x62ec, 0x630c, 0x5aeb, 0x52aa, 0x4a69, 0x4228, 0x3186, 0x2945, 0x2104, 0x20e4, 0x20e4, 0x2104, 
	0x2104, 0x2104, 0x2104, 0x2104, 0x2104, 0x2104, 0x2104, 0x2104, 0x2104, 0x2104, 0x2104, 0x2104, 0x20e4, 0x20e4, 0x20e4, 0x20e4, 
	0x2104, 0x20e4, 0x20e4, 0x20e4, 0x20e4, 0x20e4, 0x20e4, 0x20e4, 0x20e4, 0x20e4, 0x20e4, 0x20e4, 0x20e4, 0x20e4, 0x20e4, 0x20e4, 
	0x20e4, 0x20e4, 0x20e4, 0x20e4, 0x20e4, 0x20e4, 0x20e4, 0x20e4, 0x20e4, 0x20e4, 0x20e4, 0x20e4, 0x20e4, 0x20e4, 0x20e4, 0x20e4, 
	0x20e4, 0x20e4, 0x20e4, 0x20e4, 0x20e4, 0x20e4, 0x20e4, 0x20e4, 0x20e4, 0x20e4, 0x20e4, 0x20e4, 0x20e4, 0x20e4, 0x20e4, 0x20e4, 
	0x20e4, 0x20e4, 0x20e4, 0x20e4, 0x20e4, 0x20e4, 0x20e4, 0x20e4, 0x20e4, 0x20e4, 0x20e4, 0x20e4, 0x20e4, 0x20e4, 0x20e4, 0x20e4, 
	0x20e4, 0x20e4, 0x20e4, 0x20e4, 0x20e4, 0x20e4, 0x20e4, 0x20e4, 0x20e4, 0x20e4, 0x20e4, 0x20e4, 0x20e4, 0x20e4, 0x20e4, 0x20e4, 
	0x20e4, 0x20e4, 0x20e4, 0x20e4, 0x20e4, 0x20e4, 0x20e4, 0x20e4, 0x20e4, 0x20e4, 0x20e4, 0x20e4, 0x20e4, 0x20e4, 0x20e4, 0x20e4, 
	0x20e4, 0x20e4, 0x20e4, 0x20e4, 0x20e4, 0x20e4, 0x20e4, 0x20e4, 0x20e4, 0x20e4, 0x20e4, 0x20e4, 0x2104, 0x2104, 0x20e4, 0x20e4, 
	0x2104, 0x2104, 0x2104, 0x2104, 0x2104, 0x2104, 0x20e4, 0x20e4, 0x20e4, 0x20e4, 0x20e4, 0x20e4, 0x20e4, 0x20e4, 0x20e4, 0x20e4, 
	0x20e4, 0x20e4, 0x20e4, 0x20e4, 0x20e4, 0x20e4, 0x20e4, 0x20e4, 0x20e4, 0x20e4, 0x20e4, 0x20e4, 0x20e4, 0x20e4, 0x20e4, 0x2104, 
	0x2104, 0x2104, 0x2104, 0x2104, 0x2104, 0x2104, 0x2104, 0x2104, 0x2104, 0x2104, 0x2104, 0x2104, 0x2104, 0x2104, 0x2104, 0x2104, 
	0x2104, 0x2104, 0x2104, 0x2104, 0x2104, 0x2104, 0x2104, 0x2104, 0x2104, 0x2104, 0x2104, 0x2104, 0x2104, 0x2104, 0x2104, 0x2104, 
	0x2104, 0x2104, 0x2104, 0x2104, 0x2104, 0x2104, 0x2104, 0x2104, 0x2104, 0x2104, 0x2104, 0x2104, 0x2104, 0x2104, 0x2104, 0x2104, 
	0x2104, 0x2104, 0x2104, 0x2104, 0x2104, 0x2104, 0x2104, 0x2104, 0x2104, 0x2104, 0x2104, 0x2104, 0x2104, 0x2104, 0x2104, 0x2104, 
	0x2104, 0x2104, 0x2104, 0x2104, 0x2104, 0x2104, 0x2104, 0x2104, 0x2104, 0x2104, 0x2104, 0x2104, 0x2104, 0x20e4, 0x20e4, 0x20e4, 
	0x2104, 0x2104, 0x2104, 0x2104, 0x2104, 0x2104, 0x2104, 0x2104, 0x2104, 0x2104, 0x2104, 0x2104, 0x2104, 0x2104, 0x20e4, 0x2104, 
	0x2104, 0x20e4, 0x20e4, 0x20e4, 0x20e4, 0x20e4, 0x20e4, 0x20e4, 0x20e4, 0x20e4, 0x20e4, 0x20e4, 0x20e4, 0x20e4, 0x20e4, 0x20e4, 
	0x20e4, 0x20e4, 0x20e4, 0x20e4, 0x20e4, 0x20e4, 0x20e4, 0x20e4, 0x20e4, 0x20e4, 0x20e4, 0x20e4, 0x20e4, 0x20e4, 0x20e4, 0x20e4, 
	0x20e4, 0x20e4, 0x20e4, 0x20e4, 0x20e4, 0x20e4, 0x20e4, 0x20e4, 0x20e4, 0x20e4, 0x20e4, 0x20e4, 0x20e4, 0x20e4, 0x20e4, 0x20e4, 
	0x20e4, 0x20e4, 0x20e4, 0x20e4, 0x20e4, 0x20e4, 0x20e4, 0x20e4, 0x20e4, 0x20e4, 0x20e4, 0x20e4, 0x20e4, 0x20e4, 0x20e4, 0x20e4, 
	0x20e4, 0x20e4, 0x20e4, 0x20e4, 0x20e4, 0x20e4, 0x20e4, 0x20e4, 0x20e4, 0x20e4, 0x20e4, 0x20e4, 0x20e4, 0x20e4, 0x20e4, 0x20e4, 
	0x20e4, 0x20e4, 0x20e4, 0x20e4, 0x20e4, 0x20e4, 0x20e4, 0x20e4, 0x20e4, 0x20e4, 0x20e4, 0x20e4, 0x20e4, 0x20e4, 0x20e4, 0x20e4, 
	0x20e4, 0x20e4, 0x20e4, 0x20e4, 0x20e4, 0x20e4, 0x20e4, 0x20e4, 0x20e4, 0x20e4, 0x20e4, 0x20e4, 0x2104, 0x2104, 0x20e4, 0x20e4, 
	0x2104, 0x2104, 0x2104, 0x2104, 0x2104, 0x2104, 0x20e4, 0x20e4, 0x20e4, 0x20e4, 0x20e4, 0x20e4, 0x20e4, 0x20e4, 0x20e4, 0x20e4, 
	0x20e4, 0x20e4, 0x20e4, 0x20e4, 0x20e4, 0x20e4, 0x20e4, 0x20e4, 0x20e4, 0x20e4, 0x20e4, 0x20e4, 0x20e4, 0x20e4, 0x20e4, 0x2104, 
	0x2104, 0x2104, 0x2104, 0x2104, 0x2104, 0x2104, 0x2104, 0x2104, 0x2104, 0x2104, 0x2104, 0x2104, 0x2104, 0x2104, 0x2104, 0x2104, 
	0x2104, 0x2104, 0x2104, 0x2104, 0x2104, 0x2104, 0x2104, 0x2104, 0x2104, 0x2104, 0x2104, 0x2104, 0x2104, 0x2104, 0x2104, 0x2104, 
	0x2104, 0x2104, 0x2104, 0x2104, 0x2104, 0x2104, 0x2104, 0x2104, 0x2104, 0x2104, 0x2104, 0x2104, 0x2104, 0x2104, 0x2104, 0x2104, 
	0x2104, 0x2104, 0x2104, 0x2104, 0x2104, 0x2104, 0x2104, 0x2104, 0x2104, 0x2104, 0x2104, 0x2104, 0x2104, 0x2104, 0x2104, 0x2104, 
	0x2104, 0x2104, 0x2104, 0x2104, 0x2104, 0x2104, 0x2104, 0x2104, 0x2104, 0x2104, 0x2104, 0x2104, 0x2104, 0x20e4, 0x20e4, 0x20e4, 
	0x2104, 0x2104, 0x2104, 0x2104, 0x2104, 0x2104, 0x2104, 0x2104, 0x2104, 0x2104, 0x2104, 0x2104, 0x2104, 0x2104, 0x2104, 0x2104, 
	0x2104, 0x20e4, 0x20e4, 0x20e4, 0x20e4, 0x20e4, 0x20e4, 0x20e4, 0x20e4, 0x20e4, 0x20e4, 0x20e4, 0x20e4, 0x20e4, 0x20e4, 0x20e4, 
	0x20e4, 0x2104, 0x20e4, 0x20e4, 0x20e4, 0x20e4, 0x20e4, 0x20e4, 0x20e4, 0x20e4, 0x20e4, 0x20e4, 0x20e4, 0x20e4, 0x20e4, 0x20e4, 
	0x20e4, 0x20e4, 0x20e4, 0x20e4, 0x20e4, 0x20e4, 0x20e4, 0x20e4, 0x20e4, 0x20e4, 0x20e4, 0x20e4, 0x20e4, 0x20e4, 0x20e4, 0x20e4, 
	0x20e4, 0x20e4, 0x20e4, 0x20e4, 0x20e4, 0x20e4, 0x20e4, 0x20e4, 0x20e4, 0x20e4, 0x20e4, 0x20e4, 0x20e4, 0x20e4, 0x20e4, 0x20e4, 
	0x20e4, 0x20e4, 0x20e4, 0x20e4, 0x20e4, 0x20e4, 0x20e4, 0x20e4, 0x20e4, 0x20e4, 0x20e4, 0x20e4, 0x20e4, 0x20e4, 0x20e4, 0x20e4, 
	0x20e4, 0x20e4, 0x20e4, 0x20e4, 0x20e4, 0x20e4, 0x20e4, 0x20e4, 0x20e4, 0x20e4, 0x20e4, 0x20e4, 0x20e4, 0x20e4, 0x20e4, 0x20e4, 
	0x20e4, 0x20e4, 0x20e4, 0x20e4, 0x20e4, 0x20e4, 0x20e4, 0x20e4, 0x20e4, 0x20e4, 0x20e4, 0x20e4, 0x2104, 0x2104, 0x2104, 0x2104, 
	0x2104, 0x2104, 0x2104, 0x2104, 0x2104, 0x2104, 0x20e4, 0x20e4, 0x20e4, 0x20e4, 0x20e4, 0x20e4, 0x20e4, 0x2104, 0x20e4, 0x20e4, 
	0x20e4, 0x20e4, 0x20e4, 0x2104, 0x20e4, 0x20e4, 0x20e4, 0x20e4, 0x20e4, 0x20e4, 0x20e4, 0x20e4, 0x20e4, 0x20e4, 0x20e4, 0x2104, 
	0x2104, 0x2104, 0x2104, 0x2104, 0x2104, 0x2104, 0x2104, 0x2104, 0x2104, 0x2104, 0x2104, 0x2104, 0x2104, 0x2104, 0x2104, 0x2104, 
	0x2104, 0x2104, 0x2104, 0x2104, 0x2104, 0x2104, 0x2104, 0x2104, 0x2104, 0x2104, 0x2104, 0x2104, 0x2104, 0x2104, 0x2104, 0x2104, 
	0x2104, 0x2104, 0x2104, 0x2104, 0x2104, 0x2104, 0x2104, 0x2104, 0x2104, 0x2104, 0x2104, 0x2104, 0x2104, 0x2104, 0x2104, 0x2104, 
	0x2104, 0x2104, 0x2104, 0x2104, 0x2104, 0x2104, 0x2104, 0x2104, 0x2104, 0x2104, 0x2104, 0x2104, 0x2104, 0x2104, 0x2104, 0x2104, 
	0x2104, 0x2104, 0x2104, 0x2104, 0x2104, 0x2104, 0x2104, 0x2104, 0x2104, 0x2104, 0x2104, 0x2104, 0x2104, 0x20e4, 0x20e4, 0x2104, 
	0x2104, 0x2104, 0x2104, 0x2104, 0x2104, 0x2104, 0x2104, 0x2104, 0x2104, 0x2104, 0x2104, 0x2104, 0x2104, 0x2104, 0x2104, 0x2104, 
	0x2104, 0x20e4, 0x20e4, 0x20e4, 0x20e4, 0x20e4, 0x20e4, 0x20e4, 0x20e4, 0x20e4, 0x20e4, 0x20e4, 0x20e4, 0x20e4, 0x20e4, 0x20e4, 
	0x20e4, 0x20e4, 0x20e4, 0x20e4, 0x20e4, 0x20e4, 0x20e4, 0x20e4, 0x20e4, 0x20e4, 0x2104, 0x2104, 0x2104, 0x20e4, 0x20e4, 0x20e4, 
	0x20e4, 0x20e4, 0x20e4, 0x20e4, 0x20e4, 0x20e4, 0x20e4, 0x20e4, 0x20e4, 0x20e4, 0x20e4, 0x20e4, 0x20e4, 0x20e4, 0x20e4, 0x20e4, 
	0x20e4, 0x20e4, 0x20e4, 0x20e4, 0x20e4, 0x20e4, 0x20e4, 0x20e4, 0x20e4, 0x20e4, 0x20e4, 0x20e4, 0x20e4, 0x20e4, 0x20e4, 0x20e4, 
	0x20e4, 0x20e4, 0x20e4, 0x20e4, 0x20e4, 0x20e4, 0x20e4, 0x20e4, 0x20e4, 0x20e4, 0x20e4, 0x20e4, 0x20e4, 0x20e4, 0x20e4, 0x20e4, 
	0x20e4, 0x20e4, 0x20e4, 0x20e4, 0x20e4, 0x20e4, 0x20e4, 0x20e4, 0x20e4, 0x20e4, 0x20e4, 0x20e4, 0x20e4, 0x20e4, 0x20e4, 0x20e4, 
	0x20e4, 0x20e4, 0x20e4, 0x20e4, 0x20e4, 0x20e4, 0x20e4, 0x20e4, 0x20e4, 0x20e4, 0x20e4, 0x20e4, 0x2104, 0x2104, 0x2104, 0x2104, 
	0x2104, 0x2104, 0x2104, 0x2104, 0x2104, 0x2104, 0x20e4, 0x20e4, 0x20e4, 0x20e4, 0x20e4, 0x2104, 0x2104, 0x2104, 0x2104, 0x2104, 
	0x2104, 0x2104, 0x2104, 0x2104, 0x20e4, 0x20e4, 0x20e4, 0x20e4, 0x20e4, 0x20e4, 0x20e4, 0x20e4, 0x20e4, 0x20e4, 0x20e4, 0x2104, 
	0x2104, 0x2104, 0x2104, 0x2104, 0x2104, 0x2104, 0x2104, 0x2104, 0x2104, 0x2104, 0x20e4, 0x20e4, 0x20e4, 0x20e4, 0x2104, 0x2104, 
	0x2104, 0x2104, 0x2104, 0x2104, 0x2104, 0x2104, 0x2104, 0x2104, 0x2104, 0x2104, 0x2104, 0x2104, 0x2104, 0x2104, 0x2104, 0x2104, 
	0x2104, 0x2104, 0x2104, 0x2104, 0x2104, 0x2104, 0x2104, 0x2104, 0x2104, 0x2104, 0x2104, 0x2104, 0x2104, 0x2104, 0x2104, 0x2104, 
	0x2104, 0x2104, 0x2104, 0x2104, 0x2104, 0x2104, 0x2104, 0x2104, 0x2104, 0x2104, 0x2104, 0x2104, 0x2104, 0x2104, 0x2104, 0x2104, 
	0x2104, 0x2104, 0x2104, 0x2104, 0x2104, 0x2104, 0x2104, 0x2104, 0x2104, 0x2104, 0x2104, 0x2104, 0x2104, 0x20e4, 0x20e4, 0x20e4, 
	0x2104, 0x2104, 0x2104, 0x2104, 0x2104, 0x2104, 0x2104, 0x2104, 0x2104, 0x2104, 0x2104, 0x2104, 0x2104, 0x2104, 0x2104, 0x2104, 
	0x20e4, 0x20e4, 0x20e4, 0x20e4, 0x20e4, 0x20e4, 0x20e4, 0x20e4, 0x20e4, 0x20e4, 0x20e4, 0x20e4, 0x20e4, 0x20e4, 0x20e4, 0x20e4, 
	0x20e4, 0x20e4, 0x20e4, 0x20e4, 0x20e4, 0x20e4, 0x20e4, 0x20e4, 0x20e4, 0x20e4, 0x2104, 0x2104, 0x2104, 0x2104, 0x20e4, 0x20e4, 
	0x20e4, 0x20e4, 0x20e4, 0x20e4, 0x20e4, 0x20e4, 0x20e4, 0x20e4, 0x20e4, 0x20e4, 0x2104, 0x2104, 0x20e4, 0x20e4, 0x20e4, 0x20e4, 
	0x20e4, 0x20e4, 0x20e4, 0x20e4, 0x20e4, 0x20e4, 0x20e4, 0x20e4, 0x20e4, 0x20e4, 0x20e4, 0x20e4, 0x20e4, 0x20e4, 0x20e4, 0x20e4, 
	0x20e4, 0x20e4, 0x20e4, 0x20e4, 0x20e4, 0x20e4, 0x20e4, 0x20e4, 0x20e4, 0x20e4, 0x20e4, 0x20e4, 0x20e4, 0x20e4, 0x20e4, 0x20e4, 
	0x20e4, 0x20e4, 0x20e4, 0x20e4, 0x20e4, 0x20e4, 0x20e4, 0x20e4, 0x20e4, 0x20e4, 0x20e4, 0x20e4, 0x20e4, 0x20e4, 0x20e4, 0x20e4, 
	0x20e4, 0x20e4, 0x20e4, 0x20e4, 0x20e4, 0x20e4, 0x20e4, 0x20e4, 0x20e4, 0x20e4, 0x20e4, 0x2104, 0x2104, 0x2104, 0x2104, 0x2104, 
	0x2104, 0x2104, 0x2104, 0x2104, 0x2104, 0x2104, 0x2104, 0x20e4, 0x20e4, 0x20e4, 0x20e4, 0x2104, 0x2104, 0x2104, 0x2104, 0x2104, 
	0x2104, 0x2104, 0x2104, 0x20e4, 0x20e4, 0x20e4, 0x20e4, 0x20e4, 0x20e4, 0x20e4, 0x20e4, 0x20e4, 0x20e4, 0x20e4, 0x2104, 0x2104, 
	0x2104, 0x2104, 0x2104, 0x2104, 0x2104, 0x2104, 0x2104, 0x20e4, 0x20e4, 0x20e4, 0x20e4, 0x20e4, 0x20e4, 0x20e4, 0x20e4, 0x20e4, 
	0x20e4, 0x20e4, 0x20e4, 0x20e4, 0x2104, 0x2104, 0x2104, 0x2104, 0x2104, 0x2104, 0x2104, 0x2104, 0x2104, 0x2104, 0x2104, 0x2104, 
	0x2104, 0x2104, 0x2104, 0x2104, 0x2104, 0x2104, 0x2104, 0x2104, 0x2104, 0x2104, 0x2104, 0x2104, 0x2104, 0x2104, 0x2104, 0x2104, 
	0x2104, 0x2104, 0x2104, 0x2104, 0x2104, 0x2104, 0x2104, 0x2104, 0x2104, 0x2104, 0x2104, 0x2104, 0x2104, 0x2104, 0x2104, 0x2104, 
	0x2104, 0x2104, 0x2104, 0x2104, 0x2104, 0x2104, 0x2104, 0x2104, 0x2104, 0x2104, 0x20e4, 0x20e4, 0x20e4, 0x20e4, 0x20e4, 0x20e4, 
	0x2104, 0x2104, 0x2104, 0x2104, 0x2104, 0x2104, 0x2104, 0x2104, 0x2104, 0x2104, 0x2104, 0x2104, 0x2104, 0x2104, 0x2104, 0x2104, 
	0x20e4, 0x20e4, 0x20e4, 0x20e4, 0x20e4, 0x20e4, 0x20e4, 0x20e4, 0x20e4, 0x20e4, 0x20e4, 0x20e4, 0x20e4, 0x20e4, 0x20e4, 0x20e4, 
	0x20e4, 0x20e4, 0x20e4, 0x2104, 0x2104, 0x2104, 0x2104, 0x20e4, 0x20e4, 0x2104, 0x2104, 0x2104, 0x2104, 0x2104, 0x20e4, 0x20e4, 
	0x20e4, 0x20e4, 0x20e4, 0x20e4, 0x20e4, 0x20e4, 0x20e4, 0x20e4, 0x20e4, 0x2104, 0x2104, 0x2104, 0x2104, 0x2104, 0x20e4, 0x20e4, 
	0x20e4, 0x20e4, 0x20e4, 0x20e4, 0x20e4, 0x20e4, 0x20e4, 0x20e4, 0x20e4, 0x20e4, 0x20e4, 0x20e4, 0x20e4, 0x20e4, 0x20e4, 0x20e4, 
	0x20e4, 0x20e4, 0x20e4, 0x20e4, 0x20e4, 0x20e4, 0x20e4, 0x20e4, 0x20e4, 0x20e4, 0x20e4, 0x20e4, 0x20e4, 0x20e4, 0x20e4, 0x20e4, 
	0x20e4, 0x20e4, 0x20e4, 0x20e4, 0x20e4, 0x20e4, 0x20e4, 0x20e4, 0x20e4, 0x20e4, 0x20e4, 0x20e4, 0x20e4, 0x20e4, 0x20e4, 0x20e4, 
	0x20e4, 0x20e4, 0x20e4, 0x20e4, 0x20e4, 0x20e4, 0x20e4, 0x20e4, 0x20e4, 0x20e4, 0x20e4, 0x2104, 0x2104, 0x2104, 0x2104, 0x2104, 
	0x2104, 0x2104, 0x2104, 0x2104, 0x2104, 0x2104, 0x2104, 0x20e4, 0x20e4, 0x20e4, 0x2104, 0x2104, 0x2104, 0x2104, 0x2104, 0x2104, 
	0x2104, 0x2104, 0x20e4, 0x20e4, 0x20e4, 0x20e4, 0x20e4, 0x20e4, 0x20e4, 0x20e4, 0x20e4, 0x20e4, 0x2104, 0x2104, 0x2104, 0x2104, 
	0x2104, 0x2104, 0x2104, 0x2104, 0x2104, 0x20e4, 0x20e4, 0x20e4, 0x20e4, 0x20e4, 0x20e4, 0x20e4, 0x20e4, 0x20e4, 0x20e4, 0x20e4, 
	0x20e4, 0x20e4, 0x20e4, 0x20e4, 0x20e4, 0x20e4, 0x20e4, 0x20e4, 0x20e4, 0x20e4, 0x20e4, 0x20e4, 0x2104, 0x2104, 0x2104, 0x2104, 
	0x2104, 0x2104, 0x2104, 0x2104, 0x2104, 0x2104, 0x20e4, 0x20e4, 0x20e4, 0x20e4, 0x20e4, 0x20e4, 0x2104, 0x2104, 0x2104, 0x2104, 
	0x2104, 0x2104, 0x2104, 0x2104, 0x2104, 0x2104, 0x2104, 0x2104, 0x2104, 0x2104, 0x2104, 0x2104, 0x2104, 0x2104, 0x2104, 0x2104, 
	0x2104, 0x2104, 0x20e4, 0x2104, 0x2104, 0x2104, 0x2104, 0x20e4, 0x20e4, 0x20e4, 0x20e4, 0x20e4, 0x20e4, 0x20e4, 0x20e4, 0x20e4, 
	0x2104, 0x2104, 0x2104, 0x2104, 0x2104, 0x2104, 0x2104, 0x2104, 0x2104, 0x2104, 0x2104, 0x2104, 0x2104, 0x2104, 0x2104, 0x20e4, 
	0x20e4, 0x20e4, 0x20e4, 0x20e4, 0x20e4, 0x20e4, 0x20e4, 0x20e4, 0x20e4, 0x20e4, 0x20e4, 0x20e4, 0x20e4, 0x20e4, 0x20e4, 0x20e4, 
	0x20e4, 0x20e4, 0x2104, 0x2104, 0x2104, 0x2104, 0x2104, 0x2104, 0x2104, 0x2104, 0x2104, 0x2104, 0x2104, 0x2104, 0x20e4, 0x20e4, 
	0x20e4, 0x20e4, 0x20e4, 0x20e4, 0x20e4, 0x20e4, 0x20e4, 0x2104, 0x2104, 0x2104, 0x2104, 0x2104, 0x2104, 0x20e4, 0x20e4, 0x20e4, 
	0x20e4, 0x20e4, 0x20e4, 0x20e4, 0x20e4, 0x20e4, 0x20e4, 0x20e4, 0x20e4, 0x20e4, 0x20e4, 0x20e4, 0x20e4, 0x20e4, 0x20e4, 0x20e4, 
	0x20e4, 0x20e4, 0x20e4, 0x20e4, 0x20e4, 0x20e4, 0x20e4, 0x20e4, 0x20e4, 0x20e4, 0x20e4, 0x20e4, 0x20e4, 0x20e4, 0x20e4, 0x20e4, 
	0x20e4, 0x20e4, 0x20e4, 0x20e4, 0x20e4, 0x20e4, 0x20e4, 0x20e4, 0x20e4, 0x20e4, 0x20e4, 0x20e4, 0x20e4, 0x20e4, 0x20e4, 0x20e4, 
	0x20e4, 0x20e4, 0x20e4, 0x20e4, 0x20e4, 0x20e4, 0x20e4, 0x20e4, 0x20e4, 0x20e4, 0x20e4, 0x2104, 0x2104, 0x2104, 0x2104, 0x2104, 
	0x2104, 0x2104, 0x2104, 0x2104, 0x2104, 0x2104, 0x2104, 0x20e4, 0x20e4, 0x2104, 0x2104, 0x2104, 0x2104, 0x2104, 0x2104, 0x2104, 
	0x2104, 0x20e4, 0x20e4, 0x20e4, 0x20e4, 0x20e4, 0x20e4, 0x20e4, 0x20e4, 0x20e4, 0x20e4, 0x20e4, 0x2104, 0x2104, 0x2104, 0x2104, 
	0x2104, 0x2104, 0x2104, 0x2104, 0x2104, 0x2104, 0x20e4, 0x20e4, 0x20e4, 0x20e4, 0x20e4, 0x20e4, 0x20e4, 0x20e4, 0x20e4, 0x20e4, 
	0x20e4, 0x20e4, 0x20e4, 0x20e4, 0x20e4, 0x20e4, 0x20e4, 0x20e4, 0x20e4, 0x20e4, 0x20e4, 0x20e4, 0x20e4, 0x2104, 0x2104, 0x2104, 
	0x2104, 0x2104, 0x2104, 0x2104, 0x2104, 0x20e4, 0x20e4, 0x20e4, 0x20e4, 0x20e4, 0x20e4, 0x20e4, 0x20e4, 0x20e4, 0x20e4, 0x20e4, 
	0x20e4, 0x2104, 0x2104, 0x2104, 0x2104, 0x2104, 0x2104, 0x2104, 0x2104, 0x2104, 0x2104, 0x2104, 0x2104, 0x2104, 0x20e4, 0x20e4, 
	0x20e4, 0x20e4, 0x20e4, 0x20e4, 0x20e4, 0x20e4, 0x20e4, 0x20e4, 0x20e4, 0x20e4, 0x20e4, 0x20e4, 0x20e4, 0x20e4, 0x20e4, 0x20e4, 
	0x2104, 0x2104, 0x2104, 0x2104, 0x2104, 0x2104, 0x2104, 0x2104, 0x2104, 0x2104, 0x2104, 0x2104, 0x2104, 0x20e4, 0x20e4, 0x20e4, 
	0x20e4, 0x20e4, 0x20e4, 0x20e4, 0x20e4, 0x20e4, 0x20e4, 0x20e4, 0x20e4, 0x20e4, 0x20e4, 0x20e4, 0x20e4, 0x20e4, 0x20e4, 0x2104, 
	0x2104, 0x2104, 0x2104, 0x2104, 0x2104, 0x2104, 0x2104, 0x2104, 0x2104, 0x2104, 0x2104, 0x2104, 0x2104, 0x2104, 0x20e4, 0x20e4, 
	0x20e4, 0x20e4, 0x20e4, 0x20e4, 0x20e4, 0x20e4, 0x2104, 0x2104, 0x2104, 0x2104, 0x20e4, 0x20e4, 0x20e4, 0x20e4, 0x20e4, 0x20e4, 
	0x20e4, 0x20e4, 0x20e4, 0x20e4, 0x20e4, 0x20e4, 0x20e4, 0x20e4, 0x20e4, 0x20e4, 0x20e4, 0x20e4, 0x20e4, 0x20e4, 0x20e4, 0x20e4, 
	0x20e4, 0x20e4, 0x20e4, 0x20e4, 0x20e4, 0x20e4, 0x20e4, 0x20e4, 0x20e4, 0x20e4, 0x20e4, 0x20e4, 0x20e4, 0x20e4, 0x20e4, 0x20e4, 
	0x20e4, 0x20e4, 0x20e4, 0x20e4, 0x20e4, 0x20e4, 0x20e4, 0x20e4, 0x20e4, 0x20e4, 0x20e4, 0x20e4, 0x20e4, 0x20e4, 0x20e4, 0x20e4, 
	0x20e4, 0x20e4, 0x20e4, 0x20e4, 0x20e4, 0x20e4, 0x20e4, 0x20e4, 0x20e4, 0x20e4, 0x20e4, 0x2104, 0x2104, 0x2104, 0x2104, 0x2104, 
	0x2104, 0x2104, 0x2104, 0x2104, 0x2104, 0x2104, 0x2104, 0x20e4, 0x20e4, 0x2104, 0x2104, 0x2104, 0x2104, 0x2104, 0x2104, 0x20e4, 
	0x20e4, 0x20e4, 0x20e4, 0x20e4, 0x20e4, 0x20e4, 0x20e4, 0x20e4, 0x20e4, 0x20e4, 0x20e4, 0x20e4, 0x2104, 0x2104, 0x2104, 0x2104, 
	0x2104, 0x2104, 0x2104, 0x2104, 0x2104, 0x2104, 0x2104, 0x20e4, 0x20e4, 0x20e4, 0x20e4, 0x20e4, 0x20e4, 0x20e4, 0x20e4, 0x20e4, 
	0x20e4, 0x20e4, 0x20e4, 0x20e4, 0x20e4, 0x20e4, 0x20e4, 0x20e4, 0x20e4, 0x20e4, 0x20e4, 0x20e4, 0x20e4, 0x2104, 0x2104, 0x2104, 
	0x2104, 0x2104, 0x2104, 0x2104, 0x2104, 0x20e4, 0x20e4, 0x20e4, 0x20e4, 0x20e4, 0x20e4, 0x20e4, 0x20e4, 0x20e4, 0x20e4, 0x20e4, 
	0x20e4, 0x20e4, 0x2104, 0x2104, 0x2104, 0x2104, 0x2104, 0x2104, 0x2104, 0x2104, 0x2104, 0x2104, 0x2104, 0x2104, 0x20e4, 0x20e4, 
	0x20e4, 0x20e4, 0x20e4, 0x20e4, 0x20e4, 0x20e4, 0x20e4, 0x20e4, 0x20e4, 0x20e4, 0x20e4, 0x20e4, 0x20e4, 0x20e4, 0x20e4, 0x20e4, 
	0x20e4, 0x2104, 0x2104, 0x2104, 0x2104, 0x2104, 0x2104, 0x2104, 0x2104, 0x20e4, 0x20e4, 0x20e4, 0x20e4, 0x20e4, 0x20e4, 0x20e4, 
	0x20e4, 0x20e4, 0x20e4, 0x20e4, 0x20e4, 0x20e4, 0x20e4, 0x20e4, 0x20e4, 0x20e4, 0x20e4, 0x20e4, 0x20e4, 0x20e4, 0x20e4, 0x2104, 
	0x2104, 0x2104, 0x2104, 0x2104, 0x2104, 0x2104, 0x2104, 0x2104, 0x2104, 0x2104, 0x2104, 0x2104, 0x2104, 0x2104, 0x20e4, 0x20e4, 
	0x20e4, 0x20e4, 0x20e4, 0x20e4, 0x20e4, 0x2104, 0x2104, 0x2104, 0x2104, 0x20e4, 0x20e4, 0x20e4, 0x20e4, 0x20e4, 0x20e4, 0x20e4, 
	0x20e4, 0x20e4, 0x20e4, 0x20e4, 0x20e4, 0x20e4, 0x20e4, 0x20e4, 0x20e4, 0x20e4, 0x20e4, 0x20e4, 0x20e4, 0x20e4, 0x20e4, 0x20e4, 
	0x20e4, 0x20e4, 0x20e4, 0x20e4, 0x20e4, 0x20e4, 0x20e4, 0x20e4, 0x20e4, 0x20e4, 0x20e4, 0x20e4, 0x20e4, 0x20e4, 0x20e4, 0x20e4, 
	0x20e4, 0x20e4, 0x20e4, 0x20e4, 0x20e4, 0x20e4, 0x20e4, 0x20e4, 0x20e4, 0x20e4, 0x20e4, 0x20e4, 0x20e4, 0x20e4, 0x20e4, 0x20e4, 
	0x20e4, 0x20e4, 0x20e4, 0x20e4, 0x20e4, 0x20e4, 0x20e4, 0x20e4, 0x20e4, 0x20e4, 0x20e4, 0x2104, 0x2104, 0x2104, 0x2104, 0x2104, 
	0x2104, 0x2104, 0x2104, 0x2104, 0x2104, 0x2104, 0x20e4, 0x20e4, 0x20e4, 0x2104, 0x2104, 0x2104, 0x2104, 0x2104, 0x20e4, 0x20e4, 
	0x20e4, 0x20e4, 0x20e4, 0x20e4, 0x20e4, 0x20e4, 0x20e4, 0x20e4, 0x20e4, 0x20e4, 0x20e4, 0x20e4, 0x20e4, 0x2104, 0x2104, 0x2104, 
	0x2104, 0x2104, 0x2104, 0x2104, 0x2104, 0x2104, 0x2104, 0x20e4, 0x20e4, 0x20e4, 0x20e4, 0x20e4, 0x20e4, 0x20e4, 0x20e4, 0x20e4, 
	0x20e4, 0x20e4, 0x20e4, 0x20e4, 0x20e4, 0x20e4, 0x20e4, 0x20e4, 0x20e4, 0x20e4, 0x20e4, 0x20e4, 0x20e4, 0x2104, 0x2104, 0x2104, 
	0x2104, 0x2104, 0x2104, 0x2104, 0x2104, 0x20e4, 0x20e4, 0x20e4, 0x20e4, 0x20e4, 0x20e4, 0x20e4, 0x20e4, 0x20e4, 0x20e4, 0x20e4, 
	0x20e4, 0x20e4, 0x20e4, 0x20e4, 0x2104, 0x2104, 0x2104, 0x2104, 0x2104, 0x2104, 0x2104, 0x2104, 0x20e4, 0x20e4, 0x20e4, 0x20e4, 
	0x20e4, 0x20e4, 0x20e4, 0x20e4, 0x20e4, 0x20e4, 0x20e4, 0x20e4, 0x20e4, 0x20e4, 0x20e4, 0x20e4, 0x20e4, 0x20e4, 0x20e4, 0x20e4, 
	0x20e4, 0x2104, 0x2104, 0x2104, 0x2104, 0x2104, 0x2104, 0x2104, 0x20e4, 0x20e4, 0x20e4, 0x20e4, 0x20e4, 0x20e4, 0x20e4, 0x20e4, 
	0x20e4, 0x20e4, 0x20e4, 0x20e4, 0x20e4, 0x20e4, 0x20e4, 0x20e4, 0x20e4, 0x20e4, 0x20e4, 0x20e4, 0x20e4, 0x20e4, 0x20e4, 0x2104, 
	0x2104, 0x2104, 0x2104, 0x2104, 0x2104, 0x2104, 0x2104, 0x2104, 0x2104, 0x2104, 0x2104, 0x2104, 0x2104, 0x2104, 0x2104, 0x20e4, 
	0x2104, 0x2104, 0x2104, 0x2104, 0x2104, 0x2104, 0x2104, 0x2104, 0x2104, 0x20e4, 0x20e4, 0x20e4, 0x20e4, 0x20e4, 0x20e4, 0x20e4, 
	0x20e4, 0x20e4, 0x20e4, 0x20e4, 0x20e4, 0x20e4, 0x20e4, 0x20e4, 0x20e4, 0x20e4, 0x20e4, 0x20e4, 0x20e4, 0x20e4, 0x20e4, 0x20e4, 
	0x20e4, 0x20e4, 0x20e4, 0x20e4, 0x20e4, 0x20e4, 0x20e4, 0x20e4, 0x20e4, 0x20e4, 0x20e4, 0x20e4, 0x20e4, 0x20e4, 0x20e4, 0x20e4, 
	0x20e4, 0x20e4, 0x20e4, 0x20e4, 0x20e4, 0x20e4, 0x20e4, 0x20e4, 0x20e4, 0x20e4, 0x20e4, 0x20e4, 0x20e4, 0x20e4, 0x20e4, 0x20e4, 
	0x20e4, 0x20e4, 0x20e4, 0x20e4, 0x20e4, 0x20e4, 0x20e4, 0x20e4, 0x20e4, 0x20e4, 0x2104, 0x2104, 0x2104, 0x2104, 0x2104, 0x2104, 
	0x2104, 0x2104, 0x2104, 0x2104, 0x2104, 0x2104, 0x20e4, 0x20e4, 0x20e4, 0x20e4, 0x20e4, 0x2104, 0x2104, 0x2104, 0x20e4, 0x20e4, 
	0x20e4, 0x20e4, 0x20e4, 0x20e4, 0x20e4, 0x20e4, 0x20e4, 0x20e4, 0x20e4, 0x20e4, 0x20e4, 0x20e4, 0x20e4, 0x20e4, 0x2104, 0x2104, 
	0x2104, 0x2104, 0x2104, 0x2104, 0x2104, 0x2104, 0x2104, 0x20e4, 0x20e4, 0x2104, 0x20e4, 0x20e4, 0x20e4, 0x20e4, 0x20e4, 0x20e4, 
	0x20e4, 0x20e4, 0x20e4, 0x20e4, 0x20e4, 0x20e4, 0x20e4, 0x20e4, 0x20e4, 0x20e4, 0x20e4, 0x20e4, 0x20e4, 0x2104, 0x2104, 0x2104, 
	0x2104, 0x2104, 0x2104, 0x2104, 0x2104, 0x20e4, 0x20e4, 0x20e4, 0x20e4, 0x20e4, 0x20e4, 0x20e4, 0x20e4, 0x20e4, 0x20e4, 0x20e4, 
	0x20e4, 0x20e4, 0x20e4, 0x20e4, 0x20e4, 0x20e4, 0x2104, 0x2104, 0x2104, 0x20e4, 0x20e4, 0x20e4, 0x20e4, 0x20e4, 0x20e4, 0x20e4, 
	0x20e4, 0x20e4, 0x20e4, 0x20e4, 0x20e4, 0x20e4, 0x20e4, 0x20e4, 0x20e4, 0x20e4, 0x20e4, 0x20e4, 0x20e4, 0x20e4, 0x20e4, 0x20e4, 
	0x20e4, 0x20e4, 0x2104, 0x2104, 0x2104, 0x2104, 0x2104, 0x2104, 0x20e4, 0x20e4, 0x20e4, 0x20e4, 0x20e4, 0x20e4, 0x20e4, 0x20e4, 
	0x20e4, 0x20e4, 0x20e4, 0x20e4, 0x20e4, 0x20e4, 0x20e4, 0x20e4, 0x20e4, 0x20e4, 0x20e4, 0x20e4, 0x20e4, 0x20e4, 0x20e4, 0x2104, 
	0x2104, 0x2104, 0x2104, 0x2104, 0x2104, 0x2104, 0x2104, 0x2104, 0x2104, 0x2104, 0x2104, 0x2104, 0x2104, 0x2104, 0x2104, 0x2104, 
	0x2104, 0x2104, 0x2104, 0x2104, 0x2104, 0x2104, 0x2104, 0x2104, 0x2104, 0x20e4, 0x20e4, 0x20e4, 0x20e4, 0x20e4, 0x20e4, 0x20e4, 
	0x20e4, 0x20e4, 0x20e4, 0x20e4, 0x20e4, 0x20e4, 0x20e4, 0x20e4, 0x20e4, 0x20e4, 0x20e4, 0x20e4, 0x20e4, 0x20e4, 0x20e4, 0x20e4, 
	0x20e4, 0x20e4, 0x20e4, 0x20e4, 0x20e4, 0x20e4, 0x20e4, 0x20e4, 0x20e4, 0x20e4, 0x20e4, 0x20e4, 0x20e4, 0x20e4, 0x20e4, 0x20e4, 
	0x20e4, 0x20e4, 0x20e4, 0x20e4, 0x20e4, 0x20e4, 0x20e4, 0x20e4, 0x20e4, 0x20e4, 0x20e4, 0x20e4, 0x20e4, 0x20e4, 0x20e4, 0x20e4, 
	0x20e4, 0x20e4, 0x20e4, 0x20e4, 0x20e4, 0x20e4, 0x20e4, 0x20e4, 0x20e4, 0x20e4, 0x20e4, 0x2104, 0x2104, 0x2104, 0x2104, 0x2104, 
	0x2104, 0x2104, 0x2104, 0x2104, 0x20e4, 0x20e4, 0x20e4, 0x20e4, 0x20e4, 0x20e4, 0x20e4, 0x2104, 0x2104, 0x20e4, 0x20e4, 0x20e4, 
	0x20e4, 0x20e4, 0x20e4, 0x20e4, 0x20e4, 0x20e4, 0x20e4, 0x20e4, 0x20e4, 0x20e4, 0x20e4, 0x20e4, 0x20e4, 0x20e4, 0x2104, 0x2104, 
	0x2104, 0x2104, 0x2104, 0x2104, 0x2104, 0x2104, 0x2104, 0x2104, 0x2104, 0x2104, 0x2104, 0x2104, 0x2104, 0x20e4, 0x20e4, 0x20e4, 
	0x20e4, 0x20e4, 0x20e4, 0x20e4, 0x20e4, 0x20e4, 0x20e4, 0x20e4, 0x20e4, 0x20e4, 0x20e4, 0x20e4, 0x20e4, 0x2104, 0x2104, 0x2104, 
	0x2104, 0x2104, 0x2104, 0x2104, 0x2104, 0x20e4, 0x20e4, 0x20e4, 0x20e4, 0x20e4, 0x20e4, 0x20e4, 0x20e4, 0x20e4, 0x20e4, 0x20e4, 
	0x20e4, 0x20e4, 0x20e4, 0x20e4, 0x20e4, 0x20e4, 0x20e4, 0x20e4, 0x20e4, 0x20e4, 0x20e4, 0x20e4, 0x20e4, 0x20e4, 0x20e4, 0x20e4, 
	0x20e4, 0x20e4, 0x20e4, 0x20e4, 0x20e4, 0x20e4, 0x20e4, 0x20e4, 0x20e4, 0x20e4, 0x20e4, 0x20e4, 0x20e4, 0x20e4, 0x20e4, 0x20e4, 
	0x20e4, 0x20e4, 0x20e4, 0x2104, 0x2104, 0x2104, 0x2104, 0x2104, 0x20e4, 0x20e4, 0x20e4, 0x20e4, 0x20e4, 0x20e4, 0x20e4, 0x20e4, 
	0x20e4, 0x20e4, 0x20e4, 0x20e4, 0x20e4, 0x20e4, 0x20e4, 0x20e4, 0x20e4, 0x20e4, 0x20e4, 0x20e4, 0x20e4, 0x20e4, 0x20e4, 0x2104, 
	0x2104, 0x2104, 0x2104, 0x2104, 0x2104, 0x2104, 0x2104, 0x2104, 0x2104, 0x2104, 0x2104, 0x20e4, 0x20e4, 0x20e4, 0x2104, 0x2104, 
	0x2104, 0x2104, 0x2104, 0x2104, 0x2104, 0x2104, 0x2104, 0x2104, 0x2104, 0x20e4, 0x20e4, 0x20e4, 0x20e4, 0x20e4, 0x20e4, 0x20e4, 
	0x20e4, 0x20e4, 0x20e4, 0x20e4, 0x20e4, 0x20e4, 0x20e4, 0x20e4, 0x20e4, 0x20e4, 0x20e4, 0x20e4, 0x20e4, 0x20e4, 0x20e4, 0x20e4, 
	0x20e4, 0x20e4, 0x20e4, 0x20e4, 0x20e4, 0x20e4, 0x20e4, 0x20e4, 0x20e4, 0x20e4, 0x20e4, 0x20e4, 0x20e4, 0x20e4, 0x20e4, 0x20e4, 
	0x20e4, 0x20e4, 0x20e4, 0x20e4, 0x20e4, 0x20e4, 0x20e4, 0x20e4, 0x20e4, 0x20e4, 0x20e4, 0x20e4, 0x20e4, 0x20e4, 0x20e4, 0x20e4, 
	0x20e4, 0x20e4, 0x20e4, 0x20e4, 0x20e4, 0x20e4, 0x20e4, 0x20e4, 0x20e4, 0x20e4, 0x20e4, 0x2104, 0x2104, 0x2104, 0x2104, 0x2104, 
	0x2104, 0x2104, 0x2104, 0x2104, 0x20e4, 0x20e4, 0x20e4, 0x20e4, 0x20e4, 0x20e4, 0x20e4, 0x20e4, 0x2104, 0x20e4, 0x20e4, 0x20e4, 
	0x20e4, 0x20e4, 0x20e4, 0x2104, 0x2104, 0x20e4, 0x20e4, 0x20e4, 0x20e4, 0x20e4, 0x20e4, 0x20e4, 0x20e4, 0x20e4, 0x20e4, 0x20e4, 
	0x20e4, 0x2104, 0x2104, 0x2104, 0x20e4, 0x2104, 0x2104, 0x2104, 0x2104, 0x2104, 0x2104, 0x2104, 0x20e4, 0x20e4, 0x20e4, 0x20e4, 
	0x20e4, 0x20e4, 0x20e4, 0x20e4, 0x20e4, 0x20e4, 0x20e4, 0x20e4, 0x20e4, 0x20e4, 0x20e4, 0x20e4, 0x20e4, 0x2104, 0x2104, 0x2104, 
	0x2104, 0x2104, 0x2104, 0x2104, 0x20e4, 0x20e4, 0x20e4, 0x20e4, 0x20e4, 0x20e4, 0x20e4, 0x20e4, 0x20e4, 0x20e4, 0x20e4, 0x20e4, 
	0x20e4, 0x20e4, 0x20e4, 0x20e4, 0x20e4, 0x20e4, 0x20e4, 0x20e4, 0x20e4, 0x20e4, 0x20e4, 0x20e4, 0x20e4, 0x20e4, 0x20e4, 0x20e4, 
	0x20e4, 0x20e4, 0x20e4, 0x20e4, 0x20e4, 0x20e4, 0x20e4, 0x20e4, 0x20e4, 0x20e4, 0x20e4, 0x20e4, 0x20e4, 0x20e4, 0x20e4, 0x20e4, 
	0x20e4, 0x20e4, 0x2104, 0x2104, 0x2104, 0x2104, 0x2104, 0x20e4, 0x20e4, 0x20e4, 0x20e4, 0x20e4, 0x20e4, 0x20e4, 0x20e4, 0x20e4, 
	0x20e4, 0x20e4, 0x20e4, 0x20e4, 0x20e4, 0x20e4, 0x20e4, 0x20e4, 0x20e4, 0x20e4, 0x20e4, 0x20e4, 0x20e4, 0x20e4, 0x20e4, 0x20e4, 
	0x2104, 0x2104, 0x2104, 0x2104, 0x2104, 0x2104, 0x2104, 0x2104, 0x2104, 0x2104, 0x2104, 0x20e4, 0x20e4, 0x20e4, 0x2104, 0x2104, 
	0x2104, 0x2104, 0x2104, 0x2104, 0x2104, 0x2104, 0x2104, 0x2104, 0x2104, 0x2104, 0x20e4, 0x20e4, 0x20e4, 0x20e4, 0x20e4, 0x20e4, 
	0x20e4, 0x20e4, 0x20e4, 0x20e4, 0x20e4, 0x20e4, 0x20e4, 0x20e4, 0x20e4, 0x20e4, 0x20e4, 0x20e4, 0x20e4, 0x20e4, 0x20e4, 0x20e4, 
	0x20e4, 0x20e4, 0x20e4, 0x20e4, 0x20e4, 0x20e4, 0x20e4, 0x20e4, 0x20e4, 0x20e4, 0x20e4, 0x20e4, 0x20e4, 0x20e4, 0x20e4, 0x20e4, 
	0x20e4, 0x20e4, 0x20e4, 0x20e4, 0x20e4, 0x20e4, 0x20e4, 0x20e4, 0x20e4, 0x20e4, 0x20e4, 0x20e4, 0x20e4, 0x20e4, 0x20e4, 0x20e4, 
	0x20e4, 0x20e4, 0x20e4, 0x20e4, 0x20e4, 0x20e4, 0x20e4, 0x20e4, 0x20e4, 0x20e4, 0x20e4, 0x20e4, 0x2104, 0x2104, 0x2104, 0x2104, 
	0x2104, 0x2104, 0x2104, 0x2104, 0x20e4, 0x20e4, 0x20e4, 0x20e4, 0x20e4, 0x20e4, 0x20e4, 0x20e4, 0x2104, 0x20e4, 0x20e4, 0x20e4, 
	0x20e4, 0x20e4, 0x20e4, 0x2104, 0x2104, 0x20e4, 0x20e4, 0x20e4, 0x20e4, 0x20e4, 0x20e4, 0x20e4, 0x20e4, 0x20e4, 0x20e4, 0x20e4, 
	0x20e4, 0x20e4, 0x20e4, 0x20e4, 0x20e4, 0x20e4, 0x20e4, 0x20e4, 0x20e4, 0x2104, 0x2104, 0x20e4, 0x20e4, 0x20e4, 0x20e4, 0x20e4, 
	0x20e4, 0x20e4, 0x20e4, 0x20e4, 0x20e4, 0x20e4, 0x20e4, 0x20e4, 0x20e4, 0x20e4, 0x20e4, 0x20e4, 0x20e4, 0x20e4, 0x2104, 0x20e4, 
	0x2104, 0x2104, 0x2104, 0x2104, 0x20e4, 0x20e4, 0x20e4, 0x20e4, 0x20e4, 0x20e4, 0x20e4, 0x20e4, 0x20e4, 0x20e4, 0x20e4, 0x20e4, 
	0x20e4, 0x20e4, 0x20e4, 0x20e4, 0x20e4, 0x20e4, 0x20e4, 0x20e4, 0x20e4, 0x20e4, 0x20e4, 0x20e4, 0x20e4, 0x20e4, 0x20e4, 0x20e4, 
	0x20e4, 0x20e4, 0x20e4, 0x20e4, 0x20e4, 0x20e4, 0x20e4, 0x20e4, 0x20e4, 0x20e4, 0x20e4, 0x20e4, 0x20e4, 0x20e4, 0x20e4, 0x20e4, 
	0x2104, 0x2104, 0x2104, 0x2104, 0x2104, 0x2104, 0x2104, 0x20e4, 0x20e4, 0x20e4, 0x20e4, 0x20e4, 0x20e4, 0x20e4, 0x20e4, 0x20e4, 
	0x20e4, 0x20e4, 0x20e4, 0x20e4, 0x20e4, 0x20e4, 0x20e4, 0x20e4, 0x20e4, 0x20e4, 0x20e4, 0x20e4, 0x20e4, 0x20e4, 0x20e4, 0x20e4, 
	0x20e4, 0x2104, 0x2104, 0x2104, 0x2104, 0x2104, 0x2104, 0x2104, 0x2104, 0x2104, 0x2104, 0x20e4, 0x20e4, 0x20e4, 0x2104, 0x2104, 
	0x2104, 0x2104, 0x2104, 0x2104, 0x2104, 0x2104, 0x2104, 0x2104, 0x2104, 0x2104, 0x20e4, 0x20e4, 0x20e4, 0x20e4, 0x20e4, 0x20e4, 
	0x20e4, 0x20e4, 0x20e4, 0x20e4, 0x20e4, 0x20e4, 0x20e4, 0x20e4, 0x20e4, 0x20e4, 0x20e4, 0x20e4, 0x20e4, 0x20e4, 0x20e4, 0x20e4, 
	0x20e4, 0x20e4, 0x20e4, 0x20e4, 0x20e4, 0x20e4, 0x20e4, 0x20e4, 0x20e4, 0x20e4, 0x20e4, 0x20e4, 0x20e4, 0x20e4, 0x20e4, 0x20e4, 
	0x20e4, 0x20e4, 0x20e4, 0x20e4, 0x20e4, 0x20e4, 0x20e4, 0x20e4, 0x20e4, 0x20e4, 0x20e4, 0x20e4, 0x20e4, 0x20e4, 0x20e4, 0x20e4, 
	0x20e4, 0x20e4, 0x20e4, 0x20e4, 0x20e4, 0x20e4, 0x20e4, 0x20e4, 0x20e4, 0x20e4, 0x20e4, 0x20e4, 0x2104, 0x2104, 0x2104, 0x2104, 
	0x2104, 0x2104, 0x2104, 0x2104, 0x20e4, 0x20e4, 0x20e4, 0x20e4, 0x20e4, 0x20e4, 0x20e4, 0x20e4, 0x20e4, 0x20e4, 0x20e4, 0x20e4, 
	0x20e4, 0x20e4, 0x20e4, 0x2104, 0x2104, 0x20e4, 0x20e4, 0x20e4, 0x20e4, 0x20e4, 0x20e4, 0x20e4, 0x20e4, 0x20e4, 0x20e4, 0x20e4, 
	0x20e4, 0x20e4, 0x20e4, 0x20e4, 0x20e4, 0x20e4, 0x20e4, 0x20e4, 0x20e4, 0x20e4, 0x20e4, 0x20e4, 0x20e4, 0x20e4, 0x20e4, 0x20e4, 
	0x20e4, 0x20e4, 0x20e4, 0x20e4, 0x20e4, 0x20e4, 0x20e4, 0x20e4, 0x20e4, 0x20e4, 0x20e4, 0x20e4, 0x20e4, 0x20e4, 0x20e4, 0x20e4, 
	0x2104, 0x2104, 0x20e4, 0x20e4, 0x20e4, 0x20e4, 0x20e4, 0x20e4, 0x20e4, 0x20e4, 0x20e4, 0x20e4, 0x20e4, 0x20e4, 0x20e4, 0x20e4, 
	0x2104, 0x20e4, 0x20e4, 0x20e4, 0x20e4, 0x20e4, 0x20e4, 0x20e4, 0x20e4, 0x20e4, 0x20e4, 0x20e4, 0x20e4, 0x20e4, 0x20e4, 0x20e4, 
	0x20e4, 0x20e4, 0x20e4, 0x20e4, 0x20e4, 0x20e4, 0x20e4, 0x20e4, 0x20e4, 0x20e4, 0x20e4, 0x20e4, 0x20e4, 0x2104, 0x2104, 0x2104, 
	0x2104, 0x2104, 0x2104, 0x2104, 0x2104, 0x2104, 0x2104, 0x2104, 0x20e4, 0x20e4, 0x20e4, 0x20e4, 0x20e4, 0x20e4, 0x20e4, 0x20e4, 
	0x20e4, 0x20e4, 0x20e4, 0x20e4, 0x20e4, 0x20e4, 0x20e4, 0x20e4, 0x20e4, 0x20e4, 0x20e4, 0x20e4, 0x20e4, 0x20e4, 0x20e4, 0x20e4, 
	0x20e4, 0x20e4, 0x20e4, 0x20e4, 0x20e4, 0x2104, 0x2104, 0x2104, 0x2104, 0x2104, 0x20e4, 0x20e4, 0x20e4, 0x20e4, 0x2104, 0x2104, 
	0x2104, 0x2104, 0x2104, 0x2104, 0x2104, 0x2104, 0x2104, 0x2104, 0x2104, 0x2104, 0x20e4, 0x20e4, 0x20e4, 0x20e4, 0x20e4, 0x20e4, 
	0x20e4, 0x20e4, 0x20e4, 0x20e4, 0x20e4, 0x20e4, 0x20e4, 0x20e4, 0x20e4, 0x20e4, 0x20e4, 0x20e4, 0x20e4, 0x20e4, 0x20e4, 0x20e4, 
	0x20e4, 0x20e4, 0x20e4, 0x20e4, 0x20e4, 0x20e4, 0x20e4, 0x20e4, 0x20e4, 0x20e4, 0x20e4, 0x20e4, 0x20e4, 0x20e4, 0x20e4, 0x20e4, 
	0x20e4, 0x20e4, 0x20e4, 0x20e4, 0x20e4, 0x20e4, 0x20e4, 0x20e4, 0x20e4, 0x20e4, 0x20e4, 0x20e4, 0x20e4, 0x20e4, 0x20e4, 0x20e4, 
	0x20e4, 0x20e4, 0x20e4, 0x20e4, 0x20e4, 0x20e4, 0x20e4, 0x20e4, 0x20e4, 0x20e4, 0x20e4, 0x20e4, 0x2104, 0x2104, 0x2104, 0x2104, 
	0x2104, 0x2104, 0x2104, 0x2104, 0x20e4, 0x20e4, 0x20e4, 0x20e4, 0x20e4, 0x20e4, 0x20e4, 0x20e4, 0x20e4, 0x20e4, 0x20e4, 0x20e4, 
	0x20e4, 0x20e4, 0x20e4, 0x2104, 0x2104, 0x20e4, 0x20e4, 0x20e4, 0x20e4, 0x20e4, 0x20e4, 0x20e4, 0x20e4, 0x20e4, 0x20e4, 0x20e4, 
	0x20e4, 0x20e4, 0x20e4, 0x20e4, 0x20e4, 0x20e4, 0x20e4, 0x20e4, 0x20e4, 0x20e4, 0x20e4, 0x20e4, 0x20e4, 0x20e4, 0x20e4, 0x20e4, 
	0x20e4, 0x20e4, 0x20e4, 0x20e4, 0x20e4, 0x20e4, 0x20e4, 0x20e4, 0x20e4, 0x20e4, 0x20e4, 0x20e4, 0x20e4, 0x20e4, 0x20e4, 0x20e4, 
	0x20e4, 0x20e4, 0x20e4, 0x20e4, 0x20e4, 0x20e4, 0x20e4, 0x20e4, 0x20e4, 0x20e4, 0x20e4, 0x20e4, 0x20e4, 0x20e4, 0x20e4, 0x2104, 
	0x2104, 0x20e4, 0x20e4, 0x20e4, 0x20e4, 0x20e4, 0x20e4, 0x20e4, 0x20e4, 0x20e4, 0x20e4, 0x20e4, 0x20e4, 0x20e4, 0x20e4, 0x20e4, 
	0x20e4, 0x20e4, 0x20e4, 0x20e4, 0x20e4, 0x20e4, 0x20e4, 0x20e4, 0x20e4, 0x20e4, 0x20e4, 0x20e4, 0x2104, 0x2104, 0x2104, 0x2104, 
	0x2104, 0x2104, 0x2104, 0x2104, 0x2104, 0x2104, 0x2104, 0x2104, 0x20e4, 0x20e4, 0x20e4, 0x20e4, 0x20e4, 0x20e4, 0x20e4, 0x20e4, 
	0x20e4, 0x20e4, 0x20e4, 0x20e4, 0x20e4, 0x20e4, 0x20e4, 0x20e4, 0x20e4, 0x20e4, 0x20e4, 0x20e4, 0x20e4, 0x2104, 0x2104, 0x20e4, 
	0x20e4, 0x20e4, 0x20e4, 0x20e4, 0x20e4, 0x20e4, 0x2104, 0x2104, 0x2104, 0x2104, 0x20e4, 0x20e4, 0x20e4, 0x2104, 0x2104, 0x2104, 
	0x2104, 0x2104, 0x2104, 0x2104, 0x2104, 0x2104, 0x2104, 0x2104, 0x2104, 0x20e4, 0x20e4, 0x20e4, 0x20e4, 0x20e4, 0x20e4, 0x20e4, 
	0x20e4, 0x20e4, 0x20e4, 0x20e4, 0x20e4, 0x20e4, 0x20e4, 0x20e4, 0x20e4, 0x20e4, 0x20e4, 0x20e4, 0x20e4, 0x20e4, 0x20e4, 0x20e4, 
	0x20e4, 0x20e4, 0x20e4, 0x20e4, 0x20e4, 0x20e4, 0x20e4, 0x20e4, 0x20e4, 0x20e4, 0x20e4, 0x20e4, 0x20e4, 0x20e4, 0x20e4, 0x20e4, 
	0x20e4, 0x20e4, 0x20e4, 0x20e4, 0x20e4, 0x20e4, 0x20e4, 0x20e4, 0x20e4, 0x20e4, 0x20e4, 0x20e4, 0x20e4, 0x20e4, 0x20e4, 0x20e4, 
	0x20e4, 0x20e4, 0x20e4, 0x20e4, 0x20e4, 0x20e4, 0x20e4, 0x20e4, 0x20e4, 0x20e4, 0x20e4, 0x20e4, 0x2104, 0x2104, 0x20e4, 0x20e4, 
	0x2104, 0x2104, 0x2104, 0x2104, 0x2104, 0x2104, 0x20e4, 0x20e4, 0x20e4, 0x20e4, 0x20e4, 0x20e4, 0x20e4, 0x20e4, 0x20e4, 0x20e4, 
	0x20e4, 0x20e4, 0x20e4, 0x20e4, 0x20e4, 0x20e4, 0x20e4, 0x20e4, 0x20e4, 0x20e4, 0x20e4, 0x20e4, 0x20e4, 0x20e4, 0x20e4, 0x20e4, 
	0x20e4, 0x20e4, 0x20e4, 0x20e4, 0x20e4, 0x20e4, 0x20e4, 0x20e4, 0x20e4, 0x20e4, 0x20e4, 0x20e4, 0x20e4, 0x20e4, 0x20e4, 0x20e4, 
	0x20e4, 0x20e4, 0x20e4, 0x20e4, 0x20e4, 0x20e4, 0x20e4, 0x20e4, 0x20e4, 0x20e4, 0x20e4, 0x20e4, 0x20e4, 0x20e4, 0x20e4, 0x20e4, 
	0x20e4, 0x20e4, 0x20e4, 0x20e4, 0x20e4, 0x20e4, 0x20e4, 0x20e4, 0x20e4, 0x20e4, 0x20e4, 0x20e4, 0x20e4, 0x20e4, 0x20e4, 0x2104, 
	0x20e4, 0x20e4, 0x20e4, 0x20e4, 0x20e4, 0x20e4, 0x20e4, 0x20e4, 0x20e4, 0x20e4, 0x20e4, 0x20e4, 0x20e4, 0x20e4, 0x20e4, 0x20e4, 
	0x20e4, 0x20e4, 0x20e4, 0x20e4, 0x20e4, 0x20e4, 0x20e4, 0x20e4, 0x20e4, 0x20e4, 0x20e4, 0x2104, 0x2104, 0x2104, 0x2104, 0x2104, 
	0x2104, 0x2104, 0x2104, 0x2104, 0x2104, 0x2104, 0x2104, 0x2104, 0x20e4, 0x20e4, 0x20e4, 0x20e4, 0x20e4, 0x20e4, 0x20e4, 0x20e4, 
	0x20e4, 0x20e4, 0x20e4, 0x20e4, 0x20e4, 0x20e4, 0x20e4, 0x20e4, 0x20e4, 0x20e4, 0x20e4, 0x2104, 0x2104, 0x2104, 0x2104, 0x20e4, 
	0x20e4, 0x20e4, 0x20e4, 0x20e4, 0x20e4, 0x20e4, 0x2104, 0x2104, 0x2104, 0x2104, 0x20e4, 0x20e4, 0x20e4, 0x20e4, 0x2104, 0x2104, 
	0x2104, 0x2104, 0x2104, 0x2104, 0x2104, 0x2104, 0x2104, 0x20e4, 0x20e4, 0x20e4, 0x20e4, 0x20e4, 0x20e4, 0x20e4, 0x20e4, 0x20e4, 
	0x20e4, 0x20e4, 0x20e4, 0x20e4, 0x20e4, 0x20e4, 0x20e4, 0x20e4, 0x20e4, 0x20e4, 0x20e4, 0x20e4, 0x20e4, 0x20e4, 0x20e4, 0x20e4, 
	0x20e4, 0x20e4, 0x20e4, 0x20e4, 0x20e4, 0x20e4, 0x20e4, 0x20e4, 0x20e4, 0x20e4, 0x20e4, 0x20e4, 0x20e4, 0x20e4, 0x20e4, 0x20e4, 
	0x20e4, 0x20e4, 0x20e4, 0x20e4, 0x20e4, 0x20e4, 0x20e4, 0x20e4, 0x20e4, 0x20e4, 0x20e4, 0x20e4, 0x20e4, 0x20e4, 0x20e4, 0x20e4, 
	0x20e4, 0x20e4, 0x20e4, 0x20e4, 0x20e4, 0x20e4, 0x20e4, 0x20e4, 0x20e4, 0x20e4, 0x20e4, 0x20e4, 0x2104, 0x2104, 0x20e4, 0x20e4, 
	0x2104, 0x2104, 0x2104, 0x2104, 0x2104, 0x2104, 0x2104, 0x2104, 0x20e4, 0x20e4, 0x20e4, 0x20e4, 0x20e4, 0x20e4, 0x20e4, 0x20e4, 
	0x20e4, 0x20e4, 0x20e4, 0x20e4, 0x20e4, 0x20e4, 0x20e4, 0x20e4, 0x20e4, 0x20e4, 0x20e4, 0x20e4, 0x20e4, 0x20e4, 0x20e4, 0x20e4, 
	0x20e4, 0x20e4, 0x20e4, 0x20e4, 0x20e4, 0x20e4, 0x20e4, 0x20e4, 0x2104, 0x2104, 0x2104, 0x2104, 0x20e4, 0x20e4, 0x20e4, 0x20e4, 
	0x20e4, 0x20e4, 0x20e4, 0x20e4, 0x20e4, 0x20e4, 0x20e4, 0x20e4, 0x20e4, 0x20e4, 0x20e4, 0x20e4, 0x20e4, 0x20e4, 0x20e4, 0x20e4, 
	0x20e4, 0x20e4, 0x20e4, 0x20e4, 0x20e4, 0x20e4, 0x20e4, 0x20e4, 0x2104, 0x2104, 0x2104, 0x2104, 0x20e4, 0x20e4, 0x20e4, 0x2104, 
	0x20e4, 0x20e4, 0x20e4, 0x20e4, 0x20e4, 0x20e4, 0x20e4, 0x20e4, 0x20e4, 0x20e4, 0x20e4, 0x20e4, 0x20e4, 0x20e4, 0x20e4, 0x20e4, 
	0x20e4, 0x20e4, 0x20e4, 0x20e4, 0x20e4, 0x20e4, 0x20e4, 0x20e4, 0x20e4, 0x20e4, 0x2104, 0x2104, 0x2104, 0x2104, 0x2104, 0x2104, 
	0x2104, 0x2104, 0x2104, 0x2104, 0x2104, 0x2104, 0x2104, 0x2104, 0x2104, 0x20e4, 0x20e4, 0x20e4, 0x20e4, 0x20e4, 0x20e4, 0x20e4, 
	0x20e4, 0x20e4, 0x2104, 0x2104, 0x20e4, 0x20e4, 0x20e4, 0x20e4, 0x20e4, 0x2104, 0x2104, 0x2104, 0x2104, 0x2104, 0x2104, 0x20e4, 
	0x20e4, 0x20e4, 0x20e4, 0x20e4, 0x20e4, 0x20e4, 0x20e4, 0x20e4, 0x20e4, 0x20e4, 0x20e4, 0x20e4, 0x20e4, 0x20e4, 0x2104, 0x2104, 
	0x2104, 0x2104, 0x2104, 0x2104, 0x2104, 0x20e4, 0x20e4, 0x20e4, 0x20e4, 0x20e4, 0x20e4, 0x20e4, 0x20e4, 0x20e4, 0x20e4, 0x20e4, 
	0x20e4, 0x20e4, 0x20e4, 0x20e4, 0x20e4, 0x20e4, 0x20e4, 0x20e4, 0x20e4, 0x20e4, 0x20e4, 0x20e4, 0x20e4, 0x20e4, 0x20e4, 0x20e4, 
	0x20e4, 0x20e4, 0x20e4, 0x20e4, 0x20e4, 0x20e4, 0x20e4, 0x20e4, 0x20e4, 0x20e4, 0x20e4, 0x20e4, 0x20e4, 0x20e4, 0x20e4, 0x20e4, 
	0x20e4, 0x20e4, 0x20e4, 0x20e4, 0x20e4, 0x20e4, 0x20e4, 0x20e4, 0x20e4, 0x20e4, 0x20e4, 0x20e4, 0x20e4, 0x20e4, 0x20e4, 0x20e4, 
	0x20e4, 0x20e4, 0x20e4, 0x20e4, 0x20e4, 0x20e4, 0x20e4, 0x20e4, 0x20e4, 0x20e4, 0x20e4, 0x20e4, 0x2104, 0x2104, 0x20e4, 0x20e4, 
	0x2104, 0x2104, 0x2104, 0x2104, 0x2104, 0x2104, 0x2104, 0x2104, 0x2104, 0x20e4, 0x20e4, 0x20e4, 0x20e4, 0x20e4, 0x20e4, 0x20e4, 
	0x20e4, 0x20e4, 0x20e4, 0x20e4, 0x20e4, 0x20e4, 0x20e4, 0x20e4, 0x20e4, 0x20e4, 0x20e4, 0x20e4, 0x20e4, 0x20e4, 0x20e4, 0x20e4, 
	0x20e4, 0x20e4, 0x20e4, 0x20e4, 0x20e4, 0x20e4, 0x20e4, 0x20e4, 0x2104, 0x2104, 0x2104, 0x2104, 0x2104, 0x20e4, 0x20e4, 0x20e4, 
	0x20e4, 0x20e4, 0x20e4, 0x20e4, 0x20e4, 0x20e4, 0x20e4, 0x20e4, 0x20e4, 0x20e4, 0x20e4, 0x20e4, 0x20e4, 0x20e4, 0x20e4, 0x20e4, 
	0x20e4, 0x20e4, 0x20e4, 0x20e4, 0x20e4, 0x20e4, 0x20e4, 0x2104, 0x2104, 0x2104, 0x2104, 0x2104, 0x2104, 0x2104, 0x20e4, 0x20e4, 
	0x20e4, 0x20e4, 0x20e4, 0x20e4, 0x20e4, 0x20e4, 0x20e4, 0x20e4, 0x20e4, 0x20e4, 0x20e4, 0x20e4, 0x20e4, 0x20e4, 0x20e4, 0x20e4, 
	0x20e4, 0x20e4, 0x20e4, 0x20e4, 0x20e4, 0x20e4, 0x20e4, 0x20e4, 0x20e4, 0x2104, 0x2104, 0x2104, 0x2104, 0x2104, 0x2104, 0x2104, 
	0x2104, 0x2104, 0x2104, 0x2104, 0x2104, 0x2104, 0x2104, 0x2104, 0x2104, 0x20e4, 0x20e4, 0x20e4, 0x20e4, 0x20e4, 0x20e4, 0x20e4, 
	0x20e4, 0x20e4, 0x2104, 0x2104, 0x20e4, 0x20e4, 0x20e4, 0x20e4, 0x2104, 0x2104, 0x2104, 0x2104, 0x2104, 0x2104, 0x2104, 0x20e4, 
	0x20e4, 0x20e4, 0x20e4, 0x20e4, 0x20e4, 0x20e4, 0x20e4, 0x20e4, 0x20e4, 0x20e4, 0x20e4, 0x20e4, 0x20e4, 0x20e4, 0x20e4, 0x20e4, 
	0x2104, 0x2104, 0x20e4, 0x20e4, 0x20e4, 0x20e4, 0x20e4, 0x20e4, 0x20e4, 0x20e4, 0x20e4, 0x20e4, 0x20e4, 0x20e4, 0x20e4, 0x20e4, 
	0x20e4, 0x20e4, 0x20e4, 0x20e4, 0x20e4, 0x20e4, 0x20e4, 0x20e4, 0x20e4, 0x20e4, 0x20e4, 0x20e4, 0x20e4, 0x20e4, 0x20e4, 0x20e4, 
	0x20e4, 0x20e4, 0x20e4, 0x20e4, 0x20e4, 0x20e4, 0x20e4, 0x20e4, 0x20e4, 0x20e4, 0x20e4, 0x20e4, 0x20e4, 0x20e4, 0x20e4, 0x20e4, 
	0x20e4, 0x20e4, 0x20e4, 0x20e4, 0x20e4, 0x20e4, 0x20e4, 0x20e4, 0x20e4, 0x20e4, 0x20e4, 0x20e4, 0x20e4, 0x20e4, 0x20e4, 0x20e4, 
	0x20e4, 0x20e4, 0x20e4, 0x20e4, 0x20e4, 0x20e4, 0x20e4, 0x20e4, 0x20e4, 0x20e4, 0x20e4, 0x20e4, 0x20e4, 0x2104, 0x20e4, 0x20e4, 
	0x2104, 0x2104, 0x2104, 0x2104, 0x2104, 0x2104, 0x2104, 0x2104, 0x2104, 0x20e4, 0x20e4, 0x20e4, 0x20e4, 0x20e4, 0x20e4, 0x20e4, 
	0x20e4, 0x20e4, 0x20e4, 0x20e4, 0x20e4, 0x20e4, 0x20e4, 0x20e4, 0x20e4, 0x20e4, 0x20e4, 0x20e4, 0x20e4, 0x20e4, 0x20e4, 0x20e4, 
	0x20e4, 0x20e4, 0x20e4, 0x20e4, 0x20e4, 0x20e4, 0x20e4, 0x20e4, 0x2104, 0x2104, 0x2104, 0x2104, 0x2104, 0x20e4, 0x20e4, 0x20e4, 
	0x20e4, 0x20e4, 0x20e4, 0x20e4, 0x20e4, 0x20e4, 0x20e4, 0x20e4, 0x20e4, 0x20e4, 0x20e4, 0x20e4, 0x2104, 0x20e4, 0x20e4, 0x20e4, 
	0x20e4, 0x20e4, 0x20e4, 0x20e4, 0x20e4, 0x20e4, 0x20e4, 0x2104, 0x2104, 0x2104, 0x2104, 0x2104, 0x2104, 0x2104, 0x2104, 0x20e4, 
	0x20e4, 0x20e4, 0x20e4, 0x20e4, 0x20e4, 0x20e4, 0x20e4, 0x20e4, 0x20e4, 0x20e4, 0x20e4, 0x20e4, 0x20e4, 0x20e4, 0x20e4, 0x20e4, 
	0x20e4, 0x20e4, 0x20e4, 0x20e4, 0x20e4, 0x20e4, 0x20e4, 0x20e4, 0x20e4, 0x2104, 0x2104, 0x2104, 0x2104, 0x2104, 0x2104, 0x2104, 
	0x2104, 0x2104, 0x2104, 0x2104, 0x2104, 0x2104, 0x2104, 0x2104, 0x2104, 0x20e4, 0x20e4, 0x20e4, 0x20e4, 0x20e4, 0x20e4, 0x20e4, 
	0x20e4, 0x20e4, 0x2104, 0x2104, 0x2104, 0x20e4, 0x20e4, 0x20e4, 0x2104, 0x2104, 0x2104, 0x2104, 0x2104, 0x2104, 0x2104, 0x20e4, 
	0x20e4, 0x20e4, 0x20e4, 0x20e4, 0x20e4, 0x20e4, 0x20e4, 0x20e4, 0x20e4, 0x20e4, 0x20e4, 0x20e4, 0x20e4, 0x20e4, 0x20e4, 0x20e4, 
	0x20e4, 0x20e4, 0x20e4, 0x20e4, 0x20e4, 0x20e4, 0x20e4, 0x20e4, 0x20e4, 0x20e4, 0x20e4, 0x20e4, 0x20e4, 0x20e4, 0x20e4, 0x20e4, 
	0x20e4, 0x20e4, 0x20e4, 0x20e4, 0x20e4, 0x20e4, 0x20e4, 0x20e4, 0x20e4, 0x20e4, 0x20e4, 0x20e4, 0x20e4, 0x20e4, 0x20e4, 0x20e4, 
	0x20e4, 0x20e4, 0x20e4, 0x20e4, 0x20e4, 0x20e4, 0x20e4, 0x20e4, 0x20e4, 0x20e4, 0x20e4, 0x20e4, 0x20e4, 0x20e4, 0x20e4, 0x20e4, 
	0x20e4, 0x20e4, 0x20e4, 0x20e4, 0x20e4, 0x20e4, 0x20e4, 0x20e4, 0x20e4, 0x20e4, 0x20e4, 0x20e4, 0x20e4, 0x20e4, 0x20e4, 0x20e4, 
	0x20e4, 0x20e4, 0x20e4, 0x20e4, 0x20e4, 0x20e4, 0x20e4, 0x20e4, 0x20e4, 0x20e4, 0x20e4, 0x20e4, 0x20e4, 0x2104, 0x20e4, 0x20e4, 
	0x2104, 0x2104, 0x2104, 0x2104, 0x2104, 0x2104, 0x2104, 0x2104, 0x2104, 0x20e4, 0x2104, 0x20e4, 0x20e4, 0x20e4, 0x20e4, 0x20e4, 
	0x20e4, 0x20e4, 0x20e4, 0x20e4, 0x20e4, 0x20e4, 0x20e4, 0x20e4, 0x20e4, 0x20e4, 0x20e4, 0x20e4, 0x20e4, 0x20e4, 0x20e4, 0x20e4, 
	0x20e4, 0x20e4, 0x20e4, 0x20e4, 0x20e4, 0x20e4, 0x20e4, 0x20e4, 0x2104, 0x2104, 0x2104, 0x2104, 0x2104, 0x2104, 0x20e4, 0x20e4, 
	0x20e4, 0x20e4, 0x20e4, 0x20e4, 0x20e4, 0x20e4, 0x20e4, 0x20e4, 0x20e4, 0x2104, 0x2104, 0x2104, 0x2104, 0x2104, 0x20e4, 0x20e4, 
	0x20e4, 0x20e4, 0x20e4, 0x20e4, 0x20e4, 0x20e4, 0x20e4, 0x2104, 0x2104, 0x2104, 0x2104, 0x2104, 0x2104, 0x2104, 0x2104, 0x20e4, 
	0x20e4, 0x20e4, 0x20e4, 0x20e4, 0x20e4, 0x20e4, 0x20e4, 0x20e4, 0x20e4, 0x20e4, 0x20e4, 0x20e4, 0x20e4, 0x20e4, 0x20e4, 0x20e4, 
	0x20e4, 0x20e4, 0x20e4, 0x20e4, 0x20e4, 0x20e4, 0x20e4, 0x20e4, 0x2104, 0x2104, 0x2104, 0x2104, 0x2104, 0x2104, 0x2104, 0x2104, 
	0x2104, 0x2104, 0x2104, 0x2104, 0x2104, 0x2104, 0x2104, 0x2104, 0x20e4, 0x20e4, 0x20e4, 0x20e4, 0x20e4, 0x20e4, 0x20e4, 0x20e4, 
	0x20e4, 0x20e4, 0x2104, 0x20e4, 0x20e4, 0x20e4, 0x20e4, 0x20e4, 0x20e4, 0x2104, 0x2104, 0x2104, 0x2104, 0x2104, 0x2104, 0x2104, 
	0x20e4, 0x20e4, 0x20e4, 0x20e4, 0x20e4, 0x20e4, 0x20e4, 0x20e4, 0x20e4, 0x20e4, 0x20e4, 0x20e4, 0x20e4, 0x20e4, 0x20e4, 0x20e4, 
	0x20e4, 0x20e4, 0x20e4, 0x20e4, 0x20e4, 0x20e4, 0x20e4, 0x20e4, 0x20e4, 0x20e4, 0x20e4, 0x20e4, 0x20e4, 0x20e4, 0x20e4, 0x20e4, 
	0x20e4, 0x20e4, 0x20e4, 0x20e4, 0x20e4, 0x20e4, 0x20e4, 0x20e4, 0x20e4, 0x20e4, 0x20e4, 0x20e4, 0x20e4, 0x20e4, 0x20e4, 0x20e4, 
	0x20e4, 0x20e4, 0x20e4, 0x20e4, 0x20e4, 0x20e4, 0x20e4, 0x20e4, 0x20e4, 0x20e4, 0x20e4, 0x20e4, 0x20e4, 0x20e4, 0x20e4, 0x20e4, 
	0x20e4, 0x20e4, 0x20e4, 0x20e4, 0x20e4, 0x20e4, 0x20e4, 0x20e4, 0x20e4, 0x20e4, 0x20e4, 0x20e4, 0x20e4, 0x20e4, 0x20e4, 0x20e4, 
	0x20e4, 0x20e4, 0x20e4, 0x20e4, 0x20e4, 0x20e4, 0x20e4, 0x20e4, 0x20e4, 0x20e4, 0x20e4, 0x20e4, 0x2104, 0x2104, 0x20e4, 0x20e4, 
	0x2104, 0x2104, 0x2104, 0x2104, 0x2104, 0x2104, 0x2104, 0x2104, 0x20e4, 0x20e4, 0x20e4, 0x20e4, 0x20e4, 0x20e4, 0x20e4, 0x20e4, 
	0x20e4, 0x20e4, 0x20e4, 0x20e4, 0x20e4, 0x20e4, 0x20e4, 0x20e4, 0x20e4, 0x20e4, 0x20e4, 0x20e4, 0x20e4, 0x20e4, 0x20e4, 0x20e4, 
	0x20e4, 0x20e4, 0x20e4, 0x20e4, 0x20e4, 0x20e4, 0x20e4, 0x20e4, 0x2104, 0x2104, 0x2104, 0x2104, 0x2104, 0x2104, 0x20e4, 0x20e4, 
	0x20e4, 0x20e4, 0x20e4, 0x20e4, 0x20e4, 0x20e4, 0x20e4, 0x20e4, 0x2104, 0x2104, 0x2104, 0x2104, 0x2104, 0x2104, 0x2104, 0x20e4, 
	0x20e4, 0x20e4, 0x20e4, 0x20e4, 0x20e4, 0x20e4, 0x20e4, 0x20e4, 0x2104, 0x2104, 0x2104, 0x2104, 0x2104, 0x2104, 0x2104, 0x20e4, 
	0x20e4, 0x20e4, 0x20e4, 0x20e4, 0x20e4, 0x20e4, 0x20e4, 0x20e4, 0x20e4, 0x20e4, 0x20e4, 0x20e4, 0x20e4, 0x20e4, 0x20e4, 0x20e4, 
	0x20e4, 0x20e4, 0x20e4, 0x20e4, 0x20e4, 0x20e4, 0x20e4, 0x2104, 0x2104, 0x2104, 0x2104, 0x2104, 0x2104, 0x2104, 0x2104, 0x2104, 
	0x2104, 0x2104, 0x2104, 0x2104, 0x2104, 0x2104, 0x2104, 0x20e4, 0x20e4, 0x20e4, 0x20e4, 0x20e4, 0x20e4, 0x20e4, 0x20e4, 0x20e4, 
	0x20e4, 0x20e4, 0x20e4, 0x20e4, 0x20e4, 0x20e4, 0x20e4, 0x20e4, 0x20e4, 0x2104, 0x2104, 0x2104, 0x2104, 0x2104, 0x2104, 0x2104, 
	0x2104, 0x2104, 0x20e4, 0x20e4, 0x20e4, 0x20e4, 0x20e4, 0x20e4, 0x20e4, 0x20e4, 0x20e4, 0x20e4, 0x20e4, 0x20e4, 0x20e4, 0x20e4, 
	0x20e4, 0x20e4, 0x20e4, 0x20e4, 0x20e4, 0x20e4, 0x20e4, 0x20e4, 0x20e4, 0x20e4, 0x20e4, 0x20e4, 0x20e4, 0x20e4, 0x20e4, 0x20e4, 
	0x20e4, 0x20e4, 0x20e4, 0x20e4, 0x20e4, 0x20e4, 0x20e4, 0x20e4, 0x20e4, 0x20e4, 0x20e4, 0x20e4, 0x20e4, 0x20e4, 0x20e4, 0x20e4, 
	0x20e4, 0x20e4, 0x20e4, 0x20e4, 0x20e4, 0x20e4, 0x20e4, 0x20e4, 0x20e4, 0x20e4, 0x20e4, 0x20e4, 0x20e4, 0x20e4, 0x20e4, 0x20e4, 
	0x20e4, 0x20e4, 0x20e4, 0x20e4, 0x20e4, 0x20e4, 0x20e4, 0x20e4, 0x20e4, 0x20e4, 0x20e4, 0x20e4, 0x20e4, 0x20e4, 0x20e4, 0x20e4, 
	0x20e4, 0x20e4, 0x20e4, 0x20e4, 0x20e4, 0x20e4, 0x20e4, 0x20e4, 0x20e4, 0x20e4, 0x20e4, 0x20e4, 0x2104, 0x2104, 0x20e4, 0x20e4, 
	0x2104, 0x2104, 0x2104, 0x2104, 0x2104, 0x2104, 0x2104, 0x20e4, 0x20e4, 0x20e4, 0x20e4, 0x20e4, 0x20e4, 0x20e4, 0x20e4, 0x20e4, 
	0x20e4, 0x20e4, 0x20e4, 0x2104, 0x2104, 0x2104, 0x20e4, 0x20e4, 0x20e4, 0x20e4, 0x20e4, 0x20e4, 0x20e4, 0x20e4, 0x20e4, 0x20e4, 
	0x20e4, 0x20e4, 0x20e4, 0x20e4, 0x20e4, 0x20e4, 0x20e4, 0x20e4, 0x2104, 0x2104, 0x2104, 0x2104, 0x2104, 0x2104, 0x20e4, 0x20e4, 
	0x20e4, 0x20e4, 0x20e4, 0x20e4, 0x20e4, 0x20e4, 0x20e4, 0x20e4, 0x2104, 0x2104, 0x2104, 0x2104, 0x2104, 0x2104, 0x2104, 0x2104, 
	0x20e4, 0x20e4, 0x20e4, 0x20e4, 0x20e4, 0x20e4, 0x20e4, 0x20e4, 0x20e4, 0x2104, 0x2104, 0x2104, 0x2104, 0x2104, 0x2104, 0x20e4, 
	0x20e4, 0x20e4, 0x20e4, 0x20e4, 0x20e4, 0x20e4, 0x20e4, 0x20e4, 0x20e4, 0x20e4, 0x20e4, 0x20e4, 0x20e4, 0x20e4, 0x20e4, 0x20e4, 
	0x20e4, 0x20e4, 0x20e4, 0x20e4, 0x20e4, 0x20e4, 0x20e4, 0x2104, 0x2104, 0x2104, 0x2104, 0x2104, 0x2104, 0x2104, 0x2104, 0x2104, 
	0x2104, 0x20e4, 0x20e4, 0x20e4, 0x20e4, 0x20e4, 0x20e4, 0x20e4, 0x20e4, 0x20e4, 0x20e4, 0x20e4, 0x20e4, 0x20e4, 0x20e4, 0x20e4, 
	0x20e4, 0x20e4, 0x20e4, 0x20e4, 0x20e4, 0x20e4, 0x20e4, 0x20e4, 0x20e4, 0x20e4, 0x2104, 0x2104, 0x2104, 0x2104, 0x2104, 0x2104, 
	0x2104, 0x2104, 0x2104, 0x20e4, 0x20e4, 0x20e4, 0x20e4, 0x20e4, 0x20e4, 0x20e4, 0x20e4, 0x20e4, 0x20e4, 0x20e4, 0x20e4, 0x20e4, 
	0x20e4, 0x20e4, 0x20e4, 0x20e4, 0x20e4, 0x2104, 0x2104, 0x2104, 0x20e4, 0x20e4, 0x20e4, 0x20e4, 0x20e4, 0x20e4, 0x20e4, 0x20e4, 
	0x20e4, 0x20e4, 0x20e4, 0x20e4, 0x20e4, 0x20e4, 0x20e4, 0x20e4, 0x20e4, 0x20e4, 0x20e4, 0x20e4, 0x20e4, 0x20e4, 0x20e4, 0x20e4, 
	0x20e4, 0x20e4, 0x20e4, 0x20e4, 0x20e4, 0x20e4, 0x20e4, 0x20e4, 0x20e4, 0x20e4, 0x20e4, 0x20e4, 0x20e4, 0x20e4, 0x20e4, 0x20e4, 
	0x20e4, 0x20e4, 0x20e4, 0x20e4, 0x20e4, 0x20e4, 0x20e4, 0x20e4, 0x20e4, 0x20e4, 0x20e4, 0x20e4, 0x20e4, 0x20e4, 0x20e4, 0x20e4, 
	0x20e4, 0x20e4, 0x20e4, 0x20e4, 0x20e4, 0x20e4, 0x20e4, 0x20e4, 0x20e4, 0x20e4, 0x20e4, 0x20e4, 0x2104, 0x2104, 0x2104, 0x20e4, 
	0x2104, 0x20e4, 0x20e4, 0x2104, 0x20e4, 0x20e4, 0x20e4, 0x20e4, 0x20e4, 0x20e4, 0x20e4, 0x20e4, 0x20e4, 0x20e4, 0x20e4, 0x20e4, 
	0x20e4, 0x20e4, 0x20e4, 0x2104, 0x2104, 0x20e4, 0x20e4, 0x20e4, 0x20e4, 0x20e4, 0x20e4, 0x20e4, 0x20e4, 0x20e4, 0x20e4, 0x20e4, 
	0x20e4, 0x2104, 0x20e4, 0x2104, 0x2104, 0x20e4, 0x20e4, 0x20e4, 0x20e4, 0x2104, 0x2104, 0x20e4, 0x20e4, 0x20e4, 0x20e4, 0x20e4, 
	0x20e4, 0x20e4, 0x20e4, 0x20e4, 0x20e4, 0x20e4, 0x20e4, 0x20e4, 0x2104, 0x2104, 0x2104, 0x2104, 0x2104, 0x2104, 0x2104, 0x2104, 
	0x20e4, 0x20e4, 0x20e4, 0x20e4, 0x20e4, 0x20e4, 0x20e4, 0x20e4, 0x20e4, 0x2104, 0x2104, 0x2104, 0x2104, 0x2104, 0x2104, 0x20e4, 
	0x20e4, 0x20e4, 0x20e4, 0x20e4, 0x20e4, 0x20e4, 0x20e4, 0x20e4, 0x20e4, 0x20e4, 0x20e4, 0x20e4, 0x20e4, 0x20e4, 0x20e4, 0x20e4, 
	0x20e4, 0x20e4, 0x20e4, 0x20e4, 0x20e4, 0x20e4, 0x2104, 0x2104, 0x2104, 0x2104, 0x2104, 0x2104, 0x2104, 0x2104, 0x2104, 0x2104, 
	0x20e4, 0x20e4, 0x20e4, 0x20e4, 0x20e4, 0x20e4, 0x20e4, 0x20e4, 0x20e4, 0x20e4, 0x20e4, 0x20e4, 0x20e4, 0x20e4, 0x20e4, 0x20e4, 
	0x20e4, 0x20e4, 0x20e4, 0x20e4, 0x20e4, 0x20e4, 0x20e4, 0x20e4, 0x20e4, 0x20e4, 0x2104, 0x2104, 0x2104, 0x2104, 0x2104, 0x2104, 
	0x2104, 0x2104, 0x20e4, 0x20e4, 0x20e4, 0x20e4, 0x20e4, 0x20e4, 0x20e4, 0x20e4, 0x20e4, 0x20e4, 0x20e4, 0x20e4, 0x20e4, 0x20e4, 
	0x20e4, 0x20e4, 0x20e4, 0x20e4, 0x20e4, 0x2104, 0x2104, 0x2104, 0x20e4, 0x20e4, 0x20e4, 0x20e4, 0x20e4, 0x20e4, 0x20e4, 0x20e4, 
	0x20e4, 0x20e4, 0x20e4, 0x20e4, 0x20e4, 0x20e4, 0x20e4, 0x20e4, 0x20e4, 0x20e4, 0x20e4, 0x20e4, 0x20e4, 0x20e4, 0x20e4, 0x20e4, 
	0x20e4, 0x20e4, 0x20e4, 0x20e4, 0x20e4, 0x20e4, 0x20e4, 0x20e4, 0x20e4, 0x20e4, 0x20e4, 0x20e4, 0x20e4, 0x20e4, 0x20e4, 0x20e4, 
	0x20e4, 0x20e4, 0x20e4, 0x20e4, 0x20e4, 0x20e4, 0x20e4, 0x20e4, 0x20e4, 0x20e4, 0x20e4, 0x20e4, 0x20e4, 0x20e4, 0x20e4, 0x20e4, 
	0x20e4, 0x20e4, 0x20e4, 0x20e4, 0x20e4, 0x20e4, 0x20e4, 0x20e4, 0x20e4, 0x20e4, 0x20e4, 0x20e4, 0x2104, 0x2104, 0x2104, 0x20e4, 
	0x2104, 0x2104, 0x2104, 0x2104, 0x20e4, 0x20e4, 0x20e4, 0x20e4, 0x20e4, 0x20e4, 0x20e4, 0x20e4, 0x20e4, 0x20e4, 0x20e4, 0x20e4, 
	0x20e4, 0x20e4, 0x20e4, 0x20e4, 0x20e4, 0x20e4, 0x20e4, 0x20e4, 0x20e4, 0x20e4, 0x20e4, 0x20e4, 0x20e4, 0x20e4, 0x20e4, 0x20e4, 
	0x20e4, 0x2104, 0x2104, 0x2104, 0x2104, 0x2104, 0x2104, 0x20e4, 0x20e4, 0x20e4, 0x20e4, 0x20e4, 0x20e4, 0x20e4, 0x20e4, 0x20e4, 
	0x20e4, 0x20e4, 0x20e4, 0x20e4, 0x20e4, 0x20e4, 0x20e4, 0x20e4, 0x2104, 0x2104, 0x2104, 0x2104, 0x2104, 0x2104, 0x2104, 0x2104, 
	0x20e4, 0x20e4, 0x20e4, 0x20e4, 0x20e4, 0x20e4, 0x20e4, 0x20e4, 0x20e4, 0x2104, 0x2104, 0x2104, 0x2104, 0x2104, 0x2104, 0x2104, 
	0x2104, 0x2104, 0x2104, 0x20e4, 0x20e4, 0x20e4, 0x20e4, 0x20e4, 0x20e4, 0x2104, 0x2104, 0x2104, 0x2104, 0x20e4, 0x20e4, 0x20e4, 
	0x20e4, 0x20e4, 0x20e4, 0x20e4, 0x20e4, 0x20e4, 0x2104, 0x2104, 0x2104, 0x2104, 0x2104, 0x2104, 0x2104, 0x2104, 0x2104, 0x20e4, 
	0x20e4, 0x20e4, 0x20e4, 0x20e4, 0x20e4, 0x20e4, 0x20e4, 0x20e4, 0x20e4, 0x20e4, 0x20e4, 0x20e4, 0x20e4, 0x20e4, 0x20e4, 0x20e4, 
	0x20e4, 0x20e4, 0x20e4, 0x20e4, 0x20e4, 0x20e4, 0x20e4, 0x20e4, 0x20e4, 0x20e4, 0x20e4, 0x2104, 0x2104, 0x2104, 0x2104, 0x2104, 
	0x2104, 0x2104, 0x2104, 0x20e4, 0x20e4, 0x20e4, 0x20e4, 0x20e4, 0x20e4, 0x20e4, 0x20e4, 0x20e4, 0x20e4, 0x20e4, 0x20e4, 0x20e4, 
	0x20e4, 0x20e4, 0x20e4, 0x20e4, 0x20e4, 0x20e4, 0x2104, 0x20e4, 0x20e4, 0x20e4, 0x20e4, 0x20e4, 0x20e4, 0x20e4, 0x20e4, 0x20e4, 
	0x20e4, 0x20e4, 0x20e4, 0x20e4, 0x20e4, 0x20e4, 0x20e4, 0x20e4, 0x20e4, 0x20e4, 0x20e4, 0x20e4, 0x20e4, 0x20e4, 0x20e4, 0x20e4, 
	0x20e4, 0x20e4, 0x20e4, 0x20e4, 0x20e4, 0x20e4, 0x20e4, 0x20e4, 0x20e4, 0x20e4, 0x20e4, 0x20e4, 0x20e4, 0x20e4, 0x20e4, 0x20e4, 
	0x20e4, 0x20e4, 0x20e4, 0x20e4, 0x20e4, 0x20e4, 0x20e4, 0x20e4, 0x20e4, 0x20e4, 0x20e4, 0x20e4, 0x20e4, 0x20e4, 0x20e4, 0x20e4, 
	0x20e4, 0x20e4, 0x20e4, 0x20e4, 0x20e4, 0x20e4, 0x20e4, 0x20e4, 0x20e4, 0x20e4, 0x20e4, 0x20e4, 0x2104, 0x2104, 0x2104, 0x20e4, 
	0x2104, 0x2104, 0x2104, 0x2104, 0x20e4, 0x20e4, 0x20e4, 0x20e4, 0x20e4, 0x20e4, 0x20e4, 0x20e4, 0x20e4, 0x20e4, 0x20e4, 0x20e4, 
	0x20e4, 0x20e4, 0x20e4, 0x20e4, 0x20e4, 0x20e4, 0x20e4, 0x20e4, 0x20e4, 0x20e4, 0x20e4, 0x20e4, 0x20e4, 0x20e4, 0x20e4, 0x20e4, 
	0x20e4, 0x20e4, 0x2104, 0x2104, 0x2104, 0x2104, 0x2104, 0x20e4, 0x20e4, 0x20e4, 0x20e4, 0x20e4, 0x20e4, 0x20e4, 0x20e4, 0x20e4, 
	0x20e4, 0x20e4, 0x20e4, 0x20e4, 0x20e4, 0x20e4, 0x20e4, 0x20e4, 0x20e4, 0x2104, 0x2104, 0x2104, 0x2104, 0x2104, 0x2104, 0x2104, 
	0x2104, 0x20e4, 0x20e4, 0x20e4, 0x20e4, 0x20e4, 0x20e4, 0x20e4, 0x2104, 0x2104, 0x2104, 0x2104, 0x2104, 0x2104, 0x2104, 0x2104, 
	0x2104, 0x2104, 0x2104, 0x20e4, 0x20e4, 0x20e4, 0x20e4, 0x20e4, 0x20e4, 0x2104, 0x2104, 0x2104, 0x2104, 0x2104, 0x20e4, 0x20e4, 
	0x20e4, 0x20e4, 0x20e4, 0x20e4, 0x20e4, 0x20e4, 0x20e4, 0x2104, 0x2104, 0x2104, 0x2104, 0x2104, 0x2104, 0x2104, 0x2104, 0x20e4, 
	0x20e4, 0x20e4, 0x20e4, 0x20e4, 0x20e4, 0x20e4, 0x20e4, 0x20e4, 0x20e4, 0x20e4, 0x20e4, 0x20e4, 0x20e4, 0x20e4, 0x20e4, 0x20e4, 
	0x20e4, 0x20e4, 0x20e4, 0x20e4, 0x20e4, 0x20e4, 0x20e4, 0x20e4, 0x20e4, 0x20e4, 0x20e4, 0x2104, 0x2104, 0x2104, 0x2104, 0x2104, 
	0x2104, 0x2104, 0x2104, 0x20e4, 0x20e4, 0x20e4, 0x20e4, 0x20e4, 0x20e4, 0x20e4, 0x20e4, 0x20e4, 0x20e4, 0x20e4, 0x20e4, 0x20e4, 
	0x20e4, 0x20e4, 0x20e4, 0x20e4, 0x20e4, 0x20e4, 0x20e4, 0x20e4, 0x20e4, 0x20e4, 0x20e4, 0x20e4, 0x20e4, 0x20e4, 0x20e4, 0x20e4, 
	0x20e4, 0x20e4, 0x20e4, 0x20e4, 0x20e4, 0x20e4, 0x20e4, 0x20e4, 0x20e4, 0x20e4, 0x20e4, 0x20e4, 0x20e4, 0x20e4, 0x20e4, 0x20e4, 
	0x20e4, 0x20e4, 0x20e4, 0x20e4, 0x20e4, 0x20e4, 0x20e4, 0x20e4, 0x20e4, 0x20e4, 0x20e4, 0x20e4, 0x20e4, 0x20e4, 0x20e4, 0x20e4, 
	0x20e4, 0x20e4, 0x20e4, 0x20e4, 0x20e4, 0x20e4, 0x20e4, 0x20e4, 0x20e4, 0x20e4, 0x20e4, 0x20e4, 0x20e4, 0x20e4, 0x20e4, 0x20e4, 
	0x20e4, 0x20e4, 0x20e4, 0x20e4, 0x20e4, 0x20e4, 0x20e4, 0x20e4, 0x20e4, 0x20e4, 0x20e4, 0x20e4, 0x2104, 0x2104, 0x2104, 0x20e4, 
	0x2104, 0x2104, 0x2104, 0x20e4, 0x20e4, 0x20e4, 0x20e4, 0x20e4, 0x20e4, 0x20e4, 0x20e4, 0x20e4, 0x20e4, 0x20e4, 0x20e4, 0x20e4, 
	0x20e4, 0x20e4, 0x20e4, 0x20e4, 0x20e4, 0x20e4, 0x20e4, 0x20e4, 0x20e4, 0x20e4, 0x20e4, 0x20e4, 0x20e4, 0x20e4, 0x20e4, 0x20e4, 
	0x20e4, 0x20e4, 0x20e4, 0x2104, 0x2104, 0x2104, 0x20e4, 0x20e4, 0x20e4, 0x20e4, 0x20e4, 0x20e4, 0x20e4, 0x20e4, 0x20e4, 0x20e4, 
	0x20e4, 0x20e4, 0x20e4, 0x20e4, 0x20e4, 0x20e4, 0x20e4, 0x20e4, 0x20e4, 0x20e4, 0x20e4, 0x2104, 0x2104, 0x2104, 0x2104, 0x20e4, 
	0x20e4, 0x20e4, 0x20e4, 0x20e4, 0x20e4, 0x20e4, 0x20e4, 0x20e4, 0x2104, 0x2104, 0x2104, 0x20e4, 0x20e4, 0x20e4, 0x2104, 0x2104, 
	0x2104, 0x2104, 0x2104, 0x20e4, 0x20e4, 0x20e4, 0x20e4, 0x20e4, 0x20e4, 0x2104, 0x2104, 0x2104, 0x2104, 0x2104, 0x20e4, 0x20e4, 
	0x20e4, 0x20e4, 0x20e4, 0x20e4, 0x20e4, 0x20e4, 0x20e4, 0x20e4, 0x2104, 0x2104, 0x2104, 0x2104, 0x2104, 0x20e4, 0x20e4, 0x20e4, 
	0x20e4, 0x20e4, 0x20e4, 0x20e4, 0x20e4, 0x20e4, 0x20e4, 0x20e4, 0x20e4, 0x20e4, 0x20e4, 0x20e4, 0x20e4, 0x20e4, 0x20e4, 0x20e4, 
	0x20e4, 0x20e4, 0x20e4, 0x20e4, 0x20e4, 0x20e4, 0x20e4, 0x20e4, 0x20e4, 0x20e4, 0x20e4, 0x2104, 0x2104, 0x2104, 0x2104, 0x2104, 
	0x2104, 0x2104, 0x2104, 0x20e4, 0x20e4, 0x20e4, 0x20e4, 0x20e4, 0x20e4, 0x20e4, 0x20e4, 0x20e4, 0x20e4, 0x20e4, 0x20e4, 0x20e4, 
	0x20e4, 0x20e4, 0x20e4, 0x20e4, 0x20e4, 0x20e4, 0x20e4, 0x20e4, 0x20e4, 0x20e4, 0x20e4, 0x20e4, 0x20e4, 0x20e4, 0x20e4, 0x20e4, 
	0x20e4, 0x20e4, 0x20e4, 0x20e4, 0x20e4, 0x20e4, 0x20e4, 0x20e4, 0x20e4, 0x20e4, 0x20e4, 0x20e4, 0x20e4, 0x20e4, 0x20e4, 0x20e4, 
	0x20e4, 0x20e4, 0x20e4, 0x20e4, 0x20e4, 0x20e4, 0x20e4, 0x20e4, 0x20e4, 0x20e4, 0x20e4, 0x20e4, 0x20e4, 0x20e4, 0x20e4, 0x20e4, 
	0x20e4, 0x20e4, 0x20e4, 0x20e4, 0x20e4, 0x20e4, 0x20e4, 0x20e4, 0x20e4, 0x20e4, 0x20e4, 0x20e4, 0x20e4, 0x20e4, 0x20e4, 0x20e4, 
	0x20e4, 0x20e4, 0x20e4, 0x20e4, 0x20e4, 0x20e4, 0x20e4, 0x20e4, 0x20e4, 0x20e4, 0x20e4, 0x2104, 0x2104, 0x2104, 0x2104, 0x2104, 
	0x2104, 0x2104, 0x2104, 0x20e4, 0x20e4, 0x20e4, 0x20e4, 0x20e4, 0x20e4, 0x20e4, 0x20e4, 0x20e4, 0x20e4, 0x20e4, 0x20e4, 0x20e4, 
	0x20e4, 0x20e4, 0x20e4, 0x20e4, 0x20e4, 0x20e4, 0x20e4, 0x20e4, 0x20e4, 0x20e4, 0x20e4, 0x20e4, 0x20e4, 0x20e4, 0x20e4, 0x20e4, 
	0x20e4, 0x20e4, 0x20e4, 0x20e4, 0x2104, 0x2104, 0x20e4, 0x20e4, 0x20e4, 0x20e4, 0x20e4, 0x20e4, 0x20e4, 0x20e4, 0x20e4, 0x20e4, 
	0x20e4, 0x20e4, 0x20e4, 0x20e4, 0x20e4, 0x20e4, 0x20e4, 0x20e4, 0x20e4, 0x20e4, 0x20e4, 0x20e4, 0x20e4, 0x20e4, 0x20e4, 0x20e4, 
	0x20e4, 0x20e4, 0x20e4, 0x20e4, 0x20e4, 0x20e4, 0x20e4, 0x20e4, 0x2104, 0x2104, 0x20e4, 0x20e4, 0x20e4, 0x20e4, 0x20e4, 0x2104, 
	0x2104, 0x2104, 0x2104, 0x20e4, 0x20e4, 0x20e4, 0x20e4, 0x20e4, 0x20e4, 0x20e4, 0x2104, 0x2104, 0x2104, 0x2104, 0x20e4, 0x20e4, 
	0x20e4, 0x20e4, 0x20e4, 0x20e4, 0x20e4, 0x20e4, 0x20e4, 0x20e4, 0x20e4, 0x2104, 0x2104, 0x20e4, 0x20e4, 0x20e4, 0x20e4, 0x20e4, 
	0x20e4, 0x20e4, 0x20e4, 0x20e4, 0x20e4, 0x20e4, 0x20e4, 0x20e4, 0x20e4, 0x20e4, 0x20e4, 0x20e4, 0x20e4, 0x20e4, 0x20e4, 0x20e4, 
	0x20e4, 0x20e4, 0x20e4, 0x20e4, 0x20e4, 0x20e4, 0x20e4, 0x20e4, 0x20e4, 0x20e4, 0x20e4, 0x20e4, 0x2104, 0x2104, 0x2104, 0x2104, 
	0x2104, 0x2104, 0x20e4, 0x20e4, 0x20e4, 0x20e4, 0x20e4, 0x20e4, 0x20e4, 0x20e4, 0x20e4, 0x20e4, 0x20e4, 0x20e4, 0x20e4, 0x20e4, 
	0x20e4, 0x20e4, 0x20e4, 0x20e4, 0x20e4, 0x20e4, 0x20e4, 0x20e4, 0x20e4, 0x20e4, 0x20e4, 0x20e4, 0x20e4, 0x20e4, 0x20e4, 0x20e4, 
	0x20e4, 0x20e4, 0x20e4, 0x20e4, 0x20e4, 0x20e4, 0x20e4, 0x20e4, 0x20e4, 0x20e4, 0x20e4, 0x20e4, 0x20e4, 0x20e4, 0x20e4, 0x20e4, 
	0x20e4, 0x20e4, 0x20e4, 0x20e4, 0x20e4, 0x20e4, 0x20e4, 0x20e4, 0x20e4, 0x20e4, 0x20e4, 0x20e4, 0x20e4, 0x20e4, 0x20e4, 0x20e4, 
	0x20e4, 0x20e4, 0x20e4, 0x20e4, 0x20e4, 0x20e4, 0x20e4, 0x20e4, 0x20e4, 0x20e4, 0x20e4, 0x20e4, 0x20e4, 0x20e4, 0x20e4, 0x20e4, 
	0x20e4, 0x20e4, 0x20e4, 0x20e4, 0x20e4, 0x20e4, 0x20e4, 0x20e4, 0x20e4, 0x20e4, 0x20e4, 0x2104, 0x2104, 0x2104, 0x2104, 0x2104, 
	0x2104, 0x2104, 0x20e4, 0x20e4, 0x20e4, 0x20e4, 0x20e4, 0x20e4, 0x20e4, 0x20e4, 0x20e4, 0x20e4, 0x20e4, 0x20e4, 0x20e4, 0x20e4, 
	0x20e4, 0x20e4, 0x20e4, 0x20e4, 0x20e4, 0x20e4, 0x20e4, 0x20e4, 0x20e4, 0x20e4, 0x20e4, 0x20e4, 0x20e4, 0x20e4, 0x20e4, 0x20e4, 
	0x20e4, 0x20e4, 0x20e4, 0x20e4, 0x20e4, 0x2104, 0x2104, 0x20e4, 0x20e4, 0x20e4, 0x20e4, 0x20e4, 0x20e4, 0x20e4, 0x20e4, 0x20e4, 
	0x20e4, 0x20e4, 0x20e4, 0x20e4, 0x20e4, 0x20e4, 0x20e4, 0x20e4, 0x20e4, 0x20e4, 0x20e4, 0x20e4, 0x20e4, 0x20e4, 0x20e4, 0x20e4, 
	0x20e4, 0x20e4, 0x20e4, 0x20e4, 0x20e4, 0x20e4, 0x20e4, 0x20e4, 0x2104, 0x20e4, 0x20e4, 0x20e4, 0x20e4, 0x20e4, 0x20e4, 0x2104, 
	0x2104, 0x2104, 0x2104, 0x2104, 0x20e4, 0x20e4, 0x20e4, 0x20e4, 0x20e4, 0x20e4, 0x2104, 0x2104, 0x2104, 0x2104, 0x2104, 0x2104, 
	0x20e4, 0x20e4, 0x20e4, 0x20e4, 0x20e4, 0x20e4, 0x20e4, 0x20e4, 0x20e4, 0x20e4, 0x20e4, 0x20e4, 0x20e4, 0x20e4, 0x20e4, 0x20e4, 
	0x20e4, 0x20e4, 0x20e4, 0x20e4, 0x20e4, 0x20e4, 0x20e4, 0x20e4, 0x20e4, 0x20e4, 0x20e4, 0x20e4, 0x20e4, 0x20e4, 0x20e4, 0x20e4, 
	0x20e4, 0x20e4, 0x20e4, 0x20e4, 0x20e4, 0x20e4, 0x20e4, 0x20e4, 0x20e4, 0x20e4, 0x20e4, 0x20e4, 0x20e4, 0x2104, 0x2104, 0x2104, 
	0x2104, 0x2104, 0x20e4, 0x20e4, 0x20e4, 0x20e4, 0x20e4, 0x20e4, 0x20e4, 0x20e4, 0x20e4, 0x20e4, 0x20e4, 0x20e4, 0x20e4, 0x20e4, 
	0x20e4, 0x20e4, 0x20e4, 0x20e4, 0x20e4, 0x20e4, 0x20e4, 0x20e4, 0x20e4, 0x20e4, 0x20e4, 0x20e4, 0x20e4, 0x20e4, 0x20e4, 0x20e4, 
	0x20e4, 0x20e4, 0x20e4, 0x20e4, 0x20e4, 0x20e4, 0x20e4, 0x20e4, 0x20e4, 0x20e4, 0x20e4, 0x20e4, 0x20e4, 0x20e4, 0x20e4, 0x20e4, 
	0x20e4, 0x20e4, 0x20e4, 0x20e4, 0x20e4, 0x20e4, 0x20e4, 0x20e4, 0x20e4, 0x20e4, 0x20e4, 0x20e4, 0x20e4, 0x20e4, 0x20e4, 0x20e4, 
	0x20e4, 0x20e4, 0x20e4, 0x20e4, 0x20e4, 0x20e4, 0x20e4, 0x20e4, 0x20e4, 0x20e4, 0x20e4, 0x20e4, 0x20e4, 0x20e4, 0x20e4, 0x20e4, 
	0x20e4, 0x20e4, 0x20e4, 0x20e4, 0x20e4, 0x20e4, 0x20e4, 0x20e4, 0x20e4, 0x20e4, 0x20e4, 0x2104, 0x2104, 0x2104, 0x2104, 0x2104, 
	0x2104, 0x2104, 0x20e4, 0x20e4, 0x20e4, 0x20e4, 0x20e4, 0x20e4, 0x20e4, 0x20e4, 0x20e4, 0x20e4, 0x20e4, 0x20e4, 0x20e4, 0x20e4, 
	0x20e4, 0x20e4, 0x20e4, 0x20e4, 0x20e4, 0x20e4, 0x20e4, 0x20e4, 0x20e4, 0x20e4, 0x20e4, 0x20e4, 0x20e4, 0x20e4, 0x20e4, 0x20e4, 
	0x20e4, 0x20e4, 0x20e4, 0x20e4, 0x20e4, 0x2104, 0x2104, 0x20e4, 0x20e4, 0x20e4, 0x20e4, 0x20e4, 0x20e4, 0x20e4, 0x20e4, 0x20e4, 
	0x20e4, 0x20e4, 0x20e4, 0x20e4, 0x20e4, 0x20e4, 0x20e4, 0x20e4, 0x20e4, 0x20e4, 0x20e4, 0x20e4, 0x20e4, 0x20e4, 0x20e4, 0x20e4, 
	0x20e4, 0x20e4, 0x20e4, 0x20e4, 0x20e4, 0x20e4, 0x20e4, 0x20e4, 0x20e4, 0x20e4, 0x20e4, 0x20e4, 0x20e4, 0x20e4, 0x20e4, 0x2104, 
	0x2104, 0x2104, 0x2104, 0x2104, 0x20e4, 0x20e4, 0x20e4, 0x20e4, 0x20e4, 0x20e4, 0x2104, 0x2104, 0x2104, 0x2104, 0x2104, 0x2104, 
	0x20e4, 0x20e4, 0x20e4, 0x20e4, 0x20e4, 0x20e4, 0x20e4, 0x20e4, 0x20e4, 0x20e4, 0x20e4, 0x20e4, 0x20e4, 0x20e4, 0x20e4, 0x20e4, 
	0x20e4, 0x20e4, 0x20e4, 0x20e4, 0x20e4, 0x20e4, 0x20e4, 0x20e4, 0x20e4, 0x20e4, 0x20e4, 0x20e4, 0x20e4, 0x20e4, 0x20e4, 0x20e4, 
	0x20e4, 0x20e4, 0x20e4, 0x20e4, 0x20e4, 0x20e4, 0x20e4, 0x20e4, 0x20e4, 0x20e4, 0x20e4, 0x20e4, 0x20e4, 0x20e4, 0x2104, 0x2104, 
	0x2104, 0x2104, 0x20e4, 0x20e4, 0x20e4, 0x20e4, 0x20e4, 0x20e4, 0x20e4, 0x20e4, 0x20e4, 0x20e4, 0x20e4, 0x20e4, 0x20e4, 0x20e4, 
	0x20e4, 0x20e4, 0x20e4, 0x20e4, 0x20e4, 0x20e4, 0x20e4, 0x20e4, 0x20e4, 0x20e4, 0x20e4, 0x20e4, 0x20e4, 0x20e4, 0x20e4, 0x20e4, 
	0x20e4, 0x20e4, 0x20e4, 0x20e4, 0x20e4, 0x20e4, 0x20e4, 0x20e4, 0x20e4, 0x20e4, 0x20e4, 0x20e4, 0x20e4, 0x20e4, 0x20e4, 0x20e4, 
	0x20e4, 0x20e4, 0x20e4, 0x20e4, 0x20e4, 0x20e4, 0x20e4, 0x20e4, 0x20e4, 0x20e4, 0x20e4, 0x20e4, 0x20e4, 0x20e4, 0x20e4, 0x20e4, 
	0x20e4, 0x20e4, 0x20e4, 0x20e4, 0x20e4, 0x20e4, 0x20e4, 0x20e4, 0x20e4, 0x20e4, 0x20e4, 0x20e4, 0x20e4, 0x20e4, 0x20e4, 0x20e4, 
	0x20e4, 0x20e4, 0x20e4, 0x20e4, 0x20e4, 0x20e4, 0x20e4, 0x20e4, 0x20e4, 0x20e4, 0x20e4, 0x2104, 0x2104, 0x2104, 0x2104, 0x2104, 
	0x2104, 0x20e4, 0x20e4, 0x20e4, 0x20e4, 0x20e4, 0x20e4, 0x20e4, 0x20e4, 0x20e4, 0x20e4, 0x20e4, 0x20e4, 0x20e4, 0x20e4, 0x20e4, 
	0x20e4, 0x20e4, 0x20e4, 0x20e4, 0x20e4, 0x20e4, 0x20e4, 0x20e4, 0x20e4, 0x20e4, 0x20e4, 0x20e4, 0x20e4, 0x20e4, 0x20e4, 0x20e4, 
	0x20e4, 0x20e4, 0x20e4, 0x20e4, 0x20e4, 0x2104, 0x2104, 0x2104, 0x2104, 0x20e4, 0x20e4, 0x20e4, 0x20e4, 0x20e4, 0x20e4, 0x20e4, 
	0x20e4, 0x20e4, 0x20e4, 0x20e4, 0x20e4, 0x20e4, 0x20e4, 0x20e4, 0x20e4, 0x20e4, 0x20e4, 0x20e4, 0x20e4, 0x20e4, 0x20e4, 0x20e4, 
	0x20e4, 0x20e4, 0x20e4, 0x20e4, 0x20e4, 0x20e4, 0x20e4, 0x20e4, 0x20e4, 0x20e4, 0x20e4, 0x20e4, 0x20e4, 0x20e4, 0x20e4, 0x2104, 
	0x2104, 0x2104, 0x2104, 0x2104, 0x20e4, 0x20e4, 0x20e4, 0x20e4, 0x20e4, 0x20e4, 0x20e4, 0x2104, 0x2104, 0x2104, 0x2104, 0x2104, 
	0x20e4, 0x20e4, 0x20e4, 0x20e4, 0x20e4, 0x20e4, 0x20e4, 0x20e4, 0x20e4, 0x20e4, 0x20e4, 0x20e4, 0x20e4, 0x20e4, 0x20e4, 0x20e4, 
	0x20e4, 0x20e4, 0x20e4, 0x20e4, 0x20e4, 0x20e4, 0x20e4, 0x20e4, 0x20e4, 0x20e4, 0x20e4, 0x20e4, 0x20e4, 0x20e4, 0x20e4, 0x20e4, 
	0x20e4, 0x20e4, 0x20e4, 0x20e4, 0x20e4, 0x20e4, 0x20e4, 0x20e4, 0x20e4, 0x20e4, 0x20e4, 0x20e4, 0x20e4, 0x20e4, 0x2104, 0x2104, 
	0x2104, 0x2104, 0x20e4, 0x20e4, 0x20e4, 0x20e4, 0x20e4, 0x20e4, 0x20e4, 0x20e4, 0x20e4, 0x20e4, 0x20e4, 0x20e4, 0x20e4, 0x20e4, 
	0x20e4, 0x20e4, 0x20e4, 0x20e4, 0x20e4, 0x20e4, 0x20e4, 0x20e4, 0x20e4, 0x20e4, 0x20e4, 0x20e4, 0x20e4, 0x20e4, 0x20e4, 0x20e4, 
	0x20e4, 0x20e4, 0x20e4, 0x20e4, 0x20e4, 0x20e4, 0x20e4, 0x20e4, 0x20e4, 0x20e4, 0x20e4, 0x20e4, 0x20e4, 0x20e4, 0x20e4, 0x20e4, 
	0x20e4, 0x20e4, 0x20e4, 0x20e4, 0x20e4, 0x20e4, 0x20e4, 0x20e4, 0x20e4, 0x20e4, 0x20e4, 0x20e4, 0x20e4, 0x20e4, 0x20e4, 0x20e4, 
	0x20e4, 0x20e4, 0x20e4, 0x20e4, 0x20e4, 0x20e4, 0x20e4, 0x20e4, 0x20e4, 0x20e4, 0x20e4, 0x20e4, 0x20e4, 0x20e4, 0x20e4, 0x20e4, 
	0x20e4, 0x20e4, 0x20e4, 0x20e4, 0x20e4, 0x20e4, 0x20e4, 0x20e4, 0x20e4, 0x20e4, 0x20e4, 0x2104, 0x2104, 0x2104, 0x2104, 0x2104, 
	0x2104, 0x2104, 0x2104, 0x20e4, 0x20e4, 0x20e4, 0x20e4, 0x20e4, 0x20e4, 0x20e4, 0x20e4, 0x20e4, 0x20e4, 0x20e4, 0x20e4, 0x20e4, 
	0x20e4, 0x20e4, 0x20e4, 0x20e4, 0x20e4, 0x20e4, 0x20e4, 0x20e4, 0x20e4, 0x20e4, 0x20e4, 0x20e4, 0x20e4, 0x20e4, 0x20e4, 0x20e4, 
	0x20e4, 0x20e4, 0x20e4, 0x20e4, 0x20e4, 0x2104, 0x2104, 0x2104, 0x2104, 0x20e4, 0x20e4, 0x20e4, 0x20e4, 0x20e4, 0x20e4, 0x20e4, 
	0x20e4, 0x20e4, 0x20e4, 0x20e4, 0x20e4, 0x20e4, 0x20e4, 0x20e4, 0x20e4, 0x20e4, 0x20e4, 0x20e4, 0x20e4, 0x20e4, 0x20e4, 0x20e4, 
	0x20e4, 0x20e4, 0x20e4, 0x20e4, 0x20e4, 0x20e4, 0x20e4, 0x20e4, 0x20e4, 0x20e4, 0x20e4, 0x20e4, 0x20e4, 0x20e4, 0x2104, 0x2104, 
	0x2104, 0x2104, 0x2104, 0x2104, 0x20e4, 0x20e4, 0x20e4, 0x20e4, 0x20e4, 0x20e4, 0x20e4, 0x20e4, 0x2104, 0x2104, 0x2104, 0x2104, 
	0x20e4, 0x20e4, 0x20e4, 0x20e4, 0x20e4, 0x20e4, 0x20e4, 0x20e4, 0x20e4, 0x20e4, 0x20e4, 0x20e4, 0x20e4, 0x20e4, 0x20e4, 0x20e4, 
	0x20e4, 0x20e4, 0x20e4, 0x20e4, 0x20e4, 0x20e4, 0x2104, 0x2104, 0x2104, 0x2104, 0x2104, 0x20e4, 0x2104, 0x20e4, 0x20e4, 0x20e4, 
	0x20e4, 0x20e4, 0x20e4, 0x20e4, 0x20e4, 0x20e4, 0x20e4, 0x20e4, 0x20e4, 0x20e4, 0x20e4, 0x20e4, 0x20e4, 0x20e4, 0x20e4, 0x2104, 
	0x2104, 0x20e4, 0x20e4, 0x20e4, 0x20e4, 0x20e4, 0x20e4, 0x20e4, 0x20e4, 0x20e4, 0x20e4, 0x2104, 0x2104, 0x20e4, 0x20e4, 0x20e4, 
	0x20e4, 0x20e4, 0x20e4, 0x20e4, 0x20e4, 0x20e4, 0x20e4, 0x20e4, 0x20e4, 0x20e4, 0x20e4, 0x20e4, 0x20e4, 0x20e4, 0x20e4, 0x20e4, 
	0x20e4, 0x20e4, 0x20e4, 0x20e4, 0x20e4, 0x20e4, 0x20e4, 0x20e4, 0x20e4, 0x20e4, 0x20e4, 0x20e4, 0x20e4, 0x20e4, 0x20e4, 0x20e4, 
	0x20e4, 0x20e4, 0x20e4, 0x20e4, 0x20e4, 0x20e4, 0x20e4, 0x20e4, 0x20e4, 0x20e4, 0x20e4, 0x20e4, 0x20e4, 0x20e4, 0x20e4, 0x20e4, 
	0x20e4, 0x20e4, 0x20e4, 0x20e4, 0x20e4, 0x20e4, 0x20e4, 0x20e4, 0x20e4, 0x20e4, 0x20e4, 0x20e4, 0x20e4, 0x20e4, 0x20e4, 0x20e4, 
	0x20e4, 0x20e4, 0x20e4, 0x20e4, 0x20e4, 0x20e4, 0x20e4, 0x20e4, 0x20e4, 0x20e4, 0x20e4, 0x20e4, 0x2104, 0x2104, 0x2104, 0x2104, 
	0x2104, 0x2104, 0x2104, 0x20e4, 0x20e4, 0x20e4, 0x20e4, 0x20e4, 0x20e4, 0x20e4, 0x20e4, 0x20e4, 0x20e4, 0x20e4, 0x20e4, 0x20e4, 
	0x20e4, 0x20e4, 0x20e4, 0x20e4, 0x20e4, 0x20e4, 0x20e4, 0x20e4, 0x20e4, 0x20e4, 0x20e4, 0x20e4, 0x20e4, 0x20e4, 0x20e4, 0x20e4, 
	0x20e4, 0x20e4, 0x20e4, 0x20e4, 0x20e4, 0x2104, 0x2104, 0x2104, 0x2104, 0x20e4, 0x20e4, 0x20e4, 0x20e4, 0x20e4, 0x20e4, 0x20e4, 
	0x20e4, 0x20e4, 0x20e4, 0x20e4, 0x20e4, 0x20e4, 0x20e4, 0x20e4, 0x20e4, 0x20e4, 0x20e4, 0x20e4, 0x20e4, 0x20e4, 0x20e4, 0x20e4, 
	0x20e4, 0x20e4, 0x20e4, 0x20e4, 0x20e4, 0x20e4, 0x20e4, 0x20e4, 0x20e4, 0x20e4, 0x20e4, 0x20e4, 0x20e4, 0x20e4, 0x2104, 0x2104, 
	0x2104, 0x2104, 0x2104, 0x2104, 0x20e4, 0x20e4, 0x20e4, 0x20e4, 0x20e4, 0x20e4, 0x20e4, 0x20e4, 0x20e4, 0x20e4, 0x2104, 0x2104, 
	0x20e4, 0x20e4, 0x20e4, 0x20e4, 0x20e4, 0x20e4, 0x20e4, 0x20e4, 0x20e4, 0x20e4, 0x20e4, 0x20e4, 0x20e4, 0x20e4, 0x20e4, 0x20e4, 
	0x20e4, 0x20e4, 0x20e4, 0x20e4, 0x20e4, 0x2104, 0x2104, 0x2104, 0x2104, 0x2104, 0x2104, 0x2104, 0x2104, 0x2104, 0x20e4, 0x20e4, 
	0x20e4, 0x20e4, 0x20e4, 0x20e4, 0x20e4, 0x20e4, 0x20e4, 0x20e4, 0x20e4, 0x20e4, 0x20e4, 0x20e4, 0x20e4, 0x20e4, 0x20e4, 0x20e4, 
	0x20e4, 0x20e4, 0x20e4, 0x20e4, 0x20e4, 0x20e4, 0x20e4, 0x20e4, 0x20e4, 0x20e4, 0x2104, 0x2104, 0x2104, 0x2104, 0x20e4, 0x20e4, 
	0x20e4, 0x20e4, 0x20e4, 0x20e4, 0x20e4, 0x20e4, 0x20e4, 0x20e4, 0x20e4, 0x20e4, 0x20e4, 0x20e4, 0x20e4, 0x20e4, 0x20e4, 0x20e4, 
	0x20e4, 0x20e4, 0x20e4, 0x20e4, 0x20e4, 0x20e4, 0x20e4, 0x20e4, 0x20e4, 0x20e4, 0x20e4, 0x20e4, 0x20e4, 0x20e4, 0x20e4, 0x20e4, 
	0x20e4, 0x20e4, 0x20e4, 0x20e4, 0x20e4, 0x20e4, 0x20e4, 0x20e4, 0x20e4, 0x20e4, 0x20e4, 0x20e4, 0x20e4, 0x20e4, 0x20e4, 0x20e4, 
	0x20e4, 0x20e4, 0x20e4, 0x20e4, 0x20e4, 0x20e4, 0x20e4, 0x20e4, 0x20e4, 0x20e4, 0x20e4, 0x20e4, 0x20e4, 0x20e4, 0x20e4, 0x20e4, 
	0x20e4, 0x20e4, 0x20e4, 0x20e4, 0x20e4, 0x20e4, 0x20e4, 0x20e4, 0x20e4, 0x20e4, 0x20e4, 0x20e4, 0x2104, 0x2104, 0x2104, 0x2104, 
	0x2104, 0x2104, 0x2104, 0x2104, 0x20e4, 0x20e4, 0x20e4, 0x20e4, 0x20e4, 0x20e4, 0x20e4, 0x20e4, 0x20e4, 0x20e4, 0x20e4, 0x20e4, 
	0x20e4, 0x20e4, 0x20e4, 0x20e4, 0x20e4, 0x20e4, 0x20e4, 0x20e4, 0x20e4, 0x20e4, 0x20e4, 0x20e4, 0x20e4, 0x20e4, 0x20e4, 0x20e4, 
	0x20e4, 0x20e4, 0x20e4, 0x20e4, 0x20e4, 0x2104, 0x2104, 0x2104, 0x2104, 0x20e4, 0x20e4, 0x20e4, 0x20e4, 0x20e4, 0x20e4, 0x20e4, 
	0x20e4, 0x20e4, 0x20e4, 0x20e4, 0x20e4, 0x20e4, 0x20e4, 0x20e4, 0x20e4, 0x20e4, 0x20e4, 0x20e4, 0x20e4, 0x20e4, 0x20e4, 0x20e4, 
	0x20e4, 0x20e4, 0x20e4, 0x20e4, 0x20e4, 0x20e4, 0x20e4, 0x20e4, 0x20e4, 0x20e4, 0x20e4, 0x20e4, 0x20e4, 0x20e4, 0x2104, 0x2104, 
	0x2104, 0x2104, 0x2104, 0x20e4, 0x20e4, 0x20e4, 0x20e4, 0x20e4, 0x20e4, 0x20e4, 0x20e4, 0x20e4, 0x20e4, 0x20e4, 0x20e4, 0x20e4, 
	0x20e4, 0x20e4, 0x20e4, 0x20e4, 0x20e4, 0x20e4, 0x20e4, 0x20e4, 0x20e4, 0x20e4, 0x20e4, 0x20e4, 0x20e4, 0x20e4, 0x20e4, 0x20e4, 
	0x20e4, 0x20e4, 0x20e4, 0x20e4, 0x2104, 0x2104, 0x2104, 0x2104, 0x2104, 0x2104, 0x2104, 0x2104, 0x2104, 0x2104, 0x2104, 0x20e4, 
	0x20e4, 0x20e4, 0x20e4, 0x20e4, 0x20e4, 0x20e4, 0x20e4, 0x20e4, 0x20e4, 0x20e4, 0x20e4, 0x20e4, 0x20e4, 0x20e4, 0x20e4, 0x20e4, 
	0x20e4, 0x20e4, 0x20e4, 0x20e4, 0x20e4, 0x20e4, 0x20e4, 0x20e4, 0x20e4, 0x20e4, 0x2104, 0x2104, 0x2104, 0x2104, 0x20e4, 0x20e4, 
	0x20e4, 0x20e4, 0x20e4, 0x20e4, 0x20e4, 0x20e4, 0x20e4, 0x20e4, 0x20e4, 0x20e4, 0x20e4, 0x2104, 0x20e4, 0x20e4, 0x20e4, 0x20e4, 
	0x20e4, 0x20e4, 0x20e4, 0x20e4, 0x20e4, 0x20e4, 0x20e4, 0x20e4, 0x20e4, 0x20e4, 0x20e4, 0x20e4, 0x20e4, 0x20e4, 0x20e4, 0x20e4, 
	0x20e4, 0x20e4, 0x20e4, 0x20e4, 0x20e4, 0x20e4, 0x20e4, 0x20e4, 0x20e4, 0x20e4, 0x20e4, 0x20e4, 0x20e4, 0x20e4, 0x20e4, 0x20e4, 
	0x20e4, 0x20e4, 0x20e4, 0x20e4, 0x20e4, 0x20e4, 0x20e4, 0x20e4, 0x20e4, 0x20e4, 0x20e4, 0x20e4, 0x20e4, 0x20e4, 0x20e4, 0x20e4, 
	0x20e4, 0x20e4, 0x20e4, 0x20e4, 0x20e4, 0x20e4, 0x20e4, 0x20e4, 0x20e4, 0x20e4, 0x20e4, 0x20e4, 0x2104, 0x2104, 0x2104, 0x2104, 
	0x2104, 0x2104, 0x2104, 0x2104, 0x20e4, 0x20e4, 0x20e4, 0x20e4, 0x20e4, 0x20e4, 0x20e4, 0x20e4, 0x20e4, 0x20e4, 0x20e4, 0x20e4, 
	0x20e4, 0x20e4, 0x20e4, 0x20e4, 0x20e4, 0x20e4, 0x20e4, 0x20e4, 0x20e4, 0x20e4, 0x20e4, 0x20e4, 0x20e4, 0x20e4, 0x20e4, 0x20e4, 
	0x20e4, 0x20e4, 0x20e4, 0x20e4, 0x20e4, 0x2104, 0x2104, 0x2104, 0x20e4, 0x20e4, 0x20e4, 0x20e4, 0x20e4, 0x20e4, 0x20e4, 0x20e4, 
	0x20e4, 0x20e4, 0x20e4, 0x20e4, 0x20e4, 0x20e4, 0x20e4, 0x20e4, 0x20e4, 0x20e4, 0x20e4, 0x20e4, 0x20e4, 0x20e4, 0x20e4, 0x20e4, 
	0x20e4, 0x20e4, 0x20e4, 0x20e4, 0x20e4, 0x20e4, 0x20e4, 0x20e4, 0x20e4, 0x20e4, 0x20e4, 0x20e4, 0x20e4, 0x20e4, 0x2104, 0x20e4, 
	0x2104, 0x2104, 0x2104, 0x20e4, 0x20e4, 0x20e4, 0x20e4, 0x20e4, 0x20e4, 0x20e4, 0x20e4, 0x20e4, 0x20e4, 0x20e4, 0x20e4, 0x20e4, 
	0x20e4, 0x20e4, 0x20e4, 0x20e4, 0x20e4, 0x20e4, 0x20e4, 0x20e4, 0x20e4, 0x20e4, 0x20e4, 0x20e4, 0x20e4, 0x20e4, 0x20e4, 0x20e4, 
	0x20e4, 0x20e4, 0x20e4, 0x2104, 0x2104, 0x2104, 0x2104, 0x2104, 0x2104, 0x2104, 0x2104, 0x2104, 0x2104, 0x2104, 0x2104, 0x20e4, 
	0x20e4, 0x20e4, 0x20e4, 0x20e4, 0x20e4, 0x20e4, 0x20e4, 0x20e4, 0x20e4, 0x20e4, 0x20e4, 0x20e4, 0x20e4, 0x20e4, 0x20e4, 0x20e4, 
	0x20e4, 0x20e4, 0x20e4, 0x20e4, 0x20e4, 0x20e4, 0x20e4, 0x20e4, 0x20e4, 0x20e4, 0x2104, 0x2104, 0x2104, 0x2104, 0x20e4, 0x20e4, 
	0x20e4, 0x20e4, 0x20e4, 0x20e4, 0x20e4, 0x20e4, 0x20e4, 0x20e4, 0x20e4, 0x20e4, 0x20e4, 0x20e4, 0x20e4, 0x20e4, 0x20e4, 0x20e4, 
	0x20e4, 0x20e4, 0x20e4, 0x20e4, 0x20e4, 0x20e4, 0x20e4, 0x20e4, 0x20e4, 0x20e4, 0x20e4, 0x20e4, 0x20e4, 0x20e4, 0x20e4, 0x20e4, 
	0x20e4, 0x20e4, 0x20e4, 0x20e4, 0x20e4, 0x20e4, 0x20e4, 0x20e4, 0x20e4, 0x18e4, 0x20e4, 0x20e4, 0x20e4, 0x20e4, 0x20e4, 0x20e4, 
	0x20e4, 0x20e4, 0x20e4, 0x20e4, 0x20e4, 0x20e4, 0x20e4, 0x20e4, 0x20e4, 0x20e4, 0x20e4, 0x20e4, 0x20e4, 0x20e4, 0x20e4, 0x20e4, 
	0x20e4, 0x20e4, 0x20e4, 0x20e4, 0x20e4, 0x20e4, 0x20e4, 0x20e4, 0x20e4, 0x20e4, 0x20e4, 0x20e4, 0x2104, 0x2104, 0x2104, 0x2104, 
	0x2104, 0x2104, 0x2104, 0x2104, 0x20e4, 0x20e4, 0x20e4, 0x20e4, 0x20e4, 0x20e4, 0x20e4, 0x20e4, 0x20e4, 0x20e4, 0x20e4, 0x20e4, 
	0x20e4, 0x20e4, 0x20e4, 0x20e4, 0x20e4, 0x20e4, 0x20e4, 0x20e4, 0x20e4, 0x20e4, 0x20e4, 0x20e4, 0x20e4, 0x20e4, 0x20e4, 0x20e4, 
	0x20e4, 0x20e4, 0x20e4, 0x20e4, 0x20e4, 0x20e4, 0x2104, 0x20e4, 0x20e4, 0x20e4, 0x20e4, 0x20e4, 0x20e4, 0x20e4, 0x20e4, 0x20e4, 
	0x20e4, 0x20e4, 0x20e4, 0x20e4, 0x20e4, 0x20e4, 0x20e4, 0x20e4, 0x20e4, 0x20e4, 0x20e4, 0x20e4, 0x20e4, 0x20e4, 0x20e4, 0x20e4, 
	0x20e4, 0x20e4, 0x20e4, 0x20e4, 0x20e4, 0x20e4, 0x20e4, 0x20e4, 0x20e4, 0x20e4, 0x20e4, 0x20e4, 0x20e4, 0x20e4, 0x20e4, 0x20e4, 
	0x2104, 0x2104, 0x2104, 0x20e4, 0x20e4, 0x20e4, 0x20e4, 0x20e4, 0x20e4, 0x20e4, 0x20e4, 0x20e4, 0x20e4, 0x20e4, 0x20e4, 0x20e4, 
	0x20e4, 0x20e4, 0x20e4, 0x20e4, 0x20e4, 0x20e4, 0x20e4, 0x20e4, 0x20e4, 0x20e4, 0x20e4, 0x20e4, 0x20e4, 0x20e4, 0x20e4, 0x20e4, 
	0x20e4, 0x20e4, 0x20e4, 0x2104, 0x2104, 0x2104, 0x2104, 0x2104, 0x2104, 0x2104, 0x2104, 0x2104, 0x2104, 0x2104, 0x20e4, 0x20e4, 
	0x20e4, 0x20e4, 0x20e4, 0x20e4, 0x20e4, 0x20e4, 0x20e4, 0x20e4, 0x20e4, 0x20e4, 0x20e4, 0x20e4, 0x20e4, 0x20e4, 0x20e4, 0x20e4, 
	0x20e4, 0x20e4, 0x20e4, 0x20e4, 0x20e4, 0x20e4, 0x20e4, 0x20e4, 0x20e4, 0x20e4, 0x2104, 0x2104, 0x2104, 0x2104, 0x20e4, 0x20e4, 
	0x20e4, 0x20e4, 0x20e4, 0x20e4, 0x20e4, 0x20e4, 0x20e4, 0x20e4, 0x20e4, 0x20e4, 0x20e4, 0x20e4, 0x20e4, 0x20e4, 0x20e4, 0x20e4, 
	0x20e4, 0x20e4, 0x20e4, 0x20e4, 0x20e4, 0x20e4, 0x20e4, 0x20e4, 0x20e4, 0x20e4, 0x20e4, 0x20e4, 0x20e4, 0x20e4, 0x20e4, 0x20e4, 
	0x20e4, 0x20e4, 0x20e4, 0x20e4, 0x20e4, 0x20e4, 0x20e4, 0x18e4, 0x18e4, 0x18e4, 0x18e4, 0x20e4, 0x20e4, 0x20e4, 0x20e4, 0x20e4, 
	0x20e4, 0x20e4, 0x20e4, 0x20e4, 0x20e4, 0x20e4, 0x20e4, 0x20e4, 0x20e4, 0x20e4, 0x20e4, 0x20e4, 0x20e4, 0x20e4, 0x20e4, 0x20e4, 
	0x20e4, 0x20e4, 0x20e4, 0x20e4, 0x20e4, 0x20e4, 0x20e4, 0x20e4, 0x20e4, 0x20e4, 0x20e4, 0x20e4, 0x2104, 0x2104, 0x2104, 0x2104, 
	0x2104, 0x2104, 0x2104, 0x2104, 0x20e4, 0x20e4, 0x20e4, 0x20e4, 0x20e4, 0x20e4, 0x20e4, 0x20e4, 0x20e4, 0x20e4, 0x20e4, 0x20e4, 
	0x20e4, 0x20e4, 0x20e4, 0x20e4, 0x20e4, 0x20e4, 0x20e4, 0x20e4, 0x20e4, 0x20e4, 0x20e4, 0x20e4, 0x20e4, 0x20e4, 0x20e4, 0x20e4, 
	0x20e4, 0x20e4, 0x20e4, 0x20e4, 0x20e4, 0x20e4, 0x20e4, 0x20e4, 0x20e4, 0x20e4, 0x20e4, 0x20e4, 0x20e4, 0x20e4, 0x20e4, 0x20e4, 
	0x20e4, 0x20e4, 0x20e4, 0x20e4, 0x20e4, 0x20e4, 0x20e4, 0x20e4, 0x20e4, 0x20e4, 0x20e4, 0x20e4, 0x20e4, 0x20e4, 0x20e4, 0x20e4, 
	0x20e4, 0x20e4, 0x20e4, 0x20e4, 0x20e4, 0x20e4, 0x20e4, 0x20e4, 0x20e4, 0x20e4, 0x20e4, 0x20e4, 0x20e4, 0x20e4, 0x20e4, 0x20e4, 
	0x20e4, 0x2104, 0x20e4, 0x20e4, 0x20e4, 0x20e4, 0x20e4, 0x20e4, 0x20e4, 0x20e4, 0x20e4, 0x20e4, 0x20e4, 0x20e4, 0x20e4, 0x20e4, 
	0x20e4, 0x20e4, 0x20e4, 0x20e4, 0x20e4, 0x20e4, 0x20e4, 0x20e4, 0x20e4, 0x20e4, 0x20e4, 0x20e4, 0x20e4, 0x20e4, 0x20e4, 0x20e4, 
	0x20e4, 0x20e4, 0x20e4, 0x20e4, 0x2104, 0x2104, 0x2104, 0x2104, 0x2104, 0x2104, 0x2104, 0x2104, 0x2104, 0x2104, 0x20e4, 0x20e4, 
	0x20e4, 0x20e4, 0x20e4, 0x20e4, 0x20e4, 0x20e4, 0x20e4, 0x20e4, 0x20e4, 0x20e4, 0x20e4, 0x20e4, 0x20e4, 0x20e4, 0x20e4, 0x20e4, 
	0x20e4, 0x20e4, 0x20e4, 0x20e4, 0x20e4, 0x20e4, 0x20e4, 0x20e4, 0x20e4, 0x20e4, 0x2104, 0x2104, 0x2104, 0x2104, 0x20e4, 0x20e4, 
	0x20e4, 0x20e4, 0x20e4, 0x20e4, 0x20e4, 0x20e4, 0x20e4, 0x20e4, 0x20e4, 0x20e4, 0x20e4, 0x20e4, 0x20e4, 0x20e4, 0x20e4, 0x20e4, 
	0x20e4, 0x20e4, 0x20e4, 0x20e4, 0x20e4, 0x20e4, 0x20e4, 0x20e4, 0x20e4, 0x20e4, 0x20e4, 0x20e4, 0x20e4, 0x20e4, 0x20e4, 0x20e4, 
	0x20e4, 0x20e4, 0x20e4, 0x20e4, 0x20e4, 0x20e4, 0x20e4, 0x18e4, 0x18e4, 0x18e4, 0x18e4, 0x18e4, 0x20e4, 0x20e4, 0x20e4, 0x20e4, 
	0x20e4, 0x20e4, 0x20e4, 0x20e4, 0x20e4, 0x20e4, 0x20e4, 0x20e4, 0x20e4, 0x20e4, 0x20e4, 0x20e4, 0x20e4, 0x20e4, 0x20e4, 0x20e4, 
	0x20e4, 0x20e4, 0x20e4, 0x20e4, 0x20e4, 0x20e4, 0x20e4, 0x20e4, 0x20e4, 0x20e4, 0x20e4, 0x20e4, 0x2104, 0x2104, 0x2104, 0x2104, 
	0x2104, 0x2104, 0x2104, 0x2104, 0x20e4, 0x20e4, 0x20e4, 0x20e4, 0x20e4, 0x20e4, 0x20e4, 0x20e4, 0x20e4, 0x20e4, 0x20e4, 0x20e4, 
	0x20e4, 0x20e4, 0x20e4, 0x20e4, 0x20e4, 0x20e4, 0x20e4, 0x20e4, 0x20e4, 0x20e4, 0x20e4, 0x20e4, 0x20e4, 0x20e4, 0x20e4, 0x20e4, 
	0x20e4, 0x20e4, 0x20e4, 0x20e4, 0x20e4, 0x20e4, 0x20e4, 0x20e4, 0x20e4, 0x20e4, 0x20e4, 0x20e4, 0x20e4, 0x20e4, 0x20e4, 0x20e4, 
	0x20e4, 0x20e4, 0x20e4, 0x20e4, 0x20e4, 0x20e4, 0x20e4, 0x20e4, 0x20e4, 0x20e4, 0x20e4, 0x20e4, 0x20e4, 0x20e4, 0x20e4, 0x20e4, 
	0x20e4, 0x20e4, 0x20e4, 0x20e4, 0x20e4, 0x20e4, 0x20e4, 0x20e4, 0x20e4, 0x20e4, 0x20e4, 0x20e4, 0x20e4, 0x20e4, 0x20e4, 0x20e4, 
	0x20e4, 0x20e4, 0x20e4, 0x20e4, 0x20e4, 0x20e4, 0x20e4, 0x20e4, 0x20e4, 0x20e4, 0x20e4, 0x20e4, 0x20e4, 0x20e4, 0x20e4, 0x20e4, 
	0x20e4, 0x20e4, 0x20e4, 0x20e4, 0x20e4, 0x20e4, 0x20e4, 0x20e4, 0x20e4, 0x20e4, 0x20e4, 0x20e4, 0x20e4, 0x20e4, 0x20e4, 0x20e4, 
	0x20e4, 0x20e4, 0x20e4, 0x20e4, 0x20e4, 0x20e4, 0x20e4, 0x20e4, 0x20e4, 0x20e4, 0x20e4, 0x20e4, 0x20e4, 0x20e4, 0x20e4, 0x20e4, 
	0x20e4, 0x20e4, 0x20e4, 0x20e4, 0x20e4, 0x20e4, 0x20e4, 0x20e4, 0x20e4, 0x20e4, 0x20e4, 0x20e4, 0x20e4, 0x20e4, 0x20e4, 0x20e4, 
	0x20e4, 0x20e4, 0x20e4, 0x20e4, 0x20e4, 0x20e4, 0x20e4, 0x20e4, 0x20e4, 0x20e4, 0x20e4, 0x2104, 0x20e4, 0x20e4, 0x20e4, 0x20e4, 
	0x20e4, 0x20e4, 0x20e4, 0x20e4, 0x20e4, 0x20e4, 0x20e4, 0x20e4, 0x20e4, 0x20e4, 0x20e4, 0x20e4, 0x20e4, 0x20e4, 0x20e4, 0x20e4, 
	0x20e4, 0x20e4, 0x20e4, 0x20e4, 0x20e4, 0x20e4, 0x20e4, 0x20e4, 0x20e4, 0x20e4, 0x20e4, 0x20e4, 0x20e4, 0x20e4, 0x20e4, 0x20e4, 
	0x20e4, 0x20e4, 0x20e4, 0x20e4, 0x20e4, 0x20e4, 0x20e4, 0x18e4, 0x18e4, 0x18e4, 0x18e4, 0x18e4, 0x18e4, 0x20e4, 0x20e4, 0x20e4, 
	0x20e4, 0x20e4, 0x20e4, 0x20e4, 0x20e4, 0x20e4, 0x20e4, 0x20e4, 0x20e4, 0x20e4, 0x20e4, 0x20e4, 0x20e4, 0x20e4, 0x20e4, 0x20e4, 
	0x20e4, 0x20e4, 0x20e4, 0x20e4, 0x20e4, 0x20e4, 0x20e4, 0x20e4, 0x20e4, 0x20e4, 0x20e4, 0x20e4, 0x2104, 0x2104, 0x2104, 0x2104, 
	0x2104, 0x2104, 0x2104, 0x2104, 0x20e4, 0x20e4, 0x20e4, 0x20e4, 0x20e4, 0x20e4, 0x20e4, 0x20e4, 0x20e4, 0x20e4, 0x20e4, 0x20e4, 
	0x20e4, 0x20e4, 0x20e4, 0x20e4, 0x20e4, 0x20e4, 0x20e4, 0x20e4, 0x20e4, 0x20e4, 0x20e4, 0x20e4, 0x20e4, 0x20e4, 0x20e4, 0x20e4, 
	0x20e4, 0x20e4, 0x20e4, 0x20e4, 0x20e4, 0x20e4, 0x20e4, 0x20e4, 0x20e4, 0x20e4, 0x20e4, 0x20e4, 0x20e4, 0x20e4, 0x20e4, 0x20e4, 
	0x20e4, 0x20e4, 0x20e4, 0x20e4, 0x20e4, 0x20e4, 0x20e4, 0x20e4, 0x20e4, 0x20e4, 0x20e4, 0x20e4, 0x20e4, 0x20e4, 0x20e4, 0x20e4, 
	0x20e4, 0x20e4, 0x20e4, 0x20e4, 0x20e4, 0x20e4, 0x20e4, 0x20e4, 0x20e4, 0x20e4, 0x20e4, 0x20e4, 0x20e4, 0x20e4, 0x20e4, 0x20e4, 
	0x20e4, 0x20e4, 0x20e4, 0x20e4, 0x20e4, 0x20e4, 0x20e4, 0x20e4, 0x20e4, 0x20e4, 0x20e4, 0x20e4, 0x20e4, 0x20e4, 0x20e4, 0x20e4, 
	0x20e4, 0x20e4, 0x20e4, 0x20e4, 0x20e4, 0x20e4, 0x20e4, 0x20e4, 0x20e4, 0x20e4, 0x20e4, 0x20e4, 0x20e4, 0x20e4, 0x20e4, 0x20e4, 
	0x20e4, 0x20e4, 0x20e4, 0x20e4, 0x20e4, 0x20e4, 0x20e4, 0x20e4, 0x20e4, 0x20e4, 0x20e4, 0x20e4, 0x20e4, 0x20e4, 0x20e4, 0x20e4, 
	0x20e4, 0x20e4, 0x20e4, 0x20e4, 0x20e4, 0x20e4, 0x20e4, 0x20e4, 0x20e4, 0x20e4, 0x20e4, 0x20e4, 0x20e4, 0x20e4, 0x20e4, 0x20e4, 
	0x20e4, 0x20e4, 0x20e4, 0x20e4, 0x20e4, 0x20e4, 0x20e4, 0x20e4, 0x20e4, 0x20e4, 0x20e4, 0x20e4, 0x20e4, 0x20e4, 0x20e4, 0x20e4, 
	0x20e4, 0x20e4, 0x20e4, 0x20e4, 0x20e4, 0x20e4, 0x20e4, 0x20e4, 0x20e4, 0x20e4, 0x20e4, 0x20e4, 0x20e4, 0x20e4, 0x20e4, 0x20e4, 
	0x20e4, 0x20e4, 0x20e4, 0x20e4, 0x20e4, 0x20e4, 0x20e4, 0x20e4, 0x20e4, 0x20e4, 0x20e4, 0x20e4, 0x20e4, 0x20e4, 0x20e4, 0x20e4, 
	0x20e4, 0x20e4, 0x20e4, 0x20e4, 0x20e4, 0x20e4, 0x20e4, 0x18e4, 0x18e4, 0x18e4, 0x18e4, 0x18e4, 0x18e4, 0x18e4, 0x20e4, 0x20e4, 
	0x20e4, 0x20e4, 0x20e4, 0x20e4, 0x20e4, 0x20e4, 0x20e4, 0x20e4, 0x20e4, 0x20e4, 0x20e4, 0x20e4, 0x20e4, 0x20e4, 0x20e4, 0x20e4, 
	0x20e4, 0x20e4, 0x20e4, 0x20e4, 0x20e4, 0x20e4, 0x20e4, 0x20e4, 0x20e4, 0x20e4, 0x20e4, 0x20e4, 0x2104, 0x2104, 0x2104, 0x2104, 
	0x2104, 0x20e4, 0x20e4, 0x20e4, 0x20e4, 0x20e4, 0x20e4, 0x20e4, 0x20e4, 0x20e4, 0x20e4, 0x20e4, 0x20e4, 0x20e4, 0x20e4, 0x20e4, 
	0x20e4, 0x20e4, 0x20e4, 0x20e4, 0x20e4, 0x20e4, 0x20e4, 0x20e4, 0x20e4, 0x20e4, 0x20e4, 0x20e4, 0x20e4, 0x20e4, 0x20e4, 0x20e4, 
	0x20e4, 0x20e4, 0x20e4, 0x20e4, 0x20e4, 0x20e4, 0x20e4, 0x20e4, 0x20e4, 0x20e4, 0x20e4, 0x20e4, 0x20e4, 0x20e4, 0x20e4, 0x20e4, 
	0x20e4, 0x20e4, 0x20e4, 0x20e4, 0x20e4, 0x20e4, 0x20e4, 0x20e4, 0x20e4, 0x20e4, 0x20e4, 0x20e4, 0x20e4, 0x20e4, 0x20e4, 0x20e4, 
	0x20e4, 0x20e4, 0x20e4, 0x20e4, 0x20e4, 0x20e4, 0x20e4, 0x20e4, 0x20e4, 0x20e4, 0x20e4, 0x20e4, 0x20e4, 0x20e4, 0x20e4, 0x20e4, 
	0x20e4, 0x20e4, 0x20e4, 0x20e4, 0x20e4, 0x20e4, 0x20e4, 0x20e4, 0x20e4, 0x20e4, 0x20e4, 0x20e4, 0x20e4, 0x20e4, 0x20e4, 0x20e4, 
	0x20e4, 0x20e4, 0x20e4, 0x20e4, 0x20e4, 0x20e4, 0x20e4, 0x20e4, 0x20e4, 0x20e4, 0x20e4, 0x20e4, 0x20e4, 0x20e4, 0x20e4, 0x20e4, 
	0x20e4, 0x20e4, 0x20e4, 0x20e4, 0x20e4, 0x20e4, 0x20e4, 0x20e4, 0x20e4, 0x20e4, 0x20e4, 0x20e4, 0x20e4, 0x20e4, 0x20e4, 0x20e4, 
	0x20e4, 0x20e4, 0x20e4, 0x20e4, 0x20e4, 0x20e4, 0x20e4, 0x20e4, 0x20e4, 0x20e4, 0x20e4, 0x20e4, 0x20e4, 0x20e4, 0x20e4, 0x20e4, 
	0x20e4, 0x20e4, 0x20e4, 0x20e4, 0x20e4, 0x20e4, 0x20e4, 0x20e4, 0x20e4, 0x20e4, 0x20e4, 0x20e4, 0x20e4, 0x20e4, 0x20e4, 0x20e4, 
	0x20e4, 0x20e4, 0x20e4, 0x20e4, 0x20e4, 0x20e4, 0x20e4, 0x20e4, 0x20e4, 0x20e4, 0x20e4, 0x20e4, 0x20e4, 0x20e4, 0x20e4, 0x20e4, 
	0x20e4, 0x20e4, 0x20e4, 0x20e4, 0x20e4, 0x20e4, 0x20e4, 0x20e4, 0x20e4, 0x20e4, 0x20e4, 0x20e4, 0x20e4, 0x20e4, 0x20e4, 0x20e4, 
	0x20e4, 0x20e4, 0x20e4, 0x20e4, 0x20e4, 0x20e4, 0x20e4, 0x18e4, 0x18e4, 0x18e4, 0x18e4, 0x18e4, 0x18e4, 0x18e4, 0x20e4, 0x20e4, 
	0x20e4, 0x20e4, 0x20e4, 0x20e4, 0x20e4, 0x20e4, 0x20e4, 0x20e4, 0x20e4, 0x20e4, 0x20e4, 0x20e4, 0x20e4, 0x20e4, 0x20e4, 0x20e4, 
	0x20e4, 0x20e4, 0x20e4, 0x20e4, 0x20e4, 0x20e4, 0x20e4, 0x20e4, 0x20e4, 0x20e4, 0x20e4, 0x20e4, 0x2104, 0x2104, 0x2104, 0x2104, 
	0x2104, 0x20e4, 0x20e4, 0x20e4, 0x20e4, 0x20e4, 0x20e4, 0x20e4, 0x20e4, 0x20e4, 0x20e4, 0x20e4, 0x20e4, 0x20e4, 0x20e4, 0x20e4, 
	0x20e4, 0x20e4, 0x20e4, 0x20e4, 0x20e4, 0x20e4, 0x20e4, 0x20e4, 0x20e4, 0x20e4, 0x20e4, 0x20e4, 0x20e4, 0x20e4, 0x20e4, 0x20e4, 
	0x20e4, 0x20e4, 0x20e4, 0x20e4, 0x20e4, 0x20e4, 0x20e4, 0x20e4, 0x20e4, 0x20e4, 0x20e4, 0x20e4, 0x20e4, 0x20e4, 0x20e4, 0x20e4, 
	0x20e4, 0x20e4, 0x20e4, 0x20e4, 0x20e4, 0x20e4, 0x20e4, 0x20e4, 0x20e4, 0x20e4, 0x20e4, 0x20e4, 0x20e4, 0x20e4, 0x20e4, 0x20e4, 
	0x20e4, 0x20e4, 0x20e4, 0x20e4, 0x20e4, 0x20e4, 0x20e4, 0x20e4, 0x20e4, 0x20e4, 0x20e4, 0x20e4, 0x20e4, 0x20e4, 0x20e4, 0x20e4, 
	0x20e4, 0x20e4, 0x20e4, 0x20e4, 0x20e4, 0x20e4, 0x20e4, 0x20e4, 0x20e4, 0x20e4, 0x20e4, 0x20e4, 0x20e4, 0x20e4, 0x20e4, 0x20e4, 
	0x20e4, 0x20e4, 0x20e4, 0x20e4, 0x20e4, 0x20e4, 0x20e4, 0x20e4, 0x20e4, 0x20e4, 0x20e4, 0x20e4, 0x20e4, 0x20e4, 0x20e4, 0x20e4, 
	0x20e4, 0x20e4, 0x20e4, 0x20e4, 0x20e4, 0x20e4, 0x20e4, 0x20e4, 0x20e4, 0x20e4, 0x20e4, 0x20e4, 0x20e4, 0x20e4, 0x20e4, 0x20e4, 
	0x20e4, 0x20e4, 0x20e4, 0x20e4, 0x20e4, 0x20e4, 0x20e4, 0x20e4, 0x20e4, 0x20e4, 0x20e4, 0x20e4, 0x20e4, 0x20e4, 0x20e4, 0x20e4, 
	0x20e4, 0x20e4, 0x20e4, 0x20e4, 0x20e4, 0x20e4, 0x20e4, 0x20e4, 0x20e4, 0x20e4, 0x20e4, 0x20e4, 0x20e4, 0x20e4, 0x20e4, 0x20e4, 
	0x20e4, 0x20e4, 0x20e4, 0x20e4, 0x20e4, 0x20e4, 0x20e4, 0x20e4, 0x20e4, 0x20e4, 0x20e4, 0x20e4, 0x20e4, 0x20e4, 0x20e4, 0x20e4, 
	0x20e4, 0x20e4, 0x20e4, 0x20e4, 0x20e4, 0x20e4, 0x20e4, 0x20e4, 0x20e4, 0x20e4, 0x20e4, 0x20e4, 0x20e4, 0x20e4, 0x20e4, 0x20e4, 
	0x20e4, 0x20e4, 0x20e4, 0x20e4, 0x20e4, 0x20e4, 0x20e4, 0x20e4, 0x18e4, 0x18e4, 0x18e4, 0x18e4, 0x18e4, 0x18e4, 0x20e4, 0x20e4, 
	0x20e4, 0x20e4, 0x20e4, 0x20e4, 0x20e4, 0x20e4, 0x20e4, 0x20e4, 0x20e4, 0x20e4, 0x20e4, 0x20e4, 0x20e4, 0x20e4, 0x20e4, 0x20e4, 
	0x20e4, 0x20e4, 0x20e4, 0x20e4, 0x20e4, 0x20e4, 0x20e4, 0x20e4, 0x20e4, 0x20e4, 0x20e4, 0x20e4, 0x2104, 0x2104, 0x2104, 0x2104, 
	0x2104, 0x20e4, 0x20e4, 0x20e4, 0x20e4, 0x20e4, 0x20e4, 0x20e4, 0x20e4, 0x20e4, 0x20e4, 0x20e4, 0x20e4, 0x20e4, 0x20e4, 0x20e4, 
	0x20e4, 0x20e4, 0x20e4, 0x20e4, 0x20e4, 0x20e4, 0x20e4, 0x20e4, 0x20e4, 0x20e4, 0x20e4, 0x20e4, 0x20e4, 0x20e4, 0x20e4, 0x20e4, 
	0x20e4, 0x20e4, 0x20e4, 0x20e4, 0x20e4, 0x20e4, 0x20e4, 0x20e4, 0x20e4, 0x20e4, 0x20e4, 0x20e4, 0x20e4, 0x20e4, 0x20e4, 0x20e4, 
	0x20e4, 0x20e4, 0x20e4, 0x20e4, 0x20e4, 0x20e4, 0x20e4, 0x20e4, 0x20e4, 0x20e4, 0x20e4, 0x20e4, 0x20e4, 0x20e4, 0x20e4, 0x20e4, 
	0x20e4, 0x20e4, 0x20e4, 0x20e4, 0x20e4, 0x20e4, 0x20e4, 0x20e4, 0x20e4, 0x20e4, 0x20e4, 0x20e4, 0x20e4, 0x20e4, 0x20e4, 0x20e4, 
	0x20e4, 0x20e4, 0x20e4, 0x20e4, 0x20e4, 0x20e4, 0x20e4, 0x20e4, 0x20e4, 0x20e4, 0x20e4, 0x20e4, 0x20e4, 0x20e4, 0x20e4, 0x20e4, 
	0x20e4, 0x20e4, 0x20e4, 0x20e4, 0x20e4, 0x20e4, 0x20e4, 0x20e4, 0x20e4, 0x20e4, 0x20e4, 0x20e4, 0x20e4, 0x20e4, 0x20e4, 0x20e4, 
	0x20e4, 0x20e4, 0x20e4, 0x20e4, 0x20e4, 0x20e4, 0x20e4, 0x20e4, 0x20e4, 0x20e4, 0x20e4, 0x20e4, 0x20e4, 0x20e4, 0x20e4, 0x20e4, 
	0x20e4, 0x20e4, 0x20e4, 0x20e4, 0x20e4, 0x20e4, 0x20e4, 0x20e4, 0x20e4, 0x20e4, 0x20e4, 0x20e4, 0x20e4, 0x20e4, 0x20e4, 0x20e4, 
	0x20e4, 0x20e4, 0x20e4, 0x20e4, 0x20e4, 0x20e4, 0x20e4, 0x20e4, 0x20e4, 0x20e4, 0x20e4, 0x20e4, 0x20e4, 0x20e4, 0x20e4, 0x20e4, 
	0x20e4, 0x20e4, 0x20e4, 0x20e4, 0x20e4, 0x20e4, 0x20e4, 0x20e4, 0x20e4, 0x20e4, 0x20e4, 0x20e4, 0x20e4, 0x20e4, 0x20e4, 0x20e4, 
	0x20e4, 0x20e4, 0x20e4, 0x20e4, 0x20e4, 0x20e4, 0x20e4, 0x20e4, 0x20e4, 0x20e4, 0x20e4, 0x20e4, 0x20e4, 0x20e4, 0x20e4, 0x20e4, 
	0x20e4, 0x20e4, 0x20e4, 0x20e4, 0x20e4, 0x20e4, 0x20e4, 0x20e4, 0x20e4, 0x18e4, 0x18e4, 0x18e4, 0x18e4, 0x18e4, 0x20e4, 0x20e4, 
	0x20e4, 0x20e4, 0x20e4, 0x20e4, 0x20e4, 0x20e4, 0x20e4, 0x20e4, 0x20e4, 0x20e4, 0x20e4, 0x20e4, 0x20e4, 0x20e4, 0x20e4, 0x20e4, 
	0x20e4, 0x20e4, 0x20e4, 0x20e4, 0x20e4, 0x20e4, 0x20e4, 0x20e4, 0x20e4, 0x20e4, 0x20e4, 0x20e4, 0x2104, 0x2104, 0x2104, 0x20e4, 
	0x2104, 0x20e4, 0x20e4, 0x20e4, 0x20e4, 0x20e4, 0x20e4, 0x20e4, 0x20e4, 0x20e4, 0x20e4, 0x20e4, 0x20e4, 0x20e4, 0x20e4, 0x20e4, 
	0x20e4, 0x20e4, 0x20e4, 0x20e4, 0x20e4, 0x20e4, 0x20e4, 0x20e4, 0x20e4, 0x20e4, 0x20e4, 0x20e4, 0x20e4, 0x20e4, 0x20e4, 0x20e4, 
	0x20e4, 0x20e4, 0x20e4, 0x20e4, 0x20e4, 0x20e4, 0x20e4, 0x20e4, 0x20e4, 0x20e4, 0x20e4, 0x20e4, 0x20e4, 0x20e4, 0x20e4, 0x20e4, 
	0x20e4, 0x20e4, 0x20e4, 0x20e4, 0x20e4, 0x20e4, 0x20e4, 0x20e4, 0x20e4, 0x20e4, 0x20e4, 0x20e4, 0x20e4, 0x20e4, 0x20e4, 0x20e4, 
	0x20e4, 0x20e4, 0x20e4, 0x20e4, 0x20e4, 0x20e4, 0x20e4, 0x20e4, 0x20e4, 0x20e4, 0x20e4, 0x20e4, 0x20e4, 0x20e4, 0x20e4, 0x20e4, 
	0x20e4, 0x20e4, 0x20e4, 0x20e4, 0x20e4, 0x20e4, 0x20e4, 0x20e4, 0x20e4, 0x20e4, 0x20e4, 0x20e4, 0x20e4, 0x20e4, 0x20e4, 0x20e4, 
	0x20e4, 0x20e4, 0x20e4, 0x20e4, 0x20e4, 0x20e4, 0x20e4, 0x20e4, 0x20e4, 0x20e4, 0x20e4, 0x20e4, 0x20e4, 0x20e4, 0x20e4, 0x20e4, 
	0x20e4, 0x20e4, 0x20e4, 0x20e4, 0x20e4, 0x20e4, 0x20e4, 0x20e4, 0x20e4, 0x20e4, 0x20e4, 0x20e4, 0x20e4, 0x20e4, 0x20e4, 0x20e4, 
	0x20e4, 0x20e4, 0x20e4, 0x20e4, 0x20e4, 0x20e4, 0x20e4, 0x20e4, 0x20e4, 0x20e4, 0x20e4, 0x20e4, 0x20e4, 0x20e4, 0x20e4, 0x20e4, 
	0x20e4, 0x20e4, 0x20e4, 0x20e4, 0x20e4, 0x20e4, 0x20e4, 0x20e4, 0x20e4, 0x20e4, 0x20e4, 0x20e4, 0x20e4, 0x20e4, 0x20e4, 0x20e4, 
	0x20e4, 0x20e4, 0x20e4, 0x20e4, 0x20e4, 0x20e4, 0x20e4, 0x20e4, 0x20e4, 0x20e4, 0x20e4, 0x20e4, 0x20e4, 0x20e4, 0x20e4, 0x20e4, 
	0x20e4, 0x20e4, 0x20e4, 0x20e4, 0x20e4, 0x20e4, 0x20e4, 0x20e4, 0x20e4, 0x20e4, 0x20e4, 0x20e4, 0x20e4, 0x20e4, 0x20e4, 0x20e4, 
	0x20e4, 0x20e4, 0x20e4, 0x20e4, 0x20e4, 0x20e4, 0x20e4, 0x20e4, 0x20e4, 0x20e4, 0x18e4, 0x18e4, 0x18e4, 0x18e4, 0x20e4, 0x20e4, 
	0x20e4, 0x20e4, 0x20e4, 0x20e4, 0x20e4, 0x20e4, 0x20e4, 0x20e4, 0x20e4, 0x20e4, 0x20e4, 0x20e4, 0x20e4, 0x20e4, 0x20e4, 0x20e4, 
	0x20e4, 0x20e4, 0x20e4, 0x20e4, 0x20e4, 0x20e4, 0x20e4, 0x20e4, 0x20e4, 0x20e4, 0x20e4, 0x20e4, 0x2104, 0x2104, 0x20e4, 0x20e4, 
	0x2104, 0x20e4, 0x20e4, 0x20e4, 0x20e4, 0x20e4, 0x20e4, 0x20e4, 0x20e4, 0x20e4, 0x20e4, 0x20e4, 0x20e4, 0x20e4, 0x20e4, 0x20e4, 
	0x20e4, 0x20e4, 0x20e4, 0x20e4, 0x20e4, 0x20e4, 0x20e4, 0x20e4, 0x20e4, 0x20e4, 0x20e4, 0x20e4, 0x20e4, 0x20e4, 0x20e4, 0x20e4, 
	0x20e4, 0x20e4, 0x20e4, 0x20e4, 0x20e4, 0x20e4, 0x20e4, 0x20e4, 0x20e4, 0x20e4, 0x20e4, 0x20e4, 0x20e4, 0x20e4, 0x20e4, 0x20e4, 
	0x20e4, 0x20e4, 0x20e4, 0x20e4, 0x20e4, 0x20e4, 0x20e4, 0x20e4, 0x20e4, 0x20e4, 0x20e4, 0x20e4, 0x20e4, 0x20e4, 0x20e4, 0x20e4, 
	0x20e4, 0x20e4, 0x20e4, 0x20e4, 0x20e4, 0x20e4, 0x20e4, 0x20e4, 0x20e4, 0x20e4, 0x20e4, 0x20e4, 0x20e4, 0x20e4, 0x20e4, 0x20e4, 
	0x20e4, 0x20e4, 0x20e4, 0x20e4, 0x20e4, 0x20e4, 0x20e4, 0x20e4, 0x20e4, 0x20e4, 0x20e4, 0x20e4, 0x20e4, 0x20e4, 0x20e4, 0x20e4, 
	0x20e4, 0x20e4, 0x20e4, 0x20e4, 0x20e4, 0x20e4, 0x20e4, 0x20e4, 0x20e4, 0x20e4, 0x20e4, 0x20e4, 0x20e4, 0x20e4, 0x20e4, 0x20e4, 
	0x20e4, 0x20e4, 0x20e4, 0x20e4, 0x20e4, 0x20e4, 0x20e4, 0x20e4, 0x20e4, 0x20e4, 0x20e4, 0x20e4, 0x20e4, 0x20e4, 0x20e4, 0x20e4, 
	0x20e4, 0x20e4, 0x20e4, 0x20e4, 0x20e4, 0x20e4, 0x20e4, 0x20e4, 0x20e4, 0x20e4, 0x20e4, 0x20e4, 0x20e4, 0x20e4, 0x20e4, 0x20e4, 
	0x20e4, 0x20e4, 0x20e4, 0x20e4, 0x20e4, 0x20e4, 0x20e4, 0x20e4, 0x20e4, 0x20e4, 0x20e4, 0x20e4, 0x20e4, 0x20e4, 0x20e4, 0x20e4, 
	0x20e4, 0x20e4, 0x20e4, 0x20e4, 0x20e4, 0x20e4, 0x20e4, 0x20e4, 0x20e4, 0x20e4, 0x20e4, 0x20e4, 0x20e4, 0x20e4, 0x20e4, 0x20e4, 
	0x20e4, 0x20e4, 0x20e4, 0x20e4, 0x20e4, 0x20e4, 0x20e4, 0x20e4, 0x20e4, 0x20e4, 0x20e4, 0x20e4, 0x20e4, 0x20e4, 0x20e4, 0x20e4, 
	0x20e4, 0x20e4, 0x20e4, 0x20e4, 0x20e4, 0x20e4, 0x20e4, 0x20e4, 0x20e4, 0x20e4, 0x20e4, 0x18e4, 0x18e4, 0x18e4, 0x18e4, 0x20e4, 
	0x20e4, 0x20e4, 0x20e4, 0x20e4, 0x20e4, 0x20e4, 0x20e4, 0x20e4, 0x20e4, 0x20e4, 0x20e4, 0x18e4, 0x18e4, 0x20e4, 0x20e4, 0x20e4, 
	0x20e4, 0x20e4, 0x20e4, 0x20e4, 0x20e4, 0x20e4, 0x20e4, 0x20e4, 0x20e4, 0x20e4, 0x20e4, 0x20e4, 0x2104, 0x2104, 0x20e4, 0x20e4, 
	0x2104, 0x20e4, 0x20e4, 0x20e4, 0x20e4, 0x20e4, 0x20e4, 0x20e4, 0x20e4, 0x20e4, 0x20e4, 0x20e4, 0x20e4, 0x20e4, 0x20e4, 0x20e4, 
	0x20e4, 0x20e4, 0x20e4, 0x20e4, 0x20e4, 0x20e4, 0x20e4, 0x20e4, 0x20e4, 0x20e4, 0x20e4, 0x20e4, 0x20e4, 0x20e4, 0x20e4, 0x20e4, 
	0x20e4, 0x20e4, 0x20e4, 0x20e4, 0x20e4, 0x20e4, 0x20e4, 0x20e4, 0x20e4, 0x20e4, 0x20e4, 0x20e4, 0x20e4, 0x20e4, 0x20e4, 0x20e4, 
	0x20e4, 0x20e4, 0x20e4, 0x20e4, 0x20e4, 0x20e4, 0x20e4, 0x20e4, 0x20e4, 0x20e4, 0x20e4, 0x20e4, 0x20e4, 0x20e4, 0x20e4, 0x20e4, 
	0x20e4, 0x20e4, 0x20e4, 0x20e4, 0x20e4, 0x20e4, 0x20e4, 0x20e4, 0x20e4, 0x20e4, 0x20e4, 0x20e4, 0x20e4, 0x20e4, 0x20e4, 0x20e4, 
	0x20e4, 0x20e4, 0x20e4, 0x20e4, 0x20e4, 0x20e4, 0x20e4, 0x20e4, 0x20e4, 0x20e4, 0x20e4, 0x20e4, 0x20e4, 0x20e4, 0x20e4, 0x20e4, 
	0x20e4, 0x20e4, 0x20e4, 0x20e4, 0x20e4, 0x20e4, 0x20e4, 0x20e4, 0x20e4, 0x20e4, 0x20e4, 0x20e4, 0x20e4, 0x20e4, 0x20e4, 0x20e4, 
	0x20e4, 0x20e4, 0x20e4, 0x20e4, 0x20e4, 0x20e4, 0x20e4, 0x20e4, 0x20e4, 0x20e4, 0x20e4, 0x20e4, 0x20e4, 0x20e4, 0x20e4, 0x20e4, 
	0x20e4, 0x20e4, 0x20e4, 0x20e4, 0x20e4, 0x20e4, 0x20e4, 0x20e4, 0x20e4, 0x20e4, 0x20e4, 0x20e4, 0x20e4, 0x20e4, 0x20e4, 0x20e4, 
	0x20e4, 0x20e4, 0x20e4, 0x20e4, 0x20e4, 0x20e4, 0x20e4, 0x20e4, 0x20e4, 0x20e4, 0x20e4, 0x20e4, 0x20e4, 0x20e4, 0x20e4, 0x20e4, 
	0x20e4, 0x20e4, 0x20e4, 0x20e4, 0x20e4, 0x20e4, 0x20e4, 0x20e4, 0x20e4, 0x20e4, 0x20e4, 0x20e4, 0x20e4, 0x20e4, 0x20e4, 0x20e4, 
	0x20e4, 0x20e4, 0x20e4, 0x20e4, 0x20e4, 0x20e4, 0x20e4, 0x20e4, 0x20e4, 0x20e4, 0x20e4, 0x20e4, 0x20e4, 0x20e4, 0x20e4, 0x20e4, 
	0x20e4, 0x20e4, 0x20e4, 0x20e4, 0x20e4, 0x20e4, 0x20e4, 0x20e4, 0x20e4, 0x20e4, 0x20e4, 0x20e4, 0x20e4, 0x18e4, 0x18e4, 0x20e4, 
	0x20e4, 0x20e4, 0x20e4, 0x20e4, 0x20e4, 0x20e4, 0x20e4, 0x20e4, 0x20e4, 0x20e4, 0x18e4, 0x18e4, 0x18e4, 0x20e4, 0x20e4, 0x20e4, 
	0x20e4, 0x20e4, 0x20e4, 0x20e4, 0x20e4, 0x20e4, 0x20e4, 0x20e4, 0x20e4, 0x20e4, 0x20e4, 0x20e4, 0x2104, 0x2104, 0x20e4, 0x20e4, 
	0x2104, 0x20e4, 0x20e4, 0x20e4, 0x20e4, 0x20e4, 0x20e4, 0x20e4, 0x20e4, 0x20e4, 0x20e4, 0x20e4, 0x20e4, 0x20e4, 0x20e4, 0x20e4, 
	0x20e4, 0x20e4, 0x20e4, 0x20e4, 0x20e4, 0x20e4, 0x20e4, 0x20e4, 0x20e4, 0x20e4, 0x20e4, 0x20e4, 0x20e4, 0x20e4, 0x20e4, 0x20e4, 
	0x20e4, 0x20e4, 0x20e4, 0x20e4, 0x20e4, 0x20e4, 0x20e4, 0x20e4, 0x20e4, 0x20e4, 0x20e4, 0x20e4, 0x20e4, 0x20e4, 0x20e4, 0x20e4, 
	0x20e4, 0x20e4, 0x20e4, 0x20e4, 0x20e4, 0x20e4, 0x20e4, 0x20e4, 0x20e4, 0x20e4, 0x20e4, 0x20e4, 0x20e4, 0x20e4, 0x20e4, 0x20e4, 
	0x20e4, 0x20e4, 0x20e4, 0x20e4, 0x20e4, 0x20e4, 0x20e4, 0x20e4, 0x20e4, 0x20e4, 0x20e4, 0x20e4, 0x20e4, 0x20e4, 0x20e4, 0x20e4, 
	0x20e4, 0x20e4, 0x20e4, 0x20e4, 0x20e4, 0x20e4, 0x20e4, 0x20e4, 0x20e4, 0x20e4, 0x20e4, 0x20e4, 0x20e4, 0x20e4, 0x20e4, 0x20e4, 
	0x20e4, 0x20e4, 0x20e4, 0x20e4, 0x20e4, 0x20e4, 0x20e4, 0x20e4, 0x20e4, 0x20e4, 0x20e4, 0x20e4, 0x20e4, 0x20e4, 0x20e4, 0x20e4, 
	0x20e4, 0x20e4, 0x20e4, 0x20e4, 0x20e4, 0x20e4, 0x20e4, 0x20e4, 0x20e4, 0x20e4, 0x20e4, 0x20e4, 0x20e4, 0x20e4, 0x20e4, 0x20e4, 
	0x20e4, 0x20e4, 0x20e4, 0x20e4, 0x20e4, 0x20e4, 0x20e4, 0x20e4, 0x20e4, 0x20e4, 0x20e4, 0x20e4, 0x20e4, 0x20e4, 0x20e4, 0x20e4, 
	0x20e4, 0x20e4, 0x20e4, 0x20e4, 0x20e4, 0x20e4, 0x20e4, 0x20e4, 0x20e4, 0x20e4, 0x20e4, 0x20e4, 0x20e4, 0x20e4, 0x20e4, 0x20e4, 
	0x20e4, 0x20e4, 0x20e4, 0x20e4, 0x20e4, 0x20e4, 0x20e4, 0x20e4, 0x20e4, 0x20e4, 0x20e4, 0x20e4, 0x20e4, 0x20e4, 0x20e4, 0x20e4, 
	0x20e4, 0x20e4, 0x20e4, 0x20e4, 0x20e4, 0x20e4, 0x20e4, 0x20e4, 0x20e4, 0x20e4, 0x20e4, 0x20e4, 0x20e4, 0x20e4, 0x20e4, 0x20e4, 
	0x20e4, 0x20e4, 0x20e4, 0x20e4, 0x20e4, 0x20e4, 0x20e4, 0x20e4, 0x20e4, 0x20e4, 0x20e4, 0x20e4, 0x20e4, 0x20e4, 0x20e4, 0x20e4, 
	0x20e4, 0x20e4, 0x20e4, 0x20e4, 0x20e4, 0x20e4, 0x20e4, 0x20e4, 0x20e4, 0x20e4, 0x18e4, 0x18e4, 0x18e4, 0x20e4, 0x20e4, 0x20e4, 
	0x20e4, 0x20e4, 0x20e4, 0x20e4, 0x20e4, 0x20e4, 0x20e4, 0x20e4, 0x20e4, 0x20e4, 0x20e4, 0x20e4, 0x2104, 0x2104, 0x20e4, 0x20e4, 
	0x2104, 0x2104, 0x20e4, 0x20e4, 0x20e4, 0x20e4, 0x20e4, 0x20e4, 0x20e4, 0x20e4, 0x20e4, 0x20e4, 0x20e4, 0x20e4, 0x20e4, 0x20e4, 
	0x20e4, 0x20e4, 0x20e4, 0x20e4, 0x20e4, 0x20e4, 0x20e4, 0x20e4, 0x20e4, 0x20e4, 0x20e4, 0x20e4, 0x20e4, 0x20e4, 0x20e4, 0x20e4, 
	0x20e4, 0x20e4, 0x20e4, 0x20e4, 0x20e4, 0x20e4, 0x20e4, 0x20e4, 0x20e4, 0x20e4, 0x20e4, 0x20e4, 0x20e4, 0x20e4, 0x20e4, 0x20e4, 
	0x20e4, 0x20e4, 0x20e4, 0x20e4, 0x20e4, 0x20e4, 0x20e4, 0x20e4, 0x20e4, 0x20e4, 0x20e4, 0x20e4, 0x20e4, 0x20e4, 0x20e4, 0x20e4, 
	0x20e4, 0x20e4, 0x20e4, 0x20e4, 0x20e4, 0x20e4, 0x20e4, 0x20e4, 0x20e4, 0x20e4, 0x20e4, 0x20e4, 0x20e4, 0x20e4, 0x20e4, 0x20e4, 
	0x20e4, 0x20e4, 0x20e4, 0x20e4, 0x20e4, 0x20e4, 0x20e4, 0x20e4, 0x20e4, 0x20e4, 0x20e4, 0x20e4, 0x20e4, 0x20e4, 0x20e4, 0x20e4, 
	0x20e4, 0x20e4, 0x20e4, 0x20e4, 0x20e4, 0x20e4, 0x20e4, 0x20e4, 0x20e4, 0x20e4, 0x20e4, 0x20e4, 0x20e4, 0x20e4, 0x20e4, 0x20e4, 
	0x20e4, 0x20e4, 0x20e4, 0x20e4, 0x20e4, 0x20e4, 0x20e4, 0x20e4, 0x20e4, 0x20e4, 0x20e4, 0x20e4, 0x20e4, 0x20e4, 0x20e4, 0x20e4, 
	0x20e4, 0x20e4, 0x20e4, 0x20e4, 0x20e4, 0x20e4, 0x20e4, 0x20e4, 0x20e4, 0x20e4, 0x20e4, 0x20e4, 0x20e4, 0x20e4, 0x20e4, 0x20e4, 
	0x20e4, 0x20e4, 0x20e4, 0x20e4, 0x20e4, 0x20e4, 0x20e4, 0x20e4, 0x20e4, 0x20e4, 0x20e4, 0x20e4, 0x20e4, 0x20e4, 0x20e4, 0x20e4, 
	0x20e4, 0x20e4, 0x20e4, 0x20e4, 0x20e4, 0x20e4, 0x20e4, 0x20e4, 0x20e4, 0x20e4, 0x20e4, 0x20e4, 0x20e4, 0x20e4, 0x20e4, 0x20e4, 
	0x20e4, 0x20e4, 0x20e4, 0x20e4, 0x20e4, 0x20e4, 0x20e4, 0x20e4, 0x20e4, 0x20e4, 0x20e4, 0x20e4, 0x20e4, 0x20e4, 0x20e4, 0x20e4, 
	0x20e4, 0x20e4, 0x20e4, 0x20e4, 0x20e4, 0x20e4, 0x20e4, 0x20e4, 0x20e4, 0x20e4, 0x20e4, 0x20e4, 0x20e4, 0x20e4, 0x20e4, 0x20e4, 
	0x20e4, 0x20e4, 0x20e4, 0x20e4, 0x20e4, 0x20e4, 0x20e4, 0x20e4, 0x20e4, 0x20e4, 0x18e4, 0x18e4, 0x18e4, 0x20e4, 0x20e4, 0x20e4, 
	0x20e4, 0x20e4, 0x20e4, 0x20e4, 0x20e4, 0x20e4, 0x20e4, 0x20e4, 0x20e4, 0x20e4, 0x20e4, 0x20e4, 0x20e4, 0x2104, 0x20e4, 0x20e4, 
	0x2104, 0x2104, 0x2104, 0x20e4, 0x20e4, 0x20e4, 0x20e4, 0x20e4, 0x20e4, 0x20e4, 0x20e4, 0x20e4, 0x20e4, 0x20e4, 0x20e4, 0x20e4, 
	0x20e4, 0x20e4, 0x20e4, 0x20e4, 0x20e4, 0x20e4, 0x20e4, 0x20e4, 0x20e4, 0x20e4, 0x20e4, 0x20e4, 0x20e4, 0x20e4, 0x20e4, 0x20e4, 
	0x20e4, 0x20e4, 0x20e4, 0x20e4, 0x20e4, 0x20e4, 0x20e4, 0x20e4, 0x20e4, 0x20e4, 0x20e4, 0x20e4, 0x20e4, 0x20e4, 0x20e4, 0x20e4, 
	0x20e4, 0x20e4, 0x20e4, 0x20e4, 0x20e4, 0x20e4, 0x20e4, 0x20e4, 0x20e4, 0x20e4, 0x20e4, 0x20e4, 0x20e4, 0x20e4, 0x20e4, 0x20e4, 
	0x20e4, 0x20e4, 0x20e4, 0x20e4, 0x20e4, 0x20e4, 0x20e4, 0x20e4, 0x20e4, 0x20e4, 0x20e4, 0x20e4, 0x20e4, 0x20e4, 0x20e4, 0x20e4, 
	0x20e4, 0x20e4, 0x20e4, 0x20e4, 0x20e4, 0x20e4, 0x20e4, 0x20e4, 0x20e4, 0x20e4, 0x20e4, 0x20e4, 0x20e4, 0x20e4, 0x20e4, 0x20e4, 
	0x20e4, 0x20e4, 0x20e4, 0x20e4, 0x20e4, 0x20e4, 0x20e4, 0x20e4, 0x20e4, 0x20e4, 0x20e4, 0x20e4, 0x20e4, 0x20e4, 0x20e4, 0x20e4, 
	0x20e4, 0x20e4, 0x20e4, 0x20e4, 0x20e4, 0x20e4, 0x20e4, 0x20e4, 0x20e4, 0x20e4, 0x20e4, 0x20e4, 0x20e4, 0x20e4, 0x20e4, 0x20e4, 
	0x20e4, 0x20e4, 0x20e4, 0x20e4, 0x20e4, 0x20e4, 0x20e4, 0x20e4, 0x20e4, 0x20e4, 0x20e4, 0x20e4, 0x20e4, 0x20e4, 0x20e4, 0x20e4, 
	0x20e4, 0x20e4, 0x20e4, 0x20e4, 0x20e4, 0x20e4, 0x20e4, 0x20e4, 0x20e4, 0x20e4, 0x20e4, 0x20e4, 0x20e4, 0x20e4, 0x20e4, 0x20e4, 
	0x20e4, 0x20e4, 0x20e4, 0x20e4, 0x20e4, 0x20e4, 0x20e4, 0x20e4, 0x20e4, 0x20e4, 0x20e4, 0x20e4, 0x20e4, 0x20e4, 0x20e4, 0x20e4, 
	0x20e4, 0x20e4, 0x20e4, 0x20e4, 0x20e4, 0x20e4, 0x20e4, 0x20e4, 0x20e4, 0x20e4, 0x20e4, 0x20e4, 0x20e4, 0x20e4, 0x20e4, 0x20e4, 
	0x20e4, 0x20e4, 0x20e4, 0x20e4, 0x20e4, 0x20e4, 0x20e4, 0x20e4, 0x20e4, 0x20e4, 0x20e4, 0x20e4, 0x20e4, 0x20e4, 0x20e4, 0x20e4, 
	0x20e4, 0x20e4, 0x20e4, 0x20e4, 0x20e4, 0x20e4, 0x20e4, 0x20e4, 0x20e4, 0x20e4, 0x20e4, 0x18e4, 0x18e4, 0x20e4, 0x20e4, 0x20e4, 
	0x20e4, 0x20e4, 0x20e4, 0x20e4, 0x20e4, 0x20e4, 0x20e4, 0x20e4, 0x20e4, 0x20e4, 0x20e4, 0x20e4, 0x20e4, 0x2104, 0x20e4, 0x20e4, 
	0x2104, 0x2104, 0x2104, 0x20e4, 0x20e4, 0x20e4, 0x20e4, 0x20e4, 0x20e4, 0x20e4, 0x20e4, 0x20e4, 0x20e4, 0x20e4, 0x20e4, 0x20e4, 
	0x20e4, 0x20e4, 0x20e4, 0x20e4, 0x20e4, 0x20e4, 0x20e4, 0x20e4, 0x20e4, 0x20e4, 0x20e4, 0x20e4, 0x20e4, 0x20e4, 0x20e4, 0x20e4, 
	0x20e4, 0x20e4, 0x20e4, 0x20e4, 0x20e4, 0x20e4, 0x20e4, 0x20e4, 0x20e4, 0x20e4, 0x20e4, 0x20e4, 0x20e4, 0x20e4, 0x20e4, 0x20e4, 
	0x20e4, 0x20e4, 0x20e4, 0x20e4, 0x20e4, 0x20e4, 0x20e4, 0x20e4, 0x20e4, 0x20e4, 0x20e4, 0x20e4, 0x20e4, 0x20e4, 0x20e4, 0x20e4, 
	0x20e4, 0x20e4, 0x20e4, 0x20e4, 0x20e4, 0x20e4, 0x20e4, 0x20e4, 0x20e4, 0x20e4, 0x20e4, 0x20e4, 0x20e4, 0x20e4, 0x20e4, 0x20e4, 
	0x20e4, 0x20e4, 0x20e4, 0x20e4, 0x20e4, 0x20e4, 0x20e4, 0x20e4, 0x20e4, 0x20e4, 0x20e4, 0x20e4, 0x20e4, 0x20e4, 0x20e4, 0x20e4, 
	0x20e4, 0x20e4, 0x20e4, 0x20e4, 0x20e4, 0x20e4, 0x20e4, 0x20e4, 0x20e4, 0x20e4, 0x20e4, 0x20e4, 0x20e4, 0x20e4, 0x20e4, 0x20e4, 
	0x20e4, 0x20e4, 0x20e4, 0x20e4, 0x20e4, 0x20e4, 0x20e4, 0x20e4, 0x20e4, 0x20e4, 0x20e4, 0x20e4, 0x20e4, 0x20e4, 0x20e4, 0x20e4, 
	0x20e4, 0x20e4, 0x20e4, 0x20e4, 0x20e4, 0x20e4, 0x20e4, 0x20e4, 0x20e4, 0x20e4, 0x20e4, 0x20e4, 0x20e4, 0x20e4, 0x20e4, 0x20e4, 
	0x20e4, 0x20e4, 0x20e4, 0x20e4, 0x20e4, 0x20e4, 0x20e4, 0x20e4, 0x20e4, 0x20e4, 0x20e4, 0x20e4, 0x20e4, 0x20e4, 0x20e4, 0x20e4, 
	0x20e4, 0x20e4, 0x20e4, 0x20e4, 0x20e4, 0x20e4, 0x20e4, 0x20e4, 0x20e4, 0x20e4, 0x20e4, 0x20e4, 0x20e4, 0x20e4, 0x20e4, 0x20e4, 
	0x20e4, 0x20e4, 0x20e4, 0x20e4, 0x20e4, 0x20e4, 0x20e4, 0x20e4, 0x20e4, 0x20e4, 0x20e4, 0x20e4, 0x20e4, 0x20e4, 0x20e4, 0x20e4, 
	0x20e4, 0x20e4, 0x20e4, 0x20e4, 0x20e4, 0x20e4, 0x20e4, 0x20e4, 0x20e4, 0x20e4, 0x20e4, 0x20e4, 0x20e4, 0x20e4, 0x20e4, 0x20e4, 
	0x20e4, 0x20e4, 0x20e4, 0x20e4, 0x20e4, 0x20e4, 0x20e4, 0x20e4, 0x20e4, 0x20e4, 0x20e4, 0x20e4, 0x20e4, 0x20e4, 0x20e4, 0x20e4, 
	0x20e4, 0x20e4, 0x20e4, 0x20e4, 0x20e4, 0x20e4, 0x20e4, 0x20e4, 0x20e4, 0x20e4, 0x20e4, 0x20e4, 0x20e4, 0x20e4, 0x20e4, 0x20e4, 
	0x2104, 0x2104, 0x2104, 0x20e4, 0x20e4, 0x20e4, 0x20e4, 0x20e4, 0x20e4, 0x20e4, 0x20e4, 0x20e4, 0x20e4, 0x20e4, 0x20e4, 0x20e4, 
	0x20e4, 0x20e4, 0x20e4, 0x20e4, 0x20e4, 0x20e4, 0x20e4, 0x20e4, 0x20e4, 0x20e4, 0x20e4, 0x20e4, 0x20e4, 0x20e4, 0x20e4, 0x20e4, 
	0x20e4, 0x20e4, 0x20e4, 0x20e4, 0x20e4, 0x20e4, 0x20e4, 0x20e4, 0x20e4, 0x20e4, 0x20e4, 0x20e4, 0x20e4, 0x20e4, 0x20e4, 0x20e4, 
	0x20e4, 0x20e4, 0x20e4, 0x20e4, 0x20e4, 0x20e4, 0x20e4, 0x20e4, 0x20e4, 0x20e4, 0x20e4, 0x20e4, 0x20e4, 0x20e4, 0x20e4, 0x20e4, 
	0x20e4, 0x20e4, 0x20e4, 0x20e4, 0x20e4, 0x20e4, 0x20e4, 0x20e4, 0x20e4, 0x20e4, 0x20e4, 0x20e4, 0x20e4, 0x20e4, 0x20e4, 0x20e4, 
	0x20e4, 0x20e4, 0x20e4, 0x20e4, 0x20e4, 0x20e4, 0x20e4, 0x20e4, 0x20e4, 0x20e4, 0x20e4, 0x20e4, 0x20e4, 0x20e4, 0x20e4, 0x20e4, 
	0x20e4, 0x20e4, 0x20e4, 0x20e4, 0x20e4, 0x20e4, 0x20e4, 0x20e4, 0x20e4, 0x20e4, 0x20e4, 0x20e4, 0x20e4, 0x20e4, 0x20e4, 0x20e4, 
	0x20e4, 0x20e4, 0x20e4, 0x20e4, 0x20e4, 0x20e4, 0x20e4, 0x20e4, 0x20e4, 0x20e4, 0x20e4, 0x20e4, 0x20e4, 0x20e4, 0x20e4, 0x20e4, 
	0x20e4, 0x20e4, 0x20e4, 0x20e4, 0x20e4, 0x20e4, 0x20e4, 0x20e4, 0x20e4, 0x20e4, 0x20e4, 0x20e4, 0x20e4, 0x20e4, 0x20e4, 0x20e4, 
	0x20e4, 0x20e4, 0x20e4, 0x20e4, 0x20e4, 0x20e4, 0x20e4, 0x20e4, 0x20e4, 0x20e4, 0x20e4, 0x20e4, 0x20e4, 0x20e4, 0x20e4, 0x20e4, 
	0x20e4, 0x20e4, 0x20e4, 0x20e4, 0x20e4, 0x20e4, 0x20e4, 0x20e4, 0x20e4, 0x20e4, 0x20e4, 0x20e4, 0x20e4, 0x20e4, 0x20e4, 0x20e4, 
	0x20e4, 0x20e4, 0x20e4, 0x20e4, 0x20e4, 0x20e4, 0x20e4, 0x20e4, 0x20e4, 0x20e4, 0x20e4, 0x20e4, 0x20e4, 0x20e4, 0x20e4, 0x20e4, 
	0x20e4, 0x20e4, 0x20e4, 0x20e4, 0x20e4, 0x20e4, 0x20e4, 0x20e4, 0x20e4, 0x20e4, 0x20e4, 0x20e4, 0x20e4, 0x20e4, 0x20e4, 0x20e4, 
	0x20e4, 0x20e4, 0x20e4, 0x20e4, 0x20e4, 0x20e4, 0x20e4, 0x20e4, 0x20e4, 0x20e4, 0x20e4, 0x20e4, 0x20e4, 0x20e4, 0x20e4, 0x20e4, 
	0x20e4, 0x20e4, 0x20e4, 0x20e4, 0x20e4, 0x20e4, 0x20e4, 0x20e4, 0x20e4, 0x20e4, 0x20e4, 0x20e4, 0x20e4, 0x20e4, 0x20e4, 0x20e4, 
	0x2104, 0x2104, 0x2104, 0x2104, 0x20e4, 0x20e4, 0x20e4, 0x20e4, 0x20e4, 0x20e4, 0x20e4, 0x20e4, 0x20e4, 0x20e4, 0x20e4, 0x20e4, 
	0x20e4, 0x20e4, 0x20e4, 0x20e4, 0x20e4, 0x20e4, 0x20e4, 0x20e4, 0x20e4, 0x20e4, 0x20e4, 0x20e4, 0x20e4, 0x20e4, 0x20e4, 0x20e4, 
	0x20e4, 0x20e4, 0x20e4, 0x20e4, 0x20e4, 0x20e4, 0x20e4, 0x20e4, 0x20e4, 0x20e4, 0x20e4, 0x20e4, 0x20e4, 0x20e4, 0x20e4, 0x20e4, 
	0x20e4, 0x20e4, 0x20e4, 0x20e4, 0x20e4, 0x20e4, 0x20e4, 0x20e4, 0x20e4, 0x20e4, 0x20e4, 0x20e4, 0x20e4, 0x20e4, 0x20e4, 0x20e4, 
	0x20e4, 0x20e4, 0x20e4, 0x20e4, 0x20e4, 0x20e4, 0x20e4, 0x20e4, 0x20e4, 0x20e4, 0x20e4, 0x20e4, 0x20e4, 0x20e4, 0x20e4, 0x20e4, 
	0x20e4, 0x20e4, 0x20e4, 0x20e4, 0x20e4, 0x20e4, 0x20e4, 0x20e4, 0x20e4, 0x20e4, 0x20e4, 0x20e4, 0x20e4, 0x20e4, 0x20e4, 0x20e4, 
	0x20e4, 0x20e4, 0x20e4, 0x20e4, 0x20e4, 0x20e4, 0x20e4, 0x20e4, 0x20e4, 0x20e4, 0x20e4, 0x20e4, 0x20e4, 0x20e4, 0x20e4, 0x20e4, 
	0x20e4, 0x20e4, 0x20e4, 0x20e4, 0x20e4, 0x20e4, 0x20e4, 0x20e4, 0x20e4, 0x20e4, 0x20e4, 0x20e4, 0x20e4, 0x20e4, 0x20e4, 0x20e4, 
	0x20e4, 0x20e4, 0x20e4, 0x20e4, 0x20e4, 0x20e4, 0x20e4, 0x20e4, 0x20e4, 0x20e4, 0x20e4, 0x20e4, 0x20e4, 0x20e4, 0x20e4, 0x20e4, 
	0x20e4, 0x20e4, 0x20e4, 0x20e4, 0x20e4, 0x20e4, 0x20e4, 0x20e4, 0x20e4, 0x20e4, 0x20e4, 0x20e4, 0x20e4, 0x20e4, 0x20e4, 0x20e4, 
	0x20e4, 0x20e4, 0x20e4, 0x20e4, 0x20e4, 0x20e4, 0x20e4, 0x20e4, 0x20e4, 0x20e4, 0x20e4, 0x20e4, 0x20e4, 0x20e4, 0x20e4, 0x20e4, 
	0x20e4, 0x20e4, 0x20e4, 0x20e4, 0x20e4, 0x20e4, 0x20e4, 0x20e4, 0x20e4, 0x20e4, 0x20e4, 0x20e4, 0x20e4, 0x20e4, 0x20e4, 0x20e4, 
	0x20e4, 0x20e4, 0x20e4, 0x20e4, 0x20e4, 0x20e4, 0x20e4, 0x20e4, 0x20e4, 0x20e4, 0x20e4, 0x20e4, 0x20e4, 0x20e4, 0x20e4, 0x20e4, 
	0x20e4, 0x20e4, 0x20e4, 0x20e4, 0x20e4, 0x20e4, 0x20e4, 0x20e4, 0x20e4, 0x20e4, 0x20e4, 0x20e4, 0x20e4, 0x20e4, 0x20e4, 0x20e4, 
	0x20e4, 0x20e4, 0x20e4, 0x20e4, 0x20e4, 0x20e4, 0x20e4, 0x20e4, 0x20e4, 0x20e4, 0x20e4, 0x20e4, 0x20e4, 0x20e4, 0x20e4, 0x20e4, 
	0x2104, 0x2104, 0x2104, 0x2104, 0x20e4, 0x20e4, 0x20e4, 0x20e4, 0x20e4, 0x20e4, 0x20e4, 0x20e4, 0x20e4, 0x20e4, 0x20e4, 0x20e4, 
	0x20e4, 0x20e4, 0x20e4, 0x20e4, 0x20e4, 0x20e4, 0x20e4, 0x20e4, 0x20e4, 0x20e4, 0x20e4, 0x20e4, 0x20e4, 0x20e4, 0x20e4, 0x20e4, 
	0x20e4, 0x20e4, 0x20e4, 0x20e4, 0x20e4, 0x20e4, 0x20e4, 0x20e4, 0x20e4, 0x20e4, 0x20e4, 0x20e4, 0x20e4, 0x20e4, 0x20e4, 0x20e4, 
	0x20e4, 0x20e4, 0x20e4, 0x20e4, 0x20e4, 0x20e4, 0x20e4, 0x20e4, 0x20e4, 0x20e4, 0x20e4, 0x20e4, 0x20e4, 0x20e4, 0x20e4, 0x20e4, 
	0x20e4, 0x20e4, 0x20e4, 0x20e4, 0x20e4, 0x20e4, 0x20e4, 0x20e4, 0x20e4, 0x20e4, 0x20e4, 0x20e4, 0x20e4, 0x20e4, 0x20e4, 0x20e4, 
	0x20e4, 0x20e4, 0x20e4, 0x20e4, 0x20e4, 0x20e4, 0x20e4, 0x20e4, 0x20e4, 0x20e4, 0x20e4, 0x20e4, 0x20e4, 0x20e4, 0x20e4, 0x20e4, 
	0x20e4, 0x20e4, 0x20e4, 0x20e4, 0x20e4, 0x20e4, 0x20e4, 0x20e4, 0x20e4, 0x20e4, 0x20e4, 0x20e4, 0x20e4, 0x20e4, 0x20e4, 0x20e4, 
	0x20e4, 0x20e4, 0x20e4, 0x20e4, 0x20e4, 0x20e4, 0x20e4, 0x20e4, 0x20e4, 0x20e4, 0x20e4, 0x20e4, 0x20e4, 0x20e4, 0x20e4, 0x20e4, 
	0x20e4, 0x20e4, 0x20e4, 0x20e4, 0x20e4, 0x20e4, 0x20e4, 0x20e4, 0x20e4, 0x20e4, 0x20e4, 0x20e4, 0x20e4, 0x20e4, 0x20e4, 0x20e4, 
	0x20e4, 0x20e4, 0x20e4, 0x20e4, 0x20e4, 0x20e4, 0x20e4, 0x20e4, 0x20e4, 0x20e4, 0x20e4, 0x20e4, 0x20e4, 0x20e4, 0x20e4, 0x20e4, 
	0x20e4, 0x20e4, 0x20e4, 0x20e4, 0x20e4, 0x20e4, 0x20e4, 0x20e4, 0x20e4, 0x20e4, 0x20e4, 0x20e4, 0x20e4, 0x20e4, 0x20e4, 0x20e4, 
	0x20e4, 0x20e4, 0x20e4, 0x20e4, 0x20e4, 0x20e4, 0x20e4, 0x20e4, 0x20e4, 0x20e4, 0x20e4, 0x20e4, 0x20e4, 0x20e4, 0x20e4, 0x20e4, 
	0x20e4, 0x20e4, 0x20e4, 0x20e4, 0x20e4, 0x20e4, 0x20e4, 0x20e4, 0x20e4, 0x20e4, 0x20e4, 0x20e4, 0x20e4, 0x20e4, 0x20e4, 0x20e4, 
	0x20e4, 0x20e4, 0x20e4, 0x20e4, 0x20e4, 0x20e4, 0x20e4, 0x20e4, 0x20e4, 0x20e4, 0x20e4, 0x20e4, 0x20e4, 0x20e4, 0x20e4, 0x20e4, 
	0x20e4, 0x20e4, 0x20e4, 0x20e4, 0x20e4, 0x20e4, 0x20e4, 0x20e4, 0x20e4, 0x20e4, 0x20e4, 0x20e4, 0x2104, 0x2104, 0x2104, 0x2104, 
	0x2104, 0x2104, 0x2104, 0x2104, 0x20e4, 0x20e4, 0x20e4, 0x20e4, 0x20e4, 0x20e4, 0x20e4, 0x20e4, 0x20e4, 0x20e4, 0x20e4, 0x20e4, 
	0x20e4, 0x20e4, 0x20e4, 0x20e4, 0x20e4, 0x20e4, 0x20e4, 0x20e4, 0x20e4, 0x20e4, 0x20e4, 0x20e4, 0x20e4, 0x20e4, 0x20e4, 0x20e4, 
	0x20e4, 0x20e4, 0x20e4, 0x20e4, 0x20e4, 0x20e4, 0x20e4, 0x20e4, 0x20e4, 0x20e4, 0x20e4, 0x20e4, 0x20e4, 0x20e4, 0x20e4, 0x20e4, 
	0x20e4, 0x20e4, 0x20e4, 0x20e4, 0x20e4, 0x20e4, 0x20e4, 0x20e4, 0x20e4, 0x20e4, 0x20e4, 0x20e4, 0x20e4, 0x20e4, 0x20e4, 0x20e4, 
	0x20e4, 0x20e4, 0x20e4, 0x20e4, 0x20e4, 0x20e4, 0x20e4, 0x20e4, 0x20e4, 0x20e4, 0x20e4, 0x20e4, 0x20e4, 0x20e4, 0x20e4, 0x20e4, 
	0x20e4, 0x20e4, 0x20e4, 0x20e4, 0x20e4, 0x20e4, 0x20e4, 0x20e4, 0x20e4, 0x20e4, 0x20e4, 0x20e4, 0x20e4, 0x20e4, 0x20e4, 0x20e4, 
	0x20e4, 0x20e4, 0x20e4, 0x20e4, 0x20e4, 0x20e4, 0x20e4, 0x20e4, 0x20e4, 0x20e4, 0x20e4, 0x20e4, 0x20e4, 0x20e4, 0x20e4, 0x20e4, 
	0x20e4, 0x20e4, 0x20e4, 0x20e4, 0x20e4, 0x20e4, 0x20e4, 0x20e4, 0x20e4, 0x20e4, 0x20e4, 0x20e4, 0x20e4, 0x20e4, 0x20e4, 0x20e4, 
	0x20e4, 0x20e4, 0x20e4, 0x20e4, 0x20e4, 0x20e4, 0x20e4, 0x20e4, 0x20e4, 0x20e4, 0x20e4, 0x2104, 0x2104, 0x2104, 0x2104, 0x2104, 
	0x20e4, 0x20e4, 0x20e4, 0x2104, 0x2104, 0x2104, 0x2104, 0x20e4, 0x20e4, 0x20e4, 0x20e4, 0x20e4, 0x20e4, 0x20e4, 0x20e4, 0x20e4, 
	0x20e4, 0x20e4, 0x20e4, 0x20e4, 0x20e4, 0x20e4, 0x20e4, 0x20e4, 0x20e4, 0x20e4, 0x20e4, 0x20e4, 0x20e4, 0x20e4, 0x20e4, 0x20e4, 
	0x20e4, 0x20e4, 0x20e4, 0x20e4, 0x20e4, 0x20e4, 0x20e4, 0x20e4, 0x20e4, 0x20e4, 0x20e4, 0x20e4, 0x20e4, 0x20e4, 0x20e4, 0x20e4, 
	0x20e4, 0x20e4, 0x20e4, 0x20e4, 0x20e4, 0x20e4, 0x20e4, 0x20e4, 0x20e4, 0x20e4, 0x20e4, 0x20e4, 0x20e4, 0x20e4, 0x20e4, 0x20e4, 
	0x20e4, 0x20e4, 0x20e4, 0x20e4, 0x20e4, 0x20e4, 0x20e4, 0x20e4, 0x20e4, 0x20e4, 0x20e4, 0x20e4, 0x20e4, 0x20e4, 0x20e4, 0x20e4, 
	0x20e4, 0x20e4, 0x20e4, 0x20e4, 0x20e4, 0x20e4, 0x20e4, 0x20e4, 0x20e4, 0x20e4, 0x20e4, 0x20e4, 0x2104, 0x2104, 0x2104, 0x2104, 
	0x2104, 0x2104, 0x2104, 0x2104, 0x20e4, 0x20e4, 0x20e4, 0x20e4, 0x20e4, 0x20e4, 0x20e4, 0x20e4, 0x20e4, 0x20e4, 0x20e4, 0x20e4, 
	0x20e4, 0x20e4, 0x20e4, 0x20e4, 0x20e4, 0x20e4, 0x20e4, 0x20e4, 0x20e4, 0x20e4, 0x20e4, 0x20e4, 0x20e4, 0x20e4, 0x20e4, 0x20e4, 
	0x20e4, 0x20e4, 0x20e4, 0x20e4, 0x20e4, 0x20e4, 0x20e4, 0x20e4, 0x20e4, 0x20e4, 0x20e4, 0x20e4, 0x20e4, 0x20e4, 0x20e4, 0x20e4, 
	0x20e4, 0x20e4, 0x20e4, 0x20e4, 0x20e4, 0x20e4, 0x20e4, 0x20e4, 0x20e4, 0x20e4, 0x20e4, 0x20e4, 0x20e4, 0x20e4, 0x20e4, 0x20e4, 
	0x20e4, 0x20e4, 0x20e4, 0x20e4, 0x20e4, 0x20e4, 0x20e4, 0x20e4, 0x20e4, 0x20e4, 0x20e4, 0x20e4, 0x20e4, 0x20e4, 0x20e4, 0x20e4, 
	0x20e4, 0x20e4, 0x20e4, 0x20e4, 0x20e4, 0x20e4, 0x20e4, 0x20e4, 0x20e4, 0x20e4, 0x20e4, 0x20e4, 0x20e4, 0x20e4, 0x20e4, 0x20e4, 
	0x20e4, 0x20e4, 0x20e4, 0x20e4, 0x20e4, 0x20e4, 0x20e4, 0x20e4, 0x20e4, 0x20e4, 0x20e4, 0x20e4, 0x20e4, 0x20e4, 0x20e4, 0x20e4, 
	0x20e4, 0x20e4, 0x20e4, 0x20e4, 0x20e4, 0x20e4, 0x20e4, 0x20e4, 0x20e4, 0x20e4, 0x20e4, 0x20e4, 0x20e4, 0x20e4, 0x20e4, 0x20e4, 
	0x20e4, 0x20e4, 0x20e4, 0x20e4, 0x20e4, 0x20e4, 0x20e4, 0x20e4, 0x20e4, 0x20e4, 0x20e4, 0x2104, 0x2104, 0x2104, 0x2104, 0x2104, 
	0x2104, 0x2104, 0x2104, 0x2104, 0x2104, 0x2104, 0x2104, 0x20e4, 0x20e4, 0x20e4, 0x20e4, 0x20e4, 0x20e4, 0x20e4, 0x20e4, 0x20e4, 
	0x20e4, 0x20e4, 0x20e4, 0x20e4, 0x20e4, 0x20e4, 0x20e4, 0x20e4, 0x20e4, 0x20e4, 0x20e4, 0x20e4, 0x20e4, 0x20e4, 0x20e4, 0x20e4, 
	0x20e4, 0x20e4, 0x20e4, 0x20e4, 0x20e4, 0x20e4, 0x20e4, 0x20e4, 0x20e4, 0x20e4, 0x20e4, 0x20e4, 0x20e4, 0x20e4, 0x20e4, 0x20e4, 
	0x20e4, 0x20e4, 0x20e4, 0x20e4, 0x20e4, 0x20e4, 0x20e4, 0x20e4, 0x20e4, 0x20e4, 0x20e4, 0x20e4, 0x20e4, 0x20e4, 0x20e4, 0x20e4, 
	0x20e4, 0x20e4, 0x20e4, 0x20e4, 0x20e4, 0x20e4, 0x20e4, 0x20e4, 0x20e4, 0x20e4, 0x20e4, 0x20e4, 0x20e4, 0x20e4, 0x20e4, 0x20e4, 
	0x20e4, 0x20e4, 0x20e4, 0x20e4, 0x20e4, 0x20e4, 0x20e4, 0x20e4, 0x20e4, 0x20e4, 0x20e4, 0x20e4, 0x2104, 0x2104, 0x2104, 0x2104, 
	0x2104, 0x2104, 0x2104, 0x2104, 0x2104, 0x20e4, 0x20e4, 0x20e4, 0x20e4, 0x20e4, 0x20e4, 0x20e4, 0x20e4, 0x20e4, 0x20e4, 0x20e4, 
	0x20e4, 0x20e4, 0x20e4, 0x20e4, 0x20e4, 0x20e4, 0x20e4, 0x20e4, 0x20e4, 0x20e4, 0x20e4, 0x20e4, 0x20e4, 0x20e4, 0x20e4, 0x20e4, 
	0x20e4, 0x20e4, 0x20e4, 0x20e4, 0x20e4, 0x20e4, 0x20e4, 0x20e4, 0x20e4, 0x20e4, 0x20e4, 0x20e4, 0x20e4, 0x20e4, 0x20e4, 0x20e4, 
	0x20e4, 0x20e4, 0x20e4, 0x20e4, 0x20e4, 0x20e4, 0x20e4, 0x20e4, 0x20e4, 0x20e4, 0x20e4, 0x20e4, 0x20e4, 0x20e4, 0x20e4, 0x20e4, 
	0x20e4, 0x20e4, 0x20e4, 0x20e4, 0x20e4, 0x20e4, 0x20e4, 0x20e4, 0x20e4, 0x20e4, 0x20e4, 0x20e4, 0x20e4, 0x20e4, 0x20e4, 0x20e4, 
	0x2104, 0x20e4, 0x20e4, 0x20e4, 0x20e4, 0x20e4, 0x20e4, 0x20e4, 0x20e4, 0x20e4, 0x20e4, 0x20e4, 0x20e4, 0x20e4, 0x20e4, 0x20e4, 
	0x20e4, 0x20e4, 0x20e4, 0x20e4, 0x20e4, 0x20e4, 0x20e4, 0x20e4, 0x20e4, 0x20e4, 0x20e4, 0x20e4, 0x20e4, 0x20e4, 0x20e4, 0x20e4, 
	0x20e4, 0x20e4, 0x20e4, 0x20e4, 0x20e4, 0x2104, 0x2104, 0x2104, 0x20e4, 0x20e4, 0x20e4, 0x20e4, 0x20e4, 0x20e4, 0x20e4, 0x20e4, 
	0x20e4, 0x20e4, 0x20e4, 0x20e4, 0x20e4, 0x20e4, 0x20e4, 0x20e4, 0x20e4, 0x20e4, 0x20e4, 0x2104, 0x2104, 0x2104, 0x2104, 0x2104, 
	0x2104, 0x2104, 0x2104, 0x2104, 0x2104, 0x2104, 0x2104, 0x2104, 0x20e4, 0x20e4, 0x20e4, 0x20e4, 0x20e4, 0x20e4, 0x20e4, 0x20e4, 
	0x20e4, 0x20e4, 0x20e4, 0x20e4, 0x20e4, 0x20e4, 0x20e4, 0x20e4, 0x20e4, 0x20e4, 0x20e4, 0x20e4, 0x20e4, 0x20e4, 0x20e4, 0x20e4, 
	0x20e4, 0x20e4, 0x20e4, 0x20e4, 0x20e4, 0x20e4, 0x20e4, 0x20e4, 0x20e4, 0x20e4, 0x20e4, 0x20e4, 0x20e4, 0x20e4, 0x20e4, 0x20e4, 
	0x20e4, 0x20e4, 0x20e4, 0x20e4, 0x20e4, 0x20e4, 0x20e4, 0x20e4, 0x20e4, 0x20e4, 0x20e4, 0x20e4, 0x20e4, 0x20e4, 0x20e4, 0x20e4, 
	0x20e4, 0x20e4, 0x20e4, 0x20e4, 0x20e4, 0x20e4, 0x20e4, 0x20e4, 0x20e4, 0x20e4, 0x20e4, 0x20e4, 0x20e4, 0x20e4, 0x20e4, 0x20e4, 
	0x20e4, 0x20e4, 0x20e4, 0x20e4, 0x20e4, 0x20e4, 0x20e4, 0x20e4, 0x20e4, 0x20e4, 0x20e4, 0x2104, 0x2104, 0x2104, 0x2104, 0x2104, 
	0x2104, 0x2104, 0x2104, 0x2104, 0x2104, 0x20e4, 0x20e4, 0x20e4, 0x20e4, 0x20e4, 0x20e4, 0x20e4, 0x20e4, 0x20e4, 0x20e4, 0x20e4, 
	0x20e4, 0x20e4, 0x20e4, 0x20e4, 0x20e4, 0x20e4, 0x20e4, 0x20e4, 0x20e4, 0x20e4, 0x20e4, 0x20e4, 0x20e4, 0x20e4, 0x20e4, 0x20e4, 
	0x20e4, 0x20e4, 0x20e4, 0x20e4, 0x20e4, 0x20e4, 0x20e4, 0x20e4, 0x20e4, 0x20e4, 0x20e4, 0x20e4, 0x20e4, 0x20e4, 0x20e4, 0x20e4, 
	0x20e4, 0x20e4, 0x20e4, 0x20e4, 0x20e4, 0x20e4, 0x20e4, 0x20e4, 0x20e4, 0x20e4, 0x20e4, 0x20e4, 0x20e4, 0x20e4, 0x20e4, 0x20e4, 
	0x20e4, 0x20e4, 0x20e4, 0x20e4, 0x20e4, 0x20e4, 0x20e4, 0x20e4, 0x20e4, 0x20e4, 0x20e4, 0x20e4, 0x20e4, 0x20e4, 0x20e4, 0x20e4, 
	0x20e4, 0x20e4, 0x20e4, 0x20e4, 0x20e4, 0x20e4, 0x20e4, 0x20e4, 0x20e4, 0x20e4, 0x20e4, 0x20e4, 0x20e4, 0x20e4, 0x20e4, 0x20e4, 
	0x20e4, 0x20e4, 0x20e4, 0x20e4, 0x20e4, 0x20e4, 0x20e4, 0x20e4, 0x20e4, 0x20e4, 0x20e4, 0x20e4, 0x20e4, 0x20e4, 0x20e4, 0x20e4, 
	0x20e4, 0x20e4, 0x20e4, 0x20e4, 0x2104, 0x2104, 0x2104, 0x2104, 0x20e4, 0x20e4, 0x20e4, 0x20e4, 0x20e4, 0x20e4, 0x20e4, 0x20e4, 
	0x20e4, 0x20e4, 0x20e4, 0x20e4, 0x20e4, 0x20e4, 0x20e4, 0x20e4, 0x20e4, 0x20e4, 0x20e4, 0x20e4, 0x2104, 0x2104, 0x2104, 0x2104, 
	0x2104, 0x2104, 0x2104, 0x2104, 0x2104, 0x2104, 0x2104, 0x2104, 0x20e4, 0x20e4, 0x20e4, 0x20e4, 0x20e4, 0x20e4, 0x20e4, 0x20e4, 
	0x20e4, 0x20e4, 0x20e4, 0x20e4, 0x20e4, 0x20e4, 0x20e4, 0x20e4, 0x20e4, 0x20e4, 0x20e4, 0x20e4, 0x20e4, 0x20e4, 0x20e4, 0x20e4, 
	0x20e4, 0x20e4, 0x20e4, 0x20e4, 0x20e4, 0x20e4, 0x20e4, 0x20e4, 0x20e4, 0x20e4, 0x20e4, 0x20e4, 0x20e4, 0x20e4, 0x20e4, 0x20e4, 
	0x20e4, 0x20e4, 0x20e4, 0x20e4, 0x20e4, 0x20e4, 0x20e4, 0x20e4, 0x20e4, 0x20e4, 0x20e4, 0x20e4, 0x20e4, 0x20e4, 0x20e4, 0x20e4, 
	0x20e4, 0x20e4, 0x20e4, 0x20e4, 0x20e4, 0x20e4, 0x20e4, 0x20e4, 0x20e4, 0x20e4, 0x20e4, 0x20e4, 0x20e4, 0x20e4, 0x20e4, 0x20e4, 
	0x20e4, 0x20e4, 0x20e4, 0x20e4, 0x20e4, 0x20e4, 0x20e4, 0x20e4, 0x20e4, 0x20e4, 0x20e4, 0x2104, 0x2104, 0x2104, 0x2104, 0x2104, 
	0x2104, 0x2104, 0x2104, 0x2104, 0x2104, 0x2104, 0x20e4, 0x20e4, 0x20e4, 0x20e4, 0x20e4, 0x20e4, 0x20e4, 0x20e4, 0x20e4, 0x20e4, 
	0x20e4, 0x20e4, 0x20e4, 0x20e4, 0x20e4, 0x20e4, 0x20e4, 0x20e4, 0x20e4, 0x20e4, 0x20e4, 0x20e4, 0x20e4, 0x20e4, 0x20e4, 0x20e4, 
	0x20e4, 0x20e4, 0x20e4, 0x20e4, 0x20e4, 0x20e4, 0x20e4, 0x20e4, 0x20e4, 0x20e4, 0x20e4, 0x20e4, 0x20e4, 0x20e4, 0x20e4, 0x20e4, 
	0x20e4, 0x20e4, 0x20e4, 0x20e4, 0x20e4, 0x20e4, 0x20e4, 0x20e4, 0x20e4, 0x20e4, 0x20e4, 0x20e4, 0x20e4, 0x20e4, 0x20e4, 0x20e4, 
	0x20e4, 0x20e4, 0x20e4, 0x20e4, 0x20e4, 0x20e4, 0x20e4, 0x20e4, 0x20e4, 0x20e4, 0x20e4, 0x20e4, 0x20e4, 0x20e4, 0x20e4, 0x20e4, 
	0x20e4, 0x20e4, 0x20e4, 0x20e4, 0x20e4, 0x20e4, 0x20e4, 0x20e4, 0x20e4, 0x20e4, 0x20e4, 0x20e4, 0x20e4, 0x20e4, 0x20e4, 0x20e4, 
	0x20e4, 0x20e4, 0x20e4, 0x20e4, 0x20e4, 0x20e4, 0x20e4, 0x20e4, 0x20e4, 0x20e4, 0x20e4, 0x20e4, 0x20e4, 0x20e4, 0x20e4, 0x20e4, 
	0x20e4, 0x20e4, 0x20e4, 0x20e4, 0x2104, 0x2104, 0x2104, 0x2104, 0x20e4, 0x20e4, 0x20e4, 0x20e4, 0x20e4, 0x20e4, 0x20e4, 0x20e4, 
	0x20e4, 0x20e4, 0x20e4, 0x20e4, 0x20e4, 0x20e4, 0x20e4, 0x20e4, 0x20e4, 0x20e4, 0x20e4, 0x20e4, 0x20e4, 0x2104, 0x2104, 0x20e4, 
	0x20e4, 0x20e4, 0x2104, 0x2104, 0x2104, 0x2104, 0x2104, 0x20e4, 0x20e4, 0x20e4, 0x20e4, 0x20e4, 0x20e4, 0x20e4, 0x20e4, 0x20e4, 
	0x20e4, 0x20e4, 0x20e4, 0x20e4, 0x20e4, 0x20e4, 0x20e4, 0x20e4, 0x20e4, 0x20e4, 0x20e4, 0x20e4, 0x20e4, 0x20e4, 0x20e4, 0x20e4, 
	0x20e4, 0x20e4, 0x20e4, 0x20e4, 0x20e4, 0x20e4, 0x20e4, 0x20e4, 0x20e4, 0x20e4, 0x20e4, 0x20e4, 0x20e4, 0x20e4, 0x20e4, 0x20e4, 
	0x20e4, 0x20e4, 0x20e4, 0x20e4, 0x20e4, 0x20e4, 0x20e4, 0x20e4, 0x20e4, 0x20e4, 0x20e4, 0x20e4, 0x20e4, 0x20e4, 0x20e4, 0x20e4, 
	0x20e4, 0x20e4, 0x20e4, 0x20e4, 0x20e4, 0x20e4, 0x20e4, 0x20e4, 0x20e4, 0x20e4, 0x20e4, 0x20e4, 0x20e4, 0x20e4, 0x20e4, 0x20e4, 
	0x20e4, 0x20e4, 0x20e4, 0x20e4, 0x20e4, 0x20e4, 0x20e4, 0x20e4, 0x20e4, 0x20e4, 0x2104, 0x2104, 0x2104, 0x2104, 0x2104, 0x2104, 
	0x2104, 0x2104, 0x2104, 0x2104, 0x2104, 0x2104, 0x20e4, 0x20e4, 0x20e4, 0x20e4, 0x20e4, 0x20e4, 0x20e4, 0x20e4, 0x20e4, 0x20e4, 
	0x20e4, 0x20e4, 0x20e4, 0x20e4, 0x20e4, 0x20e4, 0x20e4, 0x20e4, 0x20e4, 0x20e4, 0x20e4, 0x20e4, 0x20e4, 0x20e4, 0x20e4, 0x20e4, 
	0x20e4, 0x20e4, 0x20e4, 0x20e4, 0x20e4, 0x20e4, 0x20e4, 0x20e4, 0x20e4, 0x20e4, 0x20e4, 0x20e4, 0x20e4, 0x20e4, 0x20e4, 0x20e4, 
	0x20e4, 0x20e4, 0x20e4, 0x20e4, 0x20e4, 0x20e4, 0x20e4, 0x20e4, 0x20e4, 0x20e4, 0x20e4, 0x20e4, 0x20e4, 0x20e4, 0x20e4, 0x20e4, 
	0x20e4, 0x20e4, 0x20e4, 0x20e4, 0x20e4, 0x20e4, 0x20e4, 0x20e4, 0x20e4, 0x20e4, 0x20e4, 0x20e4, 0x20e4, 0x20e4, 0x20e4, 0x20e4, 
	0x20e4, 0x20e4, 0x20e4, 0x20e4, 0x20e4, 0x20e4, 0x20e4, 0x20e4, 0x20e4, 0x20e4, 0x20e4, 0x20e4, 0x20e4, 0x20e4, 0x20e4, 0x20e4, 
	0x20e4, 0x20e4, 0x20e4, 0x20e4, 0x20e4, 0x20e4, 0x20e4, 0x20e4, 0x20e4, 0x20e4, 0x20e4, 0x20e4, 0x20e4, 0x20e4, 0x20e4, 0x20e4, 
	0x20e4, 0x20e4, 0x20e4, 0x20e4, 0x20e4, 0x2104, 0x2104, 0x2104, 0x20e4, 0x20e4, 0x20e4, 0x20e4, 0x20e4, 0x20e4, 0x20e4, 0x20e4, 
	0x20e4, 0x20e4, 0x20e4, 0x20e4, 0x20e4, 0x20e4, 0x20e4, 0x20e4, 0x20e4, 0x20e4, 0x20e4, 0x20e4, 0x20e4, 0x20e4, 0x20e4, 0x20e4, 
	0x20e4, 0x20e4, 0x20e4, 0x20e4, 0x2104, 0x20e4, 0x20e4, 0x20e4, 0x20e4, 0x20e4, 0x20e4, 0x20e4, 0x20e4, 0x20e4, 0x20e4, 0x20e4, 
	0x20e4, 0x20e4, 0x20e4, 0x20e4, 0x20e4, 0x20e4, 0x20e4, 0x20e4, 0x20e4, 0x20e4, 0x20e4, 0x20e4, 0x20e4, 0x20e4, 0x20e4, 0x20e4, 
	0x20e4, 0x20e4, 0x20e4, 0x20e4, 0x20e4, 0x20e4, 0x20e4, 0x20e4, 0x20e4, 0x20e4, 0x20e4, 0x20e4, 0x20e4, 0x20e4, 0x20e4, 0x20e4, 
	0x20e4, 0x20e4, 0x20e4, 0x20e4, 0x20e4, 0x20e4, 0x20e4, 0x20e4, 0x20e4, 0x20e4, 0x20e4, 0x20e4, 0x20e4, 0x20e4, 0x20e4, 0x20e4, 
	0x20e4, 0x20e4, 0x20e4, 0x20e4, 0x20e4, 0x20e4, 0x20e4, 0x20e4, 0x20e4, 0x20e4, 0x20e4, 0x20e4, 0x20e4, 0x20e4, 0x20e4, 0x20e4, 
	0x20e4, 0x20e4, 0x20e4, 0x20e4, 0x20e4, 0x20e4, 0x20e4, 0x20e4, 0x20e4, 0x20e4, 0x2104, 0x2104, 0x2104, 0x2104, 0x2104, 0x2104, 
	0x2104, 0x2104, 0x2104, 0x2104, 0x2104, 0x2104, 0x20e4, 0x20e4, 0x20e4, 0x20e4, 0x20e4, 0x20e4, 0x20e4, 0x20e4, 0x20e4, 0x20e4, 
	0x20e4, 0x20e4, 0x20e4, 0x20e4, 0x20e4, 0x20e4, 0x20e4, 0x20e4, 0x20e4, 0x20e4, 0x20e4, 0x20e4, 0x20e4, 0x20e4, 0x20e4, 0x20e4, 
	0x20e4, 0x20e4, 0x20e4, 0x20e4, 0x20e4, 0x20e4, 0x20e4, 0x20e4, 0x20e4, 0x20e4, 0x20e4, 0x20e4, 0x20e4, 0x20e4, 0x20e4, 0x20e4, 
	0x20e4, 0x20e4, 0x20e4, 0x20e4, 0x20e4, 0x20e4, 0x20e4, 0x20e4, 0x20e4, 0x20e4, 0x20e4, 0x20e4, 0x20e4, 0x20e4, 0x20e4, 0x20e4, 
	0x20e4, 0x20e4, 0x20e4, 0x20e4, 0x20e4, 0x20e4, 0x20e4, 0x20e4, 0x20e4, 0x20e4, 0x20e4, 0x20e4, 0x20e4, 0x20e4, 0x20e4, 0x20e4, 
	0x20e4, 0x20e4, 0x20e4, 0x20e4, 0x20e4, 0x20e4, 0x20e4, 0x20e4, 0x20e4, 0x20e4, 0x20e4, 0x20e4, 0x20e4, 0x20e4, 0x20e4, 0x20e4, 
	0x20e4, 0x20e4, 0x20e4, 0x20e4, 0x20e4, 0x20e4, 0x20e4, 0x20e4, 0x20e4, 0x20e4, 0x20e4, 0x20e4, 0x20e4, 0x20e4, 0x20e4, 0x20e4, 
	0x20e4, 0x20e4, 0x20e4, 0x20e4, 0x20e4, 0x2104, 0x2104, 0x2104, 0x2104, 0x20e4, 0x20e4, 0x20e4, 0x20e4, 0x20e4, 0x20e4, 0x20e4, 
	0x20e4, 0x20e4, 0x20e4, 0x20e4, 0x20e4, 0x20e4, 0x20e4, 0x20e4, 0x20e4, 0x20e4, 0x20e4, 0x20e4, 0x20e4, 0x20e4, 0x20e4, 0x20e4, 
	0x20e4, 0x20e4, 0x20e4, 0x20e4, 0x20e4, 0x20e4, 0x20e4, 0x20e4, 0x20e4, 0x20e4, 0x20e4, 0x20e4, 0x20e4, 0x20e4, 0x20e4, 0x20e4, 
	0x20e4, 0x20e4, 0x20e4, 0x20e4, 0x20e4, 0x20e4, 0x20e4, 0x20e4, 0x20e4, 0x20e4, 0x20e4, 0x20e4, 0x20e4, 0x20e4, 0x20e4, 0x20e4, 
	0x20e4, 0x20e4, 0x20e4, 0x20e4, 0x20e4, 0x20e4, 0x20e4, 0x20e4, 0x20e4, 0x20e4, 0x20e4, 0x20e4, 0x20e4, 0x20e4, 0x20e4, 0x20e4, 
	0x20e4, 0x20e4, 0x20e4, 0x20e4, 0x20e4, 0x20e4, 0x20e4, 0x20e4, 0x20e4, 0x20e4, 0x20e4, 0x20e4, 0x20e4, 0x20e4, 0x20e4, 0x20e4, 
	0x20e4, 0x20e4, 0x20e4, 0x20e4, 0x20e4, 0x20e4, 0x20e4, 0x20e4, 0x20e4, 0x20e4, 0x20e4, 0x20e4, 0x20e4, 0x20e4, 0x20e4, 0x20e4, 
	0x20e4, 0x20e4, 0x20e4, 0x20e4, 0x20e4, 0x20e4, 0x20e4, 0x20e4, 0x20e4, 0x20e4, 0x2104, 0x2104, 0x2104, 0x2104, 0x2104, 0x2104, 
	0x2104, 0x2104, 0x2104, 0x2104, 0x2104, 0x2104, 0x20e4, 0x20e4, 0x20e4, 0x20e4, 0x20e4, 0x20e4, 0x20e4, 0x20e4, 0x20e4, 0x20e4, 
	0x20e4, 0x20e4, 0x20e4, 0x20e4, 0x20e4, 0x20e4, 0x20e4, 0x20e4, 0x20e4, 0x20e4, 0x20e4, 0x20e4, 0x20e4, 0x20e4, 0x20e4, 0x20e4, 
	0x20e4, 0x20e4, 0x20e4, 0x20e4, 0x20e4, 0x20e4, 0x20e4, 0x20e4, 0x20e4, 0x20e4, 0x20e4, 0x20e4, 0x20e4, 0x20e4, 0x20e4, 0x20e4, 
	0x20e4, 0x20e4, 0x20e4, 0x20e4, 0x20e4, 0x20e4, 0x20e4, 0x20e4, 0x20e4, 0x20e4, 0x20e4, 0x20e4, 0x20e4, 0x20e4, 0x20e4, 0x20e4, 
	0x20e4, 0x20e4, 0x20e4, 0x20e4, 0x20e4, 0x20e4, 0x20e4, 0x20e4, 0x20e4, 0x20e4, 0x20e4, 0x20e4, 0x20e4, 0x20e4, 0x20e4, 0x20e4, 
	0x20e4, 0x20e4, 0x20e4, 0x20e4, 0x20e4, 0x20e4, 0x20e4, 0x20e4, 0x20e4, 0x20e4, 0x20e4, 0x20e4, 0x20e4, 0x20e4, 0x20e4, 0x20e4, 
	0x20e4, 0x20e4, 0x20e4, 0x20e4, 0x20e4, 0x20e4, 0x20e4, 0x20e4, 0x20e4, 0x20e4, 0x20e4, 0x20e4, 0x20e4, 0x20e4, 0x20e4, 0x20e4, 
	0x20e4, 0x20e4, 0x20e4, 0x20e4, 0x20e4, 0x2104, 0x2104, 0x20e4, 0x20e4, 0x20e4, 0x20e4, 0x20e4, 0x20e4, 0x20e4, 0x20e4, 0x20e4, 
	0x20e4, 0x20e4, 0x20e4, 0x20e4, 0x20e4, 0x20e4, 0x20e4, 0x20e4, 0x20e4, 0x20e4, 0x20e4, 0x20e4, 0x20e4, 0x20e4, 0x20e4, 0x20e4, 
	0x20e4, 0x20e4, 0x20e4, 0x20e4, 0x20e4, 0x20e4, 0x20e4, 0x20e4, 0x20e4, 0x20e4, 0x20e4, 0x20e4, 0x20e4, 0x20e4, 0x20e4, 0x20e4, 
	0x20e4, 0x20e4, 0x20e4, 0x20e4, 0x20e4, 0x20e4, 0x20e4, 0x20e4, 0x20e4, 0x20e4, 0x20e4, 0x20e4, 0x20e4, 0x20e4, 0x20e4, 0x20e4, 
	0x20e4, 0x20e4, 0x20e4, 0x20e4, 0x20e4, 0x20e4, 0x20e4, 0x20e4, 0x20e4, 0x20e4, 0x20e4, 0x20e4, 0x20e4, 0x20e4, 0x20e4, 0x20e4, 
	0x20e4, 0x20e4, 0x20e4, 0x20e4, 0x20e4, 0x20e4, 0x20e4, 0x20e4, 0x20e4, 0x20e4, 0x20e4, 0x20e4, 0x20e4, 0x20e4, 0x20e4, 0x20e4, 
	0x20e4, 0x20e4, 0x20e4, 0x20e4, 0x20e4, 0x20e4, 0x20e4, 0x20e4, 0x20e4, 0x20e4, 0x20e4, 0x20e4, 0x20e4, 0x20e4, 0x20e4, 0x20e4, 
	0x20e4, 0x20e4, 0x20e4, 0x20e4, 0x20e4, 0x20e4, 0x20e4, 0x20e4, 0x20e4, 0x20e4, 0x2104, 0x2104, 0x2104, 0x2104, 0x2104, 0x2104, 
	0x2104, 0x2104, 0x2104, 0x2104, 0x2104, 0x2104, 0x2104, 0x20e4, 0x20e4, 0x20e4, 0x20e4, 0x20e4, 0x20e4, 0x20e4, 0x20e4, 0x20e4, 
	0x20e4, 0x20e4, 0x20e4, 0x20e4, 0x20e4, 0x20e4, 0x20e4, 0x20e4, 0x20e4, 0x20e4, 0x20e4, 0x20e4, 0x20e4, 0x20e4, 0x20e4, 0x20e4, 
	0x20e4, 0x20e4, 0x20e4, 0x20e4, 0x20e4, 0x20e4, 0x20e4, 0x20e4, 0x20e4, 0x20e4, 0x20e4, 0x20e4, 0x20e4, 0x20e4, 0x20e4, 0x20e4, 
	0x20e4, 0x20e4, 0x20e4, 0x20e4, 0x20e4, 0x20e4, 0x20e4, 0x20e4, 0x20e4, 0x20e4, 0x20e4, 0x20e4, 0x20e4, 0x20e4, 0x20e4, 0x20e4, 
	0x20e4, 0x20e4, 0x20e4, 0x20e4, 0x20e4, 0x20e4, 0x20e4, 0x20e4, 0x20e4, 0x20e4, 0x20e4, 0x20e4, 0x20e4, 0x20e4, 0x2104, 0x2104, 
	0x20e4, 0x20e4, 0x20e4, 0x20e4, 0x20e4, 0x20e4, 0x20e4, 0x20e4, 0x20e4, 0x20e4, 0x20e4, 0x20e4, 0x20e4, 0x20e4, 0x20e4, 0x20e4, 
	0x20e4, 0x20e4, 0x20e4, 0x20e4, 0x20e4, 0x20e4, 0x20e4, 0x20e4, 0x20e4, 0x20e4, 0x20e4, 0x20e4, 0x20e4, 0x20e4, 0x20e4, 0x20e4, 
	0x20e4, 0x20e4, 0x20e4, 0x20e4, 0x20e4, 0x20e4, 0x20e4, 0x20e4, 0x20e4, 0x20e4, 0x20e4, 0x20e4, 0x20e4, 0x20e4, 0x20e4, 0x20e4, 
	0x20e4, 0x20e4, 0x20e4, 0x20e4, 0x20e4, 0x20e4, 0x20e4, 0x20e4, 0x20e4, 0x20e4, 0x20e4, 0x20e4, 0x20e4, 0x20e4, 0x20e4, 0x20e4, 
	0x20e4, 0x20e4, 0x20e4, 0x20e4, 0x20e4, 0x20e4, 0x20e4, 0x20e4, 0x20e4, 0x20e4, 0x20e4, 0x20e4, 0x20e4, 0x20e4, 0x20e4, 0x20e4, 
	0x20e4, 0x20e4, 0x20e4, 0x20e4, 0x20e4, 0x20e4, 0x20e4, 0x20e4, 0x20e4, 0x20e4, 0x20e4, 0x20e4, 0x20e4, 0x20e4, 0x20e4, 0x20e4, 
	0x20e4, 0x20e4, 0x20e4, 0x20e4, 0x20e4, 0x20e4, 0x20e4, 0x20e4, 0x20e4, 0x20e4, 0x20e4, 0x20e4, 0x20e4, 0x20e4, 0x20e4, 0x20e4, 
	0x20e4, 0x20e4, 0x20e4, 0x20e4, 0x20e4, 0x20e4, 0x20e4, 0x20e4, 0x20e4, 0x20e4, 0x20e4, 0x20e4, 0x20e4, 0x20e4, 0x20e4, 0x20e4, 
	0x20e4, 0x20e4, 0x20e4, 0x20e4, 0x20e4, 0x20e4, 0x20e4, 0x20e4, 0x20e4, 0x20e4, 0x20e4, 0x20e4, 0x20e4, 0x20e4, 0x20e4, 0x20e4, 
	0x20e4, 0x20e4, 0x20e4, 0x20e4, 0x20e4, 0x20e4, 0x20e4, 0x20e4, 0x20e4, 0x20e4, 0x2104, 0x2104, 0x2104, 0x2104, 0x2104, 0x2104, 
	0x2104, 0x2104, 0x2104, 0x2104, 0x2104, 0x2104, 0x2104, 0x2104, 0x20e4, 0x20e4, 0x20e4, 0x20e4, 0x20e4, 0x20e4, 0x20e4, 0x20e4, 
	0x20e4, 0x20e4, 0x20e4, 0x20e4, 0x20e4, 0x20e4, 0x20e4, 0x20e4, 0x20e4, 0x20e4, 0x20e4, 0x20e4, 0x20e4, 0x20e4, 0x20e4, 0x20e4, 
	0x20e4, 0x20e4, 0x20e4, 0x20e4, 0x20e4, 0x20e4, 0x20e4, 0x20e4, 0x20e4, 0x20e4, 0x20e4, 0x20e4, 0x20e4, 0x20e4, 0x20e4, 0x20e4, 
	0x20e4, 0x20e4, 0x20e4, 0x20e4, 0x20e4, 0x20e4, 0x20e4, 0x20e4, 0x20e4, 0x20e4, 0x20e4, 0x20e4, 0x20e4, 0x20e4, 0x20e4, 0x20e4, 
	0x20e4, 0x20e4, 0x20e4, 0x20e4, 0x20e4, 0x20e4, 0x20e4, 0x20e4, 0x20e4, 0x20e4, 0x20e4, 0x20e4, 0x20e4, 0x2104, 0x2104, 0x20e4, 
	0x20e4, 0x20e4, 0x20e4, 0x20e4, 0x20e4, 0x20e4, 0x20e4, 0x20e4, 0x20e4, 0x20e4, 0x20e4, 0x20e4, 0x20e4, 0x20e4, 0x20e4, 0x20e4, 
	0x20e4, 0x20e4, 0x20e4, 0x20e4, 0x20e4, 0x20e4, 0x20e4, 0x20e4, 0x20e4, 0x20e4, 0x20e4, 0x20e4, 0x20e4, 0x20e4, 0x20e4, 0x20e4, 
	0x20e4, 0x20e4, 0x20e4, 0x20e4, 0x20e4, 0x20e4, 0x20e4, 0x20e4, 0x20e4, 0x20e4, 0x20e4, 0x20e4, 0x20e4, 0x20e4, 0x20e4, 0x20e4, 
	0x20e4, 0x20e4, 0x20e4, 0x20e4, 0x20e4, 0x20e4, 0x20e4, 0x20e4, 0x20e4, 0x20e4, 0x20e4, 0x20e4, 0x20e4, 0x20e4, 0x20e4, 0x20e4, 
	0x20e4, 0x20e4, 0x20e4, 0x20e4, 0x20e4, 0x20e4, 0x20e4, 0x20e4, 0x20e4, 0x20e4, 0x20e4, 0x20e4, 0x20e4, 0x20e4, 0x20e4, 0x20e4, 
	0x20e4, 0x20e4, 0x20e4, 0x20e4, 0x20e4, 0x20e4, 0x20e4, 0x20e4, 0x20e4, 0x20e4, 0x20e4, 0x20e4, 0x20e4, 0x20e4, 0x20e4, 0x20e4, 
	0x20e4, 0x20e4, 0x20e4, 0x20e4, 0x20e4, 0x20e4, 0x20e4, 0x20e4, 0x20e4, 0x20e4, 0x20e4, 0x20e4, 0x20e4, 0x20e4, 0x20e4, 0x20e4, 
	0x20e4, 0x20e4, 0x20e4, 0x20e4, 0x20e4, 0x20e4, 0x20e4, 0x20e4, 0x20e4, 0x20e4, 0x20e4, 0x20e4, 0x20e4, 0x20e4, 0x20e4, 0x20e4, 
	0x20e4, 0x20e4, 0x20e4, 0x20e4, 0x20e4, 0x20e4, 0x20e4, 0x20e4, 0x20e4, 0x20e4, 0x20e4, 0x20e4, 0x20e4, 0x20e4, 0x20e4, 0x20e4, 
	0x20e4, 0x20e4, 0x20e4, 0x20e4, 0x20e4, 0x20e4, 0x20e4, 0x20e4, 0x20e4, 0x20e4, 0x2104, 0x2104, 0x2104, 0x2104, 0x2104, 0x2104, 
	0x2104, 0x2104, 0x2104, 0x2104, 0x2104, 0x2104, 0x2104, 0x2104, 0x2104, 0x20e4, 0x20e4, 0x20e4, 0x20e4, 0x20e4, 0x20e4, 0x20e4, 
	0x20e4, 0x20e4, 0x20e4, 0x20e4, 0x20e4, 0x20e4, 0x20e4, 0x20e4, 0x20e4, 0x20e4, 0x20e4, 0x20e4, 0x20e4, 0x20e4, 0x20e4, 0x20e4, 
	0x20e4, 0x20e4, 0x20e4, 0x20e4, 0x20e4, 0x20e4, 0x20e4, 0x20e4, 0x20e4, 0x20e4, 0x20e4, 0x20e4, 0x20e4, 0x20e4, 0x20e4, 0x20e4, 
	0x20e4, 0x20e4, 0x20e4, 0x20e4, 0x20e4, 0x20e4, 0x20e4, 0x20e4, 0x20e4, 0x20e4, 0x20e4, 0x20e4, 0x20e4, 0x20e4, 0x20e4, 0x20e4, 
	0x20e4, 0x20e4, 0x20e4, 0x20e4, 0x20e4, 0x20e4, 0x20e4, 0x20e4, 0x20e4, 0x20e4, 0x20e4, 0x20e4, 0x20e4, 0x20e4, 0x20e4, 0x20e4, 
	0x20e4, 0x20e4, 0x20e4, 0x20e4, 0x20e4, 0x20e4, 0x20e4, 0x20e4, 0x20e4, 0x20e4, 0x20e4, 0x20e4, 0x20e4, 0x20e4, 0x20e4, 0x20e4, 
	0x20e4, 0x20e4, 0x20e4, 0x20e4, 0x20e4, 0x20e4, 0x20e4, 0x20e4, 0x20e4, 0x20e4, 0x20e4, 0x20e4, 0x20e4, 0x20e4, 0x20e4, 0x20e4, 
	0x20e4, 0x20e4, 0x20e4, 0x20e4, 0x20e4, 0x20e4, 0x20e4, 0x20e4, 0x20e4, 0x20e4, 0x20e4, 0x20e4, 0x20e4, 0x20e4, 0x20e4, 0x20e4, 
	0x20e4, 0x20e4, 0x20e4, 0x20e4, 0x20e4, 0x20e4, 0x20e4, 0x20e4, 0x20e4, 0x20e4, 0x20e4, 0x20e4, 0x20e4, 0x20e4, 0x20e4, 0x20e4, 
	0x20e4, 0x20e4, 0x20e4, 0x20e4, 0x20e4, 0x20e4, 0x20e4, 0x20e4, 0x20e4, 0x20e4, 0x20e4, 0x20e4, 0x20e4, 0x20e4, 0x20e4, 0x20e4, 
	0x20e4, 0x20e4, 0x20e4, 0x20e4, 0x20e4, 0x20e4, 0x20e4, 0x20e4, 0x20e4, 0x20e4, 0x20e4, 0x20e4, 0x20e4, 0x20e4, 0x20e4, 0x20e4, 
	0x20e4, 0x20e4, 0x20e4, 0x20e4, 0x20e4, 0x20e4, 0x20e4, 0x20e4, 0x20e4, 0x20e4, 0x20e4, 0x20e4, 0x20e4, 0x20e4, 0x20e4, 0x20e4, 
	0x20e4, 0x20e4, 0x20e4, 0x20e4, 0x20e4, 0x20e4, 0x20e4, 0x20e4, 0x20e4, 0x20e4, 0x20e4, 0x20e4, 0x20e4, 0x20e4, 0x20e4, 0x20e4, 
	0x20e4, 0x20e4, 0x20e4, 0x20e4, 0x20e4, 0x20e4, 0x20e4, 0x20e4, 0x20e4, 0x20e4, 0x20e4, 0x20e4, 0x20e4, 0x20e4, 0x20e4, 0x20e4, 
	0x20e4, 0x20e4, 0x20e4, 0x20e4, 0x20e4, 0x20e4, 0x20e4, 0x20e4, 0x20e4, 0x20e4, 0x2104, 0x2104, 0x2104, 0x2104, 0x2104, 0x2104, 
	0x2104, 0x2104, 0x2104, 0x2104, 0x2104, 0x2104, 0x2104, 0x2104, 0x2104, 0x2104, 0x2104, 0x20e4, 0x20e4, 0x20e4, 0x20e4, 0x2104, 
	0x2104, 0x20e4, 0x20e4, 0x20e4, 0x20e4, 0x20e4, 0x20e4, 0x20e4, 0x20e4, 0x20e4, 0x20e4, 0x20e4, 0x20e4, 0x20e4, 0x20e4, 0x20e4, 
	0x20e4, 0x20e4, 0x20e4, 0x20e4, 0x20e4, 0x20e4, 0x20e4, 0x20e4, 0x20e4, 0x20e4, 0x20e4, 0x20e4, 0x20e4, 0x20e4, 0x20e4, 0x20e4, 
	0x20e4, 0x20e4, 0x20e4, 0x2104, 0x2104, 0x2104, 0x20e4, 0x20e4, 0x20e4, 0x20e4, 0x20e4, 0x20e4, 0x20e4, 0x20e4, 0x20e4, 0x20e4, 
	0x20e4, 0x20e4, 0x20e4, 0x20e4, 0x20e4, 0x20e4, 0x20e4, 0x20e4, 0x20e4, 0x20e4, 0x20e4, 0x20e4, 0x20e4, 0x20e4, 0x20e4, 0x20e4, 
	0x20e4, 0x20e4, 0x20e4, 0x20e4, 0x20e4, 0x20e4, 0x20e4, 0x20e4, 0x20e4, 0x20e4, 0x20e4, 0x20e4, 0x20e4, 0x20e4, 0x20e4, 0x20e4, 
	0x20e4, 0x20e4, 0x20e4, 0x20e4, 0x20e4, 0x20e4, 0x20e4, 0x20e4, 0x20e4, 0x20e4, 0x20e4, 0x20e4, 0x20e4, 0x20e4, 0x20e4, 0x20e4, 
	0x20e4, 0x20e4, 0x20e4, 0x20e4, 0x20e4, 0x20e4, 0x20e4, 0x20e4, 0x20e4, 0x20e4, 0x20e4, 0x20e4, 0x20e4, 0x20e4, 0x20e4, 0x20e4, 
	0x20e4, 0x20e4, 0x20e4, 0x20e4, 0x20e4, 0x20e4, 0x20e4, 0x20e4, 0x20e4, 0x20e4, 0x20e4, 0x20e4, 0x20e4, 0x20e4, 0x20e4, 0x20e4, 
	0x20e4, 0x20e4, 0x20e4, 0x20e4, 0x20e4, 0x20e4, 0x20e4, 0x20e4, 0x20e4, 0x20e4, 0x20e4, 0x20e4, 0x20e4, 0x20e4, 0x20e4, 0x20e4, 
	0x20e4, 0x20e4, 0x20e4, 0x20e4, 0x20e4, 0x20e4, 0x20e4, 0x20e4, 0x20e4, 0x20e4, 0x20e4, 0x20e4, 0x20e4, 0x20e4, 0x20e4, 0x20e4, 
	0x2104, 0x2104, 0x2104, 0x2104, 0x20e4, 0x20e4, 0x20e4, 0x20e4, 0x20e4, 0x20e4, 0x20e4, 0x20e4, 0x20e4, 0x20e4, 0x20e4, 0x20e4, 
	0x20e4, 0x20e4, 0x20e4, 0x20e4, 0x20e4, 0x20e4, 0x20e4, 0x20e4, 0x20e4, 0x20e4, 0x20e4, 0x20e4, 0x20e4, 0x20e4, 0x20e4, 0x20e4, 
	0x20e4, 0x20e4, 0x20e4, 0x20e4, 0x20e4, 0x20e4, 0x20e4, 0x20e4, 0x20e4, 0x20e4, 0x20e4, 0x20e4, 0x20e4, 0x20e4, 0x20e4, 0x20e4, 
	0x20e4, 0x20e4, 0x20e4, 0x20e4, 0x20e4, 0x20e4, 0x20e4, 0x20e4, 0x20e4, 0x20e4, 0x2104, 0x2104, 0x2104, 0x2104, 0x2104, 0x2104, 
	0x2104, 0x2104, 0x2104, 0x2104, 0x2104, 0x2104, 0x2104, 0x2104, 0x2104, 0x2104, 0x2104, 0x2104, 0x20e4, 0x2104, 0x2104, 0x2104, 
	0x2104, 0x2104, 0x2104, 0x20e4, 0x20e4, 0x20e4, 0x20e4, 0x20e4, 0x20e4, 0x20e4, 0x20e4, 0x20e4, 0x20e4, 0x20e4, 0x20e4, 0x20e4, 
	0x20e4, 0x20e4, 0x20e4, 0x20e4, 0x20e4, 0x20e4, 0x20e4, 0x20e4, 0x20e4, 0x20e4, 0x20e4, 0x20e4, 0x20e4, 0x20e4, 0x20e4, 0x20e4, 
	0x20e4, 0x20e4, 0x2104, 0x2104, 0x2104, 0x2104, 0x2104, 0x2104, 0x20e4, 0x20e4, 0x20e4, 0x20e4, 0x20e4, 0x20e4, 0x20e4, 0x20e4, 
	0x20e4, 0x20e4, 0x20e4, 0x20e4, 0x20e4, 0x20e4, 0x20e4, 0x20e4, 0x20e4, 0x20e4, 0x20e4, 0x20e4, 0x20e4, 0x20e4, 0x20e4, 0x20e4, 
	0x20e4, 0x20e4, 0x20e4, 0x20e4, 0x20e4, 0x20e4, 0x20e4, 0x20e4, 0x20e4, 0x20e4, 0x20e4, 0x20e4, 0x20e4, 0x20e4, 0x20e4, 0x20e4, 
	0x20e4, 0x20e4, 0x20e4, 0x20e4, 0x20e4, 0x20e4, 0x20e4, 0x20e4, 0x20e4, 0x20e4, 0x20e4, 0x20e4, 0x20e4, 0x20e4, 0x20e4, 0x20e4, 
	0x20e4, 0x20e4, 0x20e4, 0x20e4, 0x20e4, 0x20e4, 0x20e4, 0x20e4, 0x20e4, 0x20e4, 0x20e4, 0x20e4, 0x20e4, 0x20e4, 0x20e4, 0x20e4, 
	0x2104, 0x2104, 0x2104, 0x20e4, 0x20e4, 0x20e4, 0x20e4, 0x20e4, 0x20e4, 0x20e4, 0x20e4, 0x20e4, 0x20e4, 0x20e4, 0x20e4, 0x20e4, 
	0x20e4, 0x20e4, 0x20e4, 0x20e4, 0x20e4, 0x20e4, 0x20e4, 0x20e4, 0x20e4, 0x20e4, 0x20e4, 0x20e4, 0x20e4, 0x20e4, 0x20e4, 0x20e4, 
	0x20e4, 0x20e4, 0x20e4, 0x20e4, 0x20e4, 0x20e4, 0x20e4, 0x20e4, 0x20e4, 0x20e4, 0x20e4, 0x20e4, 0x20e4, 0x20e4, 0x20e4, 0x20e4, 
	0x2104, 0x2104, 0x2104, 0x2104, 0x20e4, 0x20e4, 0x20e4, 0x20e4, 0x20e4, 0x20e4, 0x20e4, 0x20e4, 0x20e4, 0x20e4, 0x20e4, 0x20e4, 
	0x20e4, 0x20e4, 0x20e4, 0x20e4, 0x20e4, 0x20e4, 0x20e4, 0x20e4, 0x20e4, 0x20e4, 0x20e4, 0x20e4, 0x20e4, 0x20e4, 0x20e4, 0x20e4, 
	0x20e4, 0x20e4, 0x20e4, 0x20e4, 0x20e4, 0x20e4, 0x20e4, 0x20e4, 0x20e4, 0x20e4, 0x20e4, 0x20e4, 0x20e4, 0x20e4, 0x20e4, 0x20e4, 
	0x20e4, 0x20e4, 0x20e4, 0x20e4, 0x20e4, 0x20e4, 0x20e4, 0x20e4, 0x20e4, 0x20e4, 0x2104, 0x2104, 0x2104, 0x2104, 0x2104, 0x2104, 
	0x2104, 0x2104, 0x2104, 0x2104, 0x2104, 0x2104, 0x2104, 0x2104, 0x2104, 0x2104, 0x2104, 0x2104, 0x20e4, 0x2104, 0x2104, 0x2104, 
	0x2104, 0x2104, 0x2104, 0x20e4, 0x20e4, 0x20e4, 0x20e4, 0x20e4, 0x20e4, 0x20e4, 0x20e4, 0x20e4, 0x20e4, 0x20e4, 0x20e4, 0x20e4, 
	0x20e4, 0x20e4, 0x20e4, 0x20e4, 0x20e4, 0x20e4, 0x20e4, 0x20e4, 0x20e4, 0x20e4, 0x20e4, 0x20e4, 0x20e4, 0x20e4, 0x20e4, 0x20e4, 
	0x20e4, 0x20e4, 0x2104, 0x2104, 0x2104, 0x2104, 0x2104, 0x2104, 0x20e4, 0x20e4, 0x20e4, 0x20e4, 0x20e4, 0x20e4, 0x20e4, 0x20e4, 
	0x20e4, 0x20e4, 0x20e4, 0x20e4, 0x20e4, 0x20e4, 0x20e4, 0x20e4, 0x20e4, 0x2104, 0x2104, 0x2104, 0x20e4, 0x20e4, 0x20e4, 0x20e4, 
	0x20e4, 0x20e4, 0x20e4, 0x20e4, 0x20e4, 0x20e4, 0x20e4, 0x20e4, 0x20e4, 0x20e4, 0x20e4, 0x20e4, 0x20e4, 0x20e4, 0x20e4, 0x20e4, 
	0x20e4, 0x20e4, 0x20e4, 0x20e4, 0x20e4, 0x20e4, 0x20e4, 0x20e4, 0x20e4, 0x20e4, 0x20e4, 0x20e4, 0x20e4, 0x20e4, 0x20e4, 0x20e4, 
	0x20e4, 0x20e4, 0x20e4, 0x20e4, 0x20e4, 0x20e4, 0x20e4, 0x20e4, 0x20e4, 0x20e4, 0x20e4, 0x20e4, 0x20e4, 0x20e4, 0x20e4, 0x20e4, 
	0x2104, 0x20e4, 0x20e4, 0x20e4, 0x20e4, 0x20e4, 0x20e4, 0x20e4, 0x20e4, 0x20e4, 0x20e4, 0x20e4, 0x20e4, 0x20e4, 0x20e4, 0x20e4, 
	0x20e4, 0x20e4, 0x20e4, 0x20e4, 0x20e4, 0x20e4, 0x20e4, 0x20e4, 0x20e4, 0x20e4, 0x20e4, 0x20e4, 0x20e4, 0x20e4, 0x20e4, 0x20e4, 
	0x20e4, 0x20e4, 0x20e4, 0x20e4, 0x20e4, 0x20e4, 0x20e4, 0x20e4, 0x20e4, 0x20e4, 0x20e4, 0x20e4, 0x20e4, 0x20e4, 0x20e4, 0x20e4, 
	0x2104, 0x2104, 0x2104, 0x2104, 0x2104, 0x20e4, 0x20e4, 0x20e4, 0x20e4, 0x20e4, 0x20e4, 0x20e4, 0x20e4, 0x20e4, 0x20e4, 0x20e4, 
	0x20e4, 0x20e4, 0x20e4, 0x20e4, 0x20e4, 0x20e4, 0x20e4, 0x20e4, 0x20e4, 0x20e4, 0x20e4, 0x20e4, 0x20e4, 0x20e4, 0x20e4, 0x20e4, 
	0x20e4, 0x20e4, 0x20e4, 0x20e4, 0x20e4, 0x20e4, 0x20e4, 0x20e4, 0x20e4, 0x20e4, 0x20e4, 0x2104, 0x2104, 0x2104, 0x20e4, 0x20e4, 
	0x20e4, 0x20e4, 0x20e4, 0x20e4, 0x20e4, 0x2104, 0x2104, 0x2104, 0x2104, 0x2104, 0x2104, 0x2104, 0x2104, 0x2104, 0x2104, 0x2104, 
	0x2104, 0x2104, 0x2104, 0x2104, 0x2104, 0x2104, 0x2104, 0x2104, 0x2104, 0x2104, 0x2104, 0x2104, 0x20e4, 0x20e4, 0x2104, 0x2104, 
	0x2104, 0x2104, 0x2104, 0x2104, 0x20e4, 0x20e4, 0x20e4, 0x20e4, 0x20e4, 0x20e4, 0x20e4, 0x20e4, 0x20e4, 0x20e4, 0x20e4, 0x20e4, 
	0x20e4, 0x20e4, 0x20e4, 0x20e4, 0x20e4, 0x20e4, 0x20e4, 0x20e4, 0x20e4, 0x20e4, 0x20e4, 0x20e4, 0x20e4, 0x20e4, 0x20e4, 0x20e4, 
	0x20e4, 0x20e4, 0x20e4, 0x2104, 0x2104, 0x2104, 0x2104, 0x20e4, 0x20e4, 0x20e4, 0x20e4, 0x20e4, 0x20e4, 0x20e4, 0x20e4, 0x20e4, 
	0x20e4, 0x20e4, 0x20e4, 0x20e4, 0x20e4, 0x20e4, 0x20e4, 0x20e4, 0x20e4, 0x20e4, 0x20e4, 0x20e4, 0x20e4, 0x20e4, 0x20e4, 0x20e4, 
	0x20e4, 0x20e4, 0x20e4, 0x20e4, 0x20e4, 0x20e4, 0x20e4, 0x20e4, 0x20e4, 0x20e4, 0x20e4, 0x20e4, 0x20e4, 0x20e4, 0x20e4, 0x20e4, 
	0x20e4, 0x20e4, 0x20e4, 0x20e4, 0x2104, 0x2104, 0x20e4, 0x20e4, 0x20e4, 0x18e4, 0x18e4, 0x20e4, 0x20e4, 0x20e4, 0x20e4, 0x20e4, 
	0x20e4, 0x20e4, 0x20e4, 0x20e4, 0x20e4, 0x20e4, 0x20e4, 0x20e4, 0x20e4, 0x20e4, 0x20e4, 0x20e4, 0x20e4, 0x20e4, 0x20e4, 0x20e4, 
	0x20e4, 0x20e4, 0x20e4, 0x20e4, 0x20e4, 0x20e4, 0x20e4, 0x20e4, 0x20e4, 0x20e4, 0x20e4, 0x20e4, 0x20e4, 0x20e4, 0x20e4, 0x20e4, 
	0x20e4, 0x20e4, 0x20e4, 0x20e4, 0x20e4, 0x20e4, 0x20e4, 0x20e4, 0x20e4, 0x20e4, 0x20e4, 0x20e4, 0x20e4, 0x20e4, 0x20e4, 0x20e4, 
	0x20e4, 0x20e4, 0x20e4, 0x20e4, 0x20e4, 0x20e4, 0x20e4, 0x20e4, 0x20e4, 0x20e4, 0x20e4, 0x20e4, 0x20e4, 0x20e4, 0x20e4, 0x20e4, 
	0x20e4, 0x20e4, 0x2104, 0x2104, 0x20e4, 0x20e4, 0x20e4, 0x20e4, 0x20e4, 0x20e4, 0x20e4, 0x20e4, 0x20e4, 0x20e4, 0x20e4, 0x20e4, 
	0x20e4, 0x20e4, 0x20e4, 0x20e4, 0x20e4, 0x20e4, 0x20e4, 0x20e4, 0x20e4, 0x20e4, 0x20e4, 0x20e4, 0x20e4, 0x20e4, 0x20e4, 0x20e4, 
	0x20e4, 0x20e4, 0x20e4, 0x20e4, 0x20e4, 0x20e4, 0x20e4, 0x20e4, 0x20e4, 0x20e4, 0x20e4, 0x20e4, 0x20e4, 0x20e4, 0x20e4, 0x20e4, 
	0x20e4, 0x20e4, 0x20e4, 0x20e4, 0x20e4, 0x20e4, 0x20e4, 0x2104, 0x2104, 0x2104, 0x2104, 0x2104, 0x2104, 0x2104, 0x2104, 0x2104
};

